<?xml version="1.0" encoding="UTF-8"?>
<kml xmlns="http://www.opengis.net/kml/2.2" xmlns:gx="http://www.google.com/kml/ext/2.2">
    <Document id="1">
        <Folder id="2">
            <Style id="5">
                <LineStyle id="6">
                    <color>ff008000</color>
                    <colorMode>normal</colorMode>
                    <width>3</width>
                </LineStyle>
            </Style>
            <Style id="9">
                <LineStyle id="10">
                    <color>ff008000</color>
                    <colorMode>normal</colorMode>
                    <width>3</width>
                </LineStyle>
            </Style>
            <Style id="13">
                <LineStyle id="14">
                    <color>ff008000</color>
                    <colorMode>normal</colorMode>
                    <width>3</width>
                </LineStyle>
            </Style>
            <Style id="17">
                <LineStyle id="18">
                    <color>ff008000</color>
                    <colorMode>normal</colorMode>
                    <width>3</width>
                </LineStyle>
            </Style>
            <Style id="21">
                <LineStyle id="22">
                    <color>ff008000</color>
                    <colorMode>normal</colorMode>
                    <width>3</width>
                </LineStyle>
            </Style>
            <Style id="25">
                <LineStyle id="26">
                    <color>ff008000</color>
                    <colorMode>normal</colorMode>
                    <width>3</width>
                </LineStyle>
            </Style>
            <Style id="29">
                <LineStyle id="30">
                    <color>ff008000</color>
                    <colorMode>normal</colorMode>
                    <width>3</width>
                </LineStyle>
            </Style>
            <Style id="33">
                <LineStyle id="34">
                    <color>ff008000</color>
                    <colorMode>normal</colorMode>
                    <width>3</width>
                </LineStyle>
            </Style>
            <Style id="37">
                <LineStyle id="38">
                    <color>ff008000</color>
                    <colorMode>normal</colorMode>
                    <width>3</width>
                </LineStyle>
            </Style>
            <Style id="41">
                <LineStyle id="42">
                    <color>ff008000</color>
                    <colorMode>normal</colorMode>
                    <width>3</width>
                </LineStyle>
            </Style>
            <Style id="45">
                <LineStyle id="46">
                    <color>ff008000</color>
                    <colorMode>normal</colorMode>
                    <width>3</width>
                </LineStyle>
            </Style>
            <Style id="49">
                <LineStyle id="50">
                    <color>ff008000</color>
                    <colorMode>normal</colorMode>
                    <width>3</width>
                </LineStyle>
            </Style>
            <Style id="53">
                <LineStyle id="54">
                    <color>ff008000</color>
                    <colorMode>normal</colorMode>
                    <width>3</width>
                </LineStyle>
            </Style>
            <Style id="57">
                <LineStyle id="58">
                    <color>ff008000</color>
                    <colorMode>normal</colorMode>
                    <width>3</width>
                </LineStyle>
            </Style>
            <Style id="61">
                <LineStyle id="62">
                    <color>ff008000</color>
                    <colorMode>normal</colorMode>
                    <width>3</width>
                </LineStyle>
            </Style>
            <Style id="65">
                <LineStyle id="66">
                    <color>ff008000</color>
                    <colorMode>normal</colorMode>
                    <width>3</width>
                </LineStyle>
            </Style>
            <Style id="69">
                <LineStyle id="70">
                    <color>ff008000</color>
                    <colorMode>normal</colorMode>
                    <width>3</width>
                </LineStyle>
            </Style>
            <Style id="73">
                <LineStyle id="74">
                    <color>ff008000</color>
                    <colorMode>normal</colorMode>
                    <width>3</width>
                </LineStyle>
            </Style>
            <Style id="77">
                <LineStyle id="78">
                    <color>ff008000</color>
                    <colorMode>normal</colorMode>
                    <width>3</width>
                </LineStyle>
            </Style>
            <Style id="81">
                <LineStyle id="82">
                    <color>ff008000</color>
                    <colorMode>normal</colorMode>
                    <width>3</width>
                </LineStyle>
            </Style>
            <Style id="85">
                <LineStyle id="86">
                    <color>ff008000</color>
                    <colorMode>normal</colorMode>
                    <width>3</width>
                </LineStyle>
            </Style>
            <Style id="89">
                <LineStyle id="90">
                    <color>ff008000</color>
                    <colorMode>normal</colorMode>
                    <width>3</width>
                </LineStyle>
            </Style>
            <Style id="93">
                <LineStyle id="94">
                    <color>ff008000</color>
                    <colorMode>normal</colorMode>
                    <width>3</width>
                </LineStyle>
            </Style>
            <Style id="97">
                <LineStyle id="98">
                    <color>ff008000</color>
                    <colorMode>normal</colorMode>
                    <width>3</width>
                </LineStyle>
            </Style>
            <Style id="101">
                <LineStyle id="102">
                    <color>ff008000</color>
                    <colorMode>normal</colorMode>
                    <width>3</width>
                </LineStyle>
            </Style>
            <Style id="105">
                <LineStyle id="106">
                    <color>ff008000</color>
                    <colorMode>normal</colorMode>
                    <width>3</width>
                </LineStyle>
            </Style>
            <Style id="109">
                <LineStyle id="110">
                    <color>ff008000</color>
                    <colorMode>normal</colorMode>
                    <width>3</width>
                </LineStyle>
            </Style>
            <Style id="113">
                <LineStyle id="114">
                    <color>ff008000</color>
                    <colorMode>normal</colorMode>
                    <width>3</width>
                </LineStyle>
            </Style>
            <Style id="117">
                <LineStyle id="118">
                    <color>ff008000</color>
                    <colorMode>normal</colorMode>
                    <width>3</width>
                </LineStyle>
            </Style>
            <Style id="121">
                <LineStyle id="122">
                    <color>ff008000</color>
                    <colorMode>normal</colorMode>
                    <width>3</width>
                </LineStyle>
            </Style>
            <Style id="125">
                <LineStyle id="126">
                    <color>ff008000</color>
                    <colorMode>normal</colorMode>
                    <width>3</width>
                </LineStyle>
            </Style>
            <Style id="129">
                <LineStyle id="130">
                    <color>ff008000</color>
                    <colorMode>normal</colorMode>
                    <width>3</width>
                </LineStyle>
            </Style>
            <Style id="133">
                <LineStyle id="134">
                    <color>ff008000</color>
                    <colorMode>normal</colorMode>
                    <width>3</width>
                </LineStyle>
            </Style>
            <Style id="137">
                <LineStyle id="138">
                    <color>ff008000</color>
                    <colorMode>normal</colorMode>
                    <width>3</width>
                </LineStyle>
            </Style>
            <Style id="141">
                <LineStyle id="142">
                    <color>ff008000</color>
                    <colorMode>normal</colorMode>
                    <width>3</width>
                </LineStyle>
            </Style>
            <Style id="145">
                <LineStyle id="146">
                    <color>ff008000</color>
                    <colorMode>normal</colorMode>
                    <width>3</width>
                </LineStyle>
            </Style>
            <Style id="149">
                <LineStyle id="150">
                    <color>ff008000</color>
                    <colorMode>normal</colorMode>
                    <width>3</width>
                </LineStyle>
            </Style>
            <Style id="153">
                <LineStyle id="154">
                    <color>ff008000</color>
                    <colorMode>normal</colorMode>
                    <width>3</width>
                </LineStyle>
            </Style>
            <Style id="157">
                <LineStyle id="158">
                    <color>ff008000</color>
                    <colorMode>normal</colorMode>
                    <width>3</width>
                </LineStyle>
            </Style>
            <Style id="161">
                <LineStyle id="162">
                    <color>ff008000</color>
                    <colorMode>normal</colorMode>
                    <width>3</width>
                </LineStyle>
            </Style>
            <Style id="165">
                <LineStyle id="166">
                    <color>ff008000</color>
                    <colorMode>normal</colorMode>
                    <width>3</width>
                </LineStyle>
            </Style>
            <Style id="169">
                <LineStyle id="170">
                    <color>ff008000</color>
                    <colorMode>normal</colorMode>
                    <width>3</width>
                </LineStyle>
            </Style>
            <Style id="173">
                <LineStyle id="174">
                    <color>ff008000</color>
                    <colorMode>normal</colorMode>
                    <width>3</width>
                </LineStyle>
            </Style>
            <Style id="177">
                <LineStyle id="178">
                    <color>ff008000</color>
                    <colorMode>normal</colorMode>
                    <width>3</width>
                </LineStyle>
            </Style>
            <Style id="181">
                <LineStyle id="182">
                    <color>ff008000</color>
                    <colorMode>normal</colorMode>
                    <width>3</width>
                </LineStyle>
            </Style>
            <Style id="185">
                <LineStyle id="186">
                    <color>ff008000</color>
                    <colorMode>normal</colorMode>
                    <width>3</width>
                </LineStyle>
            </Style>
            <Style id="189">
                <LineStyle id="190">
                    <color>ff008000</color>
                    <colorMode>normal</colorMode>
                    <width>3</width>
                </LineStyle>
            </Style>
            <Style id="193">
                <LineStyle id="194">
                    <color>ff008000</color>
                    <colorMode>normal</colorMode>
                    <width>3</width>
                </LineStyle>
            </Style>
            <Style id="197">
                <LineStyle id="198">
                    <color>ff008000</color>
                    <colorMode>normal</colorMode>
                    <width>3</width>
                </LineStyle>
            </Style>
            <Style id="201">
                <LineStyle id="202">
                    <color>ff008000</color>
                    <colorMode>normal</colorMode>
                    <width>3</width>
                </LineStyle>
            </Style>
            <Style id="205">
                <LineStyle id="206">
                    <color>ff008000</color>
                    <colorMode>normal</colorMode>
                    <width>3</width>
                </LineStyle>
            </Style>
            <Style id="209">
                <LineStyle id="210">
                    <color>ff008000</color>
                    <colorMode>normal</colorMode>
                    <width>3</width>
                </LineStyle>
            </Style>
            <Style id="213">
                <LineStyle id="214">
                    <color>ff008000</color>
                    <colorMode>normal</colorMode>
                    <width>3</width>
                </LineStyle>
            </Style>
            <Style id="217">
                <LineStyle id="218">
                    <color>ff008000</color>
                    <colorMode>normal</colorMode>
                    <width>3</width>
                </LineStyle>
            </Style>
            <Style id="221">
                <LineStyle id="222">
                    <color>ff008000</color>
                    <colorMode>normal</colorMode>
                    <width>3</width>
                </LineStyle>
            </Style>
            <Style id="225">
                <LineStyle id="226">
                    <color>ff008000</color>
                    <colorMode>normal</colorMode>
                    <width>3</width>
                </LineStyle>
            </Style>
            <Style id="229">
                <LineStyle id="230">
                    <color>ff008000</color>
                    <colorMode>normal</colorMode>
                    <width>3</width>
                </LineStyle>
            </Style>
            <name>2025-08-08 09:00</name>
            <Placemark id="4">
                <name>Rota 09:03</name>
                <styleUrl>#5</styleUrl>
                <LineString id="3">
                    <altitudeMode>clampToGround</altitudeMode>
                    <coordinates>9.93933,45.1456833,0.0 9.9393316,45.14568,0.0 9.9394,45.1456583,0.0 9.9394,45.1456533,0.0 9.93942,45.1456333,0.0 9.9394333,45.145635,0.0 9.9395,45.14559,0.0 9.9394783,45.1455966,0.0</coordinates>
                </LineString>
            </Placemark>
            <Placemark id="8">
                <name>Rota 09:04</name>
                <styleUrl>#9</styleUrl>
                <LineString id="7">
                    <altitudeMode>clampToGround</altitudeMode>
                    <coordinates>9.9394733,45.1455966,0.0 9.9394733,45.1455966,0.0 9.9393983,45.1456283,0.0 9.9393983,45.1456283,0.0 9.9393583,45.1456116,0.0 9.9393583,45.1456116,0.0 9.9394633,45.1455966,0.0 9.9394633,45.1455966,0.0</coordinates>
                </LineString>
            </Placemark>
            <Placemark id="12">
                <name>Rota 09:05</name>
                <styleUrl>#13</styleUrl>
                <LineString id="11">
                    <altitudeMode>clampToGround</altitudeMode>
                    <coordinates>9.939405,45.1455966,0.0 9.939405,45.1455966,0.0 9.9393883,45.1455783,0.0 9.9393983,45.1455783,0.0 9.9393916,45.1455733,0.0 9.93938,45.1455716,0.0 9.9392583,45.145645,0.0 9.9392633,45.145655,0.0</coordinates>
                </LineString>
            </Placemark>
            <Placemark id="16">
                <name>Rota 09:06</name>
                <styleUrl>#17</styleUrl>
                <LineString id="15">
                    <altitudeMode>clampToGround</altitudeMode>
                    <coordinates>9.9392516,45.1456683,0.0 9.9392566,45.14567,0.0 9.9392266,45.1456583,0.0 9.9392266,45.1456583,0.0 9.9392266,45.1456583,0.0 9.9392266,45.1456583,0.0 9.9393183,45.1457,0.0 9.9393183,45.1457,0.0</coordinates>
                </LineString>
            </Placemark>
            <Placemark id="20">
                <name>Rota 09:07</name>
                <styleUrl>#21</styleUrl>
                <LineString id="19">
                    <altitudeMode>clampToGround</altitudeMode>
                    <coordinates>9.9392983,45.145715,0.0 9.9392983,45.145715,0.0 9.9392783,45.1457116,0.0 9.9392733,45.14571,0.0 9.9392516,45.1457433,0.0 9.939255,45.145755,0.0 9.939225,45.1457733,0.0 9.9392166,45.145765,0.0</coordinates>
                </LineString>
            </Placemark>
            <Placemark id="24">
                <name>Rota 09:08</name>
                <styleUrl>#25</styleUrl>
                <LineString id="23">
                    <altitudeMode>clampToGround</altitudeMode>
                    <coordinates>9.939235,45.1457516,0.0 9.93923,45.145745,0.0 9.939215,45.145705,0.0 9.9392116,45.145705,0.0 9.9392216,45.1457033,0.0 9.939215,45.1456933,0.0 9.9392116,45.1456533,0.0 9.9392116,45.1456533,0.0</coordinates>
                </LineString>
            </Placemark>
            <Placemark id="28">
                <name>Rota 09:09</name>
                <styleUrl>#29</styleUrl>
                <LineString id="27">
                    <altitudeMode>clampToGround</altitudeMode>
                    <coordinates>9.9392116,45.1456533,0.0 9.9392116,45.1456533,0.0 9.9392116,45.1456533,0.0 9.9392116,45.1456533,0.0 9.9392016,45.1456983,0.0 9.9392016,45.1456983,0.0 9.9392,45.1456766,0.0 9.9392033,45.145675,0.0</coordinates>
                </LineString>
            </Placemark>
            <Placemark id="32">
                <name>Rota 09:10</name>
                <styleUrl>#33</styleUrl>
                <LineString id="31">
                    <altitudeMode>clampToGround</altitudeMode>
                    <coordinates>9.93921,45.14568,0.0 9.93921,45.14568,0.0 9.9392433,45.1456366,0.0 9.9392516,45.1456366,0.0 9.939215,45.1455583,0.0 9.939205,45.1455433,0.0 9.93912,45.1454733,0.0 9.939115,45.145475,0.0</coordinates>
                </LineString>
            </Placemark>
            <Placemark id="36">
                <name>Rota 09:11</name>
                <styleUrl>#37</styleUrl>
                <LineString id="35">
                    <altitudeMode>clampToGround</altitudeMode>
                    <coordinates>9.939125,45.1454716,0.0 9.939125,45.1454716,0.0 9.939185,45.145485,0.0 9.939185,45.145485,0.0 9.939185,45.145485,0.0 9.939185,45.145485,0.0 9.9392466,45.14566,0.0 9.9392466,45.14566,0.0</coordinates>
                </LineString>
            </Placemark>
            <Placemark id="40">
                <name>Rota 09:12</name>
                <styleUrl>#41</styleUrl>
                <LineString id="39">
                    <altitudeMode>clampToGround</altitudeMode>
                    <coordinates>9.9392433,45.1456166,0.0 9.9392433,45.1456166,0.0 9.9391366,45.1454516,0.0 9.9391366,45.14545,0.0 9.9391033,45.1453533,0.0 9.93911,45.1453566,0.0 9.9391166,45.1454733,0.0 9.9391133,45.1454833,0.0</coordinates>
                </LineString>
            </Placemark>
            <Placemark id="44">
                <name>Rota 09:13</name>
                <styleUrl>#45</styleUrl>
                <LineString id="43">
                    <altitudeMode>clampToGround</altitudeMode>
                    <coordinates>9.9391083,45.1455766,0.0 9.9391083,45.1455766,0.0 9.9391683,45.145585,0.0 9.93917,45.1455883,0.0 9.9391783,45.1456033,0.0 9.9391783,45.1456033,0.0 9.9391816,45.1455916,0.0 9.9391866,45.1455933,0.0</coordinates>
                </LineString>
            </Placemark>
            <Placemark id="48">
                <name>Rota 09:14</name>
                <styleUrl>#49</styleUrl>
                <LineString id="47">
                    <altitudeMode>clampToGround</altitudeMode>
                    <coordinates>9.9391983,45.1456316,0.0 9.9392016,45.1456333,0.0 9.939235,45.145715,0.0 9.9392366,45.1457216,0.0 9.9392383,45.1457233,0.0 9.939245,45.1457166,0.0 9.93924,45.14568,0.0 9.939235,45.14568,0.0</coordinates>
                </LineString>
            </Placemark>
            <Placemark id="52">
                <name>Rota 09:15</name>
                <styleUrl>#53</styleUrl>
                <LineString id="51">
                    <altitudeMode>clampToGround</altitudeMode>
                    <coordinates>9.9391716,45.1457116,0.0 9.9392516,45.14572,0.0 9.939545,45.1457016,0.0 9.9395266,45.1457216,0.0 9.9395316,45.1457216,0.0 9.93952,45.1457183,0.0 9.9394683,45.1456983,0.0 9.9394683,45.1456983,0.0</coordinates>
                </LineString>
            </Placemark>
            <Placemark id="56">
                <name>Rota 09:16</name>
                <styleUrl>#57</styleUrl>
                <LineString id="55">
                    <altitudeMode>clampToGround</altitudeMode>
                    <coordinates>9.93938,45.1456466,0.0 9.93938,45.1456466,0.0 9.939335,45.145675,0.0 9.9393333,45.14568,0.0 9.9393366,45.1457116,0.0 9.9393683,45.1457216,0.0 9.9394616,45.1456833,0.0 9.9394616,45.1456833,0.0</coordinates>
                </LineString>
            </Placemark>
            <Placemark id="60">
                <name>Rota 09:17</name>
                <styleUrl>#61</styleUrl>
                <LineString id="59">
                    <altitudeMode>clampToGround</altitudeMode>
                    <coordinates>9.9394433,45.1456866,0.0 9.9394433,45.1456816,0.0 9.9394166,45.1456316,0.0 9.939415,45.14563,0.0 9.9393866,45.145585,0.0 9.9393883,45.1455833,0.0 9.9392983,45.1455766,0.0 9.9392983,45.1455783,0.0</coordinates>
                </LineString>
            </Placemark>
            <Placemark id="64">
                <name>Rota 09:18</name>
                <styleUrl>#65</styleUrl>
                <LineString id="63">
                    <altitudeMode>clampToGround</altitudeMode>
                    <coordinates>9.9393766,45.14553,0.0 9.9393766,45.14553,0.0 9.9394233,45.1454833,0.0 9.9394166,45.1454916,0.0 9.939445,45.1455566,0.0 9.9394483,45.1455566,0.0 9.9394916,45.1455733,0.0 9.9394933,45.1455766,0.0</coordinates>
                </LineString>
            </Placemark>
            <Placemark id="68">
                <name>Rota 09:19</name>
                <styleUrl>#69</styleUrl>
                <LineString id="67">
                    <altitudeMode>clampToGround</altitudeMode>
                    <coordinates>9.9394583,45.1456666,0.0 9.93942,45.1457,0.0 9.9392016,45.1458116,0.0 9.9392016,45.1458116,0.0 9.939255,45.1457533,0.0 9.9392616,45.14575,0.0 9.9392716,45.145675,0.0 9.9392866,45.1456616,0.0</coordinates>
                </LineString>
            </Placemark>
            <Placemark id="72">
                <name>Rota 09:20</name>
                <styleUrl>#73</styleUrl>
                <LineString id="71">
                    <altitudeMode>clampToGround</altitudeMode>
                    <coordinates>9.9392733,45.1456483,0.0 9.9392783,45.1456466,0.0 9.9393566,45.1456016,0.0 9.9393566,45.1456066,0.0 9.9393266,45.1457166,0.0 9.9393166,45.145715,0.0 9.9393883,45.145645,0.0 9.93939,45.1456416,0.0</coordinates>
                </LineString>
            </Placemark>
            <Placemark id="76">
                <name>Rota 09:21</name>
                <styleUrl>#77</styleUrl>
                <LineString id="75">
                    <altitudeMode>clampToGround</altitudeMode>
                    <coordinates>9.9393216,45.1456216,0.0 9.9392983,45.1456233,0.0 9.9391966,45.1455483,0.0 9.9392066,45.1455416,0.0 9.9392483,45.1454533,0.0 9.9392516,45.145455,0.0 9.939255,45.1455666,0.0 9.9392466,45.145575,0.0</coordinates>
                </LineString>
            </Placemark>
            <Placemark id="80">
                <name>Rota 09:22</name>
                <styleUrl>#81</styleUrl>
                <LineString id="79">
                    <altitudeMode>clampToGround</altitudeMode>
                    <coordinates>9.9392216,45.145755,0.0 9.9392183,45.1457633,0.0 9.9394583,45.14573,0.0 9.9394466,45.1457383,0.0 9.9393966,45.1457816,0.0 9.9393266,45.1457833,0.0 9.939315,45.1456783,0.0 9.939315,45.1456783,0.0</coordinates>
                </LineString>
            </Placemark>
            <Placemark id="84">
                <name>Rota 09:23</name>
                <styleUrl>#85</styleUrl>
                <LineString id="83">
                    <altitudeMode>clampToGround</altitudeMode>
                    <coordinates>9.9392916,45.145555,0.0 9.9392833,45.14555,0.0 9.9393533,45.1456766,0.0 9.93937,45.1456816,0.0 9.9395033,45.1455216,0.0 9.9395083,45.145515,0.0 9.93951,45.1454783,0.0 9.9395,45.1454666,0.0</coordinates>
                </LineString>
            </Placemark>
            <Placemark id="88">
                <name>Rota 09:24</name>
                <styleUrl>#89</styleUrl>
                <LineString id="87">
                    <altitudeMode>clampToGround</altitudeMode>
                    <coordinates>9.93949,45.1453366,0.0 9.93949,45.14532,0.0 9.9392933,45.1451666,0.0 9.9392516,45.1451516,0.0 9.9392833,45.1452516,0.0 9.939275,45.14527,0.0 9.9392633,45.1454033,0.0 9.9392566,45.1454016,0.0</coordinates>
                </LineString>
            </Placemark>
            <Placemark id="92">
                <name>Rota 09:25</name>
                <styleUrl>#93</styleUrl>
                <LineString id="91">
                    <altitudeMode>clampToGround</altitudeMode>
                    <coordinates>9.9393066,45.145455,0.0 9.9393066,45.145455,0.0 9.9392966,45.1455533,0.0 9.9392966,45.1455516,0.0 9.9392533,45.1455733,0.0 9.9392533,45.1455733,0.0 9.9392533,45.1455466,0.0 9.9392566,45.1455433,0.0</coordinates>
                </LineString>
            </Placemark>
            <Placemark id="96">
                <name>Rota 09:26</name>
                <styleUrl>#97</styleUrl>
                <LineString id="95">
                    <altitudeMode>clampToGround</altitudeMode>
                    <coordinates>9.93932,45.145595,0.0 9.9393233,45.145595,0.0 9.9393366,45.1455383,0.0 9.939335,45.145525,0.0 9.93932,45.14553,0.0 9.93932,45.145535,0.0 9.939275,45.1455616,0.0 9.9392716,45.14556,0.0</coordinates>
                </LineString>
            </Placemark>
            <Placemark id="100">
                <name>Rota 09:27</name>
                <styleUrl>#101</styleUrl>
                <LineString id="99">
                    <altitudeMode>clampToGround</altitudeMode>
                    <coordinates>9.9392916,45.1455566,0.0 9.9392916,45.1455566,0.0 9.9393683,45.14562,0.0 9.93937,45.145615,0.0 9.9392966,45.14557,0.0 9.9392966,45.14557,0.0 9.9392416,45.1455433,0.0 9.9392416,45.1455433,0.0</coordinates>
                </LineString>
            </Placemark>
            <Placemark id="104">
                <name>Rota 09:28</name>
                <styleUrl>#105</styleUrl>
                <LineString id="103">
                    <altitudeMode>clampToGround</altitudeMode>
                    <coordinates>9.9392416,45.1455266,0.0 9.9392433,45.1455283,0.0 9.9392166,45.1455033,0.0 9.9392183,45.1455116,0.0 9.93923,45.1455233,0.0 9.93923,45.1455233,0.0 9.9392183,45.1455466,0.0 9.9392266,45.1455566,0.0</coordinates>
                </LineString>
            </Placemark>
            <Placemark id="108">
                <name>Rota 09:29</name>
                <styleUrl>#109</styleUrl>
                <LineString id="107">
                    <altitudeMode>clampToGround</altitudeMode>
                    <coordinates>9.93923,45.1455783,0.0 9.9392233,45.1455883,0.0 9.9392133,45.145615,0.0 9.93922,45.14561,0.0 9.9392216,45.1456,0.0 9.9392216,45.1456,0.0 9.9392083,45.1455466,0.0 9.9392233,45.1455683,0.0</coordinates>
                </LineString>
            </Placemark>
            <Placemark id="112">
                <name>Rota 09:30</name>
                <styleUrl>#113</styleUrl>
                <LineString id="111">
                    <altitudeMode>clampToGround</altitudeMode>
                    <coordinates>9.9392166,45.14561,0.0 9.9392166,45.14561,0.0 9.9392233,45.1456483,0.0 9.9392233,45.1456483,0.0 9.9392433,45.14566,0.0 9.9392533,45.1456483,0.0 9.9392616,45.1456166,0.0 9.9392616,45.1456166,0.0</coordinates>
                </LineString>
            </Placemark>
            <Placemark id="116">
                <name>Rota 09:31</name>
                <styleUrl>#117</styleUrl>
                <LineString id="115">
                    <altitudeMode>clampToGround</altitudeMode>
                    <coordinates>9.93925,45.14562,0.0 9.939255,45.145615,0.0 9.9392216,45.14567,0.0 9.9392233,45.14567,0.0 9.9392233,45.145675,0.0 9.93923,45.1456766,0.0 9.939205,45.1456466,0.0 9.9392,45.1456516,0.0</coordinates>
                </LineString>
            </Placemark>
            <Placemark id="120">
                <name>Rota 09:32</name>
                <styleUrl>#121</styleUrl>
                <LineString id="119">
                    <altitudeMode>clampToGround</altitudeMode>
                    <coordinates>9.9392466,45.1456683,0.0 9.9392533,45.1456633,0.0 9.93926,45.1456783,0.0 9.9392616,45.145695,0.0 9.9391916,45.145715,0.0 9.9391816,45.1457133,0.0 9.939135,45.1456116,0.0 9.939125,45.1456,0.0</coordinates>
                </LineString>
            </Placemark>
            <Placemark id="124">
                <name>Rota 09:33</name>
                <styleUrl>#125</styleUrl>
                <LineString id="123">
                    <altitudeMode>clampToGround</altitudeMode>
                    <coordinates>9.9390966,45.1455733,0.0 9.9390983,45.14557,0.0 9.9390883,45.145555,0.0 9.93909,45.145555,0.0 9.9391583,45.1455933,0.0 9.9391583,45.1455933,0.0 9.9392033,45.145505,0.0 9.9392,45.1455033,0.0</coordinates>
                </LineString>
            </Placemark>
            <Placemark id="128">
                <name>Rota 09:34</name>
                <styleUrl>#129</styleUrl>
                <LineString id="127">
                    <altitudeMode>clampToGround</altitudeMode>
                    <coordinates>9.9391666,45.14553,0.0 9.9391516,45.145535,0.0 9.9390933,45.1455983,0.0 9.9390933,45.1455983,0.0 9.93907,45.1455766,0.0 9.93907,45.1455716,0.0 9.9390866,45.1455366,0.0 9.9390983,45.14554,0.0</coordinates>
                </LineString>
            </Placemark>
            <Placemark id="132">
                <name>Rota 09:35</name>
                <styleUrl>#133</styleUrl>
                <LineString id="131">
                    <altitudeMode>clampToGround</altitudeMode>
                    <coordinates>9.9391733,45.1455766,0.0 9.9391733,45.1455833,0.0 9.9391466,45.1456033,0.0 9.9391516,45.14561,0.0 9.939155,45.1456466,0.0 9.9391533,45.1456516,0.0 9.9391233,45.1456233,0.0 9.9391283,45.1456216,0.0</coordinates>
                </LineString>
            </Placemark>
            <Placemark id="136">
                <name>Rota 09:36</name>
                <styleUrl>#137</styleUrl>
                <LineString id="135">
                    <altitudeMode>clampToGround</altitudeMode>
                    <coordinates>9.9391366,45.1456116,0.0 9.9391366,45.1456416,0.0 9.9391316,45.1456516,0.0 9.9391316,45.1456516,0.0 9.9391366,45.145595,0.0 9.9391483,45.1455833,0.0 9.93919,45.1455716,0.0 9.93918,45.1455783,0.0</coordinates>
                </LineString>
            </Placemark>
            <Placemark id="140">
                <name>Rota 09:37</name>
                <styleUrl>#141</styleUrl>
                <LineString id="139">
                    <altitudeMode>clampToGround</altitudeMode>
                    <coordinates>9.9392,45.1456083,0.0 9.9392,45.1456083,0.0 9.9391866,45.145595,0.0 9.939185,45.1455916,0.0 9.9391183,45.14562,0.0 9.9391133,45.1456233,0.0 9.939125,45.145605,0.0 9.939135,45.1455933,0.0</coordinates>
                </LineString>
            </Placemark>
            <Placemark id="144">
                <name>Rota 09:38</name>
                <styleUrl>#145</styleUrl>
                <LineString id="143">
                    <altitudeMode>clampToGround</altitudeMode>
                    <coordinates>9.9393083,45.14544,0.0 9.93931,45.14544,0.0 9.939245,45.14567,0.0 9.9392583,45.1456616,0.0 9.93929,45.1456416,0.0 9.93929,45.1456416,0.0 9.939255,45.1456233,0.0 9.939255,45.1456233,0.0</coordinates>
                </LineString>
            </Placemark>
            <Placemark id="148">
                <name>Rota 09:39</name>
                <styleUrl>#149</styleUrl>
                <LineString id="147">
                    <altitudeMode>clampToGround</altitudeMode>
                    <coordinates>9.93926,45.1456116,0.0 9.93926,45.1456116,0.0 9.939185,45.1456383,0.0 9.9391766,45.1456316,0.0 9.9392066,45.1456516,0.0 9.939215,45.14566,0.0 9.9391983,45.1456983,0.0 9.93919,45.1456983,0.0</coordinates>
                </LineString>
            </Placemark>
            <Placemark id="152">
                <name>Rota 09:40</name>
                <styleUrl>#153</styleUrl>
                <LineString id="151">
                    <altitudeMode>clampToGround</altitudeMode>
                    <coordinates>9.9392383,45.1456283,0.0 9.939255,45.14562,0.0 9.9392633,45.1456,0.0 9.9392666,45.1455983,0.0 9.939285,45.145575,0.0 9.9392866,45.1455716,0.0 9.939265,45.145565,0.0 9.9392533,45.1455766,0.0</coordinates>
                </LineString>
            </Placemark>
            <Placemark id="156">
                <name>Rota 09:41</name>
                <styleUrl>#157</styleUrl>
                <LineString id="155">
                    <altitudeMode>clampToGround</altitudeMode>
                    <coordinates>9.9392416,45.1456016,0.0 9.9392416,45.1456016,0.0 9.93929,45.1455366,0.0 9.93929,45.1455316,0.0 9.939295,45.1455033,0.0 9.9392933,45.1455033,0.0 9.9393066,45.1455033,0.0 9.9393066,45.1455033,0.0</coordinates>
                </LineString>
            </Placemark>
            <Placemark id="160">
                <name>Rota 09:42</name>
                <styleUrl>#161</styleUrl>
                <LineString id="159">
                    <altitudeMode>clampToGround</altitudeMode>
                    <coordinates>9.9392233,45.1455333,0.0 9.9392233,45.1455333,0.0 9.9391783,45.1455116,0.0 9.9391716,45.1455116,0.0 9.9391716,45.1455616,0.0 9.9391766,45.14557,0.0 9.9391266,45.14564,0.0 9.9391233,45.1456416,0.0</coordinates>
                </LineString>
            </Placemark>
            <Placemark id="164">
                <name>Rota 09:43</name>
                <styleUrl>#165</styleUrl>
                <LineString id="163">
                    <altitudeMode>clampToGround</altitudeMode>
                    <coordinates>9.93909,45.1456483,0.0 9.93909,45.1456483,0.0 9.9391666,45.14559,0.0 9.9391666,45.1455966,0.0 9.939195,45.1456,0.0 9.9391866,45.14561,0.0 9.939005,45.14588,0.0 9.9389966,45.1458916,0.0</coordinates>
                </LineString>
            </Placemark>
            <Placemark id="168">
                <name>Rota 09:44</name>
                <styleUrl>#169</styleUrl>
                <LineString id="167">
                    <altitudeMode>clampToGround</altitudeMode>
                    <coordinates>9.93912,45.1457366,0.0 9.9391533,45.1456933,0.0 9.93921,45.1456116,0.0 9.939205,45.1456216,0.0 9.9391916,45.14567,0.0 9.9392016,45.1456583,0.0 9.9393733,45.14548,0.0 9.939375,45.145485,0.0</coordinates>
                </LineString>
            </Placemark>
            <Placemark id="172">
                <name>Rota 09:45</name>
                <styleUrl>#173</styleUrl>
                <LineString id="171">
                    <altitudeMode>clampToGround</altitudeMode>
                    <coordinates>9.9393183,45.1455533,0.0 9.9393133,45.14556,0.0 9.939305,45.1455666,0.0 9.9392816,45.14559,0.0 9.9392616,45.1455433,0.0 9.9392633,45.1455366,0.0 9.939215,45.1455383,0.0 9.939215,45.1455383,0.0</coordinates>
                </LineString>
            </Placemark>
            <Placemark id="176">
                <name>Rota 09:46</name>
                <styleUrl>#177</styleUrl>
                <LineString id="175">
                    <altitudeMode>clampToGround</altitudeMode>
                    <coordinates>9.939155,45.1455266,0.0 9.9391416,45.1455433,0.0 9.9391666,45.1455833,0.0 9.93916,45.1455883,0.0 9.9391033,45.1456816,0.0 9.9391083,45.1456816,0.0 9.9392116,45.1456566,0.0 9.9392183,45.1456516,0.0</coordinates>
                </LineString>
            </Placemark>
            <Placemark id="180">
                <name>Rota 09:47</name>
                <styleUrl>#181</styleUrl>
                <LineString id="179">
                    <altitudeMode>clampToGround</altitudeMode>
                    <coordinates>9.939205,45.1456533,0.0 9.9391983,45.1456616,0.0 9.939185,45.145705,0.0 9.939185,45.145705,0.0 9.9392116,45.1456766,0.0 9.9392133,45.1456766,0.0 9.9392183,45.1456933,0.0 9.9392133,45.1456916,0.0</coordinates>
                </LineString>
            </Placemark>
            <Placemark id="184">
                <name>Rota 09:48</name>
                <styleUrl>#185</styleUrl>
                <LineString id="183">
                    <altitudeMode>clampToGround</altitudeMode>
                    <coordinates>9.9391933,45.1456466,0.0 9.939195,45.1456416,0.0 9.939175,45.1456333,0.0 9.939175,45.1456333,0.0 9.9391083,45.1456516,0.0 9.9391083,45.1456516,0.0 9.9391683,45.1455883,0.0 9.9391666,45.1455883,0.0</coordinates>
                </LineString>
            </Placemark>
            <Placemark id="188">
                <name>Rota 09:49</name>
                <styleUrl>#189</styleUrl>
                <LineString id="187">
                    <altitudeMode>clampToGround</altitudeMode>
                    <coordinates>9.939165,45.1455933,0.0 9.9391616,45.1455983,0.0 9.939155,45.145635,0.0 9.9391616,45.1456466,0.0 9.9392316,45.1456216,0.0 9.9392333,45.1456233,0.0 9.9391833,45.1456483,0.0 9.9391733,45.1456516,0.0</coordinates>
                </LineString>
            </Placemark>
            <Placemark id="192">
                <name>Rota 09:50</name>
                <styleUrl>#193</styleUrl>
                <LineString id="191">
                    <altitudeMode>clampToGround</altitudeMode>
                    <coordinates>9.9390683,45.145715,0.0 9.9390666,45.1457216,0.0 9.939105,45.14573,0.0 9.9391083,45.1457366,0.0 9.9391116,45.1456933,0.0 9.9391183,45.1456933,0.0 9.9391433,45.1456783,0.0 9.9391533,45.1456816,0.0</coordinates>
                </LineString>
            </Placemark>
            <Placemark id="196">
                <name>Rota 09:51</name>
                <styleUrl>#197</styleUrl>
                <LineString id="195">
                    <altitudeMode>clampToGround</altitudeMode>
                    <coordinates>9.9391833,45.1457133,0.0 9.93918,45.1456966,0.0 9.9391716,45.1456966,0.0 9.9391716,45.1456966,0.0 9.9392166,45.1456716,0.0 9.9392183,45.14567,0.0 9.9392316,45.1456716,0.0 9.9392316,45.1456716,0.0</coordinates>
                </LineString>
            </Placemark>
            <Placemark id="200">
                <name>Rota 09:52</name>
                <styleUrl>#201</styleUrl>
                <LineString id="199">
                    <altitudeMode>clampToGround</altitudeMode>
                    <coordinates>9.9392166,45.1456733,0.0 9.9392166,45.1456733,0.0 9.9392233,45.1457016,0.0 9.9392183,45.1457,0.0 9.939155,45.1457366,0.0 9.93915,45.1457416,0.0 9.9391783,45.145755,0.0 9.9391716,45.1457516,0.0</coordinates>
                </LineString>
            </Placemark>
            <Placemark id="204">
                <name>Rota 09:53</name>
                <styleUrl>#205</styleUrl>
                <LineString id="203">
                    <altitudeMode>clampToGround</altitudeMode>
                    <coordinates>9.9391366,45.1457333,0.0 9.9391266,45.1457283,0.0 9.9390566,45.1457066,0.0 9.93903,45.1457233,0.0 9.939035,45.1457083,0.0 9.939035,45.1457083,0.0 9.9391833,45.1456266,0.0 9.9391833,45.1456266,0.0</coordinates>
                </LineString>
            </Placemark>
            <Placemark id="208">
                <name>Rota 09:54</name>
                <styleUrl>#209</styleUrl>
                <LineString id="207">
                    <altitudeMode>clampToGround</altitudeMode>
                    <coordinates>9.9391916,45.14567,0.0 9.93919,45.1456683,0.0 9.9392383,45.14562,0.0 9.9392533,45.1456283,0.0 9.9392433,45.1456433,0.0 9.9392366,45.145645,0.0 9.9391666,45.145595,0.0 9.939175,45.14559,0.0</coordinates>
                </LineString>
            </Placemark>
            <Placemark id="212">
                <name>Rota 09:55</name>
                <styleUrl>#213</styleUrl>
                <LineString id="211">
                    <altitudeMode>clampToGround</altitudeMode>
                    <coordinates>9.9391916,45.14557,0.0 9.9391916,45.14557,0.0 9.9390266,45.1456416,0.0 9.9390216,45.1456466,0.0 9.9389633,45.1456433,0.0 9.93896,45.1456366,0.0 9.9389116,45.1455716,0.0 9.9389033,45.1455616,0.0</coordinates>
                </LineString>
            </Placemark>
            <Placemark id="216">
                <name>Rota 09:56</name>
                <styleUrl>#217</styleUrl>
                <LineString id="215">
                    <altitudeMode>clampToGround</altitudeMode>
                    <coordinates>9.93895,45.145605,0.0 9.93895,45.145605,0.0 9.9389266,45.1455483,0.0 9.9389416,45.1455533,0.0 9.9390916,45.1456466,0.0 9.9390766,45.14564,0.0 9.9390983,45.1456683,0.0 9.9391033,45.1456683,0.0</coordinates>
                </LineString>
            </Placemark>
            <Placemark id="220">
                <name>Rota 09:57</name>
                <styleUrl>#221</styleUrl>
                <LineString id="219">
                    <altitudeMode>clampToGround</altitudeMode>
                    <coordinates>9.9391266,45.1456516,0.0 9.9391283,45.1456483,0.0 9.9391283,45.1456333,0.0 9.9391233,45.1456333,0.0 9.939125,45.14563,0.0 9.93913,45.145625,0.0 9.9391233,45.1456033,0.0 9.9391233,45.1456033,0.0</coordinates>
                </LineString>
            </Placemark>
            <Placemark id="224">
                <name>Rota 09:58</name>
                <styleUrl>#225</styleUrl>
                <LineString id="223">
                    <altitudeMode>clampToGround</altitudeMode>
                    <coordinates>9.9391183,45.1455616,0.0 9.9391166,45.14556,0.0 9.9391316,45.1455633,0.0 9.93913,45.1455633,0.0 9.9391216,45.1455633,0.0 9.9391216,45.1455633,0.0 9.9392583,45.1456816,0.0 9.939245,45.145695,0.0</coordinates>
                </LineString>
            </Placemark>
            <Placemark id="228">
                <name>Rota 09:59</name>
                <styleUrl>#229</styleUrl>
                <LineString id="227">
                    <altitudeMode>clampToGround</altitudeMode>
                    <coordinates>9.9391966,45.1456733,0.0 9.9391983,45.1456716,0.0 9.9391716,45.1456316,0.0 9.9391716,45.1456316,0.0 9.93906,45.1456483,0.0 9.9390616,45.14565,0.0 9.9392683,45.145675,0.0 9.9392766,45.14568,0.0</coordinates>
                </LineString>
            </Placemark>
        </Folder>
        <Folder id="231">
            <Style id="234">
                <LineStyle id="235">
                    <color>ff008000</color>
                    <colorMode>normal</colorMode>
                    <width>3</width>
                </LineStyle>
            </Style>
            <Style id="238">
                <LineStyle id="239">
                    <color>ff008000</color>
                    <colorMode>normal</colorMode>
                    <width>3</width>
                </LineStyle>
            </Style>
            <Style id="242">
                <LineStyle id="243">
                    <color>ff008000</color>
                    <colorMode>normal</colorMode>
                    <width>3</width>
                </LineStyle>
            </Style>
            <Style id="246">
                <LineStyle id="247">
                    <color>ff008000</color>
                    <colorMode>normal</colorMode>
                    <width>3</width>
                </LineStyle>
            </Style>
            <Style id="250">
                <LineStyle id="251">
                    <color>ff008000</color>
                    <colorMode>normal</colorMode>
                    <width>3</width>
                </LineStyle>
            </Style>
            <Style id="254">
                <LineStyle id="255">
                    <color>ff008000</color>
                    <colorMode>normal</colorMode>
                    <width>3</width>
                </LineStyle>
            </Style>
            <Style id="258">
                <LineStyle id="259">
                    <color>ff008000</color>
                    <colorMode>normal</colorMode>
                    <width>3</width>
                </LineStyle>
            </Style>
            <Style id="262">
                <LineStyle id="263">
                    <color>ff008000</color>
                    <colorMode>normal</colorMode>
                    <width>3</width>
                </LineStyle>
            </Style>
            <Style id="266">
                <LineStyle id="267">
                    <color>ff008000</color>
                    <colorMode>normal</colorMode>
                    <width>3</width>
                </LineStyle>
            </Style>
            <Style id="270">
                <LineStyle id="271">
                    <color>ff008000</color>
                    <colorMode>normal</colorMode>
                    <width>3</width>
                </LineStyle>
            </Style>
            <Style id="274">
                <LineStyle id="275">
                    <color>ff008000</color>
                    <colorMode>normal</colorMode>
                    <width>3</width>
                </LineStyle>
            </Style>
            <Style id="278">
                <LineStyle id="279">
                    <color>ff008000</color>
                    <colorMode>normal</colorMode>
                    <width>3</width>
                </LineStyle>
            </Style>
            <Style id="282">
                <LineStyle id="283">
                    <color>ff008000</color>
                    <colorMode>normal</colorMode>
                    <width>3</width>
                </LineStyle>
            </Style>
            <Style id="286">
                <LineStyle id="287">
                    <color>ff008000</color>
                    <colorMode>normal</colorMode>
                    <width>3</width>
                </LineStyle>
            </Style>
            <name>2025-08-08 10:00</name>
            <Placemark id="233">
                <name>Rota 10:00</name>
                <styleUrl>#234</styleUrl>
                <LineString id="232">
                    <altitudeMode>clampToGround</altitudeMode>
                    <coordinates>9.9393183,45.1457566,0.0 9.9393183,45.1457533,0.0 9.9391466,45.145675,0.0 9.93914,45.14567,0.0 9.9391966,45.1456233,0.0 9.9392016,45.14562,0.0 9.9391983,45.1456283,0.0 9.9391933,45.1456316,0.0</coordinates>
                </LineString>
            </Placemark>
            <Placemark id="237">
                <name>Rota 10:01</name>
                <styleUrl>#238</styleUrl>
                <LineString id="236">
                    <altitudeMode>clampToGround</altitudeMode>
                    <coordinates>9.9391516,45.1456083,0.0 9.9391533,45.1456016,0.0 9.9391616,45.1455466,0.0 9.93917,45.14555,0.0 9.9391583,45.14555,0.0 9.9391566,45.145555,0.0 9.9391433,45.1455483,0.0 9.939145,45.1455466,0.0</coordinates>
                </LineString>
            </Placemark>
            <Placemark id="241">
                <name>Rota 10:02</name>
                <styleUrl>#242</styleUrl>
                <LineString id="240">
                    <altitudeMode>clampToGround</altitudeMode>
                    <coordinates>9.93916,45.145525,0.0 9.9391633,45.1455283,0.0 9.9391783,45.145525,0.0 9.9391783,45.145525,0.0 9.93919,45.14552,0.0 9.9391983,45.1455183,0.0 9.939195,45.1455316,0.0 9.939195,45.1455433,0.0</coordinates>
                </LineString>
            </Placemark>
            <Placemark id="245">
                <name>Rota 10:03</name>
                <styleUrl>#246</styleUrl>
                <LineString id="244">
                    <altitudeMode>clampToGround</altitudeMode>
                    <coordinates>9.9393183,45.1456133,0.0 9.9393316,45.1456166,0.0 9.9396266,45.145625,0.0 9.9396233,45.14563,0.0 9.93944,45.14563,0.0 9.93944,45.14563,0.0 9.9393466,45.1456183,0.0 9.9393466,45.1456183,0.0</coordinates>
                </LineString>
            </Placemark>
            <Placemark id="249">
                <name>Rota 10:04</name>
                <styleUrl>#250</styleUrl>
                <LineString id="248">
                    <altitudeMode>clampToGround</altitudeMode>
                    <coordinates>9.939315,45.1455866,0.0 9.939315,45.1455866,0.0 9.9392366,45.1455933,0.0 9.9392366,45.1455933,0.0 9.9392016,45.145555,0.0 9.9392233,45.1455466,0.0 9.9391483,45.1455416,0.0 9.9391283,45.1455433,0.0</coordinates>
                </LineString>
            </Placemark>
            <Placemark id="253">
                <name>Rota 10:05</name>
                <styleUrl>#254</styleUrl>
                <LineString id="252">
                    <altitudeMode>clampToGround</altitudeMode>
                    <coordinates>9.93932,45.1456533,0.0 9.939335,45.145655,0.0 9.9393783,45.14564,0.0 9.939385,45.1456433,0.0 9.93932,45.1456483,0.0 9.9393183,45.145645,0.0 9.9393566,45.1456216,0.0 9.9393566,45.1456216,0.0</coordinates>
                </LineString>
            </Placemark>
            <Placemark id="257">
                <name>Rota 10:06</name>
                <styleUrl>#258</styleUrl>
                <LineString id="256">
                    <altitudeMode>clampToGround</altitudeMode>
                    <coordinates>9.93934,45.1455933,0.0 9.93932,45.1455866,0.0 9.9393333,45.1455666,0.0 9.9393333,45.1455666,0.0 9.93929,45.145595,0.0 9.93929,45.145595,0.0 9.939295,45.1456066,0.0 9.939295,45.1456066,0.0</coordinates>
                </LineString>
            </Placemark>
            <Placemark id="261">
                <name>Rota 10:07</name>
                <styleUrl>#262</styleUrl>
                <LineString id="260">
                    <altitudeMode>clampToGround</altitudeMode>
                    <coordinates>9.939245,45.1455833,0.0 9.939245,45.1455833,0.0 9.939195,45.1455433,0.0 9.939195,45.1455433,0.0 9.9392833,45.1454466,0.0 9.9392933,45.1454366,0.0 9.9393483,45.14539,0.0 9.939345,45.1453816,0.0</coordinates>
                </LineString>
            </Placemark>
            <Placemark id="265">
                <name>Rota 10:08</name>
                <styleUrl>#266</styleUrl>
                <LineString id="264">
                    <altitudeMode>clampToGround</altitudeMode>
                    <coordinates>9.9393433,45.1454333,0.0 9.9393383,45.1454316,0.0 9.9392533,45.1454683,0.0 9.9392666,45.1454866,0.0 9.9392616,45.1455716,0.0 9.93925,45.1455733,0.0 9.9393616,45.1455483,0.0 9.939365,45.1455566,0.0</coordinates>
                </LineString>
            </Placemark>
            <Placemark id="269">
                <name>Rota 10:09</name>
                <styleUrl>#270</styleUrl>
                <LineString id="268">
                    <altitudeMode>clampToGround</altitudeMode>
                    <coordinates>9.9395233,45.14555,0.0 9.9395233,45.1455466,0.0 9.9395766,45.1455316,0.0 9.93959,45.14555,0.0 9.939555,45.14575,0.0 9.9395566,45.1457583,0.0 9.9396533,45.1460116,0.0 9.9396316,45.1460266,0.0</coordinates>
                </LineString>
            </Placemark>
            <Placemark id="273">
                <name>Rota 10:10</name>
                <styleUrl>#274</styleUrl>
                <LineString id="272">
                    <altitudeMode>clampToGround</altitudeMode>
                    <coordinates>9.939575,45.1461033,0.0 9.9395916,45.1460966,0.0 9.940115,45.1460033,0.0 9.94016,45.1459883,0.0 9.9404666,45.14599,0.0 9.9404833,45.1459916,0.0 9.9405666,45.14603,0.0 9.9405816,45.1460333,0.0</coordinates>
                </LineString>
            </Placemark>
            <Placemark id="277">
                <name>Rota 10:11</name>
                <styleUrl>#278</styleUrl>
                <LineString id="276">
                    <altitudeMode>clampToGround</altitudeMode>
                    <coordinates>9.9410433,45.146025,0.0 9.94131,45.14588,0.0 9.94134,45.1458833,0.0 9.941555,45.1460583,0.0 9.9415733,45.1460833,0.0 9.9418083,45.146525,0.0 9.9418133,45.1465433,0.0</coordinates>
                </LineString>
            </Placemark>
            <Placemark id="281">
                <name>Rota 10:12</name>
                <styleUrl>#282</styleUrl>
                <LineString id="280">
                    <altitudeMode>clampToGround</altitudeMode>
                    <coordinates>9.94182,45.147125,0.0 9.94182,45.147125,0.0</coordinates>
                </LineString>
            </Placemark>
            <Placemark id="285">
                <name>Rota 10:13</name>
                <styleUrl>#286</styleUrl>
                <LineString id="284">
                    <altitudeMode>clampToGround</altitudeMode>
                    <coordinates>9.9418133,45.1472266,0.0 9.9418466,45.1472183,0.0 9.9412166,45.14747,0.0 9.94119,45.1474733,0.0 9.9408016,45.1474766,0.0 9.94077,45.147475,0.0 9.94076,45.1475233,0.0 9.94076,45.1475233,0.0</coordinates>
                </LineString>
            </Placemark>
        </Folder>
        <Folder id="288">
            <Style id="291">
                <LineStyle id="292">
                    <color>ff008000</color>
                    <colorMode>normal</colorMode>
                    <width>3</width>
                </LineStyle>
            </Style>
            <Style id="295">
                <LineStyle id="296">
                    <color>ff008000</color>
                    <colorMode>normal</colorMode>
                    <width>3</width>
                </LineStyle>
            </Style>
            <Style id="299">
                <LineStyle id="300">
                    <color>ff008000</color>
                    <colorMode>normal</colorMode>
                    <width>3</width>
                </LineStyle>
            </Style>
            <Style id="303">
                <LineStyle id="304">
                    <color>ff008000</color>
                    <colorMode>normal</colorMode>
                    <width>3</width>
                </LineStyle>
            </Style>
            <Style id="307">
                <LineStyle id="308">
                    <color>ff008000</color>
                    <colorMode>normal</colorMode>
                    <width>3</width>
                </LineStyle>
            </Style>
            <Style id="311">
                <LineStyle id="312">
                    <color>ff008000</color>
                    <colorMode>normal</colorMode>
                    <width>3</width>
                </LineStyle>
            </Style>
            <Style id="315">
                <LineStyle id="316">
                    <color>ff008000</color>
                    <colorMode>normal</colorMode>
                    <width>3</width>
                </LineStyle>
            </Style>
            <Style id="319">
                <LineStyle id="320">
                    <color>ff008000</color>
                    <colorMode>normal</colorMode>
                    <width>3</width>
                </LineStyle>
            </Style>
            <Style id="323">
                <LineStyle id="324">
                    <color>ff008000</color>
                    <colorMode>normal</colorMode>
                    <width>3</width>
                </LineStyle>
            </Style>
            <Style id="327">
                <LineStyle id="328">
                    <color>ff008000</color>
                    <colorMode>normal</colorMode>
                    <width>3</width>
                </LineStyle>
            </Style>
            <Style id="331">
                <LineStyle id="332">
                    <color>ff008000</color>
                    <colorMode>normal</colorMode>
                    <width>3</width>
                </LineStyle>
            </Style>
            <Style id="335">
                <LineStyle id="336">
                    <color>ff008000</color>
                    <colorMode>normal</colorMode>
                    <width>3</width>
                </LineStyle>
            </Style>
            <Style id="339">
                <LineStyle id="340">
                    <color>ff008000</color>
                    <colorMode>normal</colorMode>
                    <width>3</width>
                </LineStyle>
            </Style>
            <Style id="343">
                <LineStyle id="344">
                    <color>ff008000</color>
                    <colorMode>normal</colorMode>
                    <width>3</width>
                </LineStyle>
            </Style>
            <Style id="347">
                <LineStyle id="348">
                    <color>ff008000</color>
                    <colorMode>normal</colorMode>
                    <width>3</width>
                </LineStyle>
            </Style>
            <Style id="351">
                <LineStyle id="352">
                    <color>ff008000</color>
                    <colorMode>normal</colorMode>
                    <width>3</width>
                </LineStyle>
            </Style>
            <Style id="355">
                <LineStyle id="356">
                    <color>ff008000</color>
                    <colorMode>normal</colorMode>
                    <width>3</width>
                </LineStyle>
            </Style>
            <Style id="359">
                <LineStyle id="360">
                    <color>ff008000</color>
                    <colorMode>normal</colorMode>
                    <width>3</width>
                </LineStyle>
            </Style>
            <Style id="363">
                <LineStyle id="364">
                    <color>ff008000</color>
                    <colorMode>normal</colorMode>
                    <width>3</width>
                </LineStyle>
            </Style>
            <Style id="367">
                <LineStyle id="368">
                    <color>ff008000</color>
                    <colorMode>normal</colorMode>
                    <width>3</width>
                </LineStyle>
            </Style>
            <Style id="371">
                <LineStyle id="372">
                    <color>ff008000</color>
                    <colorMode>normal</colorMode>
                    <width>3</width>
                </LineStyle>
            </Style>
            <Style id="375">
                <LineStyle id="376">
                    <color>ff008000</color>
                    <colorMode>normal</colorMode>
                    <width>3</width>
                </LineStyle>
            </Style>
            <name>2025-08-18 08:00</name>
            <Placemark id="290">
                <name>Rota 08:38</name>
                <styleUrl>#291</styleUrl>
                <LineString id="289">
                    <altitudeMode>clampToGround</altitudeMode>
                    <coordinates>9.9406233,45.14744,0.0 9.940645,45.147385,0.0 9.9412116,45.1474633,0.0 9.9412466,45.147475,0.0</coordinates>
                </LineString>
            </Placemark>
            <Placemark id="294">
                <name>Rota 08:39</name>
                <styleUrl>#295</styleUrl>
                <LineString id="293">
                    <altitudeMode>clampToGround</altitudeMode>
                    <coordinates>9.9411566,45.1483216,0.0 9.9409566,45.1483183,0.0</coordinates>
                </LineString>
            </Placemark>
            <Placemark id="298">
                <name>Rota 08:40</name>
                <styleUrl>#299</styleUrl>
                <LineString id="297">
                    <altitudeMode>clampToGround</altitudeMode>
                    <coordinates>9.9410633,45.1482783,0.0 9.9410633,45.1482783,0.0 9.9410333,45.1483216,0.0 9.9410333,45.1483216,0.0 9.940765,45.1486983,0.0</coordinates>
                </LineString>
            </Placemark>
            <Placemark id="302">
                <name>Rota 08:41</name>
                <styleUrl>#303</styleUrl>
                <LineString id="301">
                    <altitudeMode>clampToGround</altitudeMode>
                    <coordinates>9.9406616,45.1486833,0.0 9.9406616,45.1486833,0.0</coordinates>
                </LineString>
            </Placemark>
            <Placemark id="306">
                <name>Rota 08:42</name>
                <styleUrl>#307</styleUrl>
                <LineString id="305">
                    <altitudeMode>clampToGround</altitudeMode>
                    <coordinates>9.9406,45.1487066,0.0 9.9406,45.1487066,0.0 9.9405983,45.1487,0.0 9.9405966,45.148695,0.0 9.9407116,45.14864,0.0 9.9407066,45.1486416,0.0 9.94064,45.148665,0.0 9.94064,45.148665,0.0</coordinates>
                </LineString>
            </Placemark>
            <Placemark id="310">
                <name>Rota 08:43</name>
                <styleUrl>#311</styleUrl>
                <LineString id="309">
                    <altitudeMode>clampToGround</altitudeMode>
                    <coordinates>9.9404333,45.148815,0.0 9.9404383,45.1488466,0.0 9.9404416,45.1489333,0.0 9.9404366,45.1489166,0.0 9.940455,45.1486816,0.0 9.94046,45.148675,0.0 9.9404666,45.1486766,0.0 9.9404666,45.1486766,0.0</coordinates>
                </LineString>
            </Placemark>
            <Placemark id="314">
                <name>Rota 08:44</name>
                <styleUrl>#315</styleUrl>
                <LineString id="313">
                    <altitudeMode>clampToGround</altitudeMode>
                    <coordinates>9.940425,45.1486233,0.0 9.940425,45.1486233,0.0 9.9403683,45.1485916,0.0 9.9403683,45.148575,0.0 9.940365,45.1485533,0.0 9.9403633,45.1485683,0.0 9.940365,45.1487033,0.0 9.940365,45.1487033,0.0</coordinates>
                </LineString>
            </Placemark>
            <Placemark id="318">
                <name>Rota 08:45</name>
                <styleUrl>#319</styleUrl>
                <LineString id="317">
                    <altitudeMode>clampToGround</altitudeMode>
                    <coordinates>9.9403833,45.1487466,0.0 9.9403933,45.148745,0.0 9.9404333,45.1487816,0.0 9.9404316,45.148785,0.0 9.940435,45.148825,0.0 9.940435,45.148825,0.0 9.940435,45.1488266,0.0 9.9404383,45.1488216,0.0</coordinates>
                </LineString>
            </Placemark>
            <Placemark id="322">
                <name>Rota 08:46</name>
                <styleUrl>#323</styleUrl>
                <LineString id="321">
                    <altitudeMode>clampToGround</altitudeMode>
                    <coordinates>9.940465,45.1487983,0.0 9.9404683,45.148785,0.0 9.94047,45.148765,0.0 9.94047,45.148765,0.0 9.940425,45.1487283,0.0 9.94042,45.1487316,0.0 9.9404216,45.1487066,0.0 9.940425,45.1487083,0.0</coordinates>
                </LineString>
            </Placemark>
            <Placemark id="326">
                <name>Rota 08:47</name>
                <styleUrl>#327</styleUrl>
                <LineString id="325">
                    <altitudeMode>clampToGround</altitudeMode>
                    <coordinates>9.9404783,45.1486016,0.0 9.9404833,45.1485883,0.0 9.9404466,45.1486566,0.0 9.9404216,45.1486183,0.0 9.940405,45.1486133,0.0 9.9404033,45.14861,0.0 9.940415,45.1485883,0.0 9.94041,45.1485966,0.0</coordinates>
                </LineString>
            </Placemark>
            <Placemark id="330">
                <name>Rota 08:48</name>
                <styleUrl>#331</styleUrl>
                <LineString id="329">
                    <altitudeMode>clampToGround</altitudeMode>
                    <coordinates>9.940425,45.1485983,0.0 9.940425,45.1485933,0.0 9.9404166,45.148605,0.0 9.9404166,45.148605,0.0 9.9404366,45.1486766,0.0 9.9404366,45.1486766,0.0 9.94047,45.1486416,0.0 9.94047,45.1486416,0.0</coordinates>
                </LineString>
            </Placemark>
            <Placemark id="334">
                <name>Rota 08:49</name>
                <styleUrl>#335</styleUrl>
                <LineString id="333">
                    <altitudeMode>clampToGround</altitudeMode>
                    <coordinates>9.9404983,45.148685,0.0 9.9404933,45.1486833,0.0 9.9404583,45.1486633,0.0 9.940455,45.1486533,0.0 9.9404316,45.14868,0.0 9.9404316,45.1486833,0.0 9.9404333,45.1486783,0.0 9.9404333,45.1486783,0.0</coordinates>
                </LineString>
            </Placemark>
            <Placemark id="338">
                <name>Rota 08:50</name>
                <styleUrl>#339</styleUrl>
                <LineString id="337">
                    <altitudeMode>clampToGround</altitudeMode>
                    <coordinates>9.9404133,45.1486483,0.0 9.9404133,45.1486483,0.0 9.9404666,45.1486116,0.0 9.9404616,45.14862,0.0 9.9405666,45.1486766,0.0 9.94057,45.1486783,0.0 9.9405083,45.1486266,0.0 9.9405066,45.1485983,0.0</coordinates>
                </LineString>
            </Placemark>
            <Placemark id="342">
                <name>Rota 08:51</name>
                <styleUrl>#343</styleUrl>
                <LineString id="341">
                    <altitudeMode>clampToGround</altitudeMode>
                    <coordinates>9.9404766,45.1485583,0.0 9.9404816,45.1485683,0.0 9.9404933,45.1485883,0.0 9.9404933,45.1485866,0.0 9.9404733,45.1486016,0.0 9.9404733,45.1486016,0.0 9.9404733,45.1486016,0.0 9.9404733,45.1486016,0.0</coordinates>
                </LineString>
            </Placemark>
            <Placemark id="346">
                <name>Rota 08:52</name>
                <styleUrl>#347</styleUrl>
                <LineString id="345">
                    <altitudeMode>clampToGround</altitudeMode>
                    <coordinates>9.9404666,45.1485816,0.0 9.9404733,45.1486016,0.0 9.94048,45.1486266,0.0 9.94048,45.1486266,0.0 9.9404583,45.1485616,0.0 9.9404583,45.1485616,0.0 9.9404516,45.148695,0.0 9.9404483,45.1486883,0.0</coordinates>
                </LineString>
            </Placemark>
            <Placemark id="350">
                <name>Rota 08:53</name>
                <styleUrl>#351</styleUrl>
                <LineString id="349">
                    <altitudeMode>clampToGround</altitudeMode>
                    <coordinates>9.94044,45.1486433,0.0 9.94044,45.1486433,0.0 9.9403866,45.14849,0.0 9.94039,45.1484833,0.0 9.940405,45.1483666,0.0 9.9404066,45.14836,0.0</coordinates>
                </LineString>
            </Placemark>
            <Placemark id="354">
                <name>Rota 08:54</name>
                <styleUrl>#355</styleUrl>
                <LineString id="353">
                    <altitudeMode>clampToGround</altitudeMode>
                    <coordinates>9.94048,45.1488233,0.0 9.9404783,45.1488233,0.0 9.9404916,45.1490983,0.0 9.94048,45.1490516,0.0 9.9404333,45.1487416,0.0 9.9404416,45.14875,0.0</coordinates>
                </LineString>
            </Placemark>
            <Placemark id="358">
                <name>Rota 08:55</name>
                <styleUrl>#359</styleUrl>
                <LineString id="357">
                    <altitudeMode>clampToGround</altitudeMode>
                    <coordinates>9.940405,45.148585,0.0 9.940405,45.148585,0.0 9.940465,45.1486016,0.0 9.9404716,45.1486216,0.0 9.940685,45.1488533,0.0 9.9405383,45.1486166,0.0 9.9405383,45.1486166,0.0</coordinates>
                </LineString>
            </Placemark>
            <Placemark id="362">
                <name>Rota 08:56</name>
                <styleUrl>#363</styleUrl>
                <LineString id="361">
                    <altitudeMode>clampToGround</altitudeMode>
                    <coordinates>9.9404683,45.1485583,0.0 9.9404683,45.1485583,0.0 9.9403783,45.1483316,0.0 9.9403716,45.1483,0.0 9.9402266,45.1479866,0.0 9.940235,45.1479933,0.0 9.94028,45.14802,0.0 9.940285,45.148025,0.0</coordinates>
                </LineString>
            </Placemark>
            <Placemark id="366">
                <name>Rota 08:57</name>
                <styleUrl>#367</styleUrl>
                <LineString id="365">
                    <altitudeMode>clampToGround</altitudeMode>
                    <coordinates>9.9403366,45.1480483,0.0 9.940335,45.1480516,0.0 9.9405133,45.1485566,0.0 9.9405216,45.1485816,0.0 9.9405433,45.148705,0.0 9.94055,45.14871,0.0 9.940525,45.1488033,0.0 9.940525,45.1488033,0.0</coordinates>
                </LineString>
            </Placemark>
            <Placemark id="370">
                <name>Rota 08:58</name>
                <styleUrl>#371</styleUrl>
                <LineString id="369">
                    <altitudeMode>clampToGround</altitudeMode>
                    <coordinates>9.94061,45.1487366,0.0 9.9406183,45.1487316,0.0 9.940595,45.1487783,0.0 9.9405966,45.1487716,0.0 9.94057,45.1487316,0.0 9.94057,45.1487316,0.0 9.9405166,45.1487033,0.0 9.9405166,45.1487033,0.0</coordinates>
                </LineString>
            </Placemark>
            <Placemark id="374">
                <name>Rota 08:59</name>
                <styleUrl>#375</styleUrl>
                <LineString id="373">
                    <altitudeMode>clampToGround</altitudeMode>
                    <coordinates>9.9405166,45.1487033,0.0 9.9405166,45.1487033,0.0 9.940485,45.1486616,0.0 9.940485,45.1486616,0.0 9.9404866,45.148665,0.0 9.940485,45.1486583,0.0 9.9405333,45.1486716,0.0 9.9405333,45.1486716,0.0</coordinates>
                </LineString>
            </Placemark>
        </Folder>
        <Folder id="377">
            <Style id="380">
                <LineStyle id="381">
                    <color>ff008000</color>
                    <colorMode>normal</colorMode>
                    <width>3</width>
                </LineStyle>
            </Style>
            <Style id="384">
                <LineStyle id="385">
                    <color>ff008000</color>
                    <colorMode>normal</colorMode>
                    <width>3</width>
                </LineStyle>
            </Style>
            <Style id="388">
                <LineStyle id="389">
                    <color>ff008000</color>
                    <colorMode>normal</colorMode>
                    <width>3</width>
                </LineStyle>
            </Style>
            <Style id="392">
                <LineStyle id="393">
                    <color>ff008000</color>
                    <colorMode>normal</colorMode>
                    <width>3</width>
                </LineStyle>
            </Style>
            <Style id="396">
                <LineStyle id="397">
                    <color>ff008000</color>
                    <colorMode>normal</colorMode>
                    <width>3</width>
                </LineStyle>
            </Style>
            <Style id="400">
                <LineStyle id="401">
                    <color>ff008000</color>
                    <colorMode>normal</colorMode>
                    <width>3</width>
                </LineStyle>
            </Style>
            <Style id="404">
                <LineStyle id="405">
                    <color>ff008000</color>
                    <colorMode>normal</colorMode>
                    <width>3</width>
                </LineStyle>
            </Style>
            <Style id="408">
                <LineStyle id="409">
                    <color>ff008000</color>
                    <colorMode>normal</colorMode>
                    <width>3</width>
                </LineStyle>
            </Style>
            <Style id="412">
                <LineStyle id="413">
                    <color>ff008000</color>
                    <colorMode>normal</colorMode>
                    <width>3</width>
                </LineStyle>
            </Style>
            <Style id="416">
                <LineStyle id="417">
                    <color>ff008000</color>
                    <colorMode>normal</colorMode>
                    <width>3</width>
                </LineStyle>
            </Style>
            <Style id="420">
                <LineStyle id="421">
                    <color>ff008000</color>
                    <colorMode>normal</colorMode>
                    <width>3</width>
                </LineStyle>
            </Style>
            <Style id="424">
                <LineStyle id="425">
                    <color>ff008000</color>
                    <colorMode>normal</colorMode>
                    <width>3</width>
                </LineStyle>
            </Style>
            <Style id="428">
                <LineStyle id="429">
                    <color>ff008000</color>
                    <colorMode>normal</colorMode>
                    <width>3</width>
                </LineStyle>
            </Style>
            <Style id="432">
                <LineStyle id="433">
                    <color>ff008000</color>
                    <colorMode>normal</colorMode>
                    <width>3</width>
                </LineStyle>
            </Style>
            <Style id="436">
                <LineStyle id="437">
                    <color>ff008000</color>
                    <colorMode>normal</colorMode>
                    <width>3</width>
                </LineStyle>
            </Style>
            <Style id="440">
                <LineStyle id="441">
                    <color>ff008000</color>
                    <colorMode>normal</colorMode>
                    <width>3</width>
                </LineStyle>
            </Style>
            <Style id="444">
                <LineStyle id="445">
                    <color>ff008000</color>
                    <colorMode>normal</colorMode>
                    <width>3</width>
                </LineStyle>
            </Style>
            <Style id="448">
                <LineStyle id="449">
                    <color>ff008000</color>
                    <colorMode>normal</colorMode>
                    <width>3</width>
                </LineStyle>
            </Style>
            <Style id="452">
                <LineStyle id="453">
                    <color>ff008000</color>
                    <colorMode>normal</colorMode>
                    <width>3</width>
                </LineStyle>
            </Style>
            <Style id="456">
                <LineStyle id="457">
                    <color>ff008000</color>
                    <colorMode>normal</colorMode>
                    <width>3</width>
                </LineStyle>
            </Style>
            <Style id="460">
                <LineStyle id="461">
                    <color>ff008000</color>
                    <colorMode>normal</colorMode>
                    <width>3</width>
                </LineStyle>
            </Style>
            <Style id="464">
                <LineStyle id="465">
                    <color>ff008000</color>
                    <colorMode>normal</colorMode>
                    <width>3</width>
                </LineStyle>
            </Style>
            <Style id="468">
                <LineStyle id="469">
                    <color>ff008000</color>
                    <colorMode>normal</colorMode>
                    <width>3</width>
                </LineStyle>
            </Style>
            <Style id="472">
                <LineStyle id="473">
                    <color>ff008000</color>
                    <colorMode>normal</colorMode>
                    <width>3</width>
                </LineStyle>
            </Style>
            <Style id="476">
                <LineStyle id="477">
                    <color>ff008000</color>
                    <colorMode>normal</colorMode>
                    <width>3</width>
                </LineStyle>
            </Style>
            <Style id="480">
                <LineStyle id="481">
                    <color>ff008000</color>
                    <colorMode>normal</colorMode>
                    <width>3</width>
                </LineStyle>
            </Style>
            <Style id="484">
                <LineStyle id="485">
                    <color>ff008000</color>
                    <colorMode>normal</colorMode>
                    <width>3</width>
                </LineStyle>
            </Style>
            <Style id="488">
                <LineStyle id="489">
                    <color>ff008000</color>
                    <colorMode>normal</colorMode>
                    <width>3</width>
                </LineStyle>
            </Style>
            <Style id="492">
                <LineStyle id="493">
                    <color>ff008000</color>
                    <colorMode>normal</colorMode>
                    <width>3</width>
                </LineStyle>
            </Style>
            <Style id="496">
                <LineStyle id="497">
                    <color>ff008000</color>
                    <colorMode>normal</colorMode>
                    <width>3</width>
                </LineStyle>
            </Style>
            <Style id="500">
                <LineStyle id="501">
                    <color>ff008000</color>
                    <colorMode>normal</colorMode>
                    <width>3</width>
                </LineStyle>
            </Style>
            <Style id="504">
                <LineStyle id="505">
                    <color>ff008000</color>
                    <colorMode>normal</colorMode>
                    <width>3</width>
                </LineStyle>
            </Style>
            <Style id="508">
                <LineStyle id="509">
                    <color>ff008000</color>
                    <colorMode>normal</colorMode>
                    <width>3</width>
                </LineStyle>
            </Style>
            <Style id="512">
                <LineStyle id="513">
                    <color>ff008000</color>
                    <colorMode>normal</colorMode>
                    <width>3</width>
                </LineStyle>
            </Style>
            <Style id="516">
                <LineStyle id="517">
                    <color>ff008000</color>
                    <colorMode>normal</colorMode>
                    <width>3</width>
                </LineStyle>
            </Style>
            <Style id="520">
                <LineStyle id="521">
                    <color>ff008000</color>
                    <colorMode>normal</colorMode>
                    <width>3</width>
                </LineStyle>
            </Style>
            <Style id="524">
                <LineStyle id="525">
                    <color>ff008000</color>
                    <colorMode>normal</colorMode>
                    <width>3</width>
                </LineStyle>
            </Style>
            <Style id="528">
                <LineStyle id="529">
                    <color>ff008000</color>
                    <colorMode>normal</colorMode>
                    <width>3</width>
                </LineStyle>
            </Style>
            <Style id="532">
                <LineStyle id="533">
                    <color>ff008000</color>
                    <colorMode>normal</colorMode>
                    <width>3</width>
                </LineStyle>
            </Style>
            <Style id="536">
                <LineStyle id="537">
                    <color>ff008000</color>
                    <colorMode>normal</colorMode>
                    <width>3</width>
                </LineStyle>
            </Style>
            <Style id="540">
                <LineStyle id="541">
                    <color>ff008000</color>
                    <colorMode>normal</colorMode>
                    <width>3</width>
                </LineStyle>
            </Style>
            <Style id="544">
                <LineStyle id="545">
                    <color>ff008000</color>
                    <colorMode>normal</colorMode>
                    <width>3</width>
                </LineStyle>
            </Style>
            <Style id="548">
                <LineStyle id="549">
                    <color>ff008000</color>
                    <colorMode>normal</colorMode>
                    <width>3</width>
                </LineStyle>
            </Style>
            <Style id="552">
                <LineStyle id="553">
                    <color>ff008000</color>
                    <colorMode>normal</colorMode>
                    <width>3</width>
                </LineStyle>
            </Style>
            <Style id="556">
                <LineStyle id="557">
                    <color>ff008000</color>
                    <colorMode>normal</colorMode>
                    <width>3</width>
                </LineStyle>
            </Style>
            <Style id="560">
                <LineStyle id="561">
                    <color>ff008000</color>
                    <colorMode>normal</colorMode>
                    <width>3</width>
                </LineStyle>
            </Style>
            <Style id="564">
                <LineStyle id="565">
                    <color>ff008000</color>
                    <colorMode>normal</colorMode>
                    <width>3</width>
                </LineStyle>
            </Style>
            <Style id="568">
                <LineStyle id="569">
                    <color>ff008000</color>
                    <colorMode>normal</colorMode>
                    <width>3</width>
                </LineStyle>
            </Style>
            <Style id="572">
                <LineStyle id="573">
                    <color>ff008000</color>
                    <colorMode>normal</colorMode>
                    <width>3</width>
                </LineStyle>
            </Style>
            <Style id="576">
                <LineStyle id="577">
                    <color>ff008000</color>
                    <colorMode>normal</colorMode>
                    <width>3</width>
                </LineStyle>
            </Style>
            <Style id="580">
                <LineStyle id="581">
                    <color>ff008000</color>
                    <colorMode>normal</colorMode>
                    <width>3</width>
                </LineStyle>
            </Style>
            <Style id="584">
                <LineStyle id="585">
                    <color>ff008000</color>
                    <colorMode>normal</colorMode>
                    <width>3</width>
                </LineStyle>
            </Style>
            <Style id="588">
                <LineStyle id="589">
                    <color>ff008000</color>
                    <colorMode>normal</colorMode>
                    <width>3</width>
                </LineStyle>
            </Style>
            <Style id="592">
                <LineStyle id="593">
                    <color>ff008000</color>
                    <colorMode>normal</colorMode>
                    <width>3</width>
                </LineStyle>
            </Style>
            <Style id="596">
                <LineStyle id="597">
                    <color>ff008000</color>
                    <colorMode>normal</colorMode>
                    <width>3</width>
                </LineStyle>
            </Style>
            <Style id="600">
                <LineStyle id="601">
                    <color>ff008000</color>
                    <colorMode>normal</colorMode>
                    <width>3</width>
                </LineStyle>
            </Style>
            <Style id="604">
                <LineStyle id="605">
                    <color>ff008000</color>
                    <colorMode>normal</colorMode>
                    <width>3</width>
                </LineStyle>
            </Style>
            <Style id="608">
                <LineStyle id="609">
                    <color>ff008000</color>
                    <colorMode>normal</colorMode>
                    <width>3</width>
                </LineStyle>
            </Style>
            <Style id="612">
                <LineStyle id="613">
                    <color>ff008000</color>
                    <colorMode>normal</colorMode>
                    <width>3</width>
                </LineStyle>
            </Style>
            <name>2025-08-18 09:00</name>
            <Placemark id="379">
                <name>Rota 09:00</name>
                <styleUrl>#380</styleUrl>
                <LineString id="378">
                    <altitudeMode>clampToGround</altitudeMode>
                    <coordinates>9.9405,45.148645,0.0 9.9405,45.148645,0.0 9.9404833,45.14869,0.0 9.9404833,45.14869,0.0 9.94051,45.14867,0.0 9.94051,45.14867,0.0 9.9405,45.1486616,0.0 9.9405,45.1486616,0.0</coordinates>
                </LineString>
            </Placemark>
            <Placemark id="383">
                <name>Rota 09:01</name>
                <styleUrl>#384</styleUrl>
                <LineString id="382">
                    <altitudeMode>clampToGround</altitudeMode>
                    <coordinates>9.9405583,45.148735,0.0 9.94055,45.1487433,0.0 9.9405616,45.148805,0.0 9.9405616,45.148805,0.0 9.9405916,45.1487633,0.0 9.94059,45.1487583,0.0 9.9404816,45.1486516,0.0 9.9404733,45.14865,0.0</coordinates>
                </LineString>
            </Placemark>
            <Placemark id="387">
                <name>Rota 09:02</name>
                <styleUrl>#388</styleUrl>
                <LineString id="386">
                    <altitudeMode>clampToGround</altitudeMode>
                    <coordinates>9.94051,45.1486666,0.0 9.940505,45.1486666,0.0 9.9405166,45.1486533,0.0 9.9405166,45.1486533,0.0 9.94057,45.14873,0.0 9.94057,45.14873,0.0 9.9405416,45.1487083,0.0 9.9405416,45.1487083,0.0</coordinates>
                </LineString>
            </Placemark>
            <Placemark id="391">
                <name>Rota 09:03</name>
                <styleUrl>#392</styleUrl>
                <LineString id="390">
                    <altitudeMode>clampToGround</altitudeMode>
                    <coordinates>9.9405166,45.1487,0.0 9.9405166,45.1487,0.0 9.94054,45.1487233,0.0 9.9405483,45.148715,0.0 9.9405516,45.14873,0.0 9.94054,45.14873,0.0 9.9405,45.1488216,0.0 9.9404983,45.14883,0.0</coordinates>
                </LineString>
            </Placemark>
            <Placemark id="395">
                <name>Rota 09:05</name>
                <styleUrl>#396</styleUrl>
                <LineString id="394">
                    <altitudeMode>clampToGround</altitudeMode>
                    <coordinates>9.9403066,45.1483,0.0 9.9403066,45.1483,0.0 9.9404083,45.1487783,0.0 9.9404033,45.1487883,0.0</coordinates>
                </LineString>
            </Placemark>
            <Placemark id="399">
                <name>Rota 09:06</name>
                <styleUrl>#400</styleUrl>
                <LineString id="398">
                    <altitudeMode>clampToGround</altitudeMode>
                    <coordinates>9.9403716,45.148835,0.0 9.9403666,45.14884,0.0 9.9404266,45.1488733,0.0 9.9404266,45.1488733,0.0 9.94049,45.1487616,0.0 9.9404883,45.1487566,0.0 9.94043,45.1487733,0.0 9.9404316,45.14877,0.0</coordinates>
                </LineString>
            </Placemark>
            <Placemark id="403">
                <name>Rota 09:07</name>
                <styleUrl>#404</styleUrl>
                <LineString id="402">
                    <altitudeMode>clampToGround</altitudeMode>
                    <coordinates>9.940445,45.1487566,0.0 9.940445,45.1487566,0.0 9.9404233,45.1486383,0.0 9.9404233,45.1486383,0.0 9.9404366,45.1486883,0.0 9.9404333,45.1486833,0.0 9.9404316,45.1486016,0.0 9.94043,45.1485966,0.0</coordinates>
                </LineString>
            </Placemark>
            <Placemark id="407">
                <name>Rota 09:08</name>
                <styleUrl>#408</styleUrl>
                <LineString id="406">
                    <altitudeMode>clampToGround</altitudeMode>
                    <coordinates>9.94041,45.1486316,0.0 9.9404116,45.14863,0.0 9.9405583,45.14854,0.0 9.9405183,45.1485316,0.0 9.9404583,45.1487516,0.0 9.9404733,45.1487816,0.0 9.9405133,45.14887,0.0 9.9404983,45.1488016,0.0</coordinates>
                </LineString>
            </Placemark>
            <Placemark id="411">
                <name>Rota 09:09</name>
                <styleUrl>#412</styleUrl>
                <LineString id="410">
                    <altitudeMode>clampToGround</altitudeMode>
                    <coordinates>9.9404383,45.1486066,0.0 9.9404383,45.1486066,0.0 9.9404233,45.1485066,0.0 9.9404266,45.148495,0.0 9.940435,45.1485116,0.0 9.940435,45.1485116,0.0 9.940475,45.1487116,0.0 9.9404783,45.1487166,0.0</coordinates>
                </LineString>
            </Placemark>
            <Placemark id="415">
                <name>Rota 09:10</name>
                <styleUrl>#416</styleUrl>
                <LineString id="414">
                    <altitudeMode>clampToGround</altitudeMode>
                    <coordinates>9.940475,45.1487316,0.0 9.940475,45.1487316,0.0 9.940475,45.1487316,0.0 9.940475,45.1487316,0.0 9.94047,45.148705,0.0 9.9404716,45.1487083,0.0 9.9404416,45.14871,0.0 9.9404416,45.14871,0.0</coordinates>
                </LineString>
            </Placemark>
            <Placemark id="419">
                <name>Rota 09:11</name>
                <styleUrl>#420</styleUrl>
                <LineString id="418">
                    <altitudeMode>clampToGround</altitudeMode>
                    <coordinates>9.9404683,45.1486866,0.0 9.9404733,45.1487,0.0 9.94047,45.1486883,0.0 9.94047,45.1486883,0.0 9.94046,45.14854,0.0 9.94046,45.14854,0.0 9.9404366,45.1485283,0.0 9.9404366,45.1485283,0.0</coordinates>
                </LineString>
            </Placemark>
            <Placemark id="423">
                <name>Rota 09:12</name>
                <styleUrl>#424</styleUrl>
                <LineString id="422">
                    <altitudeMode>clampToGround</altitudeMode>
                    <coordinates>9.9404366,45.1485283,0.0 9.9404366,45.1485283,0.0 9.9404433,45.1485733,0.0 9.9404466,45.148555,0.0 9.9404466,45.1484933,0.0 9.9404366,45.1484766,0.0 9.9404283,45.1484316,0.0 9.9404266,45.1484333,0.0</coordinates>
                </LineString>
            </Placemark>
            <Placemark id="427">
                <name>Rota 09:13</name>
                <styleUrl>#428</styleUrl>
                <LineString id="426">
                    <altitudeMode>clampToGround</altitudeMode>
                    <coordinates>9.9404433,45.1484683,0.0 9.9404433,45.1484683,0.0 9.9404733,45.1485116,0.0 9.9404716,45.14851,0.0 9.9404483,45.1485133,0.0 9.9404666,45.1486033,0.0 9.9404733,45.1486533,0.0 9.9404833,45.148685,0.0</coordinates>
                </LineString>
            </Placemark>
            <Placemark id="431">
                <name>Rota 09:14</name>
                <styleUrl>#432</styleUrl>
                <LineString id="430">
                    <altitudeMode>clampToGround</altitudeMode>
                    <coordinates>9.9404666,45.1485583,0.0 9.9404666,45.1485583,0.0 9.9404716,45.1485366,0.0 9.9404716,45.1485366,0.0 9.9405033,45.1486433,0.0 9.9405116,45.1486516,0.0 9.94057,45.148555,0.0 9.9405683,45.148545,0.0</coordinates>
                </LineString>
            </Placemark>
            <Placemark id="435">
                <name>Rota 09:15</name>
                <styleUrl>#436</styleUrl>
                <LineString id="434">
                    <altitudeMode>clampToGround</altitudeMode>
                    <coordinates>9.9405516,45.14859,0.0 9.9405466,45.1485916,0.0</coordinates>
                </LineString>
            </Placemark>
            <Placemark id="439">
                <name>Rota 09:16</name>
                <styleUrl>#440</styleUrl>
                <LineString id="438">
                    <altitudeMode>clampToGround</altitudeMode>
                    <coordinates>9.9406833,45.1487583,0.0 9.940675,45.148735,0.0 9.9406,45.1485966,0.0 9.94059,45.1485933,0.0 9.9407683,45.1483966,0.0 9.940775,45.1483816,0.0 9.9410983,45.1483233,0.0 9.941155,45.1483383,0.0</coordinates>
                </LineString>
            </Placemark>
            <Placemark id="443">
                <name>Rota 09:17</name>
                <styleUrl>#444</styleUrl>
                <LineString id="442">
                    <altitudeMode>clampToGround</altitudeMode>
                    <coordinates>9.941055,45.1473,0.0 9.9414216,45.14797,0.0 9.9410416,45.147285,0.0 9.9410683,45.1472066,0.0 9.941075,45.1472,0.0 9.941315,45.1471,0.0 9.941315,45.14709,0.0 9.941255,45.1470683,0.0 9.9412516,45.147055,0.0</coordinates>
                </LineString>
            </Placemark>
            <Placemark id="447">
                <name>Rota 09:18</name>
                <styleUrl>#448</styleUrl>
                <LineString id="446">
                    <altitudeMode>clampToGround</altitudeMode>
                    <coordinates>9.9414216,45.1471733,0.0 9.94142,45.14716,0.0 9.9414083,45.14705,0.0 9.94139,45.1470966,0.0 9.94107,45.1469816,0.0 9.9410233,45.1469666,0.0 9.94109,45.1467566,0.0</coordinates>
                </LineString>
            </Placemark>
            <Placemark id="451">
                <name>Rota 09:19</name>
                <styleUrl>#452</styleUrl>
                <LineString id="450">
                    <altitudeMode>clampToGround</altitudeMode>
                    <coordinates>9.9410583,45.1467416,0.0 9.9410583,45.1467416,0.0 9.9410916,45.1467033,0.0 9.9410866,45.1466966,0.0 9.9410866,45.14668,0.0 9.9410866,45.14668,0.0 9.9411266,45.1466233,0.0 9.9411266,45.1466233,0.0</coordinates>
                </LineString>
            </Placemark>
            <Placemark id="455">
                <name>Rota 09:20</name>
                <styleUrl>#456</styleUrl>
                <LineString id="454">
                    <altitudeMode>clampToGround</altitudeMode>
                    <coordinates>9.9411583,45.1465916,0.0 9.9411583,45.1465916,0.0 9.9411616,45.1465933,0.0 9.9411616,45.1465933,0.0 9.9411616,45.146645,0.0 9.9411616,45.146645,0.0 9.9410866,45.1466633,0.0 9.9410866,45.1466633,0.0</coordinates>
                </LineString>
            </Placemark>
            <Placemark id="459">
                <name>Rota 09:21</name>
                <styleUrl>#460</styleUrl>
                <LineString id="458">
                    <altitudeMode>clampToGround</altitudeMode>
                    <coordinates>9.94103,45.1466866,0.0 9.9410266,45.1466883,0.0 9.94101,45.1467283,0.0 9.9410133,45.146725,0.0 9.9410116,45.14672,0.0 9.9410116,45.14672,0.0 9.941025,45.1467283,0.0 9.9410333,45.1467283,0.0</coordinates>
                </LineString>
            </Placemark>
            <Placemark id="463">
                <name>Rota 09:22</name>
                <styleUrl>#464</styleUrl>
                <LineString id="462">
                    <altitudeMode>clampToGround</altitudeMode>
                    <coordinates>9.9411216,45.1467066,0.0 9.94112,45.146705,0.0 9.9411316,45.1467,0.0 9.9411316,45.1467,0.0 9.9410666,45.146695,0.0 9.9410666,45.146695,0.0 9.9410966,45.1466633,0.0 9.9410966,45.1466633,0.0</coordinates>
                </LineString>
            </Placemark>
            <Placemark id="467">
                <name>Rota 09:23</name>
                <styleUrl>#468</styleUrl>
                <LineString id="466">
                    <altitudeMode>clampToGround</altitudeMode>
                    <coordinates>9.9411166,45.14665,0.0 9.9411116,45.1466533,0.0 9.9410733,45.14668,0.0 9.9410783,45.1466766,0.0 9.9410566,45.1466816,0.0 9.9410566,45.1466816,0.0 9.941075,45.1466916,0.0 9.9410733,45.146695,0.0</coordinates>
                </LineString>
            </Placemark>
            <Placemark id="471">
                <name>Rota 09:24</name>
                <styleUrl>#472</styleUrl>
                <LineString id="470">
                    <altitudeMode>clampToGround</altitudeMode>
                    <coordinates>9.941125,45.1467016,0.0 9.9411183,45.1467016,0.0 9.9410733,45.146685,0.0 9.9410733,45.1466833,0.0 9.9410866,45.1466683,0.0 9.941085,45.14667,0.0 9.9410866,45.1466666,0.0 9.941095,45.1466616,0.0</coordinates>
                </LineString>
            </Placemark>
            <Placemark id="475">
                <name>Rota 09:25</name>
                <styleUrl>#476</styleUrl>
                <LineString id="474">
                    <altitudeMode>clampToGround</altitudeMode>
                    <coordinates>9.9411266,45.1466883,0.0 9.9411233,45.146685,0.0 9.9410833,45.1467133,0.0 9.94108,45.1467133,0.0 9.9410433,45.1466733,0.0 9.9410366,45.1466716,0.0 9.9410483,45.1466783,0.0 9.941045,45.1466783,0.0</coordinates>
                </LineString>
            </Placemark>
            <Placemark id="479">
                <name>Rota 09:26</name>
                <styleUrl>#480</styleUrl>
                <LineString id="478">
                    <altitudeMode>clampToGround</altitudeMode>
                    <coordinates>9.9410316,45.1466683,0.0 9.9410333,45.1466583,0.0 9.9410416,45.1466266,0.0 9.9410416,45.146625,0.0 9.9410266,45.1466166,0.0 9.94103,45.1466183,0.0 9.941025,45.1465716,0.0 9.9410283,45.1465633,0.0</coordinates>
                </LineString>
            </Placemark>
            <Placemark id="483">
                <name>Rota 09:27</name>
                <styleUrl>#484</styleUrl>
                <LineString id="482">
                    <altitudeMode>clampToGround</altitudeMode>
                    <coordinates>9.9409683,45.146565,0.0 9.9409716,45.1465566,0.0 9.9410433,45.146725,0.0 9.9410433,45.14674,0.0 9.941035,45.1467016,0.0 9.9410366,45.1466916,0.0 9.9411083,45.1465633,0.0 9.9411,45.1465616,0.0</coordinates>
                </LineString>
            </Placemark>
            <Placemark id="487">
                <name>Rota 09:28</name>
                <styleUrl>#488</styleUrl>
                <LineString id="486">
                    <altitudeMode>clampToGround</altitudeMode>
                    <coordinates>9.94107,45.1465466,0.0 9.9410666,45.14654,0.0 9.9410483,45.14649,0.0 9.9410516,45.1464933,0.0 9.9410583,45.1465466,0.0 9.9410666,45.1465533,0.0 9.9412233,45.146685,0.0 9.9412233,45.146685,0.0</coordinates>
                </LineString>
            </Placemark>
            <Placemark id="491">
                <name>Rota 09:29</name>
                <styleUrl>#492</styleUrl>
                <LineString id="490">
                    <altitudeMode>clampToGround</altitudeMode>
                    <coordinates>9.94125,45.1466083,0.0 9.9412233,45.1465866,0.0 9.9412066,45.1466016,0.0 9.9412216,45.146605,0.0 9.9410866,45.1465383,0.0 9.9410683,45.1465216,0.0 9.9409983,45.1463783,0.0 9.941,45.1463783,0.0</coordinates>
                </LineString>
            </Placemark>
            <Placemark id="495">
                <name>Rota 09:30</name>
                <styleUrl>#496</styleUrl>
                <LineString id="494">
                    <altitudeMode>clampToGround</altitudeMode>
                    <coordinates>9.9411816,45.1464183,0.0 9.9411966,45.14643,0.0 9.9411733,45.1464566,0.0 9.9411616,45.1464516,0.0 9.941045,45.14646,0.0 9.94104,45.1464616,0.0 9.9409583,45.1465183,0.0 9.9409583,45.1465183,0.0</coordinates>
                </LineString>
            </Placemark>
            <Placemark id="499">
                <name>Rota 09:31</name>
                <styleUrl>#500</styleUrl>
                <LineString id="498">
                    <altitudeMode>clampToGround</altitudeMode>
                    <coordinates>9.940995,45.1465283,0.0 9.9409916,45.146525,0.0 9.94095,45.1464883,0.0 9.940955,45.1464933,0.0 9.9409516,45.1465216,0.0 9.9409383,45.146515,0.0 9.9408266,45.1464616,0.0 9.94083,45.14646,0.0</coordinates>
                </LineString>
            </Placemark>
            <Placemark id="503">
                <name>Rota 09:32</name>
                <styleUrl>#504</styleUrl>
                <LineString id="502">
                    <altitudeMode>clampToGround</altitudeMode>
                    <coordinates>9.9409333,45.14655,0.0 9.9409533,45.1465633,0.0 9.941085,45.1466366,0.0 9.94109,45.1466416,0.0 9.9411066,45.146685,0.0 9.9411066,45.146685,0.0 9.9411583,45.1467383,0.0 9.9411683,45.1467416,0.0</coordinates>
                </LineString>
            </Placemark>
            <Placemark id="507">
                <name>Rota 09:33</name>
                <styleUrl>#508</styleUrl>
                <LineString id="506">
                    <altitudeMode>clampToGround</altitudeMode>
                    <coordinates>9.9411283,45.146715,0.0 9.9411383,45.1467166,0.0 9.9412766,45.146805,0.0 9.9412666,45.1468116,0.0 9.9411883,45.14679,0.0 9.94119,45.1467883,0.0 9.94127,45.146775,0.0 9.94128,45.1467816,0.0</coordinates>
                </LineString>
            </Placemark>
            <Placemark id="511">
                <name>Rota 09:34</name>
                <styleUrl>#512</styleUrl>
                <LineString id="510">
                    <altitudeMode>clampToGround</altitudeMode>
                    <coordinates>9.9412816,45.1467666,0.0 9.9412716,45.1467633,0.0 9.94125,45.1467833,0.0 9.941255,45.1467833,0.0 9.941295,45.1468033,0.0 9.9413016,45.14679,0.0 9.9414116,45.146875,0.0 9.9414033,45.1468783,0.0</coordinates>
                </LineString>
            </Placemark>
            <Placemark id="515">
                <name>Rota 09:35</name>
                <styleUrl>#516</styleUrl>
                <LineString id="514">
                    <altitudeMode>clampToGround</altitudeMode>
                    <coordinates>9.9413816,45.1468,0.0 9.9413733,45.1467983,0.0 9.9411766,45.146685,0.0 9.9411733,45.1466833,0.0 9.9412883,45.146785,0.0 9.9412866,45.1467866,0.0 9.941385,45.1468166,0.0 9.9413883,45.146815,0.0</coordinates>
                </LineString>
            </Placemark>
            <Placemark id="519">
                <name>Rota 09:36</name>
                <styleUrl>#520</styleUrl>
                <LineString id="518">
                    <altitudeMode>clampToGround</altitudeMode>
                    <coordinates>9.941415,45.1468316,0.0 9.9414183,45.14684,0.0 9.9413433,45.1468433,0.0 9.9413433,45.1468433,0.0 9.9411383,45.14672,0.0 9.9411416,45.14671,0.0 9.94122,45.14663,0.0 9.941225,45.1466283,0.0</coordinates>
                </LineString>
            </Placemark>
            <Placemark id="523">
                <name>Rota 09:37</name>
                <styleUrl>#524</styleUrl>
                <LineString id="522">
                    <altitudeMode>clampToGround</altitudeMode>
                    <coordinates>9.9411733,45.1466266,0.0 9.9411766,45.1466266,0.0 9.9411466,45.1466583,0.0 9.94115,45.1466616,0.0 9.941175,45.1467683,0.0 9.9411766,45.1467783,0.0 9.9412016,45.1468133,0.0 9.9412016,45.1468133,0.0</coordinates>
                </LineString>
            </Placemark>
            <Placemark id="527">
                <name>Rota 09:38</name>
                <styleUrl>#528</styleUrl>
                <LineString id="526">
                    <altitudeMode>clampToGround</altitudeMode>
                    <coordinates>9.94116,45.14677,0.0 9.94116,45.14677,0.0 9.941185,45.1467883,0.0 9.9411866,45.1467883,0.0 9.941155,45.1467583,0.0 9.941155,45.1467583,0.0 9.9411466,45.1467483,0.0 9.9411433,45.14675,0.0</coordinates>
                </LineString>
            </Placemark>
            <Placemark id="531">
                <name>Rota 09:39</name>
                <styleUrl>#532</styleUrl>
                <LineString id="530">
                    <altitudeMode>clampToGround</altitudeMode>
                    <coordinates>9.9412933,45.1468766,0.0 9.94129,45.146875,0.0 9.9412083,45.1468083,0.0 9.941195,45.1467966,0.0 9.941045,45.1467216,0.0 9.941025,45.1467116,0.0 9.9410566,45.146675,0.0 9.9410616,45.1466716,0.0</coordinates>
                </LineString>
            </Placemark>
            <Placemark id="535">
                <name>Rota 09:40</name>
                <styleUrl>#536</styleUrl>
                <LineString id="534">
                    <altitudeMode>clampToGround</altitudeMode>
                    <coordinates>9.94103,45.146685,0.0 9.94103,45.146685,0.0 9.9409833,45.1467316,0.0 9.9409816,45.1467366,0.0 9.9410066,45.14672,0.0 9.9410083,45.1467116,0.0 9.9409866,45.1466883,0.0 9.9409783,45.1466933,0.0</coordinates>
                </LineString>
            </Placemark>
            <Placemark id="539">
                <name>Rota 09:41</name>
                <styleUrl>#540</styleUrl>
                <LineString id="538">
                    <altitudeMode>clampToGround</altitudeMode>
                    <coordinates>9.9409966,45.14669,0.0 9.9409966,45.1466866,0.0 9.9410433,45.1466416,0.0 9.9410483,45.1466416,0.0 9.94099,45.1466833,0.0 9.941,45.1466816,0.0 9.9410483,45.14665,0.0 9.94105,45.146645,0.0</coordinates>
                </LineString>
            </Placemark>
            <Placemark id="543">
                <name>Rota 09:42</name>
                <styleUrl>#544</styleUrl>
                <LineString id="542">
                    <altitudeMode>clampToGround</altitudeMode>
                    <coordinates>9.941095,45.1465916,0.0 9.941095,45.14659,0.0 9.9411216,45.14659,0.0 9.9411166,45.1465916,0.0 9.9414366,45.1463333,0.0 9.94147,45.1462983,0.0 9.9414316,45.1463316,0.0 9.9414316,45.1463316,0.0</coordinates>
                </LineString>
            </Placemark>
            <Placemark id="547">
                <name>Rota 09:43</name>
                <styleUrl>#548</styleUrl>
                <LineString id="546">
                    <altitudeMode>clampToGround</altitudeMode>
                    <coordinates>9.9414116,45.1463533,0.0 9.9414116,45.1463533,0.0 9.9413,45.1464166,0.0 9.9413,45.1464166,0.0 9.941335,45.1464033,0.0 9.9413283,45.1464066,0.0 9.9412583,45.1464766,0.0 9.9412583,45.1464766,0.0</coordinates>
                </LineString>
            </Placemark>
            <Placemark id="551">
                <name>Rota 09:44</name>
                <styleUrl>#552</styleUrl>
                <LineString id="550">
                    <altitudeMode>clampToGround</altitudeMode>
                    <coordinates>9.94119,45.1465316,0.0 9.941175,45.1465383,0.0 9.9415433,45.1463383,0.0 9.9415616,45.14632,0.0 9.9415866,45.1465316,0.0 9.9415783,45.14654,0.0 9.941325,45.1466133,0.0 9.9413183,45.1466183,0.0</coordinates>
                </LineString>
            </Placemark>
            <Placemark id="555">
                <name>Rota 09:45</name>
                <styleUrl>#556</styleUrl>
                <LineString id="554">
                    <altitudeMode>clampToGround</altitudeMode>
                    <coordinates>9.941295,45.1466483,0.0 9.941295,45.1466466,0.0 9.9412616,45.1466216,0.0 9.9412616,45.1466216,0.0 9.9413266,45.1466483,0.0 9.9413316,45.14665,0.0 9.94157,45.1466083,0.0 9.9415883,45.146605,0.0</coordinates>
                </LineString>
            </Placemark>
            <Placemark id="559">
                <name>Rota 09:46</name>
                <styleUrl>#560</styleUrl>
                <LineString id="558">
                    <altitudeMode>clampToGround</altitudeMode>
                    <coordinates>9.941565,45.1469916,0.0 9.9415616,45.1470066,0.0 9.941545,45.1470533,0.0 9.941525,45.14704,0.0 9.9414333,45.147025,0.0 9.941455,45.147045,0.0 9.9415466,45.1471116,0.0 9.9415383,45.147105,0.0</coordinates>
                </LineString>
            </Placemark>
            <Placemark id="563">
                <name>Rota 09:47</name>
                <styleUrl>#564</styleUrl>
                <LineString id="562">
                    <altitudeMode>clampToGround</altitudeMode>
                    <coordinates>9.941435,45.14713,0.0 9.941425,45.1471283,0.0 9.9411733,45.1469633,0.0 9.94116,45.14695,0.0 9.9411516,45.1467083,0.0 9.9411483,45.1467083,0.0 9.94105,45.1467483,0.0 9.9410333,45.1467516,0.0</coordinates>
                </LineString>
            </Placemark>
            <Placemark id="567">
                <name>Rota 09:48</name>
                <styleUrl>#568</styleUrl>
                <LineString id="566">
                    <altitudeMode>clampToGround</altitudeMode>
                    <coordinates>9.9410183,45.146765,0.0 9.9410083,45.14676,0.0 9.9409883,45.1467083,0.0 9.9409883,45.1467066,0.0 9.940785,45.1466533,0.0 9.9407883,45.1466516,0.0 9.9408183,45.1465416,0.0 9.9408183,45.1465416,0.0</coordinates>
                </LineString>
            </Placemark>
            <Placemark id="571">
                <name>Rota 09:49</name>
                <styleUrl>#572</styleUrl>
                <LineString id="570">
                    <altitudeMode>clampToGround</altitudeMode>
                    <coordinates>9.9408583,45.1466416,0.0 9.9408783,45.146645,0.0 9.9409266,45.1466483,0.0 9.9409266,45.1466483,0.0 9.9409083,45.1466416,0.0 9.940915,45.146645,0.0 9.9411233,45.146605,0.0 9.94114,45.1466016,0.0</coordinates>
                </LineString>
            </Placemark>
            <Placemark id="575">
                <name>Rota 09:50</name>
                <styleUrl>#576</styleUrl>
                <LineString id="574">
                    <altitudeMode>clampToGround</altitudeMode>
                    <coordinates>9.94127,45.1465983,0.0 9.94127,45.1465983,0.0 9.9413266,45.1465166,0.0 9.9413316,45.1465066,0.0 9.9412316,45.146575,0.0 9.9412133,45.14658,0.0 9.9411783,45.1465916,0.0 9.9411783,45.1465916,0.0</coordinates>
                </LineString>
            </Placemark>
            <Placemark id="579">
                <name>Rota 09:51</name>
                <styleUrl>#580</styleUrl>
                <LineString id="578">
                    <altitudeMode>clampToGround</altitudeMode>
                    <coordinates>9.9411883,45.146625,0.0 9.9411883,45.146625,0.0 9.94129,45.14667,0.0 9.9412916,45.14667,0.0 9.941335,45.14668,0.0 9.9413516,45.14667,0.0 9.9414583,45.14657,0.0 9.941475,45.1465716,0.0</coordinates>
                </LineString>
            </Placemark>
            <Placemark id="583">
                <name>Rota 09:52</name>
                <styleUrl>#584</styleUrl>
                <LineString id="582">
                    <altitudeMode>clampToGround</altitudeMode>
                    <coordinates>9.941455,45.1465833,0.0 9.9414516,45.146585,0.0 9.9413416,45.1465966,0.0 9.9413166,45.1465966,0.0 9.9410383,45.14663,0.0 9.941035,45.1466366,0.0 9.94073,45.146515,0.0 9.9407066,45.1464933,0.0</coordinates>
                </LineString>
            </Placemark>
            <Placemark id="587">
                <name>Rota 09:53</name>
                <styleUrl>#588</styleUrl>
                <LineString id="586">
                    <altitudeMode>clampToGround</altitudeMode>
                    <coordinates>9.9410216,45.1464766,0.0 9.9410416,45.1464766,0.0 9.9413683,45.1466033,0.0 9.941395,45.14661,0.0 9.941365,45.1466,0.0 9.941365,45.1466,0.0 9.9412616,45.1466216,0.0 9.9412533,45.146625,0.0</coordinates>
                </LineString>
            </Placemark>
            <Placemark id="591">
                <name>Rota 09:54</name>
                <styleUrl>#592</styleUrl>
                <LineString id="590">
                    <altitudeMode>clampToGround</altitudeMode>
                    <coordinates>9.9412716,45.1466683,0.0 9.9412716,45.1466683,0.0 9.94125,45.1467333,0.0 9.9412466,45.1467383,0.0 9.9410983,45.1467683,0.0 9.9411016,45.146765,0.0 9.941115,45.1467383,0.0 9.9411066,45.14673,0.0</coordinates>
                </LineString>
            </Placemark>
            <Placemark id="595">
                <name>Rota 09:55</name>
                <styleUrl>#596</styleUrl>
                <LineString id="594">
                    <altitudeMode>clampToGround</altitudeMode>
                    <coordinates>9.9411416,45.1467183,0.0 9.9411666,45.1467133,0.0 9.9412616,45.146725,0.0 9.941255,45.1467383,0.0 9.9412183,45.1468216,0.0 9.9412183,45.1468216,0.0 9.9412016,45.1467833,0.0 9.9411966,45.1467683,0.0</coordinates>
                </LineString>
            </Placemark>
            <Placemark id="599">
                <name>Rota 09:56</name>
                <styleUrl>#600</styleUrl>
                <LineString id="598">
                    <altitudeMode>clampToGround</altitudeMode>
                    <coordinates>9.9412566,45.1467966,0.0 9.941255,45.14679,0.0 9.9413066,45.1467183,0.0 9.9413,45.1467166,0.0 9.9412733,45.1467633,0.0 9.9412583,45.14678,0.0 9.9412883,45.1468483,0.0 9.9412833,45.1468466,0.0</coordinates>
                </LineString>
            </Placemark>
            <Placemark id="603">
                <name>Rota 09:57</name>
                <styleUrl>#604</styleUrl>
                <LineString id="602">
                    <altitudeMode>clampToGround</altitudeMode>
                    <coordinates>9.940905,45.1467483,0.0 9.940885,45.1467466,0.0 9.940935,45.146785,0.0 9.9409533,45.146795,0.0 9.9411633,45.1468166,0.0 9.94115,45.1468016,0.0 9.9411016,45.1467066,0.0 9.9411016,45.1467083,0.0</coordinates>
                </LineString>
            </Placemark>
            <Placemark id="607">
                <name>Rota 09:58</name>
                <styleUrl>#608</styleUrl>
                <LineString id="606">
                    <altitudeMode>clampToGround</altitudeMode>
                    <coordinates>9.94104,45.1467,0.0 9.941045,45.1467,0.0 9.941065,45.146685,0.0 9.9410516,45.1466933,0.0 9.9409966,45.1467216,0.0 9.9410083,45.1467266,0.0 9.9412033,45.146765,0.0 9.9411983,45.146765,0.0</coordinates>
                </LineString>
            </Placemark>
            <Placemark id="611">
                <name>Rota 09:59</name>
                <styleUrl>#612</styleUrl>
                <LineString id="610">
                    <altitudeMode>clampToGround</altitudeMode>
                    <coordinates>9.9411083,45.1466483,0.0 9.941105,45.1466433,0.0 9.94108,45.1466483,0.0 9.9411,45.1466516,0.0 9.9410583,45.1466833,0.0 9.941055,45.1466833,0.0 9.9410333,45.146665,0.0 9.9410283,45.14666,0.0</coordinates>
                </LineString>
            </Placemark>
        </Folder>
        <Folder id="614">
            <Style id="617">
                <LineStyle id="618">
                    <color>ff008000</color>
                    <colorMode>normal</colorMode>
                    <width>3</width>
                </LineStyle>
            </Style>
            <Style id="621">
                <LineStyle id="622">
                    <color>ff008000</color>
                    <colorMode>normal</colorMode>
                    <width>3</width>
                </LineStyle>
            </Style>
            <Style id="625">
                <LineStyle id="626">
                    <color>ff008000</color>
                    <colorMode>normal</colorMode>
                    <width>3</width>
                </LineStyle>
            </Style>
            <Style id="629">
                <LineStyle id="630">
                    <color>ff008000</color>
                    <colorMode>normal</colorMode>
                    <width>3</width>
                </LineStyle>
            </Style>
            <Style id="633">
                <LineStyle id="634">
                    <color>ff008000</color>
                    <colorMode>normal</colorMode>
                    <width>3</width>
                </LineStyle>
            </Style>
            <Style id="637">
                <LineStyle id="638">
                    <color>ff008000</color>
                    <colorMode>normal</colorMode>
                    <width>3</width>
                </LineStyle>
            </Style>
            <Style id="641">
                <LineStyle id="642">
                    <color>ff008000</color>
                    <colorMode>normal</colorMode>
                    <width>3</width>
                </LineStyle>
            </Style>
            <Style id="645">
                <LineStyle id="646">
                    <color>ff008000</color>
                    <colorMode>normal</colorMode>
                    <width>3</width>
                </LineStyle>
            </Style>
            <Style id="649">
                <LineStyle id="650">
                    <color>ff008000</color>
                    <colorMode>normal</colorMode>
                    <width>3</width>
                </LineStyle>
            </Style>
            <Style id="653">
                <LineStyle id="654">
                    <color>ff008000</color>
                    <colorMode>normal</colorMode>
                    <width>3</width>
                </LineStyle>
            </Style>
            <Style id="657">
                <LineStyle id="658">
                    <color>ff008000</color>
                    <colorMode>normal</colorMode>
                    <width>3</width>
                </LineStyle>
            </Style>
            <Style id="661">
                <LineStyle id="662">
                    <color>ff008000</color>
                    <colorMode>normal</colorMode>
                    <width>3</width>
                </LineStyle>
            </Style>
            <Style id="665">
                <LineStyle id="666">
                    <color>ff008000</color>
                    <colorMode>normal</colorMode>
                    <width>3</width>
                </LineStyle>
            </Style>
            <Style id="669">
                <LineStyle id="670">
                    <color>ff008000</color>
                    <colorMode>normal</colorMode>
                    <width>3</width>
                </LineStyle>
            </Style>
            <Style id="673">
                <LineStyle id="674">
                    <color>ff008000</color>
                    <colorMode>normal</colorMode>
                    <width>3</width>
                </LineStyle>
            </Style>
            <Style id="677">
                <LineStyle id="678">
                    <color>ff008000</color>
                    <colorMode>normal</colorMode>
                    <width>3</width>
                </LineStyle>
            </Style>
            <Style id="681">
                <LineStyle id="682">
                    <color>ff008000</color>
                    <colorMode>normal</colorMode>
                    <width>3</width>
                </LineStyle>
            </Style>
            <Style id="685">
                <LineStyle id="686">
                    <color>ff008000</color>
                    <colorMode>normal</colorMode>
                    <width>3</width>
                </LineStyle>
            </Style>
            <Style id="689">
                <LineStyle id="690">
                    <color>ff008000</color>
                    <colorMode>normal</colorMode>
                    <width>3</width>
                </LineStyle>
            </Style>
            <Style id="693">
                <LineStyle id="694">
                    <color>ff008000</color>
                    <colorMode>normal</colorMode>
                    <width>3</width>
                </LineStyle>
            </Style>
            <Style id="697">
                <LineStyle id="698">
                    <color>ff008000</color>
                    <colorMode>normal</colorMode>
                    <width>3</width>
                </LineStyle>
            </Style>
            <Style id="701">
                <LineStyle id="702">
                    <color>ff008000</color>
                    <colorMode>normal</colorMode>
                    <width>3</width>
                </LineStyle>
            </Style>
            <Style id="705">
                <LineStyle id="706">
                    <color>ff008000</color>
                    <colorMode>normal</colorMode>
                    <width>3</width>
                </LineStyle>
            </Style>
            <Style id="709">
                <LineStyle id="710">
                    <color>ff008000</color>
                    <colorMode>normal</colorMode>
                    <width>3</width>
                </LineStyle>
            </Style>
            <Style id="713">
                <LineStyle id="714">
                    <color>ff008000</color>
                    <colorMode>normal</colorMode>
                    <width>3</width>
                </LineStyle>
            </Style>
            <Style id="717">
                <LineStyle id="718">
                    <color>ff008000</color>
                    <colorMode>normal</colorMode>
                    <width>3</width>
                </LineStyle>
            </Style>
            <Style id="721">
                <LineStyle id="722">
                    <color>ff008000</color>
                    <colorMode>normal</colorMode>
                    <width>3</width>
                </LineStyle>
            </Style>
            <Style id="725">
                <LineStyle id="726">
                    <color>ff008000</color>
                    <colorMode>normal</colorMode>
                    <width>3</width>
                </LineStyle>
            </Style>
            <Style id="729">
                <LineStyle id="730">
                    <color>ff008000</color>
                    <colorMode>normal</colorMode>
                    <width>3</width>
                </LineStyle>
            </Style>
            <Style id="733">
                <LineStyle id="734">
                    <color>ff008000</color>
                    <colorMode>normal</colorMode>
                    <width>3</width>
                </LineStyle>
            </Style>
            <Style id="737">
                <LineStyle id="738">
                    <color>ff008000</color>
                    <colorMode>normal</colorMode>
                    <width>3</width>
                </LineStyle>
            </Style>
            <Style id="741">
                <LineStyle id="742">
                    <color>ff008000</color>
                    <colorMode>normal</colorMode>
                    <width>3</width>
                </LineStyle>
            </Style>
            <Style id="745">
                <LineStyle id="746">
                    <color>ff008000</color>
                    <colorMode>normal</colorMode>
                    <width>3</width>
                </LineStyle>
            </Style>
            <Style id="749">
                <LineStyle id="750">
                    <color>ff008000</color>
                    <colorMode>normal</colorMode>
                    <width>3</width>
                </LineStyle>
            </Style>
            <Style id="753">
                <LineStyle id="754">
                    <color>ff008000</color>
                    <colorMode>normal</colorMode>
                    <width>3</width>
                </LineStyle>
            </Style>
            <Style id="757">
                <LineStyle id="758">
                    <color>ff008000</color>
                    <colorMode>normal</colorMode>
                    <width>3</width>
                </LineStyle>
            </Style>
            <Style id="761">
                <LineStyle id="762">
                    <color>ff008000</color>
                    <colorMode>normal</colorMode>
                    <width>3</width>
                </LineStyle>
            </Style>
            <Style id="765">
                <LineStyle id="766">
                    <color>ff008000</color>
                    <colorMode>normal</colorMode>
                    <width>3</width>
                </LineStyle>
            </Style>
            <Style id="769">
                <LineStyle id="770">
                    <color>ff008000</color>
                    <colorMode>normal</colorMode>
                    <width>3</width>
                </LineStyle>
            </Style>
            <Style id="773">
                <LineStyle id="774">
                    <color>ff008000</color>
                    <colorMode>normal</colorMode>
                    <width>3</width>
                </LineStyle>
            </Style>
            <Style id="777">
                <LineStyle id="778">
                    <color>ff008000</color>
                    <colorMode>normal</colorMode>
                    <width>3</width>
                </LineStyle>
            </Style>
            <Style id="781">
                <LineStyle id="782">
                    <color>ff008000</color>
                    <colorMode>normal</colorMode>
                    <width>3</width>
                </LineStyle>
            </Style>
            <Style id="785">
                <LineStyle id="786">
                    <color>ff008000</color>
                    <colorMode>normal</colorMode>
                    <width>3</width>
                </LineStyle>
            </Style>
            <Style id="789">
                <LineStyle id="790">
                    <color>ff008000</color>
                    <colorMode>normal</colorMode>
                    <width>3</width>
                </LineStyle>
            </Style>
            <Style id="793">
                <LineStyle id="794">
                    <color>ff008000</color>
                    <colorMode>normal</colorMode>
                    <width>3</width>
                </LineStyle>
            </Style>
            <Style id="797">
                <LineStyle id="798">
                    <color>ff008000</color>
                    <colorMode>normal</colorMode>
                    <width>3</width>
                </LineStyle>
            </Style>
            <Style id="801">
                <LineStyle id="802">
                    <color>ff008000</color>
                    <colorMode>normal</colorMode>
                    <width>3</width>
                </LineStyle>
            </Style>
            <Style id="805">
                <LineStyle id="806">
                    <color>ff008000</color>
                    <colorMode>normal</colorMode>
                    <width>3</width>
                </LineStyle>
            </Style>
            <Style id="809">
                <LineStyle id="810">
                    <color>ff008000</color>
                    <colorMode>normal</colorMode>
                    <width>3</width>
                </LineStyle>
            </Style>
            <Style id="813">
                <LineStyle id="814">
                    <color>ff008000</color>
                    <colorMode>normal</colorMode>
                    <width>3</width>
                </LineStyle>
            </Style>
            <Style id="817">
                <LineStyle id="818">
                    <color>ff008000</color>
                    <colorMode>normal</colorMode>
                    <width>3</width>
                </LineStyle>
            </Style>
            <Style id="821">
                <LineStyle id="822">
                    <color>ff008000</color>
                    <colorMode>normal</colorMode>
                    <width>3</width>
                </LineStyle>
            </Style>
            <Style id="825">
                <LineStyle id="826">
                    <color>ff008000</color>
                    <colorMode>normal</colorMode>
                    <width>3</width>
                </LineStyle>
            </Style>
            <Style id="829">
                <LineStyle id="830">
                    <color>ff008000</color>
                    <colorMode>normal</colorMode>
                    <width>3</width>
                </LineStyle>
            </Style>
            <Style id="833">
                <LineStyle id="834">
                    <color>ff008000</color>
                    <colorMode>normal</colorMode>
                    <width>3</width>
                </LineStyle>
            </Style>
            <Style id="837">
                <LineStyle id="838">
                    <color>ff008000</color>
                    <colorMode>normal</colorMode>
                    <width>3</width>
                </LineStyle>
            </Style>
            <Style id="841">
                <LineStyle id="842">
                    <color>ff008000</color>
                    <colorMode>normal</colorMode>
                    <width>3</width>
                </LineStyle>
            </Style>
            <Style id="845">
                <LineStyle id="846">
                    <color>ff008000</color>
                    <colorMode>normal</colorMode>
                    <width>3</width>
                </LineStyle>
            </Style>
            <Style id="849">
                <LineStyle id="850">
                    <color>ff008000</color>
                    <colorMode>normal</colorMode>
                    <width>3</width>
                </LineStyle>
            </Style>
            <Style id="853">
                <LineStyle id="854">
                    <color>ff008000</color>
                    <colorMode>normal</colorMode>
                    <width>3</width>
                </LineStyle>
            </Style>
            <name>2025-08-18 10:00</name>
            <Placemark id="616">
                <name>Rota 10:00</name>
                <styleUrl>#617</styleUrl>
                <LineString id="615">
                    <altitudeMode>clampToGround</altitudeMode>
                    <coordinates>9.9409783,45.146765,0.0 9.941,45.1467733,0.0 9.9410933,45.14678,0.0 9.9411016,45.14679,0.0 9.9410883,45.14678,0.0 9.94106,45.1467716,0.0 9.9410666,45.14674,0.0</coordinates>
                </LineString>
            </Placemark>
            <Placemark id="620">
                <name>Rota 10:01</name>
                <styleUrl>#621</styleUrl>
                <LineString id="619">
                    <altitudeMode>clampToGround</altitudeMode>
                    <coordinates>9.9407266,45.1467316,0.0 9.94075,45.14672,0.0 9.9411083,45.1466983,0.0 9.9411016,45.1467016,0.0 9.9410633,45.1467766,0.0 9.941055,45.1467816,0.0</coordinates>
                </LineString>
            </Placemark>
            <Placemark id="624">
                <name>Rota 10:02</name>
                <styleUrl>#625</styleUrl>
                <LineString id="623">
                    <altitudeMode>clampToGround</altitudeMode>
                    <coordinates>9.9410266,45.146725,0.0 9.9410233,45.146755,0.0 9.94102,45.1468283,0.0 9.94103,45.14683,0.0 9.941025,45.1467933,0.0 9.9410366,45.1468,0.0 9.9410516,45.1467916,0.0 9.941065,45.1467983,0.0</coordinates>
                </LineString>
            </Placemark>
            <Placemark id="628">
                <name>Rota 10:03</name>
                <styleUrl>#629</styleUrl>
                <LineString id="627">
                    <altitudeMode>clampToGround</altitudeMode>
                    <coordinates>9.941115,45.1467683,0.0 9.9411,45.1467616,0.0 9.9410566,45.14676,0.0 9.9410533,45.14676,0.0 9.9410233,45.1468766,0.0 9.94103,45.1468883,0.0 9.941065,45.1468616,0.0 9.9410666,45.1468616,0.0</coordinates>
                </LineString>
            </Placemark>
            <Placemark id="632">
                <name>Rota 10:04</name>
                <styleUrl>#633</styleUrl>
                <LineString id="631">
                    <altitudeMode>clampToGround</altitudeMode>
                    <coordinates>9.9410783,45.1468416,0.0 9.9410883,45.1468466,0.0 9.9411833,45.1468733,0.0 9.9411883,45.1468666,0.0 9.9412,45.1467833,0.0 9.9412066,45.1467816,0.0 9.940765,45.1465816,0.0 9.9407683,45.1465833,0.0</coordinates>
                </LineString>
            </Placemark>
            <Placemark id="636">
                <name>Rota 10:05</name>
                <styleUrl>#637</styleUrl>
                <LineString id="635">
                    <altitudeMode>clampToGround</altitudeMode>
                    <coordinates>9.9408516,45.1466033,0.0 9.9408933,45.1466283,0.0 9.9410183,45.146675,0.0 9.941015,45.1466983,0.0 9.9410666,45.1467033,0.0 9.941065,45.1467083,0.0 9.9410466,45.1466766,0.0 9.9410283,45.14668,0.0</coordinates>
                </LineString>
            </Placemark>
            <Placemark id="640">
                <name>Rota 10:06</name>
                <styleUrl>#641</styleUrl>
                <LineString id="639">
                    <altitudeMode>clampToGround</altitudeMode>
                    <coordinates>9.9409416,45.14669,0.0 9.9409416,45.1466883,0.0 9.940865,45.14672,0.0 9.9408683,45.1467283,0.0 9.9410583,45.14701,0.0 9.9410833,45.1470366,0.0 9.9410866,45.1470316,0.0 9.941075,45.147025,0.0</coordinates>
                </LineString>
            </Placemark>
            <Placemark id="644">
                <name>Rota 10:07</name>
                <styleUrl>#645</styleUrl>
                <LineString id="643">
                    <altitudeMode>clampToGround</altitudeMode>
                    <coordinates>9.9413283,45.1470416,0.0 9.9413333,45.1470483,0.0 9.9411233,45.1469666,0.0 9.9411233,45.1469666,0.0 9.9410033,45.1469566,0.0 9.9410283,45.1469466,0.0 9.941255,45.146935,0.0 9.941255,45.146935,0.0</coordinates>
                </LineString>
            </Placemark>
            <Placemark id="648">
                <name>Rota 10:08</name>
                <styleUrl>#649</styleUrl>
                <LineString id="647">
                    <altitudeMode>clampToGround</altitudeMode>
                    <coordinates>9.9412833,45.1469483,0.0 9.941305,45.1469516,0.0 9.9412633,45.146995,0.0 9.941255,45.1469933,0.0 9.9410283,45.1467883,0.0 9.9410216,45.1467666,0.0 9.94084,45.146635,0.0 9.940845,45.1466366,0.0</coordinates>
                </LineString>
            </Placemark>
            <Placemark id="652">
                <name>Rota 10:09</name>
                <styleUrl>#653</styleUrl>
                <LineString id="651">
                    <altitudeMode>clampToGround</altitudeMode>
                    <coordinates>9.9410916,45.1466633,0.0 9.9411266,45.14668,0.0 9.9410733,45.1466583,0.0 9.9410566,45.146655,0.0 9.94101,45.146645,0.0 9.941015,45.1466566,0.0 9.9411516,45.1467233,0.0 9.9411316,45.146725,0.0</coordinates>
                </LineString>
            </Placemark>
            <Placemark id="656">
                <name>Rota 10:10</name>
                <styleUrl>#657</styleUrl>
                <LineString id="655">
                    <altitudeMode>clampToGround</altitudeMode>
                    <coordinates>9.9408916,45.1466433,0.0 9.940895,45.1466383,0.0 9.9409416,45.14667,0.0 9.9410083,45.1466933,0.0 9.94104,45.1467983,0.0 9.9410083,45.146795,0.0 9.9408933,45.1467566,0.0 9.940895,45.1467516,0.0</coordinates>
                </LineString>
            </Placemark>
            <Placemark id="660">
                <name>Rota 10:11</name>
                <styleUrl>#661</styleUrl>
                <LineString id="659">
                    <altitudeMode>clampToGround</altitudeMode>
                    <coordinates>9.9412333,45.146795,0.0 9.9412466,45.1467966,0.0 9.9414583,45.1469083,0.0 9.9414516,45.1469083,0.0 9.94124,45.146865,0.0 9.94123,45.146865,0.0 9.9413033,45.146835,0.0 9.9413016,45.1468316,0.0</coordinates>
                </LineString>
            </Placemark>
            <Placemark id="664">
                <name>Rota 10:12</name>
                <styleUrl>#665</styleUrl>
                <LineString id="663">
                    <altitudeMode>clampToGround</altitudeMode>
                    <coordinates>9.9411033,45.1467616,0.0 9.9410966,45.1467583,0.0 9.9410016,45.1467183,0.0 9.9410116,45.1467233,0.0 9.9410466,45.1467566,0.0 9.9410416,45.146755,0.0 9.9409766,45.14678,0.0 9.9409716,45.14678,0.0</coordinates>
                </LineString>
            </Placemark>
            <Placemark id="668">
                <name>Rota 10:13</name>
                <styleUrl>#669</styleUrl>
                <LineString id="667">
                    <altitudeMode>clampToGround</altitudeMode>
                    <coordinates>9.9410483,45.1468383,0.0 9.9410583,45.1468383,0.0 9.94124,45.1468766,0.0 9.941245,45.1468783,0.0 9.9411766,45.1468566,0.0 9.9411683,45.14686,0.0 9.9411316,45.14685,0.0 9.9411383,45.1468516,0.0</coordinates>
                </LineString>
            </Placemark>
            <Placemark id="672">
                <name>Rota 10:14</name>
                <styleUrl>#673</styleUrl>
                <LineString id="671">
                    <altitudeMode>clampToGround</altitudeMode>
                    <coordinates>9.941105,45.1468316,0.0 9.9411,45.1468283,0.0 9.94111,45.146795,0.0 9.9411266,45.146805,0.0 9.941235,45.1468066,0.0 9.9412283,45.1468033,0.0 9.94121,45.1467666,0.0 9.9412116,45.1467583,0.0</coordinates>
                </LineString>
            </Placemark>
            <Placemark id="676">
                <name>Rota 10:15</name>
                <styleUrl>#677</styleUrl>
                <LineString id="675">
                    <altitudeMode>clampToGround</altitudeMode>
                    <coordinates>9.9412133,45.14676,0.0 9.941205,45.146765,0.0 9.94115,45.1468366,0.0 9.941135,45.1468383,0.0 9.9409983,45.14686,0.0 9.9410266,45.1468616,0.0 9.9411583,45.146845,0.0 9.9411766,45.1468483,0.0</coordinates>
                </LineString>
            </Placemark>
            <Placemark id="680">
                <name>Rota 10:16</name>
                <styleUrl>#681</styleUrl>
                <LineString id="679">
                    <altitudeMode>clampToGround</altitudeMode>
                    <coordinates>9.9411916,45.1468666,0.0 9.9411833,45.146865,0.0 9.9411933,45.1468733,0.0 9.9411916,45.1468683,0.0 9.9414033,45.146915,0.0 9.9414066,45.1469133,0.0 9.9412683,45.1468466,0.0 9.9412666,45.146835,0.0</coordinates>
                </LineString>
            </Placemark>
            <Placemark id="684">
                <name>Rota 10:17</name>
                <styleUrl>#685</styleUrl>
                <LineString id="683">
                    <altitudeMode>clampToGround</altitudeMode>
                    <coordinates>9.941215,45.1467883,0.0 9.941235,45.1467866,0.0 9.941395,45.1468216,0.0 9.941395,45.1468216,0.0 9.941325,45.1468016,0.0 9.94132,45.1468,0.0 9.9413166,45.1467233,0.0 9.9413233,45.1467216,0.0</coordinates>
                </LineString>
            </Placemark>
            <Placemark id="688">
                <name>Rota 10:18</name>
                <styleUrl>#689</styleUrl>
                <LineString id="687">
                    <altitudeMode>clampToGround</altitudeMode>
                    <coordinates>9.941375,45.146705,0.0 9.941355,45.1466966,0.0 9.9413183,45.1466883,0.0 9.9413133,45.1467,0.0 9.9414466,45.1468866,0.0 9.9414816,45.146895,0.0 9.94149,45.1468583,0.0 9.9414966,45.1468583,0.0</coordinates>
                </LineString>
            </Placemark>
            <Placemark id="692">
                <name>Rota 10:19</name>
                <styleUrl>#693</styleUrl>
                <LineString id="691">
                    <altitudeMode>clampToGround</altitudeMode>
                    <coordinates>9.94101,45.14669,0.0 9.9409516,45.1466683,0.0 9.9411016,45.1466966,0.0 9.9411166,45.1467,0.0 9.94115,45.1466966,0.0 9.9411516,45.1466966,0.0 9.9410833,45.1467166,0.0 9.9411016,45.1467166,0.0</coordinates>
                </LineString>
            </Placemark>
            <Placemark id="696">
                <name>Rota 10:20</name>
                <styleUrl>#697</styleUrl>
                <LineString id="695">
                    <altitudeMode>clampToGround</altitudeMode>
                    <coordinates>9.9411083,45.146765,0.0 9.9410816,45.146755,0.0 9.9409716,45.1467383,0.0 9.9409716,45.1467316,0.0 9.9411466,45.1466683,0.0 9.9411716,45.1466683,0.0 9.94194,45.14663,0.0 9.9419333,45.1466266,0.0</coordinates>
                </LineString>
            </Placemark>
            <Placemark id="700">
                <name>Rota 10:21</name>
                <styleUrl>#701</styleUrl>
                <LineString id="699">
                    <altitudeMode>clampToGround</altitudeMode>
                    <coordinates>9.9418466,45.1466283,0.0 9.9418666,45.146635,0.0 9.9422366,45.1466516,0.0 9.9421216,45.1466133,0.0 9.94159,45.1465683,0.0 9.9416616,45.146595,0.0 9.94152,45.1466,0.0 9.941525,45.1466033,0.0</coordinates>
                </LineString>
            </Placemark>
            <Placemark id="704">
                <name>Rota 10:22</name>
                <styleUrl>#705</styleUrl>
                <LineString id="703">
                    <altitudeMode>clampToGround</altitudeMode>
                    <coordinates>9.9414783,45.14664,0.0 9.9414733,45.14664,0.0 9.9413933,45.146535,0.0 9.9413833,45.1465416,0.0 9.9411633,45.1466,0.0 9.941145,45.1466216,0.0 9.940965,45.1466166,0.0 9.9409566,45.1466,0.0</coordinates>
                </LineString>
            </Placemark>
            <Placemark id="708">
                <name>Rota 10:23</name>
                <styleUrl>#709</styleUrl>
                <LineString id="707">
                    <altitudeMode>clampToGround</altitudeMode>
                    <coordinates>9.9409416,45.1465166,0.0 9.9409433,45.14652,0.0 9.941135,45.1465866,0.0 9.9411566,45.1465883,0.0 9.9412416,45.146675,0.0 9.9412366,45.1466783,0.0 9.94111,45.1466783,0.0 9.9410916,45.14668,0.0</coordinates>
                </LineString>
            </Placemark>
            <Placemark id="712">
                <name>Rota 10:24</name>
                <styleUrl>#713</styleUrl>
                <LineString id="711">
                    <altitudeMode>clampToGround</altitudeMode>
                    <coordinates>9.9412683,45.1467016,0.0 9.9412683,45.1467016,0.0 9.9412766,45.1467183,0.0 9.941255,45.1467333,0.0 9.9411733,45.146795,0.0 9.9411783,45.1467933,0.0 9.94124,45.1468933,0.0 9.9412433,45.1468933,0.0</coordinates>
                </LineString>
            </Placemark>
            <Placemark id="716">
                <name>Rota 10:25</name>
                <styleUrl>#717</styleUrl>
                <LineString id="715">
                    <altitudeMode>clampToGround</altitudeMode>
                    <coordinates>9.9411466,45.1468816,0.0 9.9411483,45.14688,0.0 9.9412866,45.146905,0.0 9.941295,45.1468916,0.0 9.9413316,45.1468566,0.0 9.9413316,45.1468566,0.0 9.9412266,45.1468066,0.0 9.9412116,45.1468083,0.0</coordinates>
                </LineString>
            </Placemark>
            <Placemark id="720">
                <name>Rota 10:26</name>
                <styleUrl>#721</styleUrl>
                <LineString id="719">
                    <altitudeMode>clampToGround</altitudeMode>
                    <coordinates>9.9412683,45.1468433,0.0 9.9412683,45.1468433,0.0 9.9411833,45.1468033,0.0 9.9411733,45.1468016,0.0 9.941015,45.1467783,0.0 9.9409983,45.14678,0.0 9.9409433,45.1467716,0.0 9.9409433,45.1467716,0.0</coordinates>
                </LineString>
            </Placemark>
            <Placemark id="724">
                <name>Rota 10:27</name>
                <styleUrl>#725</styleUrl>
                <LineString id="723">
                    <altitudeMode>clampToGround</altitudeMode>
                    <coordinates>9.9408733,45.14679,0.0 9.9408866,45.146785,0.0 9.9410416,45.1467733,0.0 9.9410516,45.146775,0.0 9.9411283,45.1467466,0.0 9.9411283,45.1467466,0.0 9.9411366,45.146695,0.0 9.941135,45.146695,0.0</coordinates>
                </LineString>
            </Placemark>
            <Placemark id="728">
                <name>Rota 10:28</name>
                <styleUrl>#729</styleUrl>
                <LineString id="727">
                    <altitudeMode>clampToGround</altitudeMode>
                    <coordinates>9.941195,45.1466833,0.0 9.9412183,45.14668,0.0 9.94126,45.146645,0.0 9.9412466,45.1466616,0.0 9.9411133,45.1466666,0.0 9.9411133,45.1466666,0.0 9.9410016,45.1466933,0.0 9.9409766,45.146695,0.0</coordinates>
                </LineString>
            </Placemark>
            <Placemark id="732">
                <name>Rota 10:29</name>
                <styleUrl>#733</styleUrl>
                <LineString id="731">
                    <altitudeMode>clampToGround</altitudeMode>
                    <coordinates>9.9406566,45.14673,0.0 9.9406316,45.1467316,0.0 9.9403233,45.14674,0.0 9.940305,45.1467383,0.0 9.940665,45.1467366,0.0 9.9406783,45.1467383,0.0 9.9395916,45.1467983,0.0 9.9395916,45.1467983,0.0</coordinates>
                </LineString>
            </Placemark>
            <Placemark id="736">
                <name>Rota 10:30</name>
                <styleUrl>#737</styleUrl>
                <LineString id="735">
                    <altitudeMode>clampToGround</altitudeMode>
                    <coordinates>9.93987,45.146845,0.0 9.9411366,45.1467783,0.0 9.9410733,45.146765,0.0 9.9410283,45.1467366,0.0 9.9409933,45.1467333,0.0 9.9409516,45.146735,0.0 9.9409783,45.14674,0.0</coordinates>
                </LineString>
            </Placemark>
            <Placemark id="740">
                <name>Rota 10:31</name>
                <styleUrl>#741</styleUrl>
                <LineString id="739">
                    <altitudeMode>clampToGround</altitudeMode>
                    <coordinates>9.9410316,45.1467516,0.0 9.9410416,45.1467683,0.0 9.9410716,45.146775,0.0 9.9410716,45.146775,0.0 9.9411766,45.1467883,0.0 9.941175,45.1467866,0.0 9.94111,45.1467666,0.0 9.941115,45.1467666,0.0</coordinates>
                </LineString>
            </Placemark>
            <Placemark id="744">
                <name>Rota 10:32</name>
                <styleUrl>#745</styleUrl>
                <LineString id="743">
                    <altitudeMode>clampToGround</altitudeMode>
                    <coordinates>9.9410933,45.146775,0.0 9.941115,45.1467683,0.0 9.94112,45.1468283,0.0 9.941105,45.1468216,0.0 9.94108,45.1468,0.0 9.9410766,45.1467983,0.0 9.9410316,45.14682,0.0 9.9410233,45.1468333,0.0</coordinates>
                </LineString>
            </Placemark>
            <Placemark id="748">
                <name>Rota 10:33</name>
                <styleUrl>#749</styleUrl>
                <LineString id="747">
                    <altitudeMode>clampToGround</altitudeMode>
                    <coordinates>9.9409816,45.1468483,0.0 9.9409816,45.1468483,0.0 9.9409333,45.1467783,0.0 9.9409233,45.146775,0.0 9.9411083,45.146785,0.0 9.94118,45.14679,0.0 9.9414833,45.14679,0.0 9.9414833,45.14679,0.0</coordinates>
                </LineString>
            </Placemark>
            <Placemark id="752">
                <name>Rota 10:34</name>
                <styleUrl>#753</styleUrl>
                <LineString id="751">
                    <altitudeMode>clampToGround</altitudeMode>
                    <coordinates>9.9412033,45.1467566,0.0 9.94117,45.1467533,0.0 9.940985,45.1467783,0.0 9.940985,45.1467866,0.0 9.9409066,45.1467483,0.0 9.9409066,45.1467483,0.0 9.940885,45.1467116,0.0 9.940885,45.1467116,0.0</coordinates>
                </LineString>
            </Placemark>
            <Placemark id="756">
                <name>Rota 10:35</name>
                <styleUrl>#757</styleUrl>
                <LineString id="755">
                    <altitudeMode>clampToGround</altitudeMode>
                    <coordinates>9.941175,45.1467566,0.0 9.94117,45.146755,0.0 9.94113,45.1467566,0.0 9.941135,45.1467716,0.0 9.9411366,45.1468183,0.0 9.94114,45.1468166,0.0 9.9410866,45.14679,0.0 9.94108,45.1467883,0.0</coordinates>
                </LineString>
            </Placemark>
            <Placemark id="760">
                <name>Rota 10:36</name>
                <styleUrl>#761</styleUrl>
                <LineString id="759">
                    <altitudeMode>clampToGround</altitudeMode>
                    <coordinates>9.9409916,45.1467916,0.0 9.9409783,45.1467983,0.0 9.9409016,45.1468133,0.0 9.9409083,45.14681,0.0 9.9408333,45.1467783,0.0 9.94078,45.146775,0.0 9.94081,45.1467483,0.0 9.94081,45.1467483,0.0</coordinates>
                </LineString>
            </Placemark>
            <Placemark id="764">
                <name>Rota 10:37</name>
                <styleUrl>#765</styleUrl>
                <LineString id="763">
                    <altitudeMode>clampToGround</altitudeMode>
                    <coordinates>9.94096,45.14678,0.0 9.94097,45.1467816,0.0 9.9410383,45.1467416,0.0 9.941025,45.1467383,0.0 9.9410533,45.14678,0.0 9.94102,45.1468016,0.0 9.9410366,45.14683,0.0 9.9410333,45.146825,0.0</coordinates>
                </LineString>
            </Placemark>
            <Placemark id="768">
                <name>Rota 10:38</name>
                <styleUrl>#769</styleUrl>
                <LineString id="767">
                    <altitudeMode>clampToGround</altitudeMode>
                    <coordinates>9.9409716,45.1468083,0.0 9.94097,45.146805,0.0 9.9412333,45.146805,0.0 9.9412583,45.1468083,0.0 9.9412816,45.146805,0.0 9.9412233,45.1468033,0.0 9.94109,45.1467466,0.0 9.9410666,45.146745,0.0</coordinates>
                </LineString>
            </Placemark>
            <Placemark id="772">
                <name>Rota 10:39</name>
                <styleUrl>#773</styleUrl>
                <LineString id="771">
                    <altitudeMode>clampToGround</altitudeMode>
                    <coordinates>9.9410366,45.1467716,0.0 9.941035,45.1467783,0.0 9.9408916,45.1467633,0.0 9.9409066,45.1467583,0.0 9.9408683,45.1467283,0.0 9.9409033,45.1467333,0.0</coordinates>
                </LineString>
            </Placemark>
            <Placemark id="776">
                <name>Rota 10:40</name>
                <styleUrl>#777</styleUrl>
                <LineString id="775">
                    <altitudeMode>clampToGround</altitudeMode>
                    <coordinates>9.939685,45.1452483,0.0 9.939675,45.1452316,0.0 9.9397883,45.14533,0.0 9.9397766,45.145335,0.0</coordinates>
                </LineString>
            </Placemark>
            <Placemark id="780">
                <name>Rota 10:41</name>
                <styleUrl>#781</styleUrl>
                <LineString id="779">
                    <altitudeMode>clampToGround</altitudeMode>
                    <coordinates>9.9400466,45.146385,0.0 9.9400816,45.1464116,0.0 9.9400816,45.1466233,0.0 9.9400866,45.1466333,0.0 9.9403533,45.146725,0.0 9.9403083,45.14675,0.0 9.94003,45.1466966,0.0 9.940025,45.1466933,0.0</coordinates>
                </LineString>
            </Placemark>
            <Placemark id="784">
                <name>Rota 10:42</name>
                <styleUrl>#785</styleUrl>
                <LineString id="783">
                    <altitudeMode>clampToGround</altitudeMode>
                    <coordinates>9.94072,45.1467733,0.0 9.9407366,45.14677,0.0 9.940945,45.1468016,0.0 9.940945,45.1468016,0.0 9.941075,45.14677,0.0 9.9410716,45.1467683,0.0 9.9410583,45.14676,0.0 9.94104,45.1467583,0.0</coordinates>
                </LineString>
            </Placemark>
            <Placemark id="788">
                <name>Rota 10:43</name>
                <styleUrl>#789</styleUrl>
                <LineString id="787">
                    <altitudeMode>clampToGround</altitudeMode>
                    <coordinates>9.9410483,45.1468783,0.0 9.9410483,45.1468816,0.0 9.9412316,45.1470266,0.0 9.941245,45.14703,0.0 9.9411933,45.1469883,0.0 9.9411733,45.1469916,0.0 9.9412683,45.147,0.0 9.9412466,45.147005,0.0</coordinates>
                </LineString>
            </Placemark>
            <Placemark id="792">
                <name>Rota 10:44</name>
                <styleUrl>#793</styleUrl>
                <LineString id="791">
                    <altitudeMode>clampToGround</altitudeMode>
                    <coordinates>9.9412583,45.1470866,0.0 9.9412666,45.1470966,0.0 9.94121,45.14712,0.0 9.94121,45.14712,0.0 9.941365,45.147145,0.0 9.94139,45.1471566,0.0 9.9413266,45.1471383,0.0 9.94132,45.1471416,0.0</coordinates>
                </LineString>
            </Placemark>
            <Placemark id="796">
                <name>Rota 10:45</name>
                <styleUrl>#797</styleUrl>
                <LineString id="795">
                    <altitudeMode>clampToGround</altitudeMode>
                    <coordinates>9.9411933,45.146995,0.0 9.9411766,45.1469783,0.0 9.9411983,45.1469116,0.0 9.9411983,45.1469116,0.0 9.9410716,45.1469216,0.0 9.9410733,45.1469083,0.0 9.9410416,45.1469783,0.0 9.9410383,45.1469966,0.0</coordinates>
                </LineString>
            </Placemark>
            <Placemark id="800">
                <name>Rota 10:46</name>
                <styleUrl>#801</styleUrl>
                <LineString id="799">
                    <altitudeMode>clampToGround</altitudeMode>
                    <coordinates>9.9410383,45.146915,0.0 9.94102,45.1469183,0.0 9.9409966,45.1469383,0.0 9.941,45.1469383,0.0 9.9409916,45.1470216,0.0</coordinates>
                </LineString>
            </Placemark>
            <Placemark id="804">
                <name>Rota 10:47</name>
                <styleUrl>#805</styleUrl>
                <LineString id="803">
                    <altitudeMode>clampToGround</altitudeMode>
                    <coordinates>9.9412466,45.1464816,0.0 9.9412483,45.1464866,0.0 9.9412066,45.14665,0.0 9.9412183,45.1466533,0.0</coordinates>
                </LineString>
            </Placemark>
            <Placemark id="808">
                <name>Rota 10:48</name>
                <styleUrl>#809</styleUrl>
                <LineString id="807">
                    <altitudeMode>clampToGround</altitudeMode>
                    <coordinates>9.9411116,45.1465716,0.0 9.941115,45.1465583,0.0 9.941315,45.1464516,0.0 9.9413216,45.1464333,0.0 9.941145,45.14671,0.0 9.941145,45.146705,0.0</coordinates>
                </LineString>
            </Placemark>
            <Placemark id="812">
                <name>Rota 10:49</name>
                <styleUrl>#813</styleUrl>
                <LineString id="811">
                    <altitudeMode>clampToGround</altitudeMode>
                    <coordinates>9.9410483,45.14667,0.0 9.9410483,45.14667,0.0 9.94112,45.1465566,0.0 9.9411916,45.1465133,0.0 9.9412566,45.1464483,0.0 9.9412666,45.1464566,0.0 9.94114,45.146515,0.0 9.94114,45.146515,0.0</coordinates>
                </LineString>
            </Placemark>
            <Placemark id="816">
                <name>Rota 10:50</name>
                <styleUrl>#817</styleUrl>
                <LineString id="815">
                    <altitudeMode>clampToGround</altitudeMode>
                    <coordinates>9.9411583,45.1467383,0.0 9.9411733,45.1467483,0.0 9.9411916,45.146755,0.0 9.9412816,45.1467266,0.0 9.9411016,45.1468716,0.0 9.9410983,45.1468816,0.0 9.9411783,45.1467666,0.0 9.941205,45.1467433,0.0</coordinates>
                </LineString>
            </Placemark>
            <Placemark id="820">
                <name>Rota 10:51</name>
                <styleUrl>#821</styleUrl>
                <LineString id="819">
                    <altitudeMode>clampToGround</altitudeMode>
                    <coordinates>9.9413166,45.14668,0.0 9.941325,45.1466783,0.0 9.941325,45.1468333,0.0 9.941355,45.1468416,0.0 9.9411633,45.1470116,0.0 9.9411583,45.1470183,0.0 9.9411766,45.1469966,0.0 9.94118,45.147,0.0</coordinates>
                </LineString>
            </Placemark>
            <Placemark id="824">
                <name>Rota 10:52</name>
                <styleUrl>#825</styleUrl>
                <LineString id="823">
                    <altitudeMode>clampToGround</altitudeMode>
                    <coordinates>9.9416316,45.1470233,0.0 9.9416866,45.1470266,0.0 9.9415216,45.1470966,0.0 9.94149,45.147105,0.0 9.9414233,45.1471416,0.0 9.9414283,45.1471366,0.0 9.94143,45.1470266,0.0 9.9414316,45.1470266,0.0</coordinates>
                </LineString>
            </Placemark>
            <Placemark id="828">
                <name>Rota 10:53</name>
                <styleUrl>#829</styleUrl>
                <LineString id="827">
                    <altitudeMode>clampToGround</altitudeMode>
                    <coordinates>9.9411866,45.1469966,0.0 9.941155,45.147,0.0 9.940925,45.1470166,0.0 9.9409533,45.147015,0.0 9.9413266,45.14703,0.0 9.9413283,45.1470233,0.0 9.9409516,45.146895,0.0 9.9409483,45.1469216,0.0</coordinates>
                </LineString>
            </Placemark>
            <Placemark id="832">
                <name>Rota 10:54</name>
                <styleUrl>#833</styleUrl>
                <LineString id="831">
                    <altitudeMode>clampToGround</altitudeMode>
                    <coordinates>9.9409133,45.1470833,0.0 9.9409516,45.1471133,0.0 9.940865,45.14733,0.0 9.9408583,45.14734,0.0 9.9406033,45.1473116,0.0 9.9405766,45.1473066,0.0 9.94038,45.147265,0.0 9.94038,45.147265,0.0</coordinates>
                </LineString>
            </Placemark>
            <Placemark id="836">
                <name>Rota 10:55</name>
                <styleUrl>#837</styleUrl>
                <LineString id="835">
                    <altitudeMode>clampToGround</altitudeMode>
                    <coordinates>9.940265,45.1473083,0.0 9.9402683,45.1473133,0.0 9.9403866,45.147375,0.0 9.9403983,45.1473816,0.0 9.94054,45.1474433,0.0 9.94054,45.1474433,0.0 9.9405,45.1474316,0.0 9.9405,45.1474316,0.0</coordinates>
                </LineString>
            </Placemark>
            <Placemark id="840">
                <name>Rota 10:56</name>
                <styleUrl>#841</styleUrl>
                <LineString id="839">
                    <altitudeMode>clampToGround</altitudeMode>
                    <coordinates>9.94042,45.1473666,0.0 9.94041,45.1473666,0.0 9.9403433,45.1473383,0.0 9.9403433,45.1473383,0.0 9.9401533,45.1472566,0.0 9.94014,45.147245,0.0 9.9401083,45.1471733,0.0 9.9401216,45.1471633,0.0</coordinates>
                </LineString>
            </Placemark>
            <Placemark id="844">
                <name>Rota 10:57</name>
                <styleUrl>#845</styleUrl>
                <LineString id="843">
                    <altitudeMode>clampToGround</altitudeMode>
                    <coordinates>9.940155,45.14719,0.0 9.94016,45.1471883,0.0 9.940185,45.1471966,0.0 9.940185,45.1471966,0.0 9.940325,45.1471616,0.0 9.940335,45.14717,0.0 9.9403233,45.1471666,0.0 9.9403233,45.1471666,0.0</coordinates>
                </LineString>
            </Placemark>
            <Placemark id="848">
                <name>Rota 10:58</name>
                <styleUrl>#849</styleUrl>
                <LineString id="847">
                    <altitudeMode>clampToGround</altitudeMode>
                    <coordinates>9.9403066,45.147195,0.0 9.9403066,45.1471916,0.0 9.9403416,45.14726,0.0 9.9403416,45.14726,0.0 9.9403583,45.1472766,0.0 9.9403583,45.1472766,0.0 9.940435,45.1472316,0.0 9.9404316,45.14722,0.0</coordinates>
                </LineString>
            </Placemark>
            <Placemark id="852">
                <name>Rota 10:59</name>
                <styleUrl>#853</styleUrl>
                <LineString id="851">
                    <altitudeMode>clampToGround</altitudeMode>
                    <coordinates>9.940465,45.1470983,0.0 9.9404466,45.1470866,0.0 9.9404016,45.1470966,0.0 9.9403916,45.1470966,0.0 9.9403716,45.147285,0.0 9.940375,45.1472966,0.0 9.94039,45.1473083,0.0 9.94041,45.1473116,0.0</coordinates>
                </LineString>
            </Placemark>
        </Folder>
        <Folder id="855">
            <Style id="858">
                <LineStyle id="859">
                    <color>ff008000</color>
                    <colorMode>normal</colorMode>
                    <width>3</width>
                </LineStyle>
            </Style>
            <Style id="862">
                <LineStyle id="863">
                    <color>ff008000</color>
                    <colorMode>normal</colorMode>
                    <width>3</width>
                </LineStyle>
            </Style>
            <Style id="866">
                <LineStyle id="867">
                    <color>ff008000</color>
                    <colorMode>normal</colorMode>
                    <width>3</width>
                </LineStyle>
            </Style>
            <Style id="870">
                <LineStyle id="871">
                    <color>ff008000</color>
                    <colorMode>normal</colorMode>
                    <width>3</width>
                </LineStyle>
            </Style>
            <Style id="874">
                <LineStyle id="875">
                    <color>ff008000</color>
                    <colorMode>normal</colorMode>
                    <width>3</width>
                </LineStyle>
            </Style>
            <Style id="878">
                <LineStyle id="879">
                    <color>ff008000</color>
                    <colorMode>normal</colorMode>
                    <width>3</width>
                </LineStyle>
            </Style>
            <Style id="882">
                <LineStyle id="883">
                    <color>ff008000</color>
                    <colorMode>normal</colorMode>
                    <width>3</width>
                </LineStyle>
            </Style>
            <Style id="886">
                <LineStyle id="887">
                    <color>ff008000</color>
                    <colorMode>normal</colorMode>
                    <width>3</width>
                </LineStyle>
            </Style>
            <Style id="890">
                <LineStyle id="891">
                    <color>ff008000</color>
                    <colorMode>normal</colorMode>
                    <width>3</width>
                </LineStyle>
            </Style>
            <Style id="894">
                <LineStyle id="895">
                    <color>ff008000</color>
                    <colorMode>normal</colorMode>
                    <width>3</width>
                </LineStyle>
            </Style>
            <Style id="898">
                <LineStyle id="899">
                    <color>ff008000</color>
                    <colorMode>normal</colorMode>
                    <width>3</width>
                </LineStyle>
            </Style>
            <Style id="902">
                <LineStyle id="903">
                    <color>ff008000</color>
                    <colorMode>normal</colorMode>
                    <width>3</width>
                </LineStyle>
            </Style>
            <Style id="906">
                <LineStyle id="907">
                    <color>ff008000</color>
                    <colorMode>normal</colorMode>
                    <width>3</width>
                </LineStyle>
            </Style>
            <Style id="910">
                <LineStyle id="911">
                    <color>ff008000</color>
                    <colorMode>normal</colorMode>
                    <width>3</width>
                </LineStyle>
            </Style>
            <Style id="914">
                <LineStyle id="915">
                    <color>ff008000</color>
                    <colorMode>normal</colorMode>
                    <width>3</width>
                </LineStyle>
            </Style>
            <Style id="918">
                <LineStyle id="919">
                    <color>ff008000</color>
                    <colorMode>normal</colorMode>
                    <width>3</width>
                </LineStyle>
            </Style>
            <Style id="922">
                <LineStyle id="923">
                    <color>ff008000</color>
                    <colorMode>normal</colorMode>
                    <width>3</width>
                </LineStyle>
            </Style>
            <Style id="926">
                <LineStyle id="927">
                    <color>ff008000</color>
                    <colorMode>normal</colorMode>
                    <width>3</width>
                </LineStyle>
            </Style>
            <Style id="930">
                <LineStyle id="931">
                    <color>ff008000</color>
                    <colorMode>normal</colorMode>
                    <width>3</width>
                </LineStyle>
            </Style>
            <Style id="934">
                <LineStyle id="935">
                    <color>ff008000</color>
                    <colorMode>normal</colorMode>
                    <width>3</width>
                </LineStyle>
            </Style>
            <Style id="938">
                <LineStyle id="939">
                    <color>ff008000</color>
                    <colorMode>normal</colorMode>
                    <width>3</width>
                </LineStyle>
            </Style>
            <Style id="942">
                <LineStyle id="943">
                    <color>ff008000</color>
                    <colorMode>normal</colorMode>
                    <width>3</width>
                </LineStyle>
            </Style>
            <Style id="946">
                <LineStyle id="947">
                    <color>ff008000</color>
                    <colorMode>normal</colorMode>
                    <width>3</width>
                </LineStyle>
            </Style>
            <Style id="950">
                <LineStyle id="951">
                    <color>ff008000</color>
                    <colorMode>normal</colorMode>
                    <width>3</width>
                </LineStyle>
            </Style>
            <Style id="954">
                <LineStyle id="955">
                    <color>ff008000</color>
                    <colorMode>normal</colorMode>
                    <width>3</width>
                </LineStyle>
            </Style>
            <Style id="958">
                <LineStyle id="959">
                    <color>ff008000</color>
                    <colorMode>normal</colorMode>
                    <width>3</width>
                </LineStyle>
            </Style>
            <Style id="962">
                <LineStyle id="963">
                    <color>ff008000</color>
                    <colorMode>normal</colorMode>
                    <width>3</width>
                </LineStyle>
            </Style>
            <Style id="966">
                <LineStyle id="967">
                    <color>ff008000</color>
                    <colorMode>normal</colorMode>
                    <width>3</width>
                </LineStyle>
            </Style>
            <Style id="970">
                <LineStyle id="971">
                    <color>ff008000</color>
                    <colorMode>normal</colorMode>
                    <width>3</width>
                </LineStyle>
            </Style>
            <Style id="974">
                <LineStyle id="975">
                    <color>ff008000</color>
                    <colorMode>normal</colorMode>
                    <width>3</width>
                </LineStyle>
            </Style>
            <Style id="978">
                <LineStyle id="979">
                    <color>ff008000</color>
                    <colorMode>normal</colorMode>
                    <width>3</width>
                </LineStyle>
            </Style>
            <Style id="982">
                <LineStyle id="983">
                    <color>ff008000</color>
                    <colorMode>normal</colorMode>
                    <width>3</width>
                </LineStyle>
            </Style>
            <Style id="986">
                <LineStyle id="987">
                    <color>ff008000</color>
                    <colorMode>normal</colorMode>
                    <width>3</width>
                </LineStyle>
            </Style>
            <Style id="990">
                <LineStyle id="991">
                    <color>ff008000</color>
                    <colorMode>normal</colorMode>
                    <width>3</width>
                </LineStyle>
            </Style>
            <Style id="994">
                <LineStyle id="995">
                    <color>ff008000</color>
                    <colorMode>normal</colorMode>
                    <width>3</width>
                </LineStyle>
            </Style>
            <Style id="998">
                <LineStyle id="999">
                    <color>ff008000</color>
                    <colorMode>normal</colorMode>
                    <width>3</width>
                </LineStyle>
            </Style>
            <Style id="1002">
                <LineStyle id="1003">
                    <color>ff008000</color>
                    <colorMode>normal</colorMode>
                    <width>3</width>
                </LineStyle>
            </Style>
            <Style id="1006">
                <LineStyle id="1007">
                    <color>ff008000</color>
                    <colorMode>normal</colorMode>
                    <width>3</width>
                </LineStyle>
            </Style>
            <Style id="1010">
                <LineStyle id="1011">
                    <color>ff008000</color>
                    <colorMode>normal</colorMode>
                    <width>3</width>
                </LineStyle>
            </Style>
            <Style id="1014">
                <LineStyle id="1015">
                    <color>ff008000</color>
                    <colorMode>normal</colorMode>
                    <width>3</width>
                </LineStyle>
            </Style>
            <Style id="1018">
                <LineStyle id="1019">
                    <color>ff008000</color>
                    <colorMode>normal</colorMode>
                    <width>3</width>
                </LineStyle>
            </Style>
            <Style id="1022">
                <LineStyle id="1023">
                    <color>ff008000</color>
                    <colorMode>normal</colorMode>
                    <width>3</width>
                </LineStyle>
            </Style>
            <Style id="1026">
                <LineStyle id="1027">
                    <color>ff008000</color>
                    <colorMode>normal</colorMode>
                    <width>3</width>
                </LineStyle>
            </Style>
            <Style id="1030">
                <LineStyle id="1031">
                    <color>ff008000</color>
                    <colorMode>normal</colorMode>
                    <width>3</width>
                </LineStyle>
            </Style>
            <Style id="1034">
                <LineStyle id="1035">
                    <color>ff008000</color>
                    <colorMode>normal</colorMode>
                    <width>3</width>
                </LineStyle>
            </Style>
            <Style id="1038">
                <LineStyle id="1039">
                    <color>ff008000</color>
                    <colorMode>normal</colorMode>
                    <width>3</width>
                </LineStyle>
            </Style>
            <Style id="1042">
                <LineStyle id="1043">
                    <color>ff008000</color>
                    <colorMode>normal</colorMode>
                    <width>3</width>
                </LineStyle>
            </Style>
            <Style id="1046">
                <LineStyle id="1047">
                    <color>ff008000</color>
                    <colorMode>normal</colorMode>
                    <width>3</width>
                </LineStyle>
            </Style>
            <Style id="1050">
                <LineStyle id="1051">
                    <color>ff008000</color>
                    <colorMode>normal</colorMode>
                    <width>3</width>
                </LineStyle>
            </Style>
            <Style id="1054">
                <LineStyle id="1055">
                    <color>ff008000</color>
                    <colorMode>normal</colorMode>
                    <width>3</width>
                </LineStyle>
            </Style>
            <Style id="1058">
                <LineStyle id="1059">
                    <color>ff008000</color>
                    <colorMode>normal</colorMode>
                    <width>3</width>
                </LineStyle>
            </Style>
            <Style id="1062">
                <LineStyle id="1063">
                    <color>ff008000</color>
                    <colorMode>normal</colorMode>
                    <width>3</width>
                </LineStyle>
            </Style>
            <Style id="1066">
                <LineStyle id="1067">
                    <color>ff008000</color>
                    <colorMode>normal</colorMode>
                    <width>3</width>
                </LineStyle>
            </Style>
            <Style id="1070">
                <LineStyle id="1071">
                    <color>ff008000</color>
                    <colorMode>normal</colorMode>
                    <width>3</width>
                </LineStyle>
            </Style>
            <Style id="1074">
                <LineStyle id="1075">
                    <color>ff008000</color>
                    <colorMode>normal</colorMode>
                    <width>3</width>
                </LineStyle>
            </Style>
            <Style id="1078">
                <LineStyle id="1079">
                    <color>ff008000</color>
                    <colorMode>normal</colorMode>
                    <width>3</width>
                </LineStyle>
            </Style>
            <Style id="1082">
                <LineStyle id="1083">
                    <color>ff008000</color>
                    <colorMode>normal</colorMode>
                    <width>3</width>
                </LineStyle>
            </Style>
            <Style id="1086">
                <LineStyle id="1087">
                    <color>ff008000</color>
                    <colorMode>normal</colorMode>
                    <width>3</width>
                </LineStyle>
            </Style>
            <Style id="1090">
                <LineStyle id="1091">
                    <color>ff008000</color>
                    <colorMode>normal</colorMode>
                    <width>3</width>
                </LineStyle>
            </Style>
            <Style id="1094">
                <LineStyle id="1095">
                    <color>ff008000</color>
                    <colorMode>normal</colorMode>
                    <width>3</width>
                </LineStyle>
            </Style>
            <name>2025-08-18 11:00</name>
            <Placemark id="857">
                <name>Rota 11:00</name>
                <styleUrl>#858</styleUrl>
                <LineString id="856">
                    <altitudeMode>clampToGround</altitudeMode>
                    <coordinates>9.94065,45.147345,0.0 9.940685,45.147355,0.0 9.9411716,45.1473533,0.0 9.9411783,45.1473383,0.0 9.9412016,45.1470783,0.0 9.9412166,45.1470683,0.0 9.9414466,45.1469583,0.0 9.94145,45.146945,0.0</coordinates>
                </LineString>
            </Placemark>
            <Placemark id="861">
                <name>Rota 11:01</name>
                <styleUrl>#862</styleUrl>
                <LineString id="860">
                    <altitudeMode>clampToGround</altitudeMode>
                    <coordinates>9.941365,45.1469283,0.0 9.9413616,45.1469266,0.0 9.9413616,45.1469333,0.0 9.9413616,45.146935,0.0 9.941375,45.1469666,0.0 9.94137,45.1469683,0.0 9.9413083,45.1469116,0.0 9.9412983,45.146905,0.0</coordinates>
                </LineString>
            </Placemark>
            <Placemark id="865">
                <name>Rota 11:02</name>
                <styleUrl>#866</styleUrl>
                <LineString id="864">
                    <altitudeMode>clampToGround</altitudeMode>
                    <coordinates>9.941275,45.1469133,0.0 9.9412783,45.1469216,0.0 9.9414566,45.146905,0.0 9.9414633,45.1469,0.0 9.9413583,45.1470466,0.0 9.9413416,45.1470716,0.0 9.94116,45.1472783,0.0 9.94116,45.1472783,0.0</coordinates>
                </LineString>
            </Placemark>
            <Placemark id="869">
                <name>Rota 11:03</name>
                <styleUrl>#870</styleUrl>
                <LineString id="868">
                    <altitudeMode>clampToGround</altitudeMode>
                    <coordinates>9.941265,45.1471316,0.0 9.9412483,45.14713,0.0 9.9411666,45.147135,0.0 9.9411533,45.1471366,0.0 9.9411733,45.1471633,0.0 9.9411766,45.147155,0.0 9.94114,45.1469233,0.0 9.9411183,45.1469,0.0</coordinates>
                </LineString>
            </Placemark>
            <Placemark id="873">
                <name>Rota 11:04</name>
                <styleUrl>#874</styleUrl>
                <LineString id="872">
                    <altitudeMode>clampToGround</altitudeMode>
                    <coordinates>9.9411116,45.1468716,0.0 9.94111,45.1468783,0.0 9.94104,45.14683,0.0 9.9410383,45.1468216,0.0 9.94114,45.1468683,0.0 9.9411516,45.14688,0.0 9.94121,45.14695,0.0 9.94121,45.1469533,0.0</coordinates>
                </LineString>
            </Placemark>
            <Placemark id="877">
                <name>Rota 11:05</name>
                <styleUrl>#878</styleUrl>
                <LineString id="876">
                    <altitudeMode>clampToGround</altitudeMode>
                    <coordinates>9.941255,45.14699,0.0 9.94126,45.1469933,0.0 9.9412183,45.1470083,0.0 9.9412183,45.1470133,0.0 9.9412516,45.1470883,0.0 9.9412633,45.147095,0.0 9.9412766,45.1470333,0.0 9.9412783,45.1470166,0.0</coordinates>
                </LineString>
            </Placemark>
            <Placemark id="881">
                <name>Rota 11:06</name>
                <styleUrl>#882</styleUrl>
                <LineString id="880">
                    <altitudeMode>clampToGround</altitudeMode>
                    <coordinates>9.94117,45.1468283,0.0 9.9411666,45.1468216,0.0 9.9411383,45.1468266,0.0 9.94114,45.14683,0.0 9.9412066,45.1468133,0.0 9.9411983,45.14681,0.0 9.941125,45.1467966,0.0 9.9411283,45.1468016,0.0</coordinates>
                </LineString>
            </Placemark>
            <Placemark id="885">
                <name>Rota 11:07</name>
                <styleUrl>#886</styleUrl>
                <LineString id="884">
                    <altitudeMode>clampToGround</altitudeMode>
                    <coordinates>9.9411166,45.1468,0.0 9.9411233,45.1467966,0.0 9.9410833,45.1467483,0.0 9.9410783,45.14675,0.0 9.9411333,45.1467733,0.0 9.9411333,45.1467733,0.0 9.9412916,45.1468316,0.0 9.9412916,45.1468316,0.0</coordinates>
                </LineString>
            </Placemark>
            <Placemark id="889">
                <name>Rota 11:08</name>
                <styleUrl>#890</styleUrl>
                <LineString id="888">
                    <altitudeMode>clampToGround</altitudeMode>
                    <coordinates>9.94126,45.1468233,0.0 9.9412616,45.1468266,0.0 9.9412316,45.14683,0.0 9.9412316,45.14683,0.0 9.941215,45.1467783,0.0 9.941215,45.1467783,0.0 9.941215,45.1467783,0.0 9.941215,45.1467783,0.0</coordinates>
                </LineString>
            </Placemark>
            <Placemark id="893">
                <name>Rota 11:09</name>
                <styleUrl>#894</styleUrl>
                <LineString id="892">
                    <altitudeMode>clampToGround</altitudeMode>
                    <coordinates>9.9411866,45.1467566,0.0 9.94119,45.146755,0.0 9.9412133,45.1467433,0.0 9.9412133,45.1467433,0.0 9.9412133,45.1467433,0.0 9.9412133,45.1467433,0.0 9.9411966,45.1467233,0.0 9.9412016,45.14672,0.0</coordinates>
                </LineString>
            </Placemark>
            <Placemark id="897">
                <name>Rota 11:10</name>
                <styleUrl>#898</styleUrl>
                <LineString id="896">
                    <altitudeMode>clampToGround</altitudeMode>
                    <coordinates>9.9412333,45.146715,0.0 9.9412333,45.146715,0.0 9.941255,45.1466933,0.0 9.941255,45.1466933,0.0 9.9413316,45.1466883,0.0 9.9413333,45.1466883,0.0 9.9412933,45.1467916,0.0 9.9412966,45.1468133,0.0</coordinates>
                </LineString>
            </Placemark>
            <Placemark id="901">
                <name>Rota 11:11</name>
                <styleUrl>#902</styleUrl>
                <LineString id="900">
                    <altitudeMode>clampToGround</altitudeMode>
                    <coordinates>9.94141,45.14699,0.0 9.94144,45.147,0.0 9.94166,45.1469433,0.0 9.941645,45.14694,0.0 9.9414016,45.1470766,0.0 9.9413783,45.1470883,0.0 9.9414033,45.1471616,0.0 9.9414133,45.1471566,0.0</coordinates>
                </LineString>
            </Placemark>
            <Placemark id="905">
                <name>Rota 11:12</name>
                <styleUrl>#906</styleUrl>
                <LineString id="904">
                    <altitudeMode>clampToGround</altitudeMode>
                    <coordinates>9.9413466,45.1471283,0.0 9.941325,45.1471316,0.0 9.9413033,45.1471033,0.0 9.9413033,45.1471033,0.0 9.9411633,45.1470433,0.0 9.9411483,45.1470283,0.0 9.9412183,45.14686,0.0 9.941205,45.1468516,0.0</coordinates>
                </LineString>
            </Placemark>
            <Placemark id="909">
                <name>Rota 11:13</name>
                <styleUrl>#910</styleUrl>
                <LineString id="908">
                    <altitudeMode>clampToGround</altitudeMode>
                    <coordinates>9.94118,45.1468666,0.0 9.94118,45.1468666,0.0 9.9413583,45.14677,0.0 9.941355,45.1467633,0.0 9.9413266,45.1466983,0.0 9.9413266,45.1466983,0.0 9.94134,45.1466866,0.0 9.9413466,45.1466916,0.0</coordinates>
                </LineString>
            </Placemark>
            <Placemark id="913">
                <name>Rota 11:14</name>
                <styleUrl>#914</styleUrl>
                <LineString id="912">
                    <altitudeMode>clampToGround</altitudeMode>
                    <coordinates>9.9414066,45.1467,0.0 9.9414,45.1467,0.0 9.9413666,45.146725,0.0 9.9413833,45.1467383,0.0 9.9416183,45.14676,0.0 9.9416383,45.146755,0.0 9.9418566,45.146695,0.0 9.9418533,45.1466933,0.0</coordinates>
                </LineString>
            </Placemark>
            <Placemark id="917">
                <name>Rota 11:15</name>
                <styleUrl>#918</styleUrl>
                <LineString id="916">
                    <altitudeMode>clampToGround</altitudeMode>
                    <coordinates>9.9418033,45.146735,0.0 9.9418,45.1467416,0.0 9.9417083,45.1468433,0.0 9.9417,45.1468433,0.0 9.9416,45.1468866,0.0 9.9415783,45.1469083,0.0 9.9415,45.14682,0.0 9.9414866,45.1468283,0.0</coordinates>
                </LineString>
            </Placemark>
            <Placemark id="921">
                <name>Rota 11:16</name>
                <styleUrl>#922</styleUrl>
                <LineString id="920">
                    <altitudeMode>clampToGround</altitudeMode>
                    <coordinates>9.9412266,45.1467716,0.0 9.9412083,45.1467683,0.0 9.940985,45.1468283,0.0 9.9409916,45.1468316,0.0 9.940995,45.1467833,0.0 9.9409833,45.1467733,0.0 9.9408166,45.1468566,0.0 9.940835,45.1468683,0.0</coordinates>
                </LineString>
            </Placemark>
            <Placemark id="925">
                <name>Rota 11:17</name>
                <styleUrl>#926</styleUrl>
                <LineString id="924">
                    <altitudeMode>clampToGround</altitudeMode>
                    <coordinates>9.9408883,45.1467866,0.0 9.940885,45.1467833,0.0 9.940915,45.1468316,0.0 9.9409133,45.1468266,0.0 9.9407866,45.1467416,0.0 9.940785,45.1467383,0.0 9.94069,45.1467966,0.0 9.9406766,45.1468066,0.0</coordinates>
                </LineString>
            </Placemark>
            <Placemark id="929">
                <name>Rota 11:18</name>
                <styleUrl>#930</styleUrl>
                <LineString id="928">
                    <altitudeMode>clampToGround</altitudeMode>
                    <coordinates>9.9409183,45.1468716,0.0 9.9409183,45.14685,0.0 9.940825,45.1467783,0.0 9.9408216,45.1467883,0.0 9.94087,45.1467933,0.0 9.9408816,45.1467883,0.0 9.94108,45.1466833,0.0 9.9410616,45.14669,0.0</coordinates>
                </LineString>
            </Placemark>
            <Placemark id="933">
                <name>Rota 11:19</name>
                <styleUrl>#934</styleUrl>
                <LineString id="932">
                    <altitudeMode>clampToGround</altitudeMode>
                    <coordinates>9.9409383,45.1467566,0.0 9.940945,45.146755,0.0 9.9410183,45.1467633,0.0 9.9410733,45.146745,0.0 9.9411083,45.146735,0.0 9.9411083,45.146725,0.0 9.94108,45.146685,0.0 9.94107,45.1466833,0.0</coordinates>
                </LineString>
            </Placemark>
            <Placemark id="937">
                <name>Rota 11:20</name>
                <styleUrl>#938</styleUrl>
                <LineString id="936">
                    <altitudeMode>clampToGround</altitudeMode>
                    <coordinates>9.9410766,45.14666,0.0 9.9410683,45.1466566,0.0 9.9411316,45.1466933,0.0 9.9411566,45.14671,0.0 9.94108,45.14665,0.0 9.94108,45.1466566,0.0 9.9411066,45.1466466,0.0 9.9411066,45.1466466,0.0</coordinates>
                </LineString>
            </Placemark>
            <Placemark id="941">
                <name>Rota 11:21</name>
                <styleUrl>#942</styleUrl>
                <LineString id="940">
                    <altitudeMode>clampToGround</altitudeMode>
                    <coordinates>9.941075,45.1467066,0.0 9.9410566,45.1467066,0.0 9.9410583,45.1467383,0.0 9.941075,45.1467333,0.0 9.9411183,45.146745,0.0 9.9411183,45.146745,0.0 9.941095,45.1467316,0.0 9.941095,45.1467316,0.0</coordinates>
                </LineString>
            </Placemark>
            <Placemark id="945">
                <name>Rota 11:22</name>
                <styleUrl>#946</styleUrl>
                <LineString id="944">
                    <altitudeMode>clampToGround</altitudeMode>
                    <coordinates>9.9410616,45.1467866,0.0 9.9410683,45.1468116,0.0 9.94112,45.1468833,0.0 9.94112,45.1468833,0.0 9.9411133,45.1465633,0.0 9.9411216,45.1465566,0.0 9.9410016,45.1465716,0.0 9.9410183,45.1465933,0.0</coordinates>
                </LineString>
            </Placemark>
            <Placemark id="949">
                <name>Rota 11:23</name>
                <styleUrl>#950</styleUrl>
                <LineString id="948">
                    <altitudeMode>clampToGround</altitudeMode>
                    <coordinates>9.9410266,45.14668,0.0 9.9410333,45.1466883,0.0 9.9410316,45.146845,0.0 9.94102,45.1468566,0.0 9.9410933,45.1469733,0.0 9.9410933,45.1469733,0.0 9.9409933,45.1470416,0.0 9.94102,45.1470533,0.0</coordinates>
                </LineString>
            </Placemark>
            <Placemark id="953">
                <name>Rota 11:24</name>
                <styleUrl>#954</styleUrl>
                <LineString id="952">
                    <altitudeMode>clampToGround</altitudeMode>
                    <coordinates>9.94104,45.1470266,0.0 9.9409166,45.1469733,0.0 9.9409516,45.1469816,0.0 9.94107,45.1470266,0.0 9.9410483,45.14703,0.0 9.940945,45.1470966,0.0 9.9409333,45.1471066,0.0</coordinates>
                </LineString>
            </Placemark>
            <Placemark id="957">
                <name>Rota 11:25</name>
                <styleUrl>#958</styleUrl>
                <LineString id="956">
                    <altitudeMode>clampToGround</altitudeMode>
                    <coordinates>9.9409833,45.1469466,0.0 9.9410866,45.1469766,0.0 9.9412333,45.1470083,0.0 9.9412016,45.1469966,0.0 9.9412866,45.146915,0.0 9.94129,45.1469066,0.0 9.9412116,45.1468116,0.0 9.9412166,45.1468033,0.0</coordinates>
                </LineString>
            </Placemark>
            <Placemark id="961">
                <name>Rota 11:26</name>
                <styleUrl>#962</styleUrl>
                <LineString id="960">
                    <altitudeMode>clampToGround</altitudeMode>
                    <coordinates>9.9413433,45.1467716,0.0 9.941355,45.14676,0.0 9.94122,45.14659,0.0 9.9412183,45.146585,0.0 9.941295,45.146665,0.0 9.9412866,45.1466683,0.0 9.9412483,45.1466933,0.0 9.9412533,45.14671,0.0</coordinates>
                </LineString>
            </Placemark>
            <Placemark id="965">
                <name>Rota 11:27</name>
                <styleUrl>#966</styleUrl>
                <LineString id="964">
                    <altitudeMode>clampToGround</altitudeMode>
                    <coordinates>9.9412083,45.14674,0.0 9.9412216,45.1467516,0.0 9.9411566,45.146685,0.0 9.9411566,45.1466816,0.0 9.9411866,45.1466983,0.0 9.9411983,45.1467283,0.0 9.941225,45.146735,0.0 9.9412116,45.1467216,0.0</coordinates>
                </LineString>
            </Placemark>
            <Placemark id="969">
                <name>Rota 11:28</name>
                <styleUrl>#970</styleUrl>
                <LineString id="968">
                    <altitudeMode>clampToGround</altitudeMode>
                    <coordinates>9.94115,45.1466866,0.0 9.941145,45.1466816,0.0 9.9411116,45.14666,0.0 9.9411116,45.14666,0.0 9.9411466,45.1466066,0.0 9.9411466,45.1466066,0.0 9.9412683,45.1466566,0.0 9.9412683,45.1466583,0.0</coordinates>
                </LineString>
            </Placemark>
            <Placemark id="973">
                <name>Rota 11:29</name>
                <styleUrl>#974</styleUrl>
                <LineString id="972">
                    <altitudeMode>clampToGround</altitudeMode>
                    <coordinates>9.9413133,45.1466966,0.0 9.9413,45.14669,0.0 9.94124,45.146755,0.0 9.94123,45.146755,0.0 9.9412183,45.146755,0.0 9.9412183,45.146755,0.0 9.9413133,45.1468283,0.0 9.941325,45.146835,0.0</coordinates>
                </LineString>
            </Placemark>
            <Placemark id="977">
                <name>Rota 11:30</name>
                <styleUrl>#978</styleUrl>
                <LineString id="976">
                    <altitudeMode>clampToGround</altitudeMode>
                    <coordinates>9.941245,45.146775,0.0 9.9412566,45.1467766,0.0 9.94126,45.14675,0.0 9.9412733,45.1467283,0.0 9.941255,45.14668,0.0 9.9412466,45.1466766,0.0 9.941175,45.1467016,0.0 9.94117,45.14671,0.0</coordinates>
                </LineString>
            </Placemark>
            <Placemark id="981">
                <name>Rota 11:31</name>
                <styleUrl>#982</styleUrl>
                <LineString id="980">
                    <altitudeMode>clampToGround</altitudeMode>
                    <coordinates>9.9410683,45.1466966,0.0 9.9410716,45.1467033,0.0 9.9411033,45.14685,0.0 9.941045,45.146845,0.0 9.9413983,45.1470616,0.0 9.9414216,45.1470633,0.0 9.94135,45.1469916,0.0 9.9413266,45.14698,0.0</coordinates>
                </LineString>
            </Placemark>
            <Placemark id="985">
                <name>Rota 11:32</name>
                <styleUrl>#986</styleUrl>
                <LineString id="984">
                    <altitudeMode>clampToGround</altitudeMode>
                    <coordinates>9.9413466,45.147045,0.0 9.941355,45.147055,0.0 9.94147,45.1470783,0.0 9.9412366,45.1469933,0.0 9.9412483,45.1469983,0.0 9.9414083,45.1470016,0.0 9.9414116,45.146995,0.0</coordinates>
                </LineString>
            </Placemark>
            <Placemark id="989">
                <name>Rota 11:33</name>
                <styleUrl>#990</styleUrl>
                <LineString id="988">
                    <altitudeMode>clampToGround</altitudeMode>
                    <coordinates>9.941365,45.14694,0.0 9.9413316,45.1469283,0.0 9.9412166,45.1468333,0.0 9.941215,45.1468266,0.0 9.94121,45.146825,0.0 9.94121,45.146825,0.0 9.9412316,45.1467516,0.0 9.9412183,45.1467483,0.0</coordinates>
                </LineString>
            </Placemark>
            <Placemark id="993">
                <name>Rota 11:34</name>
                <styleUrl>#994</styleUrl>
                <LineString id="992">
                    <altitudeMode>clampToGround</altitudeMode>
                    <coordinates>9.94115,45.146695,0.0 9.94115,45.146695,0.0 9.9410866,45.1466383,0.0 9.9410966,45.146645,0.0 9.941185,45.14674,0.0 9.941175,45.1467416,0.0 9.9412233,45.1467433,0.0 9.9412383,45.14675,0.0</coordinates>
                </LineString>
            </Placemark>
            <Placemark id="997">
                <name>Rota 11:35</name>
                <styleUrl>#998</styleUrl>
                <LineString id="996">
                    <altitudeMode>clampToGround</altitudeMode>
                    <coordinates>9.9413283,45.14676,0.0 9.94133,45.1467566,0.0 9.9412983,45.1467466,0.0 9.9412833,45.1467466,0.0 9.9412783,45.14678,0.0 9.9412716,45.1467783,0.0 9.94117,45.1466983,0.0 9.9411666,45.1466916,0.0</coordinates>
                </LineString>
            </Placemark>
            <Placemark id="1001">
                <name>Rota 11:36</name>
                <styleUrl>#1002</styleUrl>
                <LineString id="1000">
                    <altitudeMode>clampToGround</altitudeMode>
                    <coordinates>9.9412066,45.146615,0.0 9.9412033,45.1466116,0.0 9.941135,45.1466566,0.0 9.9411383,45.1466583,0.0 9.9411966,45.1466933,0.0 9.9411966,45.1466933,0.0 9.9412283,45.1466933,0.0 9.941225,45.1466916,0.0</coordinates>
                </LineString>
            </Placemark>
            <Placemark id="1005">
                <name>Rota 11:37</name>
                <styleUrl>#1006</styleUrl>
                <LineString id="1004">
                    <altitudeMode>clampToGround</altitudeMode>
                    <coordinates>9.9411783,45.1467083,0.0 9.9411666,45.14671,0.0 9.941235,45.14675,0.0 9.941225,45.1467466,0.0 9.9411783,45.146745,0.0 9.9411866,45.1467583,0.0 9.94114,45.1468616,0.0 9.9411333,45.1468683,0.0</coordinates>
                </LineString>
            </Placemark>
            <Placemark id="1009">
                <name>Rota 11:38</name>
                <styleUrl>#1010</styleUrl>
                <LineString id="1008">
                    <altitudeMode>clampToGround</altitudeMode>
                    <coordinates>9.9410133,45.1468633,0.0 9.9410133,45.1468633,0.0 9.9409966,45.1468166,0.0 9.941035,45.1468266,0.0 9.9410783,45.1467133,0.0 9.9410816,45.1467033,0.0 9.94134,45.1469483,0.0 9.9413483,45.1469616,0.0</coordinates>
                </LineString>
            </Placemark>
            <Placemark id="1013">
                <name>Rota 11:39</name>
                <styleUrl>#1014</styleUrl>
                <LineString id="1012">
                    <altitudeMode>clampToGround</altitudeMode>
                    <coordinates>9.9411166,45.1470433,0.0 9.9411,45.1470516,0.0 9.9410683,45.14734,0.0 9.941045,45.1473566,0.0 9.9412816,45.14739,0.0 9.9413066,45.1474,0.0 9.9413133,45.1474633,0.0 9.9413333,45.1474633,0.0</coordinates>
                </LineString>
            </Placemark>
            <Placemark id="1017">
                <name>Rota 11:40</name>
                <styleUrl>#1018</styleUrl>
                <LineString id="1016">
                    <altitudeMode>clampToGround</altitudeMode>
                    <coordinates>9.9412466,45.1475183,0.0 9.9412366,45.1475383,0.0 9.9412266,45.1475866,0.0 9.9412316,45.14759,0.0 9.941275,45.14768,0.0 9.94127,45.1476666,0.0 9.9412066,45.147575,0.0 9.9412016,45.1475716,0.0</coordinates>
                </LineString>
            </Placemark>
            <Placemark id="1021">
                <name>Rota 11:41</name>
                <styleUrl>#1022</styleUrl>
                <LineString id="1020">
                    <altitudeMode>clampToGround</altitudeMode>
                    <coordinates>9.9412516,45.1474166,0.0 9.94127,45.1474033,0.0 9.9415216,45.147145,0.0 9.9415733,45.1471733,0.0 9.94146,45.1470183,0.0 9.941435,45.1469833,0.0 9.9414233,45.1469283,0.0 9.9414233,45.1469283,0.0</coordinates>
                </LineString>
            </Placemark>
            <Placemark id="1025">
                <name>Rota 11:42</name>
                <styleUrl>#1026</styleUrl>
                <LineString id="1024">
                    <altitudeMode>clampToGround</altitudeMode>
                    <coordinates>9.9414716,45.146895,0.0 9.94147,45.1468916,0.0 9.9414283,45.1468683,0.0 9.9414083,45.1468733,0.0 9.9412083,45.1468933,0.0 9.9412033,45.146895,0.0 9.9412316,45.1468083,0.0 9.9412366,45.1468083,0.0</coordinates>
                </LineString>
            </Placemark>
            <Placemark id="1029">
                <name>Rota 11:43</name>
                <styleUrl>#1030</styleUrl>
                <LineString id="1028">
                    <altitudeMode>clampToGround</altitudeMode>
                    <coordinates>9.9412966,45.14681,0.0 9.9412966,45.1468066,0.0 9.9411016,45.14678,0.0 9.9410933,45.1467883,0.0 9.94099,45.146575,0.0 9.9409783,45.1465716,0.0 9.9409016,45.1465966,0.0 9.9408933,45.146605,0.0</coordinates>
                </LineString>
            </Placemark>
            <Placemark id="1033">
                <name>Rota 11:44</name>
                <styleUrl>#1034</styleUrl>
                <LineString id="1032">
                    <altitudeMode>clampToGround</altitudeMode>
                    <coordinates>9.940825,45.1465983,0.0 9.9408433,45.146615,0.0 9.9410966,45.1467066,0.0 9.94109,45.1467033,0.0 9.9409583,45.1466416,0.0 9.94095,45.1466383,0.0 9.9409016,45.1466283,0.0 9.9409016,45.1466283,0.0</coordinates>
                </LineString>
            </Placemark>
            <Placemark id="1037">
                <name>Rota 11:45</name>
                <styleUrl>#1038</styleUrl>
                <LineString id="1036">
                    <altitudeMode>clampToGround</altitudeMode>
                    <coordinates>9.9409066,45.1466116,0.0 9.9409066,45.1466116,0.0 9.940935,45.146625,0.0 9.940935,45.14662,0.0 9.9409533,45.1466016,0.0 9.9409566,45.1466033,0.0 9.9409333,45.146485,0.0 9.9409383,45.1464916,0.0</coordinates>
                </LineString>
            </Placemark>
            <Placemark id="1041">
                <name>Rota 11:46</name>
                <styleUrl>#1042</styleUrl>
                <LineString id="1040">
                    <altitudeMode>clampToGround</altitudeMode>
                    <coordinates>9.9409566,45.1465116,0.0 9.9409566,45.1465116,0.0 9.9410266,45.146605,0.0 9.9410266,45.1466133,0.0 9.941,45.1466333,0.0 9.941,45.1466333,0.0 9.9408766,45.1465783,0.0 9.9408966,45.1465966,0.0</coordinates>
                </LineString>
            </Placemark>
            <Placemark id="1045">
                <name>Rota 11:47</name>
                <styleUrl>#1046</styleUrl>
                <LineString id="1044">
                    <altitudeMode>clampToGround</altitudeMode>
                    <coordinates>9.9410216,45.1466216,0.0 9.94101,45.1466283,0.0 9.9410266,45.1466533,0.0 9.9410316,45.146655,0.0 9.9410783,45.1466366,0.0 9.9410766,45.146635,0.0 9.9411066,45.1466566,0.0 9.9410983,45.146645,0.0</coordinates>
                </LineString>
            </Placemark>
            <Placemark id="1049">
                <name>Rota 11:48</name>
                <styleUrl>#1050</styleUrl>
                <LineString id="1048">
                    <altitudeMode>clampToGround</altitudeMode>
                    <coordinates>9.9411566,45.1466883,0.0 9.9411816,45.1466883,0.0 9.9415116,45.146695,0.0 9.9415183,45.1467033,0.0 9.9412033,45.147055,0.0 9.9411766,45.1470516,0.0 9.9409333,45.14702,0.0 9.9409166,45.1470066,0.0</coordinates>
                </LineString>
            </Placemark>
            <Placemark id="1053">
                <name>Rota 11:49</name>
                <styleUrl>#1054</styleUrl>
                <LineString id="1052">
                    <altitudeMode>clampToGround</altitudeMode>
                    <coordinates>9.9409433,45.14696,0.0 9.9409483,45.1469583,0.0 9.9409016,45.146935,0.0 9.9409783,45.14661,0.0 9.9409783,45.1466,0.0 9.9411166,45.1464533,0.0 9.9411316,45.1464483,0.0</coordinates>
                </LineString>
            </Placemark>
            <Placemark id="1057">
                <name>Rota 11:50</name>
                <styleUrl>#1058</styleUrl>
                <LineString id="1056">
                    <altitudeMode>clampToGround</altitudeMode>
                    <coordinates>9.9410366,45.1463633,0.0 9.94102,45.1463483,0.0 9.940995,45.146395,0.0 9.9409916,45.1464083,0.0 9.940875,45.1466116,0.0 9.9408416,45.1466416,0.0 9.9407133,45.1469333,0.0 9.9406716,45.14696,0.0</coordinates>
                </LineString>
            </Placemark>
            <Placemark id="1061">
                <name>Rota 11:51</name>
                <styleUrl>#1062</styleUrl>
                <LineString id="1060">
                    <altitudeMode>clampToGround</altitudeMode>
                    <coordinates>9.9404566,45.14721,0.0 9.9404416,45.1472033,0.0 9.9406216,45.146955,0.0 9.94064,45.1469366,0.0 9.940875,45.1465916,0.0 9.94087,45.14658,0.0 9.9409083,45.14656,0.0 9.9409066,45.1465683,0.0</coordinates>
                </LineString>
            </Placemark>
            <Placemark id="1065">
                <name>Rota 11:52</name>
                <styleUrl>#1066</styleUrl>
                <LineString id="1064">
                    <altitudeMode>clampToGround</altitudeMode>
                    <coordinates>9.9408533,45.1466783,0.0 9.9408533,45.1466783,0.0 9.9409283,45.1467016,0.0 9.940935,45.146695,0.0 9.941065,45.14678,0.0 9.9410883,45.1468016,0.0 9.94108,45.1466933,0.0 9.9410783,45.1466783,0.0</coordinates>
                </LineString>
            </Placemark>
            <Placemark id="1069">
                <name>Rota 11:53</name>
                <styleUrl>#1070</styleUrl>
                <LineString id="1068">
                    <altitudeMode>clampToGround</altitudeMode>
                    <coordinates>9.9410866,45.1466033,0.0 9.941085,45.1466016,0.0 9.9410916,45.14662,0.0 9.9410833,45.1466116,0.0 9.9410733,45.1467083,0.0 9.9410733,45.1467083,0.0 9.941035,45.146795,0.0 9.9410283,45.1467833,0.0</coordinates>
                </LineString>
            </Placemark>
            <Placemark id="1073">
                <name>Rota 11:54</name>
                <styleUrl>#1074</styleUrl>
                <LineString id="1072">
                    <altitudeMode>clampToGround</altitudeMode>
                    <coordinates>9.9408383,45.1468333,0.0 9.9408233,45.14684,0.0 9.9409416,45.14694,0.0 9.9409433,45.1469266,0.0 9.94097,45.1468683,0.0 9.9409383,45.1469633,0.0 9.94096,45.14706,0.0 9.940955,45.1470783,0.0</coordinates>
                </LineString>
            </Placemark>
            <Placemark id="1077">
                <name>Rota 11:55</name>
                <styleUrl>#1078</styleUrl>
                <LineString id="1076">
                    <altitudeMode>clampToGround</altitudeMode>
                    <coordinates>9.940985,45.14708,0.0 9.9410316,45.1470266,0.0 9.9413316,45.1471116,0.0 9.9413383,45.1471183,0.0 9.94135,45.14707,0.0 9.9413383,45.1470383,0.0</coordinates>
                </LineString>
            </Placemark>
            <Placemark id="1081">
                <name>Rota 11:56</name>
                <styleUrl>#1082</styleUrl>
                <LineString id="1080">
                    <altitudeMode>clampToGround</altitudeMode>
                    <coordinates>9.941265,45.14708,0.0 9.9412683,45.147075,0.0 9.94122,45.14707,0.0 9.9411766,45.14718,0.0 9.9411383,45.14722,0.0 9.941195,45.14726,0.0 9.9411983,45.14725,0.0</coordinates>
                </LineString>
            </Placemark>
            <Placemark id="1085">
                <name>Rota 11:57</name>
                <styleUrl>#1086</styleUrl>
                <LineString id="1084">
                    <altitudeMode>clampToGround</altitudeMode>
                    <coordinates>9.9412183,45.14717,0.0 9.9412216,45.147165,0.0 9.9412966,45.147145,0.0 9.9412733,45.14715,0.0 9.9410966,45.14705,0.0 9.9410783,45.1470433,0.0 9.94101,45.1468233,0.0 9.9410133,45.14682,0.0</coordinates>
                </LineString>
            </Placemark>
            <Placemark id="1089">
                <name>Rota 11:58</name>
                <styleUrl>#1090</styleUrl>
                <LineString id="1088">
                    <altitudeMode>clampToGround</altitudeMode>
                    <coordinates>9.9410216,45.1467283,0.0 9.9410316,45.14673,0.0 9.941065,45.1467416,0.0 9.9410666,45.14674,0.0 9.9410883,45.1467016,0.0 9.94109,45.1466983,0.0 9.9411383,45.1466583,0.0 9.9411416,45.1466616,0.0</coordinates>
                </LineString>
            </Placemark>
            <Placemark id="1093">
                <name>Rota 11:59</name>
                <styleUrl>#1094</styleUrl>
                <LineString id="1092">
                    <altitudeMode>clampToGround</altitudeMode>
                    <coordinates>9.9410816,45.14664,0.0 9.9410783,45.1466366,0.0 9.9410716,45.146615,0.0 9.9410716,45.146615,0.0 9.9411133,45.1465316,0.0 9.9411166,45.1465316,0.0 9.9410983,45.1465366,0.0 9.9410983,45.1465366,0.0</coordinates>
                </LineString>
            </Placemark>
        </Folder>
        <Folder id="1096">
            <Style id="1099">
                <LineStyle id="1100">
                    <color>ff008000</color>
                    <colorMode>normal</colorMode>
                    <width>3</width>
                </LineStyle>
            </Style>
            <Style id="1103">
                <LineStyle id="1104">
                    <color>ff008000</color>
                    <colorMode>normal</colorMode>
                    <width>3</width>
                </LineStyle>
            </Style>
            <Style id="1107">
                <LineStyle id="1108">
                    <color>ff008000</color>
                    <colorMode>normal</colorMode>
                    <width>3</width>
                </LineStyle>
            </Style>
            <Style id="1111">
                <LineStyle id="1112">
                    <color>ff008000</color>
                    <colorMode>normal</colorMode>
                    <width>3</width>
                </LineStyle>
            </Style>
            <Style id="1115">
                <LineStyle id="1116">
                    <color>ff008000</color>
                    <colorMode>normal</colorMode>
                    <width>3</width>
                </LineStyle>
            </Style>
            <Style id="1119">
                <LineStyle id="1120">
                    <color>ff008000</color>
                    <colorMode>normal</colorMode>
                    <width>3</width>
                </LineStyle>
            </Style>
            <Style id="1123">
                <LineStyle id="1124">
                    <color>ff008000</color>
                    <colorMode>normal</colorMode>
                    <width>3</width>
                </LineStyle>
            </Style>
            <Style id="1127">
                <LineStyle id="1128">
                    <color>ff008000</color>
                    <colorMode>normal</colorMode>
                    <width>3</width>
                </LineStyle>
            </Style>
            <Style id="1131">
                <LineStyle id="1132">
                    <color>ff008000</color>
                    <colorMode>normal</colorMode>
                    <width>3</width>
                </LineStyle>
            </Style>
            <Style id="1135">
                <LineStyle id="1136">
                    <color>ff008000</color>
                    <colorMode>normal</colorMode>
                    <width>3</width>
                </LineStyle>
            </Style>
            <Style id="1139">
                <LineStyle id="1140">
                    <color>ff008000</color>
                    <colorMode>normal</colorMode>
                    <width>3</width>
                </LineStyle>
            </Style>
            <Style id="1143">
                <LineStyle id="1144">
                    <color>ff008000</color>
                    <colorMode>normal</colorMode>
                    <width>3</width>
                </LineStyle>
            </Style>
            <Style id="1147">
                <LineStyle id="1148">
                    <color>ff008000</color>
                    <colorMode>normal</colorMode>
                    <width>3</width>
                </LineStyle>
            </Style>
            <Style id="1151">
                <LineStyle id="1152">
                    <color>ff008000</color>
                    <colorMode>normal</colorMode>
                    <width>3</width>
                </LineStyle>
            </Style>
            <Style id="1155">
                <LineStyle id="1156">
                    <color>ff008000</color>
                    <colorMode>normal</colorMode>
                    <width>3</width>
                </LineStyle>
            </Style>
            <Style id="1159">
                <LineStyle id="1160">
                    <color>ff008000</color>
                    <colorMode>normal</colorMode>
                    <width>3</width>
                </LineStyle>
            </Style>
            <Style id="1163">
                <LineStyle id="1164">
                    <color>ff008000</color>
                    <colorMode>normal</colorMode>
                    <width>3</width>
                </LineStyle>
            </Style>
            <Style id="1167">
                <LineStyle id="1168">
                    <color>ff008000</color>
                    <colorMode>normal</colorMode>
                    <width>3</width>
                </LineStyle>
            </Style>
            <Style id="1171">
                <LineStyle id="1172">
                    <color>ff008000</color>
                    <colorMode>normal</colorMode>
                    <width>3</width>
                </LineStyle>
            </Style>
            <Style id="1175">
                <LineStyle id="1176">
                    <color>ff008000</color>
                    <colorMode>normal</colorMode>
                    <width>3</width>
                </LineStyle>
            </Style>
            <Style id="1179">
                <LineStyle id="1180">
                    <color>ff008000</color>
                    <colorMode>normal</colorMode>
                    <width>3</width>
                </LineStyle>
            </Style>
            <Style id="1183">
                <LineStyle id="1184">
                    <color>ff008000</color>
                    <colorMode>normal</colorMode>
                    <width>3</width>
                </LineStyle>
            </Style>
            <Style id="1187">
                <LineStyle id="1188">
                    <color>ff008000</color>
                    <colorMode>normal</colorMode>
                    <width>3</width>
                </LineStyle>
            </Style>
            <Style id="1191">
                <LineStyle id="1192">
                    <color>ff008000</color>
                    <colorMode>normal</colorMode>
                    <width>3</width>
                </LineStyle>
            </Style>
            <Style id="1195">
                <LineStyle id="1196">
                    <color>ff008000</color>
                    <colorMode>normal</colorMode>
                    <width>3</width>
                </LineStyle>
            </Style>
            <Style id="1199">
                <LineStyle id="1200">
                    <color>ff008000</color>
                    <colorMode>normal</colorMode>
                    <width>3</width>
                </LineStyle>
            </Style>
            <Style id="1203">
                <LineStyle id="1204">
                    <color>ff008000</color>
                    <colorMode>normal</colorMode>
                    <width>3</width>
                </LineStyle>
            </Style>
            <Style id="1207">
                <LineStyle id="1208">
                    <color>ff008000</color>
                    <colorMode>normal</colorMode>
                    <width>3</width>
                </LineStyle>
            </Style>
            <Style id="1211">
                <LineStyle id="1212">
                    <color>ff008000</color>
                    <colorMode>normal</colorMode>
                    <width>3</width>
                </LineStyle>
            </Style>
            <Style id="1215">
                <LineStyle id="1216">
                    <color>ff008000</color>
                    <colorMode>normal</colorMode>
                    <width>3</width>
                </LineStyle>
            </Style>
            <Style id="1219">
                <LineStyle id="1220">
                    <color>ff008000</color>
                    <colorMode>normal</colorMode>
                    <width>3</width>
                </LineStyle>
            </Style>
            <Style id="1223">
                <LineStyle id="1224">
                    <color>ff008000</color>
                    <colorMode>normal</colorMode>
                    <width>3</width>
                </LineStyle>
            </Style>
            <Style id="1227">
                <LineStyle id="1228">
                    <color>ff008000</color>
                    <colorMode>normal</colorMode>
                    <width>3</width>
                </LineStyle>
            </Style>
            <Style id="1231">
                <LineStyle id="1232">
                    <color>ff008000</color>
                    <colorMode>normal</colorMode>
                    <width>3</width>
                </LineStyle>
            </Style>
            <Style id="1235">
                <LineStyle id="1236">
                    <color>ff008000</color>
                    <colorMode>normal</colorMode>
                    <width>3</width>
                </LineStyle>
            </Style>
            <Style id="1239">
                <LineStyle id="1240">
                    <color>ff008000</color>
                    <colorMode>normal</colorMode>
                    <width>3</width>
                </LineStyle>
            </Style>
            <Style id="1243">
                <LineStyle id="1244">
                    <color>ff008000</color>
                    <colorMode>normal</colorMode>
                    <width>3</width>
                </LineStyle>
            </Style>
            <Style id="1247">
                <LineStyle id="1248">
                    <color>ff008000</color>
                    <colorMode>normal</colorMode>
                    <width>3</width>
                </LineStyle>
            </Style>
            <Style id="1251">
                <LineStyle id="1252">
                    <color>ff008000</color>
                    <colorMode>normal</colorMode>
                    <width>3</width>
                </LineStyle>
            </Style>
            <Style id="1255">
                <LineStyle id="1256">
                    <color>ff008000</color>
                    <colorMode>normal</colorMode>
                    <width>3</width>
                </LineStyle>
            </Style>
            <Style id="1259">
                <LineStyle id="1260">
                    <color>ff008000</color>
                    <colorMode>normal</colorMode>
                    <width>3</width>
                </LineStyle>
            </Style>
            <Style id="1263">
                <LineStyle id="1264">
                    <color>ff008000</color>
                    <colorMode>normal</colorMode>
                    <width>3</width>
                </LineStyle>
            </Style>
            <Style id="1267">
                <LineStyle id="1268">
                    <color>ff008000</color>
                    <colorMode>normal</colorMode>
                    <width>3</width>
                </LineStyle>
            </Style>
            <Style id="1271">
                <LineStyle id="1272">
                    <color>ff008000</color>
                    <colorMode>normal</colorMode>
                    <width>3</width>
                </LineStyle>
            </Style>
            <Style id="1275">
                <LineStyle id="1276">
                    <color>ff008000</color>
                    <colorMode>normal</colorMode>
                    <width>3</width>
                </LineStyle>
            </Style>
            <Style id="1279">
                <LineStyle id="1280">
                    <color>ff008000</color>
                    <colorMode>normal</colorMode>
                    <width>3</width>
                </LineStyle>
            </Style>
            <Style id="1283">
                <LineStyle id="1284">
                    <color>ff008000</color>
                    <colorMode>normal</colorMode>
                    <width>3</width>
                </LineStyle>
            </Style>
            <Style id="1287">
                <LineStyle id="1288">
                    <color>ff008000</color>
                    <colorMode>normal</colorMode>
                    <width>3</width>
                </LineStyle>
            </Style>
            <name>2025-08-18 12:00</name>
            <Placemark id="1098">
                <name>Rota 12:00</name>
                <styleUrl>#1099</styleUrl>
                <LineString id="1097">
                    <altitudeMode>clampToGround</altitudeMode>
                    <coordinates>9.9410983,45.1465366,0.0 9.9410983,45.1465366,0.0 9.94105,45.14666,0.0 9.94105,45.14666,0.0 9.941,45.1467416,0.0 9.941,45.146735,0.0 9.9411033,45.1466833,0.0 9.9411133,45.146685,0.0</coordinates>
                </LineString>
            </Placemark>
            <Placemark id="1102">
                <name>Rota 12:01</name>
                <styleUrl>#1103</styleUrl>
                <LineString id="1101">
                    <altitudeMode>clampToGround</altitudeMode>
                    <coordinates>9.9411216,45.14668,0.0 9.94112,45.14668,0.0 9.9411033,45.1466566,0.0 9.9411033,45.1466566,0.0 9.941095,45.1466866,0.0 9.9410916,45.1467,0.0 9.9410633,45.146765,0.0 9.94106,45.1467733,0.0</coordinates>
                </LineString>
            </Placemark>
            <Placemark id="1106">
                <name>Rota 12:02</name>
                <styleUrl>#1107</styleUrl>
                <LineString id="1105">
                    <altitudeMode>clampToGround</altitudeMode>
                    <coordinates>9.9410683,45.1468233,0.0 9.9410816,45.146815,0.0 9.941075,45.1468216,0.0 9.9410766,45.1468183,0.0 9.9410633,45.1467866,0.0 9.941065,45.14678,0.0 9.9410583,45.1467266,0.0 9.9410516,45.1467233,0.0</coordinates>
                </LineString>
            </Placemark>
            <Placemark id="1110">
                <name>Rota 12:03</name>
                <styleUrl>#1111</styleUrl>
                <LineString id="1109">
                    <altitudeMode>clampToGround</altitudeMode>
                    <coordinates>9.9411066,45.1467333,0.0 9.9411083,45.1467383,0.0 9.9411066,45.14675,0.0 9.9411083,45.14675,0.0 9.9411016,45.1467533,0.0 9.9411016,45.1467633,0.0 9.941105,45.14677,0.0 9.941105,45.1467683,0.0</coordinates>
                </LineString>
            </Placemark>
            <Placemark id="1114">
                <name>Rota 12:04</name>
                <styleUrl>#1115</styleUrl>
                <LineString id="1113">
                    <altitudeMode>clampToGround</altitudeMode>
                    <coordinates>9.9411233,45.146705,0.0 9.9411233,45.146705,0.0 9.9411233,45.146705,0.0 9.9411233,45.146705,0.0 9.9411216,45.14668,0.0 9.9411216,45.14668,0.0 9.9410483,45.1467833,0.0 9.94105,45.1467816,0.0</coordinates>
                </LineString>
            </Placemark>
            <Placemark id="1118">
                <name>Rota 12:05</name>
                <styleUrl>#1119</styleUrl>
                <LineString id="1117">
                    <altitudeMode>clampToGround</altitudeMode>
                    <coordinates>9.9410183,45.1467766,0.0 9.9410183,45.1467766,0.0 9.9409916,45.1468333,0.0 9.9409933,45.146835,0.0 9.94096,45.1468533,0.0 9.94096,45.146855,0.0 9.94101,45.1469216,0.0 9.9410066,45.146925,0.0</coordinates>
                </LineString>
            </Placemark>
            <Placemark id="1122">
                <name>Rota 12:06</name>
                <styleUrl>#1123</styleUrl>
                <LineString id="1121">
                    <altitudeMode>clampToGround</altitudeMode>
                    <coordinates>9.9410133,45.1469133,0.0 9.9410283,45.14691,0.0 9.9410533,45.1467183,0.0 9.9410483,45.1467166,0.0 9.9410366,45.1467483,0.0 9.9410366,45.1467333,0.0 9.941075,45.1466583,0.0 9.941075,45.14665,0.0</coordinates>
                </LineString>
            </Placemark>
            <Placemark id="1126">
                <name>Rota 12:07</name>
                <styleUrl>#1127</styleUrl>
                <LineString id="1125">
                    <altitudeMode>clampToGround</altitudeMode>
                    <coordinates>9.9410883,45.1466316,0.0 9.941095,45.1466283,0.0 9.9411216,45.1466083,0.0 9.941125,45.1466033,0.0 9.9411366,45.14662,0.0 9.941135,45.14663,0.0 9.94114,45.1466816,0.0 9.94114,45.1466816,0.0</coordinates>
                </LineString>
            </Placemark>
            <Placemark id="1130">
                <name>Rota 12:08</name>
                <styleUrl>#1131</styleUrl>
                <LineString id="1129">
                    <altitudeMode>clampToGround</altitudeMode>
                    <coordinates>9.9411,45.146735,0.0 9.941095,45.14674,0.0 9.941075,45.1467466,0.0 9.941075,45.1467466,0.0 9.941075,45.1467466,0.0 9.941075,45.1467466,0.0 9.941075,45.1467466,0.0 9.941075,45.1467466,0.0</coordinates>
                </LineString>
            </Placemark>
            <Placemark id="1134">
                <name>Rota 12:09</name>
                <styleUrl>#1135</styleUrl>
                <LineString id="1133">
                    <altitudeMode>clampToGround</altitudeMode>
                    <coordinates>9.9410466,45.146795,0.0 9.9410466,45.1468116,0.0 9.9410833,45.1467733,0.0 9.941085,45.1467633,0.0 9.9410483,45.1468033,0.0 9.941045,45.1468033,0.0 9.9410716,45.1468,0.0 9.9410666,45.14682,0.0</coordinates>
                </LineString>
            </Placemark>
            <Placemark id="1138">
                <name>Rota 12:10</name>
                <styleUrl>#1139</styleUrl>
                <LineString id="1137">
                    <altitudeMode>clampToGround</altitudeMode>
                    <coordinates>9.94101,45.1468916,0.0 9.9410116,45.14689,0.0 9.9410666,45.14679,0.0 9.94107,45.1467883,0.0 9.9410983,45.146715,0.0 9.9411033,45.1467033,0.0 9.94112,45.14662,0.0 9.94112,45.14662,0.0</coordinates>
                </LineString>
            </Placemark>
            <Placemark id="1142">
                <name>Rota 12:11</name>
                <styleUrl>#1143</styleUrl>
                <LineString id="1141">
                    <altitudeMode>clampToGround</altitudeMode>
                    <coordinates>9.9410933,45.146665,0.0 9.941095,45.14667,0.0 9.9410733,45.1466966,0.0 9.9410716,45.1467066,0.0 9.9410716,45.14668,0.0 9.9410766,45.1466683,0.0 9.9411466,45.1464816,0.0 9.94114,45.146475,0.0</coordinates>
                </LineString>
            </Placemark>
            <Placemark id="1146">
                <name>Rota 12:12</name>
                <styleUrl>#1147</styleUrl>
                <LineString id="1145">
                    <altitudeMode>clampToGround</altitudeMode>
                    <coordinates>9.94111,45.1465116,0.0 9.94111,45.1465116,0.0 9.9411416,45.1466316,0.0 9.9411416,45.1466316,0.0 9.9411416,45.1466316,0.0 9.9411416,45.1466316,0.0 9.941215,45.14658,0.0 9.9412133,45.1465883,0.0</coordinates>
                </LineString>
            </Placemark>
            <Placemark id="1150">
                <name>Rota 12:13</name>
                <styleUrl>#1151</styleUrl>
                <LineString id="1149">
                    <altitudeMode>clampToGround</altitudeMode>
                    <coordinates>9.9411483,45.1466416,0.0 9.9411516,45.1466316,0.0 9.9411533,45.1466266,0.0 9.9411533,45.1466266,0.0 9.9411566,45.1465233,0.0 9.9411566,45.1465233,0.0 9.9411316,45.146605,0.0 9.941125,45.1466133,0.0</coordinates>
                </LineString>
            </Placemark>
            <Placemark id="1154">
                <name>Rota 12:14</name>
                <styleUrl>#1155</styleUrl>
                <LineString id="1153">
                    <altitudeMode>clampToGround</altitudeMode>
                    <coordinates>9.9410933,45.1466983,0.0 9.9410933,45.1466983,0.0 9.94109,45.1466783,0.0 9.9410883,45.1466616,0.0 9.9410933,45.1466583,0.0 9.9410933,45.1466583,0.0 9.9410916,45.1466083,0.0 9.9410916,45.1466083,0.0</coordinates>
                </LineString>
            </Placemark>
            <Placemark id="1158">
                <name>Rota 12:15</name>
                <styleUrl>#1159</styleUrl>
                <LineString id="1157">
                    <altitudeMode>clampToGround</altitudeMode>
                    <coordinates>9.9411016,45.1466083,0.0 9.9411016,45.1466083,0.0 9.9411066,45.1466516,0.0 9.9411066,45.1466516,0.0 9.9410666,45.1468566,0.0 9.9410633,45.1468416,0.0 9.9410916,45.146825,0.0 9.941095,45.14683,0.0</coordinates>
                </LineString>
            </Placemark>
            <Placemark id="1162">
                <name>Rota 12:16</name>
                <styleUrl>#1163</styleUrl>
                <LineString id="1161">
                    <altitudeMode>clampToGround</altitudeMode>
                    <coordinates>9.9411283,45.1467783,0.0 9.9411283,45.1467783,0.0 9.9411366,45.146735,0.0 9.9411333,45.14674,0.0 9.9411316,45.1467383,0.0 9.9411,45.1467516,0.0 9.941105,45.14673,0.0 9.941105,45.14673,0.0</coordinates>
                </LineString>
            </Placemark>
            <Placemark id="1166">
                <name>Rota 12:17</name>
                <styleUrl>#1167</styleUrl>
                <LineString id="1165">
                    <altitudeMode>clampToGround</altitudeMode>
                    <coordinates>9.9411416,45.1466883,0.0 9.9411383,45.1466866,0.0 9.941125,45.1467133,0.0 9.941125,45.1467133,0.0 9.9411983,45.146555,0.0 9.9411966,45.1465533,0.0 9.9411866,45.1465933,0.0 9.941175,45.1465866,0.0</coordinates>
                </LineString>
            </Placemark>
            <Placemark id="1170">
                <name>Rota 12:18</name>
                <styleUrl>#1171</styleUrl>
                <LineString id="1169">
                    <altitudeMode>clampToGround</altitudeMode>
                    <coordinates>9.9411683,45.146575,0.0 9.9411683,45.146575,0.0 9.941165,45.14657,0.0 9.941165,45.14657,0.0 9.94114,45.1466333,0.0 9.94114,45.1466333,0.0 9.941135,45.14665,0.0 9.941135,45.14665,0.0</coordinates>
                </LineString>
            </Placemark>
            <Placemark id="1174">
                <name>Rota 12:19</name>
                <styleUrl>#1175</styleUrl>
                <LineString id="1173">
                    <altitudeMode>clampToGround</altitudeMode>
                    <coordinates>9.941145,45.1466466,0.0 9.941145,45.1466466,0.0 9.941145,45.1466466,0.0 9.941145,45.1466466,0.0 9.9410766,45.1467416,0.0 9.9410766,45.1467416,0.0 9.9410766,45.1467416,0.0 9.9410766,45.1467416,0.0</coordinates>
                </LineString>
            </Placemark>
            <Placemark id="1178">
                <name>Rota 12:20</name>
                <styleUrl>#1179</styleUrl>
                <LineString id="1177">
                    <altitudeMode>clampToGround</altitudeMode>
                    <coordinates>9.9410666,45.1467166,0.0 9.9410666,45.1467166,0.0 9.9410583,45.1467066,0.0 9.9410583,45.1467066,0.0 9.941095,45.14669,0.0 9.941095,45.1466866,0.0 9.9411133,45.146715,0.0 9.9411116,45.1467116,0.0</coordinates>
                </LineString>
            </Placemark>
            <Placemark id="1182">
                <name>Rota 12:21</name>
                <styleUrl>#1183</styleUrl>
                <LineString id="1181">
                    <altitudeMode>clampToGround</altitudeMode>
                    <coordinates>9.94111,45.1467266,0.0 9.94111,45.1467266,0.0 9.94111,45.1467266,0.0 9.94111,45.1467266,0.0 9.941065,45.146755,0.0 9.941065,45.146755,0.0 9.9410716,45.1467316,0.0 9.9410716,45.1467316,0.0</coordinates>
                </LineString>
            </Placemark>
            <Placemark id="1186">
                <name>Rota 12:22</name>
                <styleUrl>#1187</styleUrl>
                <LineString id="1185">
                    <altitudeMode>clampToGround</altitudeMode>
                    <coordinates>9.9410716,45.1467316,0.0 9.9410716,45.1467316,0.0 9.9410716,45.1467316,0.0 9.9410716,45.1467316,0.0 9.9410983,45.1466716,0.0 9.9411216,45.1466833,0.0 9.9411483,45.146675,0.0 9.9411483,45.146675,0.0</coordinates>
                </LineString>
            </Placemark>
            <Placemark id="1190">
                <name>Rota 12:23</name>
                <styleUrl>#1191</styleUrl>
                <LineString id="1189">
                    <altitudeMode>clampToGround</altitudeMode>
                    <coordinates>9.9411583,45.1466633,0.0 9.9411633,45.14666,0.0 9.9411366,45.14669,0.0 9.94114,45.1466866,0.0 9.9411366,45.146685,0.0 9.9411366,45.146685,0.0 9.9410916,45.14671,0.0 9.9410916,45.14671,0.0</coordinates>
                </LineString>
            </Placemark>
            <Placemark id="1194">
                <name>Rota 12:24</name>
                <styleUrl>#1195</styleUrl>
                <LineString id="1193">
                    <altitudeMode>clampToGround</altitudeMode>
                    <coordinates>9.9410666,45.1467216,0.0 9.941065,45.1467283,0.0 9.941065,45.1467283,0.0 9.941065,45.1467283,0.0 9.9410416,45.1467816,0.0 9.9410416,45.1467816,0.0 9.9410366,45.1467583,0.0 9.9410366,45.1467583,0.0</coordinates>
                </LineString>
            </Placemark>
            <Placemark id="1198">
                <name>Rota 12:25</name>
                <styleUrl>#1199</styleUrl>
                <LineString id="1197">
                    <altitudeMode>clampToGround</altitudeMode>
                    <coordinates>9.9410366,45.1467583,0.0 9.9410366,45.1467583,0.0 9.94105,45.1467433,0.0 9.94105,45.146735,0.0 9.94106,45.1467216,0.0 9.94106,45.1467216,0.0 9.94109,45.14668,0.0 9.9410866,45.1466766,0.0</coordinates>
                </LineString>
            </Placemark>
            <Placemark id="1202">
                <name>Rota 12:26</name>
                <styleUrl>#1203</styleUrl>
                <LineString id="1201">
                    <altitudeMode>clampToGround</altitudeMode>
                    <coordinates>9.94109,45.1466566,0.0 9.94109,45.1466566,0.0 9.9410566,45.1466783,0.0 9.9410566,45.1466783,0.0 9.9410566,45.1466783,0.0 9.9410566,45.1466783,0.0 9.9410566,45.1466783,0.0 9.9410566,45.1466783,0.0</coordinates>
                </LineString>
            </Placemark>
            <Placemark id="1206">
                <name>Rota 12:27</name>
                <styleUrl>#1207</styleUrl>
                <LineString id="1205">
                    <altitudeMode>clampToGround</altitudeMode>
                    <coordinates>9.9410266,45.146715,0.0 9.9410266,45.146715,0.0 9.94103,45.1467116,0.0 9.9410316,45.14671,0.0 9.9410833,45.1466816,0.0 9.9410866,45.1466833,0.0 9.9410866,45.1466833,0.0 9.9410866,45.1466833,0.0</coordinates>
                </LineString>
            </Placemark>
            <Placemark id="1210">
                <name>Rota 12:28</name>
                <styleUrl>#1211</styleUrl>
                <LineString id="1209">
                    <altitudeMode>clampToGround</altitudeMode>
                    <coordinates>9.9410566,45.1466983,0.0 9.9410566,45.1466983,0.0 9.94103,45.1467016,0.0 9.9410366,45.1467016,0.0 9.94106,45.1467066,0.0 9.9410666,45.14671,0.0 9.9410766,45.14668,0.0 9.9410766,45.1466716,0.0</coordinates>
                </LineString>
            </Placemark>
            <Placemark id="1214">
                <name>Rota 12:29</name>
                <styleUrl>#1215</styleUrl>
                <LineString id="1213">
                    <altitudeMode>clampToGround</altitudeMode>
                    <coordinates>9.9411016,45.1466116,0.0 9.9411016,45.1466066,0.0 9.94115,45.1465783,0.0 9.9411466,45.14658,0.0 9.941075,45.146625,0.0 9.941075,45.146625,0.0 9.9411316,45.1468966,0.0 9.9411283,45.14691,0.0</coordinates>
                </LineString>
            </Placemark>
            <Placemark id="1218">
                <name>Rota 12:30</name>
                <styleUrl>#1219</styleUrl>
                <LineString id="1217">
                    <altitudeMode>clampToGround</altitudeMode>
                    <coordinates>9.9412966,45.1470983,0.0 9.94129,45.147095,0.0 9.94108,45.1470366,0.0 9.94107,45.14703,0.0 9.9410733,45.1470533,0.0 9.9410683,45.1470716,0.0 9.9411716,45.1469633,0.0 9.941185,45.1469633,0.0</coordinates>
                </LineString>
            </Placemark>
            <Placemark id="1222">
                <name>Rota 12:31</name>
                <styleUrl>#1223</styleUrl>
                <LineString id="1221">
                    <altitudeMode>clampToGround</altitudeMode>
                    <coordinates>9.9411833,45.147005,0.0 9.941205,45.147,0.0 9.9414983,45.14715,0.0 9.9415283,45.14716,0.0 9.9414966,45.1471283,0.0 9.9415033,45.1471433,0.0 9.9410583,45.1472,0.0 9.9410483,45.1472016,0.0</coordinates>
                </LineString>
            </Placemark>
            <Placemark id="1226">
                <name>Rota 12:32</name>
                <styleUrl>#1227</styleUrl>
                <LineString id="1225">
                    <altitudeMode>clampToGround</altitudeMode>
                    <coordinates>9.9408083,45.1473716,0.0 9.94076,45.1473716,0.0 9.9404233,45.1475,0.0 9.940415,45.1475366,0.0 9.9403866,45.147695,0.0 9.9403866,45.147695,0.0 9.9402466,45.1478683,0.0 9.9402466,45.1478916,0.0</coordinates>
                </LineString>
            </Placemark>
            <Placemark id="1230">
                <name>Rota 12:45</name>
                <styleUrl>#1231</styleUrl>
                <LineString id="1229">
                    <altitudeMode>clampToGround</altitudeMode>
                    <coordinates>9.940295,45.1476466,0.0 9.9403066,45.1476433,0.0 9.940405,45.1475966,0.0 9.9404033,45.1476,0.0 9.9404166,45.1475983,0.0 9.9404166,45.147605,0.0</coordinates>
                </LineString>
            </Placemark>
            <Placemark id="1234">
                <name>Rota 12:46</name>
                <styleUrl>#1235</styleUrl>
                <LineString id="1233">
                    <altitudeMode>clampToGround</altitudeMode>
                    <coordinates>9.9403716,45.14759,0.0 9.9403733,45.1476,0.0 9.9403466,45.1476783,0.0 9.940345,45.14768,0.0 9.9403766,45.1476316,0.0 9.9403766,45.1476383,0.0 9.9403783,45.1476466,0.0 9.9403783,45.1476466,0.0</coordinates>
                </LineString>
            </Placemark>
            <Placemark id="1238">
                <name>Rota 12:47</name>
                <styleUrl>#1239</styleUrl>
                <LineString id="1237">
                    <altitudeMode>clampToGround</altitudeMode>
                    <coordinates>9.9402883,45.1477233,0.0 9.9402883,45.1477233,0.0 9.9402533,45.1476533,0.0 9.940255,45.1476416,0.0 9.9402833,45.1475716,0.0 9.940285,45.1475683,0.0 9.9403016,45.1475416,0.0 9.940295,45.1475383,0.0</coordinates>
                </LineString>
            </Placemark>
            <Placemark id="1242">
                <name>Rota 12:48</name>
                <styleUrl>#1243</styleUrl>
                <LineString id="1241">
                    <altitudeMode>clampToGround</altitudeMode>
                    <coordinates>9.9403066,45.1475333,0.0 9.9403066,45.1475333,0.0 9.9403133,45.1476016,0.0 9.9403116,45.147605,0.0 9.9402833,45.1476016,0.0 9.9402766,45.147605,0.0 9.94027,45.1476016,0.0 9.94027,45.1476016,0.0</coordinates>
                </LineString>
            </Placemark>
            <Placemark id="1246">
                <name>Rota 12:49</name>
                <styleUrl>#1247</styleUrl>
                <LineString id="1245">
                    <altitudeMode>clampToGround</altitudeMode>
                    <coordinates>9.94026,45.1476183,0.0 9.94025,45.1476216,0.0 9.9402633,45.1476233,0.0 9.940275,45.1476216,0.0 9.9402983,45.1475983,0.0 9.940295,45.1475966,0.0 9.94034,45.14755,0.0 9.940345,45.147545,0.0</coordinates>
                </LineString>
            </Placemark>
            <Placemark id="1250">
                <name>Rota 12:50</name>
                <styleUrl>#1251</styleUrl>
                <LineString id="1249">
                    <altitudeMode>clampToGround</altitudeMode>
                    <coordinates>9.9403416,45.1475266,0.0 9.9403383,45.1475333,0.0 9.9402166,45.1475916,0.0 9.9402216,45.147595,0.0 9.9402683,45.1476,0.0 9.9402683,45.1476,0.0 9.9403366,45.1475933,0.0 9.9403366,45.1475933,0.0</coordinates>
                </LineString>
            </Placemark>
            <Placemark id="1254">
                <name>Rota 12:51</name>
                <styleUrl>#1255</styleUrl>
                <LineString id="1253">
                    <altitudeMode>clampToGround</altitudeMode>
                    <coordinates>9.9403366,45.1475933,0.0 9.9403366,45.1475933,0.0 9.9403366,45.1475933,0.0 9.9403366,45.1475933,0.0 9.9403066,45.1475816,0.0 9.9403066,45.1475816,0.0 9.9403416,45.1475533,0.0 9.9403416,45.1475533,0.0</coordinates>
                </LineString>
            </Placemark>
            <Placemark id="1258">
                <name>Rota 12:52</name>
                <styleUrl>#1259</styleUrl>
                <LineString id="1257">
                    <altitudeMode>clampToGround</altitudeMode>
                    <coordinates>9.9404083,45.1474883,0.0 9.9404216,45.1474866,0.0 9.94036,45.14742,0.0 9.94034,45.1474133,0.0 9.940615,45.147365,0.0 9.9406383,45.1473983,0.0 9.9409016,45.1473383,0.0 9.9409216,45.1473033,0.0</coordinates>
                </LineString>
            </Placemark>
            <Placemark id="1262">
                <name>Rota 12:53</name>
                <styleUrl>#1263</styleUrl>
                <LineString id="1261">
                    <altitudeMode>clampToGround</altitudeMode>
                    <coordinates>9.9412483,45.1470866,0.0 9.9413166,45.14709,0.0 9.9412533,45.14712,0.0 9.9412483,45.1471216,0.0 9.941315,45.147145,0.0 9.9412916,45.14714,0.0 9.941325,45.1471183,0.0 9.9413116,45.14712,0.0</coordinates>
                </LineString>
            </Placemark>
            <Placemark id="1266">
                <name>Rota 12:54</name>
                <styleUrl>#1267</styleUrl>
                <LineString id="1265">
                    <altitudeMode>clampToGround</altitudeMode>
                    <coordinates>9.941185,45.14684,0.0 9.94117,45.1468066,0.0 9.9411883,45.1466516,0.0 9.94119,45.1466533,0.0 9.94118,45.1466183,0.0 9.94118,45.1466183,0.0 9.94118,45.1466183,0.0 9.94118,45.1466183,0.0</coordinates>
                </LineString>
            </Placemark>
            <Placemark id="1270">
                <name>Rota 12:55</name>
                <styleUrl>#1271</styleUrl>
                <LineString id="1269">
                    <altitudeMode>clampToGround</altitudeMode>
                    <coordinates>9.94118,45.1466183,0.0 9.94118,45.1466183,0.0 9.94118,45.1466183,0.0 9.94118,45.1466183,0.0 9.94118,45.1466183,0.0 9.94118,45.1466183,0.0 9.9411516,45.1466416,0.0 9.941145,45.1466416,0.0</coordinates>
                </LineString>
            </Placemark>
            <Placemark id="1274">
                <name>Rota 12:56</name>
                <styleUrl>#1275</styleUrl>
                <LineString id="1273">
                    <altitudeMode>clampToGround</altitudeMode>
                    <coordinates>9.941135,45.1466333,0.0 9.941135,45.1466333,0.0 9.941135,45.1466383,0.0 9.941135,45.1466383,0.0 9.941135,45.1466383,0.0 9.941135,45.1466383,0.0 9.9411016,45.1466416,0.0 9.9411016,45.1466416,0.0</coordinates>
                </LineString>
            </Placemark>
            <Placemark id="1278">
                <name>Rota 12:57</name>
                <styleUrl>#1279</styleUrl>
                <LineString id="1277">
                    <altitudeMode>clampToGround</altitudeMode>
                    <coordinates>9.9411016,45.1466416,0.0 9.941035,45.146645,0.0 9.9410033,45.14666,0.0 9.9410033,45.14666,0.0 9.9410033,45.14666,0.0 9.9410033,45.14666,0.0 9.94108,45.14663,0.0 9.94108,45.14663,0.0</coordinates>
                </LineString>
            </Placemark>
            <Placemark id="1282">
                <name>Rota 12:58</name>
                <styleUrl>#1283</styleUrl>
                <LineString id="1281">
                    <altitudeMode>clampToGround</altitudeMode>
                    <coordinates>9.9410816,45.14664,0.0 9.9410816,45.14664,0.0 9.94112,45.1466216,0.0 9.9411266,45.1466133,0.0 9.94114,45.1466066,0.0 9.94114,45.1466066,0.0 9.9411633,45.1465966,0.0 9.9411633,45.1465966,0.0</coordinates>
                </LineString>
            </Placemark>
            <Placemark id="1286">
                <name>Rota 12:59</name>
                <styleUrl>#1287</styleUrl>
                <LineString id="1285">
                    <altitudeMode>clampToGround</altitudeMode>
                    <coordinates>9.941165,45.14662,0.0 9.941165,45.14662,0.0 9.9411416,45.1466483,0.0 9.94114,45.1466533,0.0 9.941105,45.1467066,0.0 9.9411,45.1467183,0.0 9.9410983,45.1467216,0.0 9.9410983,45.1467216,0.0</coordinates>
                </LineString>
            </Placemark>
        </Folder>
        <Folder id="1289">
            <Style id="1292">
                <LineStyle id="1293">
                    <color>ff008000</color>
                    <colorMode>normal</colorMode>
                    <width>3</width>
                </LineStyle>
            </Style>
            <Style id="1296">
                <LineStyle id="1297">
                    <color>ff008000</color>
                    <colorMode>normal</colorMode>
                    <width>3</width>
                </LineStyle>
            </Style>
            <Style id="1300">
                <LineStyle id="1301">
                    <color>ff008000</color>
                    <colorMode>normal</colorMode>
                    <width>3</width>
                </LineStyle>
            </Style>
            <Style id="1304">
                <LineStyle id="1305">
                    <color>ff008000</color>
                    <colorMode>normal</colorMode>
                    <width>3</width>
                </LineStyle>
            </Style>
            <Style id="1308">
                <LineStyle id="1309">
                    <color>ff008000</color>
                    <colorMode>normal</colorMode>
                    <width>3</width>
                </LineStyle>
            </Style>
            <Style id="1312">
                <LineStyle id="1313">
                    <color>ff008000</color>
                    <colorMode>normal</colorMode>
                    <width>3</width>
                </LineStyle>
            </Style>
            <Style id="1316">
                <LineStyle id="1317">
                    <color>ff008000</color>
                    <colorMode>normal</colorMode>
                    <width>3</width>
                </LineStyle>
            </Style>
            <Style id="1320">
                <LineStyle id="1321">
                    <color>ff008000</color>
                    <colorMode>normal</colorMode>
                    <width>3</width>
                </LineStyle>
            </Style>
            <Style id="1324">
                <LineStyle id="1325">
                    <color>ff008000</color>
                    <colorMode>normal</colorMode>
                    <width>3</width>
                </LineStyle>
            </Style>
            <Style id="1328">
                <LineStyle id="1329">
                    <color>ff008000</color>
                    <colorMode>normal</colorMode>
                    <width>3</width>
                </LineStyle>
            </Style>
            <Style id="1332">
                <LineStyle id="1333">
                    <color>ff008000</color>
                    <colorMode>normal</colorMode>
                    <width>3</width>
                </LineStyle>
            </Style>
            <Style id="1336">
                <LineStyle id="1337">
                    <color>ff008000</color>
                    <colorMode>normal</colorMode>
                    <width>3</width>
                </LineStyle>
            </Style>
            <Style id="1340">
                <LineStyle id="1341">
                    <color>ff008000</color>
                    <colorMode>normal</colorMode>
                    <width>3</width>
                </LineStyle>
            </Style>
            <Style id="1344">
                <LineStyle id="1345">
                    <color>ff008000</color>
                    <colorMode>normal</colorMode>
                    <width>3</width>
                </LineStyle>
            </Style>
            <Style id="1348">
                <LineStyle id="1349">
                    <color>ff008000</color>
                    <colorMode>normal</colorMode>
                    <width>3</width>
                </LineStyle>
            </Style>
            <Style id="1352">
                <LineStyle id="1353">
                    <color>ff008000</color>
                    <colorMode>normal</colorMode>
                    <width>3</width>
                </LineStyle>
            </Style>
            <Style id="1356">
                <LineStyle id="1357">
                    <color>ff008000</color>
                    <colorMode>normal</colorMode>
                    <width>3</width>
                </LineStyle>
            </Style>
            <Style id="1360">
                <LineStyle id="1361">
                    <color>ff008000</color>
                    <colorMode>normal</colorMode>
                    <width>3</width>
                </LineStyle>
            </Style>
            <Style id="1364">
                <LineStyle id="1365">
                    <color>ff008000</color>
                    <colorMode>normal</colorMode>
                    <width>3</width>
                </LineStyle>
            </Style>
            <Style id="1368">
                <LineStyle id="1369">
                    <color>ff008000</color>
                    <colorMode>normal</colorMode>
                    <width>3</width>
                </LineStyle>
            </Style>
            <Style id="1372">
                <LineStyle id="1373">
                    <color>ff008000</color>
                    <colorMode>normal</colorMode>
                    <width>3</width>
                </LineStyle>
            </Style>
            <Style id="1376">
                <LineStyle id="1377">
                    <color>ff008000</color>
                    <colorMode>normal</colorMode>
                    <width>3</width>
                </LineStyle>
            </Style>
            <Style id="1380">
                <LineStyle id="1381">
                    <color>ff008000</color>
                    <colorMode>normal</colorMode>
                    <width>3</width>
                </LineStyle>
            </Style>
            <Style id="1384">
                <LineStyle id="1385">
                    <color>ff008000</color>
                    <colorMode>normal</colorMode>
                    <width>3</width>
                </LineStyle>
            </Style>
            <Style id="1388">
                <LineStyle id="1389">
                    <color>ff008000</color>
                    <colorMode>normal</colorMode>
                    <width>3</width>
                </LineStyle>
            </Style>
            <Style id="1392">
                <LineStyle id="1393">
                    <color>ff008000</color>
                    <colorMode>normal</colorMode>
                    <width>3</width>
                </LineStyle>
            </Style>
            <Style id="1396">
                <LineStyle id="1397">
                    <color>ff008000</color>
                    <colorMode>normal</colorMode>
                    <width>3</width>
                </LineStyle>
            </Style>
            <Style id="1400">
                <LineStyle id="1401">
                    <color>ff008000</color>
                    <colorMode>normal</colorMode>
                    <width>3</width>
                </LineStyle>
            </Style>
            <Style id="1404">
                <LineStyle id="1405">
                    <color>ff008000</color>
                    <colorMode>normal</colorMode>
                    <width>3</width>
                </LineStyle>
            </Style>
            <Style id="1408">
                <LineStyle id="1409">
                    <color>ff008000</color>
                    <colorMode>normal</colorMode>
                    <width>3</width>
                </LineStyle>
            </Style>
            <Style id="1412">
                <LineStyle id="1413">
                    <color>ff008000</color>
                    <colorMode>normal</colorMode>
                    <width>3</width>
                </LineStyle>
            </Style>
            <Style id="1416">
                <LineStyle id="1417">
                    <color>ff008000</color>
                    <colorMode>normal</colorMode>
                    <width>3</width>
                </LineStyle>
            </Style>
            <Style id="1420">
                <LineStyle id="1421">
                    <color>ff008000</color>
                    <colorMode>normal</colorMode>
                    <width>3</width>
                </LineStyle>
            </Style>
            <Style id="1424">
                <LineStyle id="1425">
                    <color>ff008000</color>
                    <colorMode>normal</colorMode>
                    <width>3</width>
                </LineStyle>
            </Style>
            <Style id="1428">
                <LineStyle id="1429">
                    <color>ff008000</color>
                    <colorMode>normal</colorMode>
                    <width>3</width>
                </LineStyle>
            </Style>
            <Style id="1432">
                <LineStyle id="1433">
                    <color>ff008000</color>
                    <colorMode>normal</colorMode>
                    <width>3</width>
                </LineStyle>
            </Style>
            <Style id="1436">
                <LineStyle id="1437">
                    <color>ff008000</color>
                    <colorMode>normal</colorMode>
                    <width>3</width>
                </LineStyle>
            </Style>
            <Style id="1440">
                <LineStyle id="1441">
                    <color>ff008000</color>
                    <colorMode>normal</colorMode>
                    <width>3</width>
                </LineStyle>
            </Style>
            <Style id="1444">
                <LineStyle id="1445">
                    <color>ff008000</color>
                    <colorMode>normal</colorMode>
                    <width>3</width>
                </LineStyle>
            </Style>
            <Style id="1448">
                <LineStyle id="1449">
                    <color>ff008000</color>
                    <colorMode>normal</colorMode>
                    <width>3</width>
                </LineStyle>
            </Style>
            <Style id="1452">
                <LineStyle id="1453">
                    <color>ff008000</color>
                    <colorMode>normal</colorMode>
                    <width>3</width>
                </LineStyle>
            </Style>
            <Style id="1456">
                <LineStyle id="1457">
                    <color>ff008000</color>
                    <colorMode>normal</colorMode>
                    <width>3</width>
                </LineStyle>
            </Style>
            <Style id="1460">
                <LineStyle id="1461">
                    <color>ff008000</color>
                    <colorMode>normal</colorMode>
                    <width>3</width>
                </LineStyle>
            </Style>
            <Style id="1464">
                <LineStyle id="1465">
                    <color>ff008000</color>
                    <colorMode>normal</colorMode>
                    <width>3</width>
                </LineStyle>
            </Style>
            <Style id="1468">
                <LineStyle id="1469">
                    <color>ff008000</color>
                    <colorMode>normal</colorMode>
                    <width>3</width>
                </LineStyle>
            </Style>
            <Style id="1472">
                <LineStyle id="1473">
                    <color>ff008000</color>
                    <colorMode>normal</colorMode>
                    <width>3</width>
                </LineStyle>
            </Style>
            <Style id="1476">
                <LineStyle id="1477">
                    <color>ff008000</color>
                    <colorMode>normal</colorMode>
                    <width>3</width>
                </LineStyle>
            </Style>
            <Style id="1480">
                <LineStyle id="1481">
                    <color>ff008000</color>
                    <colorMode>normal</colorMode>
                    <width>3</width>
                </LineStyle>
            </Style>
            <Style id="1484">
                <LineStyle id="1485">
                    <color>ff008000</color>
                    <colorMode>normal</colorMode>
                    <width>3</width>
                </LineStyle>
            </Style>
            <Style id="1488">
                <LineStyle id="1489">
                    <color>ff008000</color>
                    <colorMode>normal</colorMode>
                    <width>3</width>
                </LineStyle>
            </Style>
            <Style id="1492">
                <LineStyle id="1493">
                    <color>ff008000</color>
                    <colorMode>normal</colorMode>
                    <width>3</width>
                </LineStyle>
            </Style>
            <Style id="1496">
                <LineStyle id="1497">
                    <color>ff008000</color>
                    <colorMode>normal</colorMode>
                    <width>3</width>
                </LineStyle>
            </Style>
            <Style id="1500">
                <LineStyle id="1501">
                    <color>ff008000</color>
                    <colorMode>normal</colorMode>
                    <width>3</width>
                </LineStyle>
            </Style>
            <Style id="1504">
                <LineStyle id="1505">
                    <color>ff008000</color>
                    <colorMode>normal</colorMode>
                    <width>3</width>
                </LineStyle>
            </Style>
            <Style id="1508">
                <LineStyle id="1509">
                    <color>ff008000</color>
                    <colorMode>normal</colorMode>
                    <width>3</width>
                </LineStyle>
            </Style>
            <Style id="1512">
                <LineStyle id="1513">
                    <color>ff008000</color>
                    <colorMode>normal</colorMode>
                    <width>3</width>
                </LineStyle>
            </Style>
            <Style id="1516">
                <LineStyle id="1517">
                    <color>ff008000</color>
                    <colorMode>normal</colorMode>
                    <width>3</width>
                </LineStyle>
            </Style>
            <Style id="1520">
                <LineStyle id="1521">
                    <color>ff008000</color>
                    <colorMode>normal</colorMode>
                    <width>3</width>
                </LineStyle>
            </Style>
            <name>2025-08-18 13:00</name>
            <Placemark id="1291">
                <name>Rota 13:00</name>
                <styleUrl>#1292</styleUrl>
                <LineString id="1290">
                    <altitudeMode>clampToGround</altitudeMode>
                    <coordinates>9.9410983,45.1467216,0.0 9.9410983,45.1467216,0.0 9.9410533,45.14671,0.0 9.9410533,45.14671,0.0 9.9411433,45.1466633,0.0 9.9411433,45.1466633,0.0 9.9410816,45.1466733,0.0 9.94107,45.1466833,0.0</coordinates>
                </LineString>
            </Placemark>
            <Placemark id="1295">
                <name>Rota 13:01</name>
                <styleUrl>#1296</styleUrl>
                <LineString id="1294">
                    <altitudeMode>clampToGround</altitudeMode>
                    <coordinates>9.9410716,45.146685,0.0 9.9410716,45.146685,0.0 9.9411183,45.1466416,0.0 9.9411233,45.1466383,0.0 9.941145,45.1466183,0.0 9.941145,45.1466183,0.0 9.9411433,45.146585,0.0 9.9411433,45.1465883,0.0</coordinates>
                </LineString>
            </Placemark>
            <Placemark id="1299">
                <name>Rota 13:02</name>
                <styleUrl>#1300</styleUrl>
                <LineString id="1298">
                    <altitudeMode>clampToGround</altitudeMode>
                    <coordinates>9.9410983,45.1466416,0.0 9.9410983,45.1466416,0.0 9.941105,45.1466016,0.0 9.9411083,45.146595,0.0 9.941035,45.1466933,0.0 9.9410016,45.146745,0.0 9.9410283,45.1468083,0.0 9.9410283,45.1468083,0.0</coordinates>
                </LineString>
            </Placemark>
            <Placemark id="1303">
                <name>Rota 13:03</name>
                <styleUrl>#1304</styleUrl>
                <LineString id="1302">
                    <altitudeMode>clampToGround</altitudeMode>
                    <coordinates>9.9410666,45.1468283,0.0 9.9410666,45.1468283,0.0 9.9411383,45.146725,0.0 9.9411383,45.146725,0.0 9.941185,45.1466816,0.0 9.94119,45.14667,0.0 9.9411683,45.146665,0.0 9.9411683,45.146665,0.0</coordinates>
                </LineString>
            </Placemark>
            <Placemark id="1307">
                <name>Rota 13:04</name>
                <styleUrl>#1308</styleUrl>
                <LineString id="1306">
                    <altitudeMode>clampToGround</altitudeMode>
                    <coordinates>9.941125,45.1466266,0.0 9.941115,45.1466283,0.0 9.9410966,45.1465883,0.0 9.9410916,45.14658,0.0 9.9410816,45.1464816,0.0 9.9410866,45.1464883,0.0 9.94107,45.1464816,0.0 9.9410683,45.1464916,0.0</coordinates>
                </LineString>
            </Placemark>
            <Placemark id="1311">
                <name>Rota 13:05</name>
                <styleUrl>#1312</styleUrl>
                <LineString id="1310">
                    <altitudeMode>clampToGround</altitudeMode>
                    <coordinates>9.9410933,45.1465283,0.0 9.9410933,45.1465283,0.0 9.9410733,45.1465833,0.0 9.9410683,45.1465883,0.0 9.9410733,45.146655,0.0 9.941075,45.1466683,0.0 9.9410983,45.14677,0.0 9.9410916,45.14678,0.0</coordinates>
                </LineString>
            </Placemark>
            <Placemark id="1315">
                <name>Rota 13:06</name>
                <styleUrl>#1316</styleUrl>
                <LineString id="1314">
                    <altitudeMode>clampToGround</altitudeMode>
                    <coordinates>9.9410583,45.1468433,0.0 9.9410583,45.1468433,0.0 9.941015,45.1469633,0.0 9.9410283,45.1469783,0.0 9.94107,45.1469966,0.0 9.94106,45.1470016,0.0 9.9410266,45.1470816,0.0 9.9410266,45.147085,0.0</coordinates>
                </LineString>
            </Placemark>
            <Placemark id="1319">
                <name>Rota 13:07</name>
                <styleUrl>#1320</styleUrl>
                <LineString id="1318">
                    <altitudeMode>clampToGround</altitudeMode>
                    <coordinates>9.9409966,45.146975,0.0 9.940995,45.1469533,0.0 9.941015,45.146825,0.0 9.941015,45.146825,0.0 9.941055,45.14666,0.0 9.941055,45.14666,0.0 9.9410883,45.14662,0.0 9.9410933,45.1466183,0.0</coordinates>
                </LineString>
            </Placemark>
            <Placemark id="1323">
                <name>Rota 13:08</name>
                <styleUrl>#1324</styleUrl>
                <LineString id="1322">
                    <altitudeMode>clampToGround</altitudeMode>
                    <coordinates>9.94112,45.146575,0.0 9.9411216,45.1465783,0.0 9.9410816,45.14667,0.0 9.9410816,45.14667,0.0 9.9410566,45.14664,0.0 9.9410533,45.1466316,0.0 9.9408983,45.1463933,0.0 9.9408783,45.1463766,0.0</coordinates>
                </LineString>
            </Placemark>
            <Placemark id="1327">
                <name>Rota 13:09</name>
                <styleUrl>#1328</styleUrl>
                <LineString id="1326">
                    <altitudeMode>clampToGround</altitudeMode>
                    <coordinates>9.9408033,45.1462233,0.0 9.9408,45.1462116,0.0 9.9408933,45.1463266,0.0 9.9408933,45.1463266,0.0 9.9411466,45.146765,0.0 9.9411583,45.1467866,0.0 9.941215,45.1469016,0.0 9.9412133,45.1469066,0.0</coordinates>
                </LineString>
            </Placemark>
            <Placemark id="1331">
                <name>Rota 13:10</name>
                <styleUrl>#1332</styleUrl>
                <LineString id="1330">
                    <altitudeMode>clampToGround</altitudeMode>
                    <coordinates>9.9411916,45.1469083,0.0 9.941175,45.14689,0.0 9.941065,45.1469283,0.0 9.941075,45.1469316,0.0 9.9410333,45.14695,0.0 9.9410283,45.1469416,0.0 9.9409966,45.1468583,0.0 9.9409933,45.1468533,0.0</coordinates>
                </LineString>
            </Placemark>
            <Placemark id="1335">
                <name>Rota 13:11</name>
                <styleUrl>#1336</styleUrl>
                <LineString id="1334">
                    <altitudeMode>clampToGround</altitudeMode>
                    <coordinates>9.9410016,45.1469,0.0 9.94105,45.14692,0.0 9.9411333,45.146925,0.0 9.941125,45.1469183,0.0 9.9411483,45.14691,0.0 9.9411483,45.14691,0.0 9.94117,45.1469266,0.0 9.9411716,45.146905,0.0</coordinates>
                </LineString>
            </Placemark>
            <Placemark id="1339">
                <name>Rota 13:12</name>
                <styleUrl>#1340</styleUrl>
                <LineString id="1338">
                    <altitudeMode>clampToGround</altitudeMode>
                    <coordinates>9.941175,45.14679,0.0 9.941175,45.14679,0.0 9.9412083,45.146775,0.0 9.9412016,45.146785,0.0 9.9411516,45.1467866,0.0 9.9411433,45.1467916,0.0 9.9411283,45.14679,0.0 9.9411333,45.1467716,0.0</coordinates>
                </LineString>
            </Placemark>
            <Placemark id="1343">
                <name>Rota 13:13</name>
                <styleUrl>#1344</styleUrl>
                <LineString id="1342">
                    <altitudeMode>clampToGround</altitudeMode>
                    <coordinates>9.9410866,45.1468,0.0 9.9410833,45.1468033,0.0 9.9410116,45.1469266,0.0 9.9410233,45.14689,0.0 9.941075,45.1467183,0.0 9.9410783,45.146765,0.0 9.9411666,45.1466183,0.0 9.941165,45.1466083,0.0</coordinates>
                </LineString>
            </Placemark>
            <Placemark id="1347">
                <name>Rota 13:14</name>
                <styleUrl>#1348</styleUrl>
                <LineString id="1346">
                    <altitudeMode>clampToGround</altitudeMode>
                    <coordinates>9.9412366,45.146595,0.0 9.9412466,45.14659,0.0 9.94125,45.1465933,0.0 9.94125,45.1465933,0.0 9.94123,45.1465816,0.0 9.94123,45.1465816,0.0 9.9412616,45.146515,0.0 9.9412666,45.1465066,0.0</coordinates>
                </LineString>
            </Placemark>
            <Placemark id="1351">
                <name>Rota 13:15</name>
                <styleUrl>#1352</styleUrl>
                <LineString id="1350">
                    <altitudeMode>clampToGround</altitudeMode>
                    <coordinates>9.941275,45.146555,0.0 9.9412783,45.1465733,0.0 9.9412483,45.1467316,0.0 9.9412483,45.1467316,0.0 9.9411233,45.14673,0.0 9.9411233,45.14673,0.0 9.9411116,45.1466416,0.0 9.9411083,45.14664,0.0</coordinates>
                </LineString>
            </Placemark>
            <Placemark id="1355">
                <name>Rota 13:16</name>
                <styleUrl>#1356</styleUrl>
                <LineString id="1354">
                    <altitudeMode>clampToGround</altitudeMode>
                    <coordinates>9.941105,45.1466433,0.0 9.9411,45.1466333,0.0 9.9410783,45.14666,0.0 9.94107,45.14667,0.0 9.941075,45.1466383,0.0 9.941075,45.1466383,0.0 9.94108,45.146625,0.0 9.94108,45.146625,0.0</coordinates>
                </LineString>
            </Placemark>
            <Placemark id="1359">
                <name>Rota 13:17</name>
                <styleUrl>#1360</styleUrl>
                <LineString id="1358">
                    <altitudeMode>clampToGround</altitudeMode>
                    <coordinates>9.9412216,45.1464716,0.0 9.9412333,45.1464683,0.0 9.9414516,45.1462566,0.0 9.9414566,45.146245,0.0 9.9415666,45.146175,0.0 9.9415666,45.146175,0.0 9.9415216,45.1461583,0.0 9.9415216,45.146145,0.0</coordinates>
                </LineString>
            </Placemark>
            <Placemark id="1363">
                <name>Rota 13:18</name>
                <styleUrl>#1364</styleUrl>
                <LineString id="1362">
                    <altitudeMode>clampToGround</altitudeMode>
                    <coordinates>9.9414733,45.146175,0.0 9.9414666,45.1461666,0.0 9.9413933,45.1462833,0.0 9.9413966,45.1462783,0.0 9.9413716,45.1462933,0.0 9.9413783,45.14628,0.0 9.9413383,45.1462616,0.0 9.9413166,45.1462733,0.0</coordinates>
                </LineString>
            </Placemark>
            <Placemark id="1367">
                <name>Rota 13:19</name>
                <styleUrl>#1368</styleUrl>
                <LineString id="1366">
                    <altitudeMode>clampToGround</altitudeMode>
                    <coordinates>9.941165,45.1464333,0.0 9.941165,45.1464333,0.0 9.9410616,45.1465083,0.0 9.94107,45.1465083,0.0 9.9410133,45.1466416,0.0 9.9410383,45.14666,0.0 9.9414316,45.1468933,0.0 9.941455,45.146915,0.0</coordinates>
                </LineString>
            </Placemark>
            <Placemark id="1371">
                <name>Rota 13:20</name>
                <styleUrl>#1372</styleUrl>
                <LineString id="1370">
                    <altitudeMode>clampToGround</altitudeMode>
                    <coordinates>9.9415066,45.1468266,0.0 9.9415116,45.1468216,0.0 9.94157,45.146775,0.0 9.9415983,45.1467833,0.0 9.941695,45.1466733,0.0 9.941715,45.1466733,0.0 9.9416383,45.1470216,0.0 9.9416566,45.1470216,0.0</coordinates>
                </LineString>
            </Placemark>
            <Placemark id="1375">
                <name>Rota 13:21</name>
                <styleUrl>#1376</styleUrl>
                <LineString id="1374">
                    <altitudeMode>clampToGround</altitudeMode>
                    <coordinates>9.9417333,45.1469583,0.0 9.9417366,45.146945,0.0 9.9413066,45.1470033,0.0 9.9412666,45.1470216,0.0 9.94117,45.14707,0.0 9.94115,45.1470716,0.0 9.9409466,45.147065,0.0 9.9409416,45.147055,0.0</coordinates>
                </LineString>
            </Placemark>
            <Placemark id="1379">
                <name>Rota 13:22</name>
                <styleUrl>#1380</styleUrl>
                <LineString id="1378">
                    <altitudeMode>clampToGround</altitudeMode>
                    <coordinates>9.940915,45.1470966,0.0 9.9409133,45.14711,0.0 9.9409983,45.147145,0.0 9.9409983,45.147145,0.0 9.9411533,45.1470616,0.0 9.941185,45.1470516,0.0 9.94123,45.14715,0.0 9.94123,45.1471416,0.0</coordinates>
                </LineString>
            </Placemark>
            <Placemark id="1383">
                <name>Rota 13:23</name>
                <styleUrl>#1384</styleUrl>
                <LineString id="1382">
                    <altitudeMode>clampToGround</altitudeMode>
                    <coordinates>9.9413633,45.14715,0.0 9.941375,45.14715,0.0 9.9412833,45.1471533,0.0 9.9412916,45.1471616,0.0 9.9415033,45.1471733,0.0 9.9414916,45.1471583,0.0 9.9414583,45.1470083,0.0 9.9414683,45.147015,0.0</coordinates>
                </LineString>
            </Placemark>
            <Placemark id="1387">
                <name>Rota 13:24</name>
                <styleUrl>#1388</styleUrl>
                <LineString id="1386">
                    <altitudeMode>clampToGround</altitudeMode>
                    <coordinates>9.9411033,45.1472633,0.0 9.9410883,45.1472683,0.0 9.9411016,45.1469666,0.0 9.941075,45.146955,0.0 9.9409166,45.146655,0.0 9.940925,45.1466283,0.0</coordinates>
                </LineString>
            </Placemark>
            <Placemark id="1391">
                <name>Rota 13:25</name>
                <styleUrl>#1392</styleUrl>
                <LineString id="1390">
                    <altitudeMode>clampToGround</altitudeMode>
                    <coordinates>9.9412033,45.14671,0.0 9.9412016,45.1467133,0.0</coordinates>
                </LineString>
            </Placemark>
            <Placemark id="1395">
                <name>Rota 13:26</name>
                <styleUrl>#1396</styleUrl>
                <LineString id="1394">
                    <altitudeMode>clampToGround</altitudeMode>
                    <coordinates>9.9412333,45.146785,0.0 9.94124,45.14679,0.0 9.9412316,45.14679,0.0 9.9412216,45.1467733,0.0 9.9410833,45.1466283,0.0 9.941075,45.14662,0.0 9.941085,45.1467416,0.0 9.9410833,45.1467483,0.0</coordinates>
                </LineString>
            </Placemark>
            <Placemark id="1399">
                <name>Rota 13:27</name>
                <styleUrl>#1400</styleUrl>
                <LineString id="1398">
                    <altitudeMode>clampToGround</altitudeMode>
                    <coordinates>9.9410933,45.14673,0.0 9.9410866,45.1467283,0.0 9.9411033,45.1467116,0.0 9.941115,45.1467166,0.0 9.94115,45.1467683,0.0 9.94115,45.14679,0.0 9.9411133,45.1468033,0.0 9.9411133,45.1468033,0.0</coordinates>
                </LineString>
            </Placemark>
            <Placemark id="1403">
                <name>Rota 13:28</name>
                <styleUrl>#1404</styleUrl>
                <LineString id="1402">
                    <altitudeMode>clampToGround</altitudeMode>
                    <coordinates>9.9411616,45.1467616,0.0 9.9411716,45.146765,0.0 9.9412583,45.146805,0.0 9.9412633,45.1468166,0.0 9.9411616,45.1467983,0.0 9.9411566,45.146795,0.0 9.941025,45.1467233,0.0 9.9410133,45.14671,0.0</coordinates>
                </LineString>
            </Placemark>
            <Placemark id="1407">
                <name>Rota 13:29</name>
                <styleUrl>#1408</styleUrl>
                <LineString id="1406">
                    <altitudeMode>clampToGround</altitudeMode>
                    <coordinates>9.9410666,45.1466583,0.0 9.94107,45.1466583,0.0 9.94099,45.1465416,0.0 9.940995,45.1465383,0.0 9.9409933,45.1465233,0.0 9.941,45.1465266,0.0 9.9409466,45.1464633,0.0 9.9409483,45.14646,0.0</coordinates>
                </LineString>
            </Placemark>
            <Placemark id="1411">
                <name>Rota 13:30</name>
                <styleUrl>#1412</styleUrl>
                <LineString id="1410">
                    <altitudeMode>clampToGround</altitudeMode>
                    <coordinates>9.9409366,45.146395,0.0 9.9409416,45.14639,0.0 9.94089,45.1463483,0.0 9.9408966,45.146355,0.0 9.9410166,45.1464566,0.0 9.9410066,45.1464566,0.0 9.9410066,45.14649,0.0 9.9410066,45.14649,0.0</coordinates>
                </LineString>
            </Placemark>
            <Placemark id="1415">
                <name>Rota 13:31</name>
                <styleUrl>#1416</styleUrl>
                <LineString id="1414">
                    <altitudeMode>clampToGround</altitudeMode>
                    <coordinates>9.9410333,45.1465216,0.0 9.9410333,45.1465216,0.0 9.9410866,45.1465483,0.0 9.9410866,45.1465483,0.0 9.9410933,45.1465283,0.0 9.9410933,45.146525,0.0 9.9410733,45.14649,0.0 9.9410733,45.146485,0.0</coordinates>
                </LineString>
            </Placemark>
            <Placemark id="1419">
                <name>Rota 13:32</name>
                <styleUrl>#1420</styleUrl>
                <LineString id="1418">
                    <altitudeMode>clampToGround</altitudeMode>
                    <coordinates>9.9409533,45.1463816,0.0 9.940945,45.1463783,0.0 9.94116,45.1464916,0.0 9.9411533,45.1465116,0.0 9.9410766,45.1466033,0.0 9.941065,45.1466133,0.0 9.9410233,45.14668,0.0 9.941,45.1466966,0.0</coordinates>
                </LineString>
            </Placemark>
            <Placemark id="1423">
                <name>Rota 13:33</name>
                <styleUrl>#1424</styleUrl>
                <LineString id="1422">
                    <altitudeMode>clampToGround</altitudeMode>
                    <coordinates>9.940895,45.14671,0.0 9.9409016,45.146715,0.0 9.9409683,45.14668,0.0 9.9409733,45.1466766,0.0 9.9410716,45.1466066,0.0 9.9410716,45.1466066,0.0 9.94105,45.146595,0.0 9.94105,45.146595,0.0</coordinates>
                </LineString>
            </Placemark>
            <Placemark id="1427">
                <name>Rota 13:34</name>
                <styleUrl>#1428</styleUrl>
                <LineString id="1426">
                    <altitudeMode>clampToGround</altitudeMode>
                    <coordinates>9.94095,45.1466333,0.0 9.9409533,45.1466216,0.0 9.94084,45.1463966,0.0 9.9408316,45.1463933,0.0 9.941105,45.1464033,0.0 9.9411116,45.1464033,0.0 9.9411616,45.146505,0.0 9.9411583,45.1465116,0.0</coordinates>
                </LineString>
            </Placemark>
            <Placemark id="1431">
                <name>Rota 13:35</name>
                <styleUrl>#1432</styleUrl>
                <LineString id="1430">
                    <altitudeMode>clampToGround</altitudeMode>
                    <coordinates>9.9410883,45.146565,0.0 9.9410816,45.14657,0.0 9.9410183,45.1466183,0.0 9.9410233,45.1466266,0.0 9.941025,45.1466483,0.0 9.941025,45.1466483,0.0 9.9410133,45.1467616,0.0 9.9410116,45.1467666,0.0</coordinates>
                </LineString>
            </Placemark>
            <Placemark id="1435">
                <name>Rota 13:36</name>
                <styleUrl>#1436</styleUrl>
                <LineString id="1434">
                    <altitudeMode>clampToGround</altitudeMode>
                    <coordinates>9.9410316,45.1467933,0.0 9.9410316,45.1467933,0.0 9.9409833,45.1468483,0.0 9.9409833,45.1468483,0.0 9.9408,45.1467633,0.0 9.9407933,45.1467616,0.0 9.9407883,45.1467966,0.0 9.9408133,45.1467916,0.0</coordinates>
                </LineString>
            </Placemark>
            <Placemark id="1439">
                <name>Rota 13:37</name>
                <styleUrl>#1440</styleUrl>
                <LineString id="1438">
                    <altitudeMode>clampToGround</altitudeMode>
                    <coordinates>9.9410633,45.14675,0.0 9.94108,45.1467416,0.0 9.9413566,45.1467516,0.0 9.941365,45.1467566,0.0 9.94108,45.1468016,0.0 9.9410433,45.1468133,0.0 9.9409083,45.1468766,0.0 9.9409083,45.1468766,0.0</coordinates>
                </LineString>
            </Placemark>
            <Placemark id="1443">
                <name>Rota 13:38</name>
                <styleUrl>#1444</styleUrl>
                <LineString id="1442">
                    <altitudeMode>clampToGround</altitudeMode>
                    <coordinates>9.9407416,45.1469283,0.0 9.9407466,45.1469183,0.0 9.9409966,45.1468566,0.0 9.9410033,45.146845,0.0 9.941035,45.146845,0.0 9.9410816,45.1468183,0.0 9.9411366,45.1467816,0.0 9.9411616,45.14677,0.0</coordinates>
                </LineString>
            </Placemark>
            <Placemark id="1447">
                <name>Rota 13:39</name>
                <styleUrl>#1448</styleUrl>
                <LineString id="1446">
                    <altitudeMode>clampToGround</altitudeMode>
                    <coordinates>9.9411283,45.14675,0.0 9.9411233,45.1467416,0.0 9.9411133,45.1466383,0.0 9.941105,45.14664,0.0 9.9411483,45.1466183,0.0 9.9411433,45.1466316,0.0 9.9411583,45.1466833,0.0 9.9411616,45.1466816,0.0</coordinates>
                </LineString>
            </Placemark>
            <Placemark id="1451">
                <name>Rota 13:40</name>
                <styleUrl>#1452</styleUrl>
                <LineString id="1450">
                    <altitudeMode>clampToGround</altitudeMode>
                    <coordinates>9.9413116,45.146835,0.0 9.941295,45.1468716,0.0 9.941185,45.146975,0.0 9.9411833,45.14697,0.0 9.941145,45.1468383,0.0 9.9411483,45.14684,0.0 9.9410733,45.1468233,0.0 9.9410733,45.1468233,0.0</coordinates>
                </LineString>
            </Placemark>
            <Placemark id="1455">
                <name>Rota 13:41</name>
                <styleUrl>#1456</styleUrl>
                <LineString id="1454">
                    <altitudeMode>clampToGround</altitudeMode>
                    <coordinates>9.9410783,45.1466666,0.0 9.941095,45.1466333,0.0 9.9412016,45.146335,0.0 9.94127,45.14642,0.0 9.94125,45.1465033,0.0</coordinates>
                </LineString>
            </Placemark>
            <Placemark id="1459">
                <name>Rota 13:42</name>
                <styleUrl>#1460</styleUrl>
                <LineString id="1458">
                    <altitudeMode>clampToGround</altitudeMode>
                    <coordinates>9.941235,45.14664,0.0 9.94124,45.1466333,0.0 9.9411733,45.146695,0.0 9.9411666,45.1466916,0.0 9.9410266,45.1469216,0.0 9.941025,45.1469033,0.0 9.9410316,45.1472466,0.0 9.941055,45.1472266,0.0</coordinates>
                </LineString>
            </Placemark>
            <Placemark id="1463">
                <name>Rota 13:43</name>
                <styleUrl>#1464</styleUrl>
                <LineString id="1462">
                    <altitudeMode>clampToGround</altitudeMode>
                    <coordinates>9.9409016,45.1475866,0.0 9.9409,45.1475966,0.0 9.9409583,45.1472816,0.0 9.94096,45.1472833,0.0 9.9409933,45.1471633,0.0 9.941,45.1471483,0.0 9.9410566,45.1468133,0.0 9.9410533,45.14683,0.0</coordinates>
                </LineString>
            </Placemark>
            <Placemark id="1467">
                <name>Rota 13:44</name>
                <styleUrl>#1468</styleUrl>
                <LineString id="1466">
                    <altitudeMode>clampToGround</altitudeMode>
                    <coordinates>9.941025,45.14672,0.0 9.9410483,45.1466783,0.0 9.94109,45.1466766,0.0 9.9410983,45.146685,0.0 9.941125,45.14679,0.0 9.9411283,45.1467933,0.0 9.9412266,45.1466666,0.0 9.94123,45.1466483,0.0</coordinates>
                </LineString>
            </Placemark>
            <Placemark id="1471">
                <name>Rota 13:45</name>
                <styleUrl>#1472</styleUrl>
                <LineString id="1470">
                    <altitudeMode>clampToGround</altitudeMode>
                    <coordinates>9.9412283,45.1465833,0.0 9.941225,45.14658,0.0 9.9412566,45.1467016,0.0 9.9412616,45.146725,0.0 9.94127,45.1468233,0.0 9.94126,45.1468433,0.0 9.9412433,45.14706,0.0</coordinates>
                </LineString>
            </Placemark>
            <Placemark id="1475">
                <name>Rota 13:46</name>
                <styleUrl>#1476</styleUrl>
                <LineString id="1474">
                    <altitudeMode>clampToGround</altitudeMode>
                    <coordinates>9.9413316,45.1467333,0.0 9.9413266,45.1467283,0.0 9.94129,45.1465083,0.0 9.9412916,45.146475,0.0 9.941325,45.1461583,0.0</coordinates>
                </LineString>
            </Placemark>
            <Placemark id="1479">
                <name>Rota 13:47</name>
                <styleUrl>#1480</styleUrl>
                <LineString id="1478">
                    <altitudeMode>clampToGround</altitudeMode>
                    <coordinates>9.94132,45.1457833,0.0 9.9413183,45.145775,0.0 9.9411683,45.1460433,0.0 9.9411583,45.1460733,0.0 9.9410583,45.1464083,0.0 9.94105,45.146425,0.0 9.940945,45.1467933,0.0 9.9409533,45.14679,0.0</coordinates>
                </LineString>
            </Placemark>
            <Placemark id="1483">
                <name>Rota 13:48</name>
                <styleUrl>#1484</styleUrl>
                <LineString id="1482">
                    <altitudeMode>clampToGround</altitudeMode>
                    <coordinates>9.9410166,45.1467933,0.0 9.9410316,45.1467866,0.0 9.9410383,45.146875,0.0 9.941005,45.1468933,0.0 9.9411183,45.1470933,0.0 9.9411316,45.1471316,0.0 9.9411516,45.1474066,0.0 9.9411316,45.147415,0.0</coordinates>
                </LineString>
            </Placemark>
            <Placemark id="1487">
                <name>Rota 13:49</name>
                <styleUrl>#1488</styleUrl>
                <LineString id="1486">
                    <altitudeMode>clampToGround</altitudeMode>
                    <coordinates>9.94114,45.14726,0.0 9.9411333,45.1472483,0.0 9.941215,45.14709,0.0 9.9412616,45.1470783,0.0 9.9412483,45.1474283,0.0 9.9412666,45.1474233,0.0</coordinates>
                </LineString>
            </Placemark>
            <Placemark id="1491">
                <name>Rota 13:50</name>
                <styleUrl>#1492</styleUrl>
                <LineString id="1490">
                    <altitudeMode>clampToGround</altitudeMode>
                    <coordinates>9.9414183,45.1478416,0.0 9.9414616,45.1474633,0.0 9.9414733,45.1473866,0.0 9.9414733,45.1473866,0.0 9.941395,45.1473033,0.0 9.9413583,45.1472866,0.0</coordinates>
                </LineString>
            </Placemark>
            <Placemark id="1495">
                <name>Rota 13:51</name>
                <styleUrl>#1496</styleUrl>
                <LineString id="1494">
                    <altitudeMode>clampToGround</altitudeMode>
                    <coordinates>9.9413316,45.1472816,0.0 9.941355,45.147265,0.0 9.941445,45.1470916,0.0 9.941435,45.1471,0.0 9.9413566,45.1472483,0.0 9.9413616,45.14731,0.0</coordinates>
                </LineString>
            </Placemark>
            <Placemark id="1499">
                <name>Rota 13:54</name>
                <styleUrl>#1500</styleUrl>
                <LineString id="1498">
                    <altitudeMode>clampToGround</altitudeMode>
                    <coordinates>9.9416233,45.146365,0.0 9.94161,45.146365,0.0 9.941635,45.14693,0.0 9.9416233,45.14693,0.0</coordinates>
                </LineString>
            </Placemark>
            <Placemark id="1503">
                <name>Rota 13:55</name>
                <styleUrl>#1504</styleUrl>
                <LineString id="1502">
                    <altitudeMode>clampToGround</altitudeMode>
                    <coordinates>9.941525,45.1469416,0.0 9.941515,45.1469466,0.0 9.9416283,45.1471166,0.0 9.9416166,45.1471216,0.0 9.9416233,45.1470283,0.0 9.9416233,45.147015,0.0 9.9412516,45.146895,0.0 9.94127,45.14689,0.0</coordinates>
                </LineString>
            </Placemark>
            <Placemark id="1507">
                <name>Rota 13:56</name>
                <styleUrl>#1508</styleUrl>
                <LineString id="1506">
                    <altitudeMode>clampToGround</altitudeMode>
                    <coordinates>9.941485,45.147005,0.0 9.9414766,45.1470033,0.0 9.9415933,45.1469866,0.0 9.94159,45.14699,0.0 9.9417516,45.1470683,0.0 9.94175,45.1470633,0.0 9.9418083,45.1471416,0.0 9.9417766,45.1471333,0.0</coordinates>
                </LineString>
            </Placemark>
            <Placemark id="1511">
                <name>Rota 13:57</name>
                <styleUrl>#1512</styleUrl>
                <LineString id="1510">
                    <altitudeMode>clampToGround</altitudeMode>
                    <coordinates>9.9411666,45.1468966,0.0 9.941145,45.14688,0.0 9.9411466,45.1467666,0.0 9.94153,45.146725,0.0 9.9415216,45.14673,0.0 9.9412083,45.14646,0.0 9.941175,45.14645,0.0</coordinates>
                </LineString>
            </Placemark>
            <Placemark id="1515">
                <name>Rota 13:58</name>
                <styleUrl>#1516</styleUrl>
                <LineString id="1514">
                    <altitudeMode>clampToGround</altitudeMode>
                    <coordinates>9.9410916,45.14671,0.0 9.9410966,45.146715,0.0 9.941155,45.1467033,0.0 9.941165,45.1467066,0.0 9.94114,45.146695,0.0 9.941145,45.1466983,0.0 9.9411583,45.1466516,0.0 9.9411283,45.1466366,0.0</coordinates>
                </LineString>
            </Placemark>
            <Placemark id="1519">
                <name>Rota 13:59</name>
                <styleUrl>#1520</styleUrl>
                <LineString id="1518">
                    <altitudeMode>clampToGround</altitudeMode>
                    <coordinates>9.9410816,45.1466183,0.0 9.94109,45.14662,0.0 9.9409583,45.1466016,0.0 9.9409533,45.1466016,0.0 9.9408716,45.1465833,0.0 9.94087,45.146585,0.0 9.9409033,45.1466283,0.0 9.9408783,45.146625,0.0</coordinates>
                </LineString>
            </Placemark>
        </Folder>
        <Folder id="1522">
            <Style id="1525">
                <LineStyle id="1526">
                    <color>ff008000</color>
                    <colorMode>normal</colorMode>
                    <width>3</width>
                </LineStyle>
            </Style>
            <Style id="1529">
                <LineStyle id="1530">
                    <color>ff008000</color>
                    <colorMode>normal</colorMode>
                    <width>3</width>
                </LineStyle>
            </Style>
            <Style id="1533">
                <LineStyle id="1534">
                    <color>ff008000</color>
                    <colorMode>normal</colorMode>
                    <width>3</width>
                </LineStyle>
            </Style>
            <Style id="1537">
                <LineStyle id="1538">
                    <color>ff008000</color>
                    <colorMode>normal</colorMode>
                    <width>3</width>
                </LineStyle>
            </Style>
            <Style id="1541">
                <LineStyle id="1542">
                    <color>ff008000</color>
                    <colorMode>normal</colorMode>
                    <width>3</width>
                </LineStyle>
            </Style>
            <Style id="1545">
                <LineStyle id="1546">
                    <color>ff008000</color>
                    <colorMode>normal</colorMode>
                    <width>3</width>
                </LineStyle>
            </Style>
            <Style id="1549">
                <LineStyle id="1550">
                    <color>ff008000</color>
                    <colorMode>normal</colorMode>
                    <width>3</width>
                </LineStyle>
            </Style>
            <Style id="1553">
                <LineStyle id="1554">
                    <color>ff008000</color>
                    <colorMode>normal</colorMode>
                    <width>3</width>
                </LineStyle>
            </Style>
            <Style id="1557">
                <LineStyle id="1558">
                    <color>ff008000</color>
                    <colorMode>normal</colorMode>
                    <width>3</width>
                </LineStyle>
            </Style>
            <Style id="1561">
                <LineStyle id="1562">
                    <color>ff008000</color>
                    <colorMode>normal</colorMode>
                    <width>3</width>
                </LineStyle>
            </Style>
            <Style id="1565">
                <LineStyle id="1566">
                    <color>ff008000</color>
                    <colorMode>normal</colorMode>
                    <width>3</width>
                </LineStyle>
            </Style>
            <Style id="1569">
                <LineStyle id="1570">
                    <color>ff008000</color>
                    <colorMode>normal</colorMode>
                    <width>3</width>
                </LineStyle>
            </Style>
            <Style id="1573">
                <LineStyle id="1574">
                    <color>ff008000</color>
                    <colorMode>normal</colorMode>
                    <width>3</width>
                </LineStyle>
            </Style>
            <Style id="1577">
                <LineStyle id="1578">
                    <color>ff008000</color>
                    <colorMode>normal</colorMode>
                    <width>3</width>
                </LineStyle>
            </Style>
            <Style id="1581">
                <LineStyle id="1582">
                    <color>ff008000</color>
                    <colorMode>normal</colorMode>
                    <width>3</width>
                </LineStyle>
            </Style>
            <Style id="1585">
                <LineStyle id="1586">
                    <color>ff008000</color>
                    <colorMode>normal</colorMode>
                    <width>3</width>
                </LineStyle>
            </Style>
            <Style id="1589">
                <LineStyle id="1590">
                    <color>ff008000</color>
                    <colorMode>normal</colorMode>
                    <width>3</width>
                </LineStyle>
            </Style>
            <Style id="1593">
                <LineStyle id="1594">
                    <color>ff008000</color>
                    <colorMode>normal</colorMode>
                    <width>3</width>
                </LineStyle>
            </Style>
            <Style id="1597">
                <LineStyle id="1598">
                    <color>ff008000</color>
                    <colorMode>normal</colorMode>
                    <width>3</width>
                </LineStyle>
            </Style>
            <Style id="1601">
                <LineStyle id="1602">
                    <color>ff008000</color>
                    <colorMode>normal</colorMode>
                    <width>3</width>
                </LineStyle>
            </Style>
            <Style id="1605">
                <LineStyle id="1606">
                    <color>ff008000</color>
                    <colorMode>normal</colorMode>
                    <width>3</width>
                </LineStyle>
            </Style>
            <Style id="1609">
                <LineStyle id="1610">
                    <color>ff008000</color>
                    <colorMode>normal</colorMode>
                    <width>3</width>
                </LineStyle>
            </Style>
            <Style id="1613">
                <LineStyle id="1614">
                    <color>ff008000</color>
                    <colorMode>normal</colorMode>
                    <width>3</width>
                </LineStyle>
            </Style>
            <Style id="1617">
                <LineStyle id="1618">
                    <color>ff008000</color>
                    <colorMode>normal</colorMode>
                    <width>3</width>
                </LineStyle>
            </Style>
            <Style id="1621">
                <LineStyle id="1622">
                    <color>ff008000</color>
                    <colorMode>normal</colorMode>
                    <width>3</width>
                </LineStyle>
            </Style>
            <Style id="1625">
                <LineStyle id="1626">
                    <color>ff008000</color>
                    <colorMode>normal</colorMode>
                    <width>3</width>
                </LineStyle>
            </Style>
            <Style id="1629">
                <LineStyle id="1630">
                    <color>ff008000</color>
                    <colorMode>normal</colorMode>
                    <width>3</width>
                </LineStyle>
            </Style>
            <Style id="1633">
                <LineStyle id="1634">
                    <color>ff008000</color>
                    <colorMode>normal</colorMode>
                    <width>3</width>
                </LineStyle>
            </Style>
            <Style id="1637">
                <LineStyle id="1638">
                    <color>ff008000</color>
                    <colorMode>normal</colorMode>
                    <width>3</width>
                </LineStyle>
            </Style>
            <Style id="1641">
                <LineStyle id="1642">
                    <color>ff008000</color>
                    <colorMode>normal</colorMode>
                    <width>3</width>
                </LineStyle>
            </Style>
            <Style id="1645">
                <LineStyle id="1646">
                    <color>ff008000</color>
                    <colorMode>normal</colorMode>
                    <width>3</width>
                </LineStyle>
            </Style>
            <Style id="1649">
                <LineStyle id="1650">
                    <color>ff008000</color>
                    <colorMode>normal</colorMode>
                    <width>3</width>
                </LineStyle>
            </Style>
            <Style id="1653">
                <LineStyle id="1654">
                    <color>ff008000</color>
                    <colorMode>normal</colorMode>
                    <width>3</width>
                </LineStyle>
            </Style>
            <Style id="1657">
                <LineStyle id="1658">
                    <color>ff008000</color>
                    <colorMode>normal</colorMode>
                    <width>3</width>
                </LineStyle>
            </Style>
            <Style id="1661">
                <LineStyle id="1662">
                    <color>ff008000</color>
                    <colorMode>normal</colorMode>
                    <width>3</width>
                </LineStyle>
            </Style>
            <Style id="1665">
                <LineStyle id="1666">
                    <color>ff008000</color>
                    <colorMode>normal</colorMode>
                    <width>3</width>
                </LineStyle>
            </Style>
            <Style id="1669">
                <LineStyle id="1670">
                    <color>ff008000</color>
                    <colorMode>normal</colorMode>
                    <width>3</width>
                </LineStyle>
            </Style>
            <Style id="1673">
                <LineStyle id="1674">
                    <color>ff008000</color>
                    <colorMode>normal</colorMode>
                    <width>3</width>
                </LineStyle>
            </Style>
            <Style id="1677">
                <LineStyle id="1678">
                    <color>ff008000</color>
                    <colorMode>normal</colorMode>
                    <width>3</width>
                </LineStyle>
            </Style>
            <Style id="1681">
                <LineStyle id="1682">
                    <color>ff008000</color>
                    <colorMode>normal</colorMode>
                    <width>3</width>
                </LineStyle>
            </Style>
            <Style id="1685">
                <LineStyle id="1686">
                    <color>ff008000</color>
                    <colorMode>normal</colorMode>
                    <width>3</width>
                </LineStyle>
            </Style>
            <Style id="1689">
                <LineStyle id="1690">
                    <color>ff008000</color>
                    <colorMode>normal</colorMode>
                    <width>3</width>
                </LineStyle>
            </Style>
            <Style id="1693">
                <LineStyle id="1694">
                    <color>ff008000</color>
                    <colorMode>normal</colorMode>
                    <width>3</width>
                </LineStyle>
            </Style>
            <Style id="1697">
                <LineStyle id="1698">
                    <color>ff008000</color>
                    <colorMode>normal</colorMode>
                    <width>3</width>
                </LineStyle>
            </Style>
            <Style id="1701">
                <LineStyle id="1702">
                    <color>ff008000</color>
                    <colorMode>normal</colorMode>
                    <width>3</width>
                </LineStyle>
            </Style>
            <Style id="1705">
                <LineStyle id="1706">
                    <color>ff008000</color>
                    <colorMode>normal</colorMode>
                    <width>3</width>
                </LineStyle>
            </Style>
            <Style id="1709">
                <LineStyle id="1710">
                    <color>ff008000</color>
                    <colorMode>normal</colorMode>
                    <width>3</width>
                </LineStyle>
            </Style>
            <Style id="1713">
                <LineStyle id="1714">
                    <color>ff008000</color>
                    <colorMode>normal</colorMode>
                    <width>3</width>
                </LineStyle>
            </Style>
            <Style id="1717">
                <LineStyle id="1718">
                    <color>ff008000</color>
                    <colorMode>normal</colorMode>
                    <width>3</width>
                </LineStyle>
            </Style>
            <Style id="1721">
                <LineStyle id="1722">
                    <color>ff008000</color>
                    <colorMode>normal</colorMode>
                    <width>3</width>
                </LineStyle>
            </Style>
            <Style id="1725">
                <LineStyle id="1726">
                    <color>ff008000</color>
                    <colorMode>normal</colorMode>
                    <width>3</width>
                </LineStyle>
            </Style>
            <Style id="1729">
                <LineStyle id="1730">
                    <color>ff008000</color>
                    <colorMode>normal</colorMode>
                    <width>3</width>
                </LineStyle>
            </Style>
            <Style id="1733">
                <LineStyle id="1734">
                    <color>ff008000</color>
                    <colorMode>normal</colorMode>
                    <width>3</width>
                </LineStyle>
            </Style>
            <Style id="1737">
                <LineStyle id="1738">
                    <color>ff008000</color>
                    <colorMode>normal</colorMode>
                    <width>3</width>
                </LineStyle>
            </Style>
            <name>2025-08-18 14:00</name>
            <Placemark id="1524">
                <name>Rota 14:00</name>
                <styleUrl>#1525</styleUrl>
                <LineString id="1523">
                    <altitudeMode>clampToGround</altitudeMode>
                    <coordinates>9.9407666,45.146595,0.0 9.9407666,45.146595,0.0 9.9409166,45.1466016,0.0 9.94092,45.1466,0.0 9.94096,45.1466816,0.0 9.9409616,45.1466933,0.0 9.9410366,45.14678,0.0 9.9410716,45.1467966,0.0</coordinates>
                </LineString>
            </Placemark>
            <Placemark id="1528">
                <name>Rota 14:01</name>
                <styleUrl>#1529</styleUrl>
                <LineString id="1527">
                    <altitudeMode>clampToGround</altitudeMode>
                    <coordinates>9.9413083,45.1469433,0.0 9.9413116,45.1469483,0.0 9.9414816,45.1469916,0.0 9.9414666,45.1469916,0.0 9.9414466,45.1469966,0.0 9.9414333,45.1469966,0.0 9.9413733,45.1469633,0.0 9.9413633,45.1469583,0.0</coordinates>
                </LineString>
            </Placemark>
            <Placemark id="1532">
                <name>Rota 14:02</name>
                <styleUrl>#1533</styleUrl>
                <LineString id="1531">
                    <altitudeMode>clampToGround</altitudeMode>
                    <coordinates>9.94142,45.1469716,0.0 9.941465,45.1469866,0.0 9.9416416,45.1469983,0.0 9.9416416,45.1469966,0.0 9.9414916,45.1469566,0.0 9.94149,45.1469466,0.0 9.9413883,45.14688,0.0 9.9413733,45.1468783,0.0</coordinates>
                </LineString>
            </Placemark>
            <Placemark id="1536">
                <name>Rota 14:03</name>
                <styleUrl>#1537</styleUrl>
                <LineString id="1535">
                    <altitudeMode>clampToGround</altitudeMode>
                    <coordinates>9.9411433,45.1468,0.0 9.9411333,45.1467933,0.0 9.9409966,45.14678,0.0 9.9409966,45.14678,0.0 9.9409966,45.14678,0.0 9.9409966,45.14678,0.0 9.9410033,45.1470166,0.0 9.94099,45.147025,0.0</coordinates>
                </LineString>
            </Placemark>
            <Placemark id="1540">
                <name>Rota 14:04</name>
                <styleUrl>#1541</styleUrl>
                <LineString id="1539">
                    <altitudeMode>clampToGround</altitudeMode>
                    <coordinates>9.9410433,45.14728,0.0 9.9410616,45.1472966,0.0 9.9405216,45.1472116,0.0 9.9404783,45.1472066,0.0 9.9403716,45.1471633,0.0 9.9403816,45.1471683,0.0 9.9403983,45.1472416,0.0 9.9404166,45.147255,0.0</coordinates>
                </LineString>
            </Placemark>
            <Placemark id="1544">
                <name>Rota 14:05</name>
                <styleUrl>#1545</styleUrl>
                <LineString id="1543">
                    <altitudeMode>clampToGround</altitudeMode>
                    <coordinates>9.9403766,45.1473066,0.0 9.9403783,45.1473066,0.0 9.9403016,45.1472233,0.0 9.9402883,45.1472166,0.0 9.9402583,45.1471583,0.0 9.9402516,45.147155,0.0 9.9403233,45.14716,0.0 9.940335,45.1471633,0.0</coordinates>
                </LineString>
            </Placemark>
            <Placemark id="1548">
                <name>Rota 14:06</name>
                <styleUrl>#1549</styleUrl>
                <LineString id="1547">
                    <altitudeMode>clampToGround</altitudeMode>
                    <coordinates>9.9404016,45.1472816,0.0 9.9404066,45.1472933,0.0 9.9405933,45.14739,0.0 9.9406,45.1474016,0.0 9.9409966,45.14748,0.0 9.9410366,45.1474883,0.0 9.94164,45.14739,0.0 9.941625,45.1473833,0.0</coordinates>
                </LineString>
            </Placemark>
            <Placemark id="1552">
                <name>Rota 14:07</name>
                <styleUrl>#1553</styleUrl>
                <LineString id="1551">
                    <altitudeMode>clampToGround</altitudeMode>
                    <coordinates>9.9417466,45.1473333,0.0 9.9417566,45.1473466,0.0 9.9415033,45.1470833,0.0 9.9415183,45.1470766,0.0</coordinates>
                </LineString>
            </Placemark>
            <Placemark id="1556">
                <name>Rota 14:08</name>
                <styleUrl>#1557</styleUrl>
                <LineString id="1555">
                    <altitudeMode>clampToGround</altitudeMode>
                    <coordinates>9.9408416,45.1467416,0.0 9.94087,45.1467133,0.0 9.940775,45.1468333,0.0 9.9407666,45.1468416,0.0 9.9409633,45.146965,0.0 9.9409933,45.146965,0.0</coordinates>
                </LineString>
            </Placemark>
            <Placemark id="1560">
                <name>Rota 14:10</name>
                <styleUrl>#1561</styleUrl>
                <LineString id="1559">
                    <altitudeMode>clampToGround</altitudeMode>
                    <coordinates>9.9420716,45.1472933,0.0 9.94207,45.147295,0.0 9.9420466,45.1472966,0.0 9.9420366,45.1472916,0.0 9.9420766,45.1473366,0.0 9.94209,45.1473366,0.0 9.9419633,45.1472066,0.0 9.9419416,45.1471933,0.0</coordinates>
                </LineString>
            </Placemark>
            <Placemark id="1564">
                <name>Rota 14:11</name>
                <styleUrl>#1565</styleUrl>
                <LineString id="1563">
                    <altitudeMode>clampToGround</altitudeMode>
                    <coordinates>9.94172,45.147095,0.0 9.9417216,45.147085,0.0 9.94171,45.14716,0.0 9.9417216,45.1471616,0.0 9.94203,45.1472016,0.0 9.94201,45.1471933,0.0 9.9421366,45.1471283,0.0 9.9421483,45.1471383,0.0</coordinates>
                </LineString>
            </Placemark>
            <Placemark id="1568">
                <name>Rota 14:12</name>
                <styleUrl>#1569</styleUrl>
                <LineString id="1567">
                    <altitudeMode>clampToGround</altitudeMode>
                    <coordinates>9.9418816,45.1471733,0.0 9.9418766,45.14719,0.0 9.941605,45.14717,0.0 9.9415583,45.1471716,0.0 9.9417366,45.1472966,0.0 9.9417366,45.1472966,0.0</coordinates>
                </LineString>
            </Placemark>
            <Placemark id="1572">
                <name>Rota 14:13</name>
                <styleUrl>#1573</styleUrl>
                <LineString id="1571">
                    <altitudeMode>clampToGround</altitudeMode>
                    <coordinates>9.9416366,45.1471233,0.0 9.9413683,45.147365,0.0 9.9413383,45.1473716,0.0 9.9412366,45.1473066,0.0 9.9414016,45.1472266,0.0 9.9414166,45.1472133,0.0</coordinates>
                </LineString>
            </Placemark>
            <Placemark id="1576">
                <name>Rota 14:16</name>
                <styleUrl>#1577</styleUrl>
                <LineString id="1575">
                    <altitudeMode>clampToGround</altitudeMode>
                    <coordinates>9.9414683,45.1469666,0.0 9.9408866,45.1469383,0.0 9.9408766,45.1469383,0.0 9.9408733,45.1470133,0.0 9.9419233,45.1470633,0.0 9.941905,45.14707,0.0</coordinates>
                </LineString>
            </Placemark>
            <Placemark id="1580">
                <name>Rota 14:17</name>
                <styleUrl>#1581</styleUrl>
                <LineString id="1579">
                    <altitudeMode>clampToGround</altitudeMode>
                    <coordinates>9.9418533,45.1470633,0.0 9.9417683,45.147115,0.0 9.9418583,45.1472,0.0 9.9415233,45.1473583,0.0 9.9416216,45.1473866,0.0</coordinates>
                </LineString>
            </Placemark>
            <Placemark id="1584">
                <name>Rota 14:18</name>
                <styleUrl>#1585</styleUrl>
                <LineString id="1583">
                    <altitudeMode>clampToGround</altitudeMode>
                    <coordinates>9.9418,45.1474733,0.0 9.9418316,45.1474716,0.0 9.9418383,45.1477316,0.0 9.94186,45.14774,0.0 9.9417616,45.1479866,0.0 9.9417533,45.1479983,0.0</coordinates>
                </LineString>
            </Placemark>
            <Placemark id="1588">
                <name>Rota 14:19</name>
                <styleUrl>#1589</styleUrl>
                <LineString id="1587">
                    <altitudeMode>clampToGround</altitudeMode>
                    <coordinates>9.940445,45.147385,0.0 9.9404316,45.1473933,0.0 9.9401666,45.1473383,0.0 9.9401116,45.14729,0.0 9.9402033,45.1472583,0.0 9.9401883,45.14724,0.0 9.9403633,45.1469683,0.0 9.9403966,45.1469383,0.0</coordinates>
                </LineString>
            </Placemark>
            <Placemark id="1592">
                <name>Rota 14:20</name>
                <styleUrl>#1593</styleUrl>
                <LineString id="1591">
                    <altitudeMode>clampToGround</altitudeMode>
                    <coordinates>9.9397216,45.1463533,0.0 9.9394266,45.1458433,0.0 9.93945,45.1458433,0.0 9.939475,45.1458083,0.0 9.9394533,45.1458066,0.0 9.9394766,45.1456716,0.0 9.93948,45.145675,0.0</coordinates>
                </LineString>
            </Placemark>
            <Placemark id="1596">
                <name>Rota 14:21</name>
                <styleUrl>#1597</styleUrl>
                <LineString id="1595">
                    <altitudeMode>clampToGround</altitudeMode>
                    <coordinates>9.939395,45.1456733,0.0 9.93937,45.145695,0.0 9.9396066,45.14586,0.0 9.9396433,45.14587,0.0 9.9399566,45.1458883,0.0 9.9399733,45.145875,0.0 9.94026,45.145785,0.0 9.9402383,45.1457933,0.0</coordinates>
                </LineString>
            </Placemark>
            <Placemark id="1600">
                <name>Rota 14:22</name>
                <styleUrl>#1601</styleUrl>
                <LineString id="1599">
                    <altitudeMode>clampToGround</altitudeMode>
                    <coordinates>9.940115,45.14595,0.0 9.940115,45.1459633,0.0 9.9400466,45.1460216,0.0 9.94004,45.14602,0.0 9.9397183,45.14605,0.0 9.9397066,45.1460433,0.0 9.9398433,45.1459966,0.0 9.9398666,45.1459983,0.0</coordinates>
                </LineString>
            </Placemark>
            <Placemark id="1604">
                <name>Rota 14:23</name>
                <styleUrl>#1605</styleUrl>
                <LineString id="1603">
                    <altitudeMode>clampToGround</altitudeMode>
                    <coordinates>9.94014,45.1459883,0.0 9.94013,45.1459733,0.0 9.9402783,45.146135,0.0 9.94029,45.1461533,0.0 9.9401433,45.1461016,0.0 9.9401183,45.1460983,0.0</coordinates>
                </LineString>
            </Placemark>
            <Placemark id="1608">
                <name>Rota 14:24</name>
                <styleUrl>#1609</styleUrl>
                <LineString id="1607">
                    <altitudeMode>clampToGround</altitudeMode>
                    <coordinates>9.9400666,45.1460466,0.0 9.9400666,45.1460466,0.0 9.94023,45.1459716,0.0 9.94023,45.1459883,0.0 9.939995,45.1460833,0.0 9.9399316,45.1462016,0.0 9.93992,45.1462083,0.0</coordinates>
                </LineString>
            </Placemark>
            <Placemark id="1612">
                <name>Rota 14:25</name>
                <styleUrl>#1613</styleUrl>
                <LineString id="1611">
                    <altitudeMode>clampToGround</altitudeMode>
                    <coordinates>9.939825,45.1461116,0.0 9.9398316,45.146095,0.0 9.9397133,45.1460433,0.0 9.939705,45.146045,0.0 9.9396866,45.1460883,0.0</coordinates>
                </LineString>
            </Placemark>
            <Placemark id="1616">
                <name>Rota 14:27</name>
                <styleUrl>#1617</styleUrl>
                <LineString id="1615">
                    <altitudeMode>clampToGround</altitudeMode>
                    <coordinates>9.9408,45.14678,0.0 9.9407283,45.146705,0.0</coordinates>
                </LineString>
            </Placemark>
            <Placemark id="1620">
                <name>Rota 14:29</name>
                <styleUrl>#1621</styleUrl>
                <LineString id="1619">
                    <altitudeMode>clampToGround</altitudeMode>
                    <coordinates>9.943555,45.1493266,0.0 9.9434916,45.1493216,0.0 9.94318,45.14923,0.0 9.9431783,45.149235,0.0</coordinates>
                </LineString>
            </Placemark>
            <Placemark id="1624">
                <name>Rota 14:31</name>
                <styleUrl>#1625</styleUrl>
                <LineString id="1623">
                    <altitudeMode>clampToGround</altitudeMode>
                    <coordinates>9.941215,45.1469616,0.0 9.9411916,45.1469583,0.0 9.941,45.14692,0.0 9.9409733,45.1469116,0.0 9.94056,45.1466316,0.0 9.94051,45.1466033,0.0 9.9404816,45.1465733,0.0 9.9405366,45.1466016,0.0</coordinates>
                </LineString>
            </Placemark>
            <Placemark id="1628">
                <name>Rota 14:32</name>
                <styleUrl>#1629</styleUrl>
                <LineString id="1627">
                    <altitudeMode>clampToGround</altitudeMode>
                    <coordinates>9.9407816,45.1467116,0.0 9.940775,45.1467133,0.0 9.9407816,45.14675,0.0 9.9407733,45.1467466,0.0 9.940465,45.1465933,0.0 9.9404533,45.146585,0.0 9.9402266,45.14648,0.0 9.9402733,45.1465033,0.0</coordinates>
                </LineString>
            </Placemark>
            <Placemark id="1632">
                <name>Rota 14:33</name>
                <styleUrl>#1633</styleUrl>
                <LineString id="1631">
                    <altitudeMode>clampToGround</altitudeMode>
                    <coordinates>9.9408116,45.14666,0.0 9.9408216,45.1466716,0.0 9.9409183,45.1467233,0.0 9.940905,45.1467016,0.0 9.940845,45.1467683,0.0 9.9408566,45.14678,0.0 9.9408983,45.1468,0.0 9.9408783,45.1467716,0.0</coordinates>
                </LineString>
            </Placemark>
            <Placemark id="1636">
                <name>Rota 14:34</name>
                <styleUrl>#1637</styleUrl>
                <LineString id="1635">
                    <altitudeMode>clampToGround</altitudeMode>
                    <coordinates>9.9409866,45.1468466,0.0 9.9409866,45.1468483,0.0 9.94119,45.147095,0.0 9.9411933,45.1471216,0.0 9.9412933,45.14714,0.0 9.941285,45.147135,0.0 9.9416533,45.14716,0.0 9.9417,45.1471733,0.0</coordinates>
                </LineString>
            </Placemark>
            <Placemark id="1640">
                <name>Rota 14:35</name>
                <styleUrl>#1641</styleUrl>
                <LineString id="1639">
                    <altitudeMode>clampToGround</altitudeMode>
                    <coordinates>9.9413333,45.147135,0.0 9.9412683,45.1471016,0.0 9.94137,45.1470833,0.0 9.941375,45.1470916,0.0 9.9415416,45.147175,0.0 9.941465,45.147185,0.0</coordinates>
                </LineString>
            </Placemark>
            <Placemark id="1644">
                <name>Rota 14:36</name>
                <styleUrl>#1645</styleUrl>
                <LineString id="1643">
                    <altitudeMode>clampToGround</altitudeMode>
                    <coordinates>9.940925,45.1470383,0.0 9.94093,45.147055,0.0 9.9409116,45.1472433,0.0 9.9409116,45.1472583,0.0 9.9404833,45.1473466,0.0 9.9404833,45.1473466,0.0 9.940155,45.1471883,0.0 9.940145,45.14719,0.0</coordinates>
                </LineString>
            </Placemark>
            <Placemark id="1648">
                <name>Rota 14:37</name>
                <styleUrl>#1649</styleUrl>
                <LineString id="1647">
                    <altitudeMode>clampToGround</altitudeMode>
                    <coordinates>9.9401183,45.14719,0.0 9.940125,45.1471833,0.0 9.9402016,45.1471683,0.0 9.9402033,45.147165,0.0 9.9401,45.1472283,0.0 9.94009,45.1472183,0.0 9.9399766,45.1473966,0.0 9.9399766,45.147395,0.0</coordinates>
                </LineString>
            </Placemark>
            <Placemark id="1652">
                <name>Rota 14:38</name>
                <styleUrl>#1653</styleUrl>
                <LineString id="1651">
                    <altitudeMode>clampToGround</altitudeMode>
                    <coordinates>9.94067,45.147625,0.0 9.9407416,45.1476516,0.0 9.9413833,45.14765,0.0 9.94137,45.14764,0.0 9.9410983,45.1476183,0.0 9.941075,45.147605,0.0 9.9408966,45.14772,0.0 9.9408966,45.147725,0.0</coordinates>
                </LineString>
            </Placemark>
            <Placemark id="1656">
                <name>Rota 14:39</name>
                <styleUrl>#1657</styleUrl>
                <LineString id="1655">
                    <altitudeMode>clampToGround</altitudeMode>
                    <coordinates>9.9406316,45.1476083,0.0 9.9406266,45.147595,0.0 9.94042,45.1475,0.0 9.94043,45.147535,0.0 9.94044,45.1476033,0.0 9.94045,45.1476,0.0 9.9401666,45.1473366,0.0 9.9401433,45.1473266,0.0</coordinates>
                </LineString>
            </Placemark>
            <Placemark id="1660">
                <name>Rota 14:40</name>
                <styleUrl>#1661</styleUrl>
                <LineString id="1659">
                    <altitudeMode>clampToGround</altitudeMode>
                    <coordinates>9.9396933,45.147085,0.0 9.9396933,45.1470883,0.0 9.9397733,45.1471933,0.0 9.93977,45.1472,0.0 9.939735,45.147195,0.0 9.9397116,45.1471883,0.0 9.9397316,45.1471183,0.0 9.9397316,45.1471183,0.0</coordinates>
                </LineString>
            </Placemark>
            <Placemark id="1664">
                <name>Rota 14:41</name>
                <styleUrl>#1665</styleUrl>
                <LineString id="1663">
                    <altitudeMode>clampToGround</altitudeMode>
                    <coordinates>9.9396466,45.1471816,0.0 9.9396366,45.14718,0.0 9.9396583,45.1472816,0.0 9.9396666,45.1472783,0.0 9.939565,45.1472366,0.0 9.9395416,45.1472466,0.0 9.9395533,45.147305,0.0 9.9395533,45.147305,0.0</coordinates>
                </LineString>
            </Placemark>
            <Placemark id="1668">
                <name>Rota 14:42</name>
                <styleUrl>#1669</styleUrl>
                <LineString id="1667">
                    <altitudeMode>clampToGround</altitudeMode>
                    <coordinates>9.9395466,45.1472883,0.0 9.939545,45.1472866,0.0 9.9398183,45.1473083,0.0 9.9398316,45.1472983,0.0 9.939805,45.1472283,0.0 9.93978,45.14722,0.0 9.9396833,45.1471516,0.0 9.9396716,45.1471333,0.0</coordinates>
                </LineString>
            </Placemark>
            <Placemark id="1672">
                <name>Rota 14:43</name>
                <styleUrl>#1673</styleUrl>
                <LineString id="1671">
                    <altitudeMode>clampToGround</altitudeMode>
                    <coordinates>9.9398083,45.1473466,0.0 9.9397983,45.147335,0.0 9.9396716,45.1472166,0.0 9.9396633,45.147215,0.0 9.9397733,45.147015,0.0 9.9397883,45.1469916,0.0 9.9398666,45.1469666,0.0 9.93985,45.1469966,0.0</coordinates>
                </LineString>
            </Placemark>
            <Placemark id="1676">
                <name>Rota 14:44</name>
                <styleUrl>#1677</styleUrl>
                <LineString id="1675">
                    <altitudeMode>clampToGround</altitudeMode>
                    <coordinates>9.9397083,45.14728,0.0 9.9397083,45.147275,0.0 9.93979,45.1468716,0.0 9.9397933,45.146855,0.0 9.9398483,45.1469233,0.0 9.9398433,45.1469333,0.0 9.9398233,45.14706,0.0 9.939825,45.1470616,0.0</coordinates>
                </LineString>
            </Placemark>
            <Placemark id="1680">
                <name>Rota 14:45</name>
                <styleUrl>#1681</styleUrl>
                <LineString id="1679">
                    <altitudeMode>clampToGround</altitudeMode>
                    <coordinates>9.9397866,45.147075,0.0 9.93978,45.14708,0.0 9.9398033,45.1470483,0.0 9.9398033,45.1470483,0.0 9.9398283,45.1471,0.0 9.93983,45.1471016,0.0 9.9398366,45.147175,0.0 9.9398316,45.1471866,0.0</coordinates>
                </LineString>
            </Placemark>
            <Placemark id="1684">
                <name>Rota 14:46</name>
                <styleUrl>#1685</styleUrl>
                <LineString id="1683">
                    <altitudeMode>clampToGround</altitudeMode>
                    <coordinates>9.93982,45.1472533,0.0 9.9398233,45.1472516,0.0 9.93985,45.14706,0.0 9.9398583,45.1470416,0.0 9.9398516,45.1468966,0.0 9.9398466,45.1469083,0.0 9.939835,45.14697,0.0 9.9398366,45.1469866,0.0</coordinates>
                </LineString>
            </Placemark>
            <Placemark id="1688">
                <name>Rota 14:47</name>
                <styleUrl>#1689</styleUrl>
                <LineString id="1687">
                    <altitudeMode>clampToGround</altitudeMode>
                    <coordinates>9.9398033,45.14717,0.0 9.9397983,45.1471683,0.0 9.9397716,45.1473866,0.0 9.9397683,45.1474066,0.0 9.9399783,45.1472816,0.0 9.94,45.14725,0.0 9.9400983,45.14702,0.0 9.9400916,45.1470183,0.0</coordinates>
                </LineString>
            </Placemark>
            <Placemark id="1692">
                <name>Rota 14:48</name>
                <styleUrl>#1693</styleUrl>
                <LineString id="1691">
                    <altitudeMode>clampToGround</altitudeMode>
                    <coordinates>9.9399683,45.146985,0.0 9.9399816,45.1469816,0.0 9.9399883,45.146975,0.0 9.9399833,45.146965,0.0 9.940115,45.146995,0.0 9.9401116,45.14705,0.0 9.9400816,45.14714,0.0 9.9401016,45.1471466,0.0</coordinates>
                </LineString>
            </Placemark>
            <Placemark id="1696">
                <name>Rota 14:49</name>
                <styleUrl>#1697</styleUrl>
                <LineString id="1695">
                    <altitudeMode>clampToGround</altitudeMode>
                    <coordinates>9.9400133,45.1472366,0.0 9.9400133,45.1472366,0.0 9.9398533,45.1471866,0.0 9.939855,45.147185,0.0 9.9397716,45.1471683,0.0 9.9397733,45.1471666,0.0 9.9398183,45.1471383,0.0 9.9398283,45.1471366,0.0</coordinates>
                </LineString>
            </Placemark>
            <Placemark id="1700">
                <name>Rota 14:50</name>
                <styleUrl>#1701</styleUrl>
                <LineString id="1699">
                    <altitudeMode>clampToGround</altitudeMode>
                    <coordinates>9.939835,45.1471566,0.0 9.9398366,45.1471666,0.0 9.9398866,45.147215,0.0 9.9398866,45.147215,0.0 9.939925,45.14724,0.0 9.9399216,45.1472416,0.0 9.93993,45.14729,0.0 9.93995,45.1473,0.0</coordinates>
                </LineString>
            </Placemark>
            <Placemark id="1704">
                <name>Rota 14:51</name>
                <styleUrl>#1705</styleUrl>
                <LineString id="1703">
                    <altitudeMode>clampToGround</altitudeMode>
                    <coordinates>9.939995,45.147315,0.0 9.9399966,45.147315,0.0 9.939845,45.14724,0.0 9.939835,45.1472433,0.0 9.9397733,45.1472133,0.0 9.9397716,45.1472133,0.0 9.9399083,45.1471666,0.0 9.9399183,45.1471716,0.0</coordinates>
                </LineString>
            </Placemark>
            <Placemark id="1708">
                <name>Rota 14:52</name>
                <styleUrl>#1709</styleUrl>
                <LineString id="1707">
                    <altitudeMode>clampToGround</altitudeMode>
                    <coordinates>9.9399016,45.14709,0.0 9.9398933,45.14708,0.0 9.9398183,45.1470816,0.0 9.9398183,45.1470816,0.0 9.939775,45.147055,0.0 9.9397816,45.1470583,0.0 9.9397783,45.1471183,0.0 9.9397816,45.1471366,0.0</coordinates>
                </LineString>
            </Placemark>
            <Placemark id="1712">
                <name>Rota 14:53</name>
                <styleUrl>#1713</styleUrl>
                <LineString id="1711">
                    <altitudeMode>clampToGround</altitudeMode>
                    <coordinates>9.9398366,45.1471616,0.0 9.93985,45.1471633,0.0 9.9399616,45.147155,0.0 9.9399666,45.14716,0.0 9.939935,45.1472866,0.0 9.939945,45.1472766,0.0 9.939985,45.14726,0.0 9.939995,45.1472633,0.0</coordinates>
                </LineString>
            </Placemark>
            <Placemark id="1716">
                <name>Rota 14:54</name>
                <styleUrl>#1717</styleUrl>
                <LineString id="1715">
                    <altitudeMode>clampToGround</altitudeMode>
                    <coordinates>9.940105,45.147305,0.0 9.9401233,45.1473066,0.0 9.9400683,45.14732,0.0 9.9400466,45.1473233,0.0 9.9399466,45.147265,0.0 9.9399466,45.1472516,0.0 9.9399283,45.1471583,0.0 9.9399383,45.1471566,0.0</coordinates>
                </LineString>
            </Placemark>
            <Placemark id="1720">
                <name>Rota 14:55</name>
                <styleUrl>#1721</styleUrl>
                <LineString id="1719">
                    <altitudeMode>clampToGround</altitudeMode>
                    <coordinates>9.9397716,45.1471433,0.0 9.939775,45.1471383,0.0 9.9401533,45.1473183,0.0 9.9401866,45.1473316,0.0 9.940135,45.1472783,0.0 9.9401316,45.14728,0.0 9.9401666,45.1472666,0.0 9.9401716,45.1472683,0.0</coordinates>
                </LineString>
            </Placemark>
            <Placemark id="1724">
                <name>Rota 14:56</name>
                <styleUrl>#1725</styleUrl>
                <LineString id="1723">
                    <altitudeMode>clampToGround</altitudeMode>
                    <coordinates>9.9402366,45.1472633,0.0 9.94023,45.1472666,0.0 9.940305,45.147265,0.0 9.94031,45.1472633,0.0 9.9401833,45.1471766,0.0 9.9402116,45.14717,0.0 9.9401283,45.1470783,0.0 9.9401233,45.1470866,0.0</coordinates>
                </LineString>
            </Placemark>
            <Placemark id="1728">
                <name>Rota 14:57</name>
                <styleUrl>#1729</styleUrl>
                <LineString id="1727">
                    <altitudeMode>clampToGround</altitudeMode>
                    <coordinates>9.9401,45.1471,0.0 9.9400716,45.1471416,0.0 9.94016,45.1470933,0.0 9.94021,45.1471183,0.0 9.940275,45.1472733,0.0 9.9402483,45.1472766,0.0 9.9402716,45.1472783,0.0 9.940285,45.1472866,0.0</coordinates>
                </LineString>
            </Placemark>
            <Placemark id="1732">
                <name>Rota 14:58</name>
                <styleUrl>#1733</styleUrl>
                <LineString id="1731">
                    <altitudeMode>clampToGround</altitudeMode>
                    <coordinates>9.9403883,45.1472933,0.0 9.9403866,45.1472933,0.0 9.9403283,45.1473283,0.0 9.9403266,45.1473283,0.0 9.9404,45.1473266,0.0 9.940405,45.1473283,0.0 9.940445,45.1473316,0.0 9.9404466,45.1473533,0.0</coordinates>
                </LineString>
            </Placemark>
            <Placemark id="1736">
                <name>Rota 14:59</name>
                <styleUrl>#1737</styleUrl>
                <LineString id="1735">
                    <altitudeMode>clampToGround</altitudeMode>
                    <coordinates>9.9403966,45.147415,0.0 9.9403816,45.1474183,0.0 9.940365,45.1473616,0.0 9.9403616,45.1473516,0.0 9.94037,45.14742,0.0 9.94037,45.1474283,0.0 9.940165,45.1474616,0.0 9.9401416,45.1474583,0.0</coordinates>
                </LineString>
            </Placemark>
        </Folder>
        <Folder id="1739">
            <Style id="1742">
                <LineStyle id="1743">
                    <color>ff008000</color>
                    <colorMode>normal</colorMode>
                    <width>3</width>
                </LineStyle>
            </Style>
            <Style id="1746">
                <LineStyle id="1747">
                    <color>ff008000</color>
                    <colorMode>normal</colorMode>
                    <width>3</width>
                </LineStyle>
            </Style>
            <Style id="1750">
                <LineStyle id="1751">
                    <color>ff008000</color>
                    <colorMode>normal</colorMode>
                    <width>3</width>
                </LineStyle>
            </Style>
            <Style id="1754">
                <LineStyle id="1755">
                    <color>ff008000</color>
                    <colorMode>normal</colorMode>
                    <width>3</width>
                </LineStyle>
            </Style>
            <Style id="1758">
                <LineStyle id="1759">
                    <color>ff008000</color>
                    <colorMode>normal</colorMode>
                    <width>3</width>
                </LineStyle>
            </Style>
            <Style id="1762">
                <LineStyle id="1763">
                    <color>ff008000</color>
                    <colorMode>normal</colorMode>
                    <width>3</width>
                </LineStyle>
            </Style>
            <Style id="1766">
                <LineStyle id="1767">
                    <color>ff008000</color>
                    <colorMode>normal</colorMode>
                    <width>3</width>
                </LineStyle>
            </Style>
            <Style id="1770">
                <LineStyle id="1771">
                    <color>ff008000</color>
                    <colorMode>normal</colorMode>
                    <width>3</width>
                </LineStyle>
            </Style>
            <Style id="1774">
                <LineStyle id="1775">
                    <color>ff008000</color>
                    <colorMode>normal</colorMode>
                    <width>3</width>
                </LineStyle>
            </Style>
            <Style id="1778">
                <LineStyle id="1779">
                    <color>ff008000</color>
                    <colorMode>normal</colorMode>
                    <width>3</width>
                </LineStyle>
            </Style>
            <Style id="1782">
                <LineStyle id="1783">
                    <color>ff008000</color>
                    <colorMode>normal</colorMode>
                    <width>3</width>
                </LineStyle>
            </Style>
            <Style id="1786">
                <LineStyle id="1787">
                    <color>ff008000</color>
                    <colorMode>normal</colorMode>
                    <width>3</width>
                </LineStyle>
            </Style>
            <Style id="1790">
                <LineStyle id="1791">
                    <color>ff008000</color>
                    <colorMode>normal</colorMode>
                    <width>3</width>
                </LineStyle>
            </Style>
            <Style id="1794">
                <LineStyle id="1795">
                    <color>ff008000</color>
                    <colorMode>normal</colorMode>
                    <width>3</width>
                </LineStyle>
            </Style>
            <Style id="1798">
                <LineStyle id="1799">
                    <color>ff008000</color>
                    <colorMode>normal</colorMode>
                    <width>3</width>
                </LineStyle>
            </Style>
            <Style id="1802">
                <LineStyle id="1803">
                    <color>ff008000</color>
                    <colorMode>normal</colorMode>
                    <width>3</width>
                </LineStyle>
            </Style>
            <Style id="1806">
                <LineStyle id="1807">
                    <color>ff008000</color>
                    <colorMode>normal</colorMode>
                    <width>3</width>
                </LineStyle>
            </Style>
            <Style id="1810">
                <LineStyle id="1811">
                    <color>ff008000</color>
                    <colorMode>normal</colorMode>
                    <width>3</width>
                </LineStyle>
            </Style>
            <Style id="1814">
                <LineStyle id="1815">
                    <color>ff008000</color>
                    <colorMode>normal</colorMode>
                    <width>3</width>
                </LineStyle>
            </Style>
            <Style id="1818">
                <LineStyle id="1819">
                    <color>ff008000</color>
                    <colorMode>normal</colorMode>
                    <width>3</width>
                </LineStyle>
            </Style>
            <Style id="1822">
                <LineStyle id="1823">
                    <color>ff008000</color>
                    <colorMode>normal</colorMode>
                    <width>3</width>
                </LineStyle>
            </Style>
            <Style id="1826">
                <LineStyle id="1827">
                    <color>ff008000</color>
                    <colorMode>normal</colorMode>
                    <width>3</width>
                </LineStyle>
            </Style>
            <Style id="1830">
                <LineStyle id="1831">
                    <color>ff008000</color>
                    <colorMode>normal</colorMode>
                    <width>3</width>
                </LineStyle>
            </Style>
            <Style id="1834">
                <LineStyle id="1835">
                    <color>ff008000</color>
                    <colorMode>normal</colorMode>
                    <width>3</width>
                </LineStyle>
            </Style>
            <Style id="1838">
                <LineStyle id="1839">
                    <color>ff008000</color>
                    <colorMode>normal</colorMode>
                    <width>3</width>
                </LineStyle>
            </Style>
            <Style id="1842">
                <LineStyle id="1843">
                    <color>ff008000</color>
                    <colorMode>normal</colorMode>
                    <width>3</width>
                </LineStyle>
            </Style>
            <Style id="1846">
                <LineStyle id="1847">
                    <color>ff008000</color>
                    <colorMode>normal</colorMode>
                    <width>3</width>
                </LineStyle>
            </Style>
            <Style id="1850">
                <LineStyle id="1851">
                    <color>ff008000</color>
                    <colorMode>normal</colorMode>
                    <width>3</width>
                </LineStyle>
            </Style>
            <Style id="1854">
                <LineStyle id="1855">
                    <color>ff008000</color>
                    <colorMode>normal</colorMode>
                    <width>3</width>
                </LineStyle>
            </Style>
            <Style id="1858">
                <LineStyle id="1859">
                    <color>ff008000</color>
                    <colorMode>normal</colorMode>
                    <width>3</width>
                </LineStyle>
            </Style>
            <Style id="1862">
                <LineStyle id="1863">
                    <color>ff008000</color>
                    <colorMode>normal</colorMode>
                    <width>3</width>
                </LineStyle>
            </Style>
            <Style id="1866">
                <LineStyle id="1867">
                    <color>ff008000</color>
                    <colorMode>normal</colorMode>
                    <width>3</width>
                </LineStyle>
            </Style>
            <Style id="1870">
                <LineStyle id="1871">
                    <color>ff008000</color>
                    <colorMode>normal</colorMode>
                    <width>3</width>
                </LineStyle>
            </Style>
            <Style id="1874">
                <LineStyle id="1875">
                    <color>ff008000</color>
                    <colorMode>normal</colorMode>
                    <width>3</width>
                </LineStyle>
            </Style>
            <Style id="1878">
                <LineStyle id="1879">
                    <color>ff008000</color>
                    <colorMode>normal</colorMode>
                    <width>3</width>
                </LineStyle>
            </Style>
            <Style id="1882">
                <LineStyle id="1883">
                    <color>ff008000</color>
                    <colorMode>normal</colorMode>
                    <width>3</width>
                </LineStyle>
            </Style>
            <Style id="1886">
                <LineStyle id="1887">
                    <color>ff008000</color>
                    <colorMode>normal</colorMode>
                    <width>3</width>
                </LineStyle>
            </Style>
            <Style id="1890">
                <LineStyle id="1891">
                    <color>ff008000</color>
                    <colorMode>normal</colorMode>
                    <width>3</width>
                </LineStyle>
            </Style>
            <Style id="1894">
                <LineStyle id="1895">
                    <color>ff008000</color>
                    <colorMode>normal</colorMode>
                    <width>3</width>
                </LineStyle>
            </Style>
            <Style id="1898">
                <LineStyle id="1899">
                    <color>ff008000</color>
                    <colorMode>normal</colorMode>
                    <width>3</width>
                </LineStyle>
            </Style>
            <Style id="1902">
                <LineStyle id="1903">
                    <color>ff008000</color>
                    <colorMode>normal</colorMode>
                    <width>3</width>
                </LineStyle>
            </Style>
            <Style id="1906">
                <LineStyle id="1907">
                    <color>ff008000</color>
                    <colorMode>normal</colorMode>
                    <width>3</width>
                </LineStyle>
            </Style>
            <Style id="1910">
                <LineStyle id="1911">
                    <color>ff008000</color>
                    <colorMode>normal</colorMode>
                    <width>3</width>
                </LineStyle>
            </Style>
            <Style id="1914">
                <LineStyle id="1915">
                    <color>ff008000</color>
                    <colorMode>normal</colorMode>
                    <width>3</width>
                </LineStyle>
            </Style>
            <Style id="1918">
                <LineStyle id="1919">
                    <color>ff008000</color>
                    <colorMode>normal</colorMode>
                    <width>3</width>
                </LineStyle>
            </Style>
            <Style id="1922">
                <LineStyle id="1923">
                    <color>ff008000</color>
                    <colorMode>normal</colorMode>
                    <width>3</width>
                </LineStyle>
            </Style>
            <Style id="1926">
                <LineStyle id="1927">
                    <color>ff008000</color>
                    <colorMode>normal</colorMode>
                    <width>3</width>
                </LineStyle>
            </Style>
            <Style id="1930">
                <LineStyle id="1931">
                    <color>ff008000</color>
                    <colorMode>normal</colorMode>
                    <width>3</width>
                </LineStyle>
            </Style>
            <Style id="1934">
                <LineStyle id="1935">
                    <color>ff008000</color>
                    <colorMode>normal</colorMode>
                    <width>3</width>
                </LineStyle>
            </Style>
            <Style id="1938">
                <LineStyle id="1939">
                    <color>ff008000</color>
                    <colorMode>normal</colorMode>
                    <width>3</width>
                </LineStyle>
            </Style>
            <Style id="1942">
                <LineStyle id="1943">
                    <color>ff008000</color>
                    <colorMode>normal</colorMode>
                    <width>3</width>
                </LineStyle>
            </Style>
            <Style id="1946">
                <LineStyle id="1947">
                    <color>ff008000</color>
                    <colorMode>normal</colorMode>
                    <width>3</width>
                </LineStyle>
            </Style>
            <Style id="1950">
                <LineStyle id="1951">
                    <color>ff008000</color>
                    <colorMode>normal</colorMode>
                    <width>3</width>
                </LineStyle>
            </Style>
            <Style id="1954">
                <LineStyle id="1955">
                    <color>ff008000</color>
                    <colorMode>normal</colorMode>
                    <width>3</width>
                </LineStyle>
            </Style>
            <Style id="1958">
                <LineStyle id="1959">
                    <color>ff008000</color>
                    <colorMode>normal</colorMode>
                    <width>3</width>
                </LineStyle>
            </Style>
            <Style id="1962">
                <LineStyle id="1963">
                    <color>ff008000</color>
                    <colorMode>normal</colorMode>
                    <width>3</width>
                </LineStyle>
            </Style>
            <Style id="1966">
                <LineStyle id="1967">
                    <color>ff008000</color>
                    <colorMode>normal</colorMode>
                    <width>3</width>
                </LineStyle>
            </Style>
            <Style id="1970">
                <LineStyle id="1971">
                    <color>ff008000</color>
                    <colorMode>normal</colorMode>
                    <width>3</width>
                </LineStyle>
            </Style>
            <Style id="1974">
                <LineStyle id="1975">
                    <color>ff008000</color>
                    <colorMode>normal</colorMode>
                    <width>3</width>
                </LineStyle>
            </Style>
            <Style id="1978">
                <LineStyle id="1979">
                    <color>ff008000</color>
                    <colorMode>normal</colorMode>
                    <width>3</width>
                </LineStyle>
            </Style>
            <name>2025-08-18 15:00</name>
            <Placemark id="1741">
                <name>Rota 15:00</name>
                <styleUrl>#1742</styleUrl>
                <LineString id="1740">
                    <altitudeMode>clampToGround</altitudeMode>
                    <coordinates>9.94027,45.1475083,0.0 9.9402866,45.1474933,0.0 9.9401533,45.1474166,0.0 9.9401466,45.1474116,0.0 9.940065,45.147435,0.0 9.9400633,45.1474266,0.0 9.940045,45.1473016,0.0 9.9400316,45.1472933,0.0</coordinates>
                </LineString>
            </Placemark>
            <Placemark id="1745">
                <name>Rota 15:01</name>
                <styleUrl>#1746</styleUrl>
                <LineString id="1744">
                    <altitudeMode>clampToGround</altitudeMode>
                    <coordinates>9.9399433,45.1473516,0.0 9.9399383,45.1473533,0.0 9.9399866,45.147345,0.0 9.9399783,45.14734,0.0 9.9400166,45.1472883,0.0 9.9400016,45.1472783,0.0 9.9399066,45.1473283,0.0 9.9399016,45.147325,0.0</coordinates>
                </LineString>
            </Placemark>
            <Placemark id="1749">
                <name>Rota 15:02</name>
                <styleUrl>#1750</styleUrl>
                <LineString id="1748">
                    <altitudeMode>clampToGround</altitudeMode>
                    <coordinates>9.9400533,45.1473016,0.0 9.9400866,45.1473,0.0 9.9404533,45.1474133,0.0 9.9404716,45.1474233,0.0 9.94057,45.14751,0.0 9.9405616,45.1475116,0.0 9.9404933,45.1474816,0.0 9.9404816,45.147475,0.0</coordinates>
                </LineString>
            </Placemark>
            <Placemark id="1753">
                <name>Rota 15:03</name>
                <styleUrl>#1754</styleUrl>
                <LineString id="1752">
                    <altitudeMode>clampToGround</altitudeMode>
                    <coordinates>9.9402433,45.147415,0.0 9.9402333,45.1474083,0.0 9.9400966,45.147375,0.0 9.9401016,45.1473766,0.0 9.9401483,45.147405,0.0 9.940155,45.1474033,0.0 9.9401366,45.1473816,0.0 9.9401283,45.14738,0.0</coordinates>
                </LineString>
            </Placemark>
            <Placemark id="1757">
                <name>Rota 15:04</name>
                <styleUrl>#1758</styleUrl>
                <LineString id="1756">
                    <altitudeMode>clampToGround</altitudeMode>
                    <coordinates>9.940125,45.1474016,0.0 9.9401333,45.1474033,0.0 9.9401483,45.147425,0.0 9.9401433,45.147425,0.0 9.940085,45.14744,0.0 9.9400866,45.1474433,0.0 9.94009,45.1473866,0.0 9.9400916,45.147385,0.0</coordinates>
                </LineString>
            </Placemark>
            <Placemark id="1761">
                <name>Rota 15:05</name>
                <styleUrl>#1762</styleUrl>
                <LineString id="1760">
                    <altitudeMode>clampToGround</altitudeMode>
                    <coordinates>9.94006,45.14743,0.0 9.9400583,45.1474316,0.0 9.94,45.147405,0.0 9.9400033,45.1474033,0.0 9.9400966,45.1474316,0.0 9.9400866,45.1474266,0.0 9.9401033,45.147355,0.0 9.9401066,45.1473466,0.0</coordinates>
                </LineString>
            </Placemark>
            <Placemark id="1765">
                <name>Rota 15:06</name>
                <styleUrl>#1766</styleUrl>
                <LineString id="1764">
                    <altitudeMode>clampToGround</altitudeMode>
                    <coordinates>9.940155,45.14743,0.0 9.94015,45.1474183,0.0 9.94028,45.14734,0.0 9.9402783,45.147355,0.0 9.94027,45.1472533,0.0 9.9402666,45.1472566,0.0 9.94036,45.1473433,0.0 9.9403783,45.1473566,0.0</coordinates>
                </LineString>
            </Placemark>
            <Placemark id="1769">
                <name>Rota 15:07</name>
                <styleUrl>#1770</styleUrl>
                <LineString id="1768">
                    <altitudeMode>clampToGround</altitudeMode>
                    <coordinates>9.9403816,45.14724,0.0 9.9403716,45.1472416,0.0 9.940325,45.1473466,0.0 9.9403183,45.14735,0.0 9.9403066,45.1472216,0.0 9.9403,45.1472216,0.0 9.940215,45.1472983,0.0 9.9401933,45.1472933,0.0</coordinates>
                </LineString>
            </Placemark>
            <Placemark id="1773">
                <name>Rota 15:08</name>
                <styleUrl>#1774</styleUrl>
                <LineString id="1772">
                    <altitudeMode>clampToGround</altitudeMode>
                    <coordinates>9.9400616,45.1473583,0.0 9.9400733,45.14736,0.0 9.9401916,45.1474166,0.0 9.9402,45.14742,0.0 9.940085,45.1473083,0.0 9.9400816,45.14731,0.0 9.9400383,45.1472883,0.0 9.9400416,45.147285,0.0</coordinates>
                </LineString>
            </Placemark>
            <Placemark id="1777">
                <name>Rota 15:09</name>
                <styleUrl>#1778</styleUrl>
                <LineString id="1776">
                    <altitudeMode>clampToGround</altitudeMode>
                    <coordinates>9.9400033,45.14729,0.0 9.9399966,45.1473,0.0 9.94001,45.1472633,0.0 9.9400133,45.1472666,0.0 9.9400816,45.147355,0.0 9.9400883,45.1473583,0.0 9.9402,45.14743,0.0 9.9402133,45.1474383,0.0</coordinates>
                </LineString>
            </Placemark>
            <Placemark id="1781">
                <name>Rota 15:10</name>
                <styleUrl>#1782</styleUrl>
                <LineString id="1780">
                    <altitudeMode>clampToGround</altitudeMode>
                    <coordinates>9.9400866,45.147415,0.0 9.94009,45.14742,0.0 9.9400833,45.14741,0.0 9.940085,45.1474066,0.0 9.9400716,45.1473483,0.0 9.9400766,45.14735,0.0 9.9400166,45.1473533,0.0 9.9400233,45.1473516,0.0</coordinates>
                </LineString>
            </Placemark>
            <Placemark id="1785">
                <name>Rota 15:11</name>
                <styleUrl>#1786</styleUrl>
                <LineString id="1784">
                    <altitudeMode>clampToGround</altitudeMode>
                    <coordinates>9.9400316,45.14728,0.0 9.9400283,45.1472783,0.0 9.9399033,45.1472983,0.0 9.9398983,45.147295,0.0 9.939995,45.1474166,0.0 9.940025,45.147435,0.0 9.9401816,45.1475216,0.0 9.9401766,45.1475283,0.0</coordinates>
                </LineString>
            </Placemark>
            <Placemark id="1789">
                <name>Rota 15:12</name>
                <styleUrl>#1790</styleUrl>
                <LineString id="1788">
                    <altitudeMode>clampToGround</altitudeMode>
                    <coordinates>9.9401666,45.1475383,0.0 9.9401533,45.147525,0.0 9.94019,45.1474716,0.0 9.9401983,45.1474716,0.0 9.94009,45.1473733,0.0 9.9400883,45.1473666,0.0 9.939935,45.1473083,0.0 9.939935,45.1473233,0.0</coordinates>
                </LineString>
            </Placemark>
            <Placemark id="1793">
                <name>Rota 15:13</name>
                <styleUrl>#1794</styleUrl>
                <LineString id="1792">
                    <altitudeMode>clampToGround</altitudeMode>
                    <coordinates>9.9399833,45.1473366,0.0 9.9399933,45.1473483,0.0 9.9401183,45.14745,0.0 9.940135,45.1474533,0.0 9.9405566,45.147445,0.0 9.9406,45.1474433,0.0 9.9409033,45.14746,0.0 9.9409116,45.147475,0.0</coordinates>
                </LineString>
            </Placemark>
            <Placemark id="1797">
                <name>Rota 15:14</name>
                <styleUrl>#1798</styleUrl>
                <LineString id="1796">
                    <altitudeMode>clampToGround</altitudeMode>
                    <coordinates>9.9409933,45.1474583,0.0 9.9410033,45.14745,0.0 9.9413433,45.1470416,0.0 9.94139,45.14706,0.0 9.941745,45.1472566,0.0 9.94168,45.1472483,0.0 9.9413616,45.14719,0.0 9.941365,45.1472016,0.0</coordinates>
                </LineString>
            </Placemark>
            <Placemark id="1801">
                <name>Rota 15:15</name>
                <styleUrl>#1802</styleUrl>
                <LineString id="1800">
                    <altitudeMode>clampToGround</altitudeMode>
                    <coordinates>9.94128,45.14719,0.0 9.9412783,45.1471883,0.0 9.94122,45.1471116,0.0 9.941175,45.1471083,0.0 9.9410966,45.1470566,0.0 9.9410933,45.147075,0.0 9.9411516,45.1473866,0.0 9.941155,45.1473916,0.0</coordinates>
                </LineString>
            </Placemark>
            <Placemark id="1805">
                <name>Rota 15:16</name>
                <styleUrl>#1806</styleUrl>
                <LineString id="1804">
                    <altitudeMode>clampToGround</altitudeMode>
                    <coordinates>9.9409,45.1473816,0.0 9.9408783,45.1473816,0.0 9.940445,45.1473316,0.0 9.9404233,45.147345,0.0 9.94027,45.1473066,0.0 9.9402666,45.14731,0.0 9.9402516,45.1473433,0.0 9.9402466,45.1473533,0.0</coordinates>
                </LineString>
            </Placemark>
            <Placemark id="1809">
                <name>Rota 15:17</name>
                <styleUrl>#1810</styleUrl>
                <LineString id="1808">
                    <altitudeMode>clampToGround</altitudeMode>
                    <coordinates>9.9402266,45.1473983,0.0 9.940225,45.1474016,0.0 9.9402483,45.147435,0.0 9.9402416,45.147435,0.0 9.9402166,45.1474783,0.0 9.9402333,45.1474816,0.0 9.9402166,45.1473816,0.0 9.94023,45.1473866,0.0</coordinates>
                </LineString>
            </Placemark>
            <Placemark id="1813">
                <name>Rota 15:18</name>
                <styleUrl>#1814</styleUrl>
                <LineString id="1812">
                    <altitudeMode>clampToGround</altitudeMode>
                    <coordinates>9.9402683,45.1473333,0.0 9.9402833,45.1473433,0.0 9.9403066,45.1474033,0.0 9.9402966,45.1474066,0.0 9.9402966,45.1473733,0.0 9.9402966,45.1473716,0.0 9.9401816,45.1474466,0.0 9.9401816,45.1474466,0.0</coordinates>
                </LineString>
            </Placemark>
            <Placemark id="1817">
                <name>Rota 15:19</name>
                <styleUrl>#1818</styleUrl>
                <LineString id="1816">
                    <altitudeMode>clampToGround</altitudeMode>
                    <coordinates>9.9401766,45.14746,0.0 9.9401783,45.1474533,0.0 9.940185,45.14741,0.0 9.9401683,45.1474,0.0 9.9401033,45.1473966,0.0 9.9401,45.1473916,0.0 9.940125,45.1474016,0.0 9.9401216,45.1474016,0.0</coordinates>
                </LineString>
            </Placemark>
            <Placemark id="1821">
                <name>Rota 15:20</name>
                <styleUrl>#1822</styleUrl>
                <LineString id="1820">
                    <altitudeMode>clampToGround</altitudeMode>
                    <coordinates>9.9401416,45.147425,0.0 9.9401466,45.14742,0.0 9.9401666,45.1474233,0.0 9.9401666,45.1474233,0.0 9.940205,45.147405,0.0 9.9402033,45.1474083,0.0 9.9402566,45.14731,0.0 9.9402566,45.14731,0.0</coordinates>
                </LineString>
            </Placemark>
            <Placemark id="1825">
                <name>Rota 15:21</name>
                <styleUrl>#1826</styleUrl>
                <LineString id="1824">
                    <altitudeMode>clampToGround</altitudeMode>
                    <coordinates>9.9401666,45.1473583,0.0 9.9401933,45.147355,0.0 9.9402866,45.1473116,0.0 9.940305,45.1473133,0.0 9.9402483,45.1473583,0.0 9.9402533,45.1473483,0.0 9.94033,45.1472466,0.0 9.9403383,45.147245,0.0</coordinates>
                </LineString>
            </Placemark>
            <Placemark id="1829">
                <name>Rota 15:22</name>
                <styleUrl>#1830</styleUrl>
                <LineString id="1828">
                    <altitudeMode>clampToGround</altitudeMode>
                    <coordinates>9.9403016,45.1471916,0.0 9.940285,45.1472016,0.0 9.9403216,45.1472766,0.0 9.9403233,45.1472666,0.0 9.9403183,45.1472666,0.0 9.9403183,45.1472666,0.0 9.940295,45.1472966,0.0 9.940275,45.1472966,0.0</coordinates>
                </LineString>
            </Placemark>
            <Placemark id="1833">
                <name>Rota 15:23</name>
                <styleUrl>#1834</styleUrl>
                <LineString id="1832">
                    <altitudeMode>clampToGround</altitudeMode>
                    <coordinates>9.94017,45.14733,0.0 9.9401633,45.1473333,0.0 9.940575,45.1473533,0.0 9.94062,45.1473516,0.0 9.9409683,45.1473266,0.0 9.94097,45.147315,0.0 9.9411483,45.1470216,0.0 9.9411966,45.1470166,0.0</coordinates>
                </LineString>
            </Placemark>
            <Placemark id="1837">
                <name>Rota 15:24</name>
                <styleUrl>#1838</styleUrl>
                <LineString id="1836">
                    <altitudeMode>clampToGround</altitudeMode>
                    <coordinates>9.9415466,45.1470333,0.0 9.9414783,45.147015,0.0 9.941085,45.1470433,0.0 9.9410516,45.147035,0.0 9.94083,45.1470133,0.0 9.94083,45.147015,0.0 9.940995,45.1470516,0.0 9.94099,45.147045,0.0</coordinates>
                </LineString>
            </Placemark>
            <Placemark id="1841">
                <name>Rota 15:25</name>
                <styleUrl>#1842</styleUrl>
                <LineString id="1840">
                    <altitudeMode>clampToGround</altitudeMode>
                    <coordinates>9.9411483,45.1469233,0.0 9.9411433,45.1469116,0.0 9.9412783,45.1469233,0.0 9.9412716,45.1469266,0.0 9.9411666,45.1468816,0.0 9.9411666,45.1468816,0.0 9.9411583,45.1468333,0.0 9.9411566,45.1468333,0.0</coordinates>
                </LineString>
            </Placemark>
            <Placemark id="1845">
                <name>Rota 15:26</name>
                <styleUrl>#1846</styleUrl>
                <LineString id="1844">
                    <altitudeMode>clampToGround</altitudeMode>
                    <coordinates>9.94108,45.146965,0.0 9.9411083,45.1469566,0.0 9.9411116,45.146885,0.0 9.94111,45.1468766,0.0 9.9412,45.14684,0.0 9.9412133,45.14684,0.0 9.941315,45.1468083,0.0 9.9413116,45.1468033,0.0</coordinates>
                </LineString>
            </Placemark>
            <Placemark id="1849">
                <name>Rota 15:27</name>
                <styleUrl>#1850</styleUrl>
                <LineString id="1848">
                    <altitudeMode>clampToGround</altitudeMode>
                    <coordinates>9.9412116,45.1468133,0.0 9.9412083,45.1468116,0.0 9.9410966,45.14694,0.0 9.9410616,45.1469616,0.0 9.9410933,45.146975,0.0 9.941095,45.146985,0.0 9.941275,45.1472116,0.0 9.9412716,45.1472216,0.0</coordinates>
                </LineString>
            </Placemark>
            <Placemark id="1853">
                <name>Rota 15:28</name>
                <styleUrl>#1854</styleUrl>
                <LineString id="1852">
                    <altitudeMode>clampToGround</altitudeMode>
                    <coordinates>9.9421383,45.147335,0.0 9.94221,45.1473316,0.0 9.942315,45.1473833,0.0 9.942315,45.147385,0.0 9.942205,45.147245,0.0 9.9421533,45.1472383,0.0 9.9412366,45.147405,0.0 9.9412333,45.1474183,0.0</coordinates>
                </LineString>
            </Placemark>
            <Placemark id="1857">
                <name>Rota 15:29</name>
                <styleUrl>#1858</styleUrl>
                <LineString id="1856">
                    <altitudeMode>clampToGround</altitudeMode>
                    <coordinates>9.9411683,45.1473966,0.0 9.9411683,45.1473966,0.0 9.9407516,45.1474133,0.0 9.9407333,45.1474183,0.0 9.940495,45.1474966,0.0 9.9404616,45.147515,0.0 9.9403016,45.14752,0.0 9.9402933,45.1475233,0.0</coordinates>
                </LineString>
            </Placemark>
            <Placemark id="1861">
                <name>Rota 15:30</name>
                <styleUrl>#1862</styleUrl>
                <LineString id="1860">
                    <altitudeMode>clampToGround</altitudeMode>
                    <coordinates>9.9401833,45.1475033,0.0 9.9401716,45.1475033,0.0 9.9401316,45.1474466,0.0 9.94016,45.1474316,0.0 9.9400783,45.1474683,0.0 9.9400683,45.1474716,0.0 9.9401233,45.1473933,0.0 9.9401266,45.14739,0.0</coordinates>
                </LineString>
            </Placemark>
            <Placemark id="1865">
                <name>Rota 15:31</name>
                <styleUrl>#1866</styleUrl>
                <LineString id="1864">
                    <altitudeMode>clampToGround</altitudeMode>
                    <coordinates>9.94017,45.1474083,0.0 9.9401733,45.1474166,0.0 9.9402316,45.1474433,0.0 9.9402316,45.1474433,0.0 9.940235,45.1474633,0.0 9.940235,45.1474683,0.0 9.9403116,45.1474516,0.0 9.9403216,45.1474516,0.0</coordinates>
                </LineString>
            </Placemark>
            <Placemark id="1869">
                <name>Rota 15:32</name>
                <styleUrl>#1870</styleUrl>
                <LineString id="1868">
                    <altitudeMode>clampToGround</altitudeMode>
                    <coordinates>9.9403666,45.1474083,0.0 9.94036,45.1474033,0.0 9.9402766,45.147375,0.0 9.9402566,45.1474,0.0 9.9401566,45.1474783,0.0 9.9401383,45.1474783,0.0 9.9402533,45.1472383,0.0 9.940255,45.147235,0.0</coordinates>
                </LineString>
            </Placemark>
            <Placemark id="1873">
                <name>Rota 15:33</name>
                <styleUrl>#1874</styleUrl>
                <LineString id="1872">
                    <altitudeMode>clampToGround</altitudeMode>
                    <coordinates>9.940225,45.1472783,0.0 9.940225,45.1472783,0.0 9.940285,45.1472933,0.0 9.9402816,45.1473,0.0 9.9402183,45.1473583,0.0 9.9402183,45.1473583,0.0 9.940185,45.1473616,0.0 9.940195,45.1473583,0.0</coordinates>
                </LineString>
            </Placemark>
            <Placemark id="1877">
                <name>Rota 15:34</name>
                <styleUrl>#1878</styleUrl>
                <LineString id="1876">
                    <altitudeMode>clampToGround</altitudeMode>
                    <coordinates>9.940335,45.1472,0.0 9.94034,45.1471983,0.0 9.9403433,45.1471566,0.0 9.940325,45.14719,0.0 9.940215,45.1473,0.0 9.940225,45.1472933,0.0 9.9402616,45.1471816,0.0 9.9402716,45.1471683,0.0</coordinates>
                </LineString>
            </Placemark>
            <Placemark id="1881">
                <name>Rota 15:35</name>
                <styleUrl>#1882</styleUrl>
                <LineString id="1880">
                    <altitudeMode>clampToGround</altitudeMode>
                    <coordinates>9.94049,45.1472516,0.0 9.9405066,45.1472683,0.0 9.9404033,45.147205,0.0 9.9403933,45.1472116,0.0 9.9404716,45.1470633,0.0 9.940475,45.147065,0.0 9.9402766,45.1472516,0.0 9.9402566,45.1472733,0.0</coordinates>
                </LineString>
            </Placemark>
            <Placemark id="1885">
                <name>Rota 15:36</name>
                <styleUrl>#1886</styleUrl>
                <LineString id="1884">
                    <altitudeMode>clampToGround</altitudeMode>
                    <coordinates>9.94013,45.1473316,0.0 9.940125,45.1473266,0.0 9.940085,45.1473383,0.0 9.9400883,45.1473416,0.0 9.9401283,45.1473233,0.0 9.9401383,45.1473216,0.0 9.940215,45.1472833,0.0 9.9402233,45.147275,0.0</coordinates>
                </LineString>
            </Placemark>
            <Placemark id="1889">
                <name>Rota 15:37</name>
                <styleUrl>#1890</styleUrl>
                <LineString id="1888">
                    <altitudeMode>clampToGround</altitudeMode>
                    <coordinates>9.9402783,45.1471733,0.0 9.940265,45.1471566,0.0 9.94006,45.1470533,0.0 9.9400483,45.14705,0.0 9.9400983,45.1470583,0.0 9.940105,45.147065,0.0 9.9398816,45.14709,0.0 9.939845,45.1470933,0.0</coordinates>
                </LineString>
            </Placemark>
            <Placemark id="1893">
                <name>Rota 15:38</name>
                <styleUrl>#1894</styleUrl>
                <LineString id="1892">
                    <altitudeMode>clampToGround</altitudeMode>
                    <coordinates>9.939675,45.147215,0.0 9.93967,45.1472283,0.0 9.9395883,45.147275,0.0 9.9395683,45.147265,0.0 9.93921,45.1470716,0.0 9.9392083,45.1470533,0.0 9.9393366,45.1466416,0.0 9.9393483,45.1466233,0.0</coordinates>
                </LineString>
            </Placemark>
            <Placemark id="1897">
                <name>Rota 15:39</name>
                <styleUrl>#1898</styleUrl>
                <LineString id="1896">
                    <altitudeMode>clampToGround</altitudeMode>
                    <coordinates>9.9394733,45.1464633,0.0 9.93949,45.14644,0.0 9.9395533,45.146205,0.0 9.939575,45.1462,0.0 9.93962,45.1459016,0.0 9.9396116,45.1458633,0.0 9.9394383,45.1457366,0.0 9.939445,45.1457283,0.0</coordinates>
                </LineString>
            </Placemark>
            <Placemark id="1901">
                <name>Rota 15:40</name>
                <styleUrl>#1902</styleUrl>
                <LineString id="1900">
                    <altitudeMode>clampToGround</altitudeMode>
                    <coordinates>9.939475,45.1456816,0.0 9.93945,45.1456716,0.0 9.9393916,45.14563,0.0 9.9393933,45.1456333,0.0 9.9393916,45.14559,0.0 9.9393566,45.1456016,0.0 9.9393283,45.14564,0.0 9.93934,45.145645,0.0</coordinates>
                </LineString>
            </Placemark>
            <Placemark id="1905">
                <name>Rota 15:41</name>
                <styleUrl>#1906</styleUrl>
                <LineString id="1904">
                    <altitudeMode>clampToGround</altitudeMode>
                    <coordinates>9.939485,45.1456816,0.0 9.9394916,45.1456633,0.0 9.9391,45.145555,0.0 9.9390816,45.145545,0.0 9.9391816,45.1455133,0.0 9.9392166,45.14552,0.0 9.9394833,45.145385,0.0 9.939485,45.1453833,0.0</coordinates>
                </LineString>
            </Placemark>
            <Placemark id="1909">
                <name>Rota 15:42</name>
                <styleUrl>#1910</styleUrl>
                <LineString id="1908">
                    <altitudeMode>clampToGround</altitudeMode>
                    <coordinates>9.9392783,45.1454116,0.0 9.9392666,45.1454133,0.0 9.93928,45.14553,0.0 9.9392933,45.14554,0.0 9.9394633,45.1455866,0.0 9.9394366,45.1455783,0.0 9.9393733,45.1456433,0.0 9.9393916,45.145665,0.0</coordinates>
                </LineString>
            </Placemark>
            <Placemark id="1913">
                <name>Rota 15:43</name>
                <styleUrl>#1914</styleUrl>
                <LineString id="1912">
                    <altitudeMode>clampToGround</altitudeMode>
                    <coordinates>9.9396183,45.145875,0.0 9.93961,45.1458366,0.0 9.9393916,45.1457416,0.0 9.939365,45.1457216,0.0 9.9390683,45.1456166,0.0 9.9390616,45.1456083,0.0 9.93918,45.145475,0.0 9.93919,45.1454716,0.0</coordinates>
                </LineString>
            </Placemark>
            <Placemark id="1917">
                <name>Rota 15:44</name>
                <styleUrl>#1918</styleUrl>
                <LineString id="1916">
                    <altitudeMode>clampToGround</altitudeMode>
                    <coordinates>9.9390983,45.145465,0.0 9.9390733,45.1454766,0.0 9.93886,45.145485,0.0 9.9388533,45.145475,0.0 9.9389916,45.1454333,0.0 9.9389883,45.145435,0.0 9.93887,45.1454666,0.0 9.93886,45.1454716,0.0</coordinates>
                </LineString>
            </Placemark>
            <Placemark id="1921">
                <name>Rota 15:45</name>
                <styleUrl>#1922</styleUrl>
                <LineString id="1920">
                    <altitudeMode>clampToGround</altitudeMode>
                    <coordinates>9.9388416,45.14548,0.0 9.93886,45.1454783,0.0 9.9389166,45.1454716,0.0 9.9389133,45.1454766,0.0 9.9388716,45.145455,0.0 9.9388633,45.14545,0.0 9.938965,45.145435,0.0 9.9389733,45.1454283,0.0</coordinates>
                </LineString>
            </Placemark>
            <Placemark id="1925">
                <name>Rota 15:46</name>
                <styleUrl>#1926</styleUrl>
                <LineString id="1924">
                    <altitudeMode>clampToGround</altitudeMode>
                    <coordinates>9.9389416,45.1456483,0.0 9.9389166,45.1456266,0.0 9.938805,45.1458716,0.0 9.9388016,45.1458833,0.0 9.9387733,45.14594,0.0 9.938765,45.1459383,0.0 9.9387133,45.14619,0.0 9.93869,45.1462683,0.0</coordinates>
                </LineString>
            </Placemark>
            <Placemark id="1929">
                <name>Rota 15:47</name>
                <styleUrl>#1930</styleUrl>
                <LineString id="1928">
                    <altitudeMode>clampToGround</altitudeMode>
                    <coordinates>9.938425,45.146385,0.0 9.938425,45.146385,0.0 9.9385766,45.1461966,0.0 9.9385883,45.1462,0.0 9.9387333,45.1459916,0.0 9.938735,45.1459766,0.0 9.93877,45.1458333,0.0 9.9387733,45.1458266,0.0</coordinates>
                </LineString>
            </Placemark>
            <Placemark id="1933">
                <name>Rota 15:48</name>
                <styleUrl>#1934</styleUrl>
                <LineString id="1932">
                    <altitudeMode>clampToGround</altitudeMode>
                    <coordinates>9.9387866,45.1457966,0.0 9.9387916,45.1458016,0.0 9.938775,45.14581,0.0 9.938775,45.14581,0.0 9.9388633,45.1458033,0.0 9.93886,45.1458,0.0 9.9388483,45.1457883,0.0 9.9388433,45.1457833,0.0</coordinates>
                </LineString>
            </Placemark>
            <Placemark id="1937">
                <name>Rota 15:49</name>
                <styleUrl>#1938</styleUrl>
                <LineString id="1936">
                    <altitudeMode>clampToGround</altitudeMode>
                    <coordinates>9.9388433,45.1457716,0.0 9.9388433,45.1457716,0.0 9.9389516,45.1457083,0.0 9.9389633,45.1457066,0.0 9.938985,45.1456133,0.0 9.938985,45.14561,0.0 9.9390533,45.145615,0.0 9.9390516,45.1456166,0.0</coordinates>
                </LineString>
            </Placemark>
            <Placemark id="1941">
                <name>Rota 15:50</name>
                <styleUrl>#1942</styleUrl>
                <LineString id="1940">
                    <altitudeMode>clampToGround</altitudeMode>
                    <coordinates>9.9390816,45.1456333,0.0 9.9390816,45.1456333,0.0 9.9390616,45.1456316,0.0 9.939055,45.1456316,0.0 9.9390366,45.1456366,0.0 9.939035,45.1456433,0.0 9.938945,45.1456716,0.0 9.938935,45.1456883,0.0</coordinates>
                </LineString>
            </Placemark>
            <Placemark id="1945">
                <name>Rota 15:51</name>
                <styleUrl>#1946</styleUrl>
                <LineString id="1944">
                    <altitudeMode>clampToGround</altitudeMode>
                    <coordinates>9.938915,45.145705,0.0 9.938915,45.145705,0.0 9.938965,45.1457233,0.0 9.9389716,45.1457216,0.0 9.9389766,45.14571,0.0 9.9389616,45.1457033,0.0 9.938945,45.145695,0.0 9.938945,45.145695,0.0</coordinates>
                </LineString>
            </Placemark>
            <Placemark id="1949">
                <name>Rota 15:52</name>
                <styleUrl>#1950</styleUrl>
                <LineString id="1948">
                    <altitudeMode>clampToGround</altitudeMode>
                    <coordinates>9.938945,45.145695,0.0 9.938945,45.145695,0.0 9.938975,45.1457166,0.0 9.939,45.1457166,0.0 9.9392916,45.1458483,0.0 9.9393066,45.1458616,0.0 9.9398,45.1458216,0.0 9.939815,45.1457983,0.0</coordinates>
                </LineString>
            </Placemark>
            <Placemark id="1953">
                <name>Rota 15:53</name>
                <styleUrl>#1954</styleUrl>
                <LineString id="1952">
                    <altitudeMode>clampToGround</altitudeMode>
                    <coordinates>9.93959,45.1456516,0.0 9.9395816,45.1456533,0.0 9.9396683,45.145855,0.0 9.939685,45.1458716,0.0 9.9398733,45.1460483,0.0 9.93991,45.146045,0.0 9.9403966,45.146035,0.0 9.9404216,45.1460583,0.0</coordinates>
                </LineString>
            </Placemark>
            <Placemark id="1957">
                <name>Rota 15:54</name>
                <styleUrl>#1958</styleUrl>
                <LineString id="1956">
                    <altitudeMode>clampToGround</altitudeMode>
                    <coordinates>9.94019,45.1466883,0.0 9.940195,45.1467166,0.0 9.9402233,45.1470266,0.0 9.94022,45.1470383,0.0 9.9402116,45.1470733,0.0 9.94021,45.1470783,0.0 9.94024,45.1470966,0.0 9.94024,45.1470966,0.0</coordinates>
                </LineString>
            </Placemark>
            <Placemark id="1961">
                <name>Rota 15:55</name>
                <styleUrl>#1962</styleUrl>
                <LineString id="1960">
                    <altitudeMode>clampToGround</altitudeMode>
                    <coordinates>9.9402233,45.1470833,0.0 9.9402266,45.147085,0.0 9.9402483,45.147095,0.0 9.9402483,45.1470916,0.0 9.940245,45.14709,0.0 9.940245,45.14709,0.0 9.940255,45.14706,0.0 9.940255,45.14706,0.0</coordinates>
                </LineString>
            </Placemark>
            <Placemark id="1965">
                <name>Rota 15:56</name>
                <styleUrl>#1966</styleUrl>
                <LineString id="1964">
                    <altitudeMode>clampToGround</altitudeMode>
                    <coordinates>9.940255,45.14706,0.0 9.94024,45.1470733,0.0 9.9402416,45.147065,0.0 9.9402416,45.147065,0.0 9.94024,45.14704,0.0 9.94024,45.14704,0.0 9.940255,45.147055,0.0 9.940255,45.147055,0.0</coordinates>
                </LineString>
            </Placemark>
            <Placemark id="1969">
                <name>Rota 15:57</name>
                <styleUrl>#1970</styleUrl>
                <LineString id="1968">
                    <altitudeMode>clampToGround</altitudeMode>
                    <coordinates>9.9402333,45.1470416,0.0 9.9402333,45.1470416,0.0 9.9401483,45.1470066,0.0 9.9401416,45.1470066,0.0 9.94019,45.14702,0.0 9.94019,45.14702,0.0 9.94022,45.146995,0.0 9.9402183,45.1469883,0.0</coordinates>
                </LineString>
            </Placemark>
            <Placemark id="1973">
                <name>Rota 15:58</name>
                <styleUrl>#1974</styleUrl>
                <LineString id="1972">
                    <altitudeMode>clampToGround</altitudeMode>
                    <coordinates>9.9402066,45.14693,0.0 9.9402116,45.1469333,0.0 9.9402366,45.1469666,0.0 9.9402316,45.1469633,0.0 9.9402533,45.1469416,0.0 9.9402533,45.1469416,0.0 9.940285,45.14696,0.0 9.94028,45.14696,0.0</coordinates>
                </LineString>
            </Placemark>
            <Placemark id="1977">
                <name>Rota 15:59</name>
                <styleUrl>#1978</styleUrl>
                <LineString id="1976">
                    <altitudeMode>clampToGround</altitudeMode>
                    <coordinates>9.9401983,45.1469683,0.0 9.94019,45.1469566,0.0 9.9401316,45.1469466,0.0 9.940135,45.1469516,0.0 9.94023,45.1469683,0.0 9.9402316,45.1469666,0.0 9.9402316,45.1469333,0.0 9.9402333,45.14693,0.0</coordinates>
                </LineString>
            </Placemark>
        </Folder>
        <Folder id="1980">
            <Style id="1983">
                <LineStyle id="1984">
                    <color>ff008000</color>
                    <colorMode>normal</colorMode>
                    <width>3</width>
                </LineStyle>
            </Style>
            <Style id="1987">
                <LineStyle id="1988">
                    <color>ff008000</color>
                    <colorMode>normal</colorMode>
                    <width>3</width>
                </LineStyle>
            </Style>
            <Style id="1991">
                <LineStyle id="1992">
                    <color>ff008000</color>
                    <colorMode>normal</colorMode>
                    <width>3</width>
                </LineStyle>
            </Style>
            <Style id="1995">
                <LineStyle id="1996">
                    <color>ff008000</color>
                    <colorMode>normal</colorMode>
                    <width>3</width>
                </LineStyle>
            </Style>
            <Style id="1999">
                <LineStyle id="2000">
                    <color>ff008000</color>
                    <colorMode>normal</colorMode>
                    <width>3</width>
                </LineStyle>
            </Style>
            <Style id="2003">
                <LineStyle id="2004">
                    <color>ff008000</color>
                    <colorMode>normal</colorMode>
                    <width>3</width>
                </LineStyle>
            </Style>
            <Style id="2007">
                <LineStyle id="2008">
                    <color>ff008000</color>
                    <colorMode>normal</colorMode>
                    <width>3</width>
                </LineStyle>
            </Style>
            <Style id="2011">
                <LineStyle id="2012">
                    <color>ff008000</color>
                    <colorMode>normal</colorMode>
                    <width>3</width>
                </LineStyle>
            </Style>
            <Style id="2015">
                <LineStyle id="2016">
                    <color>ff008000</color>
                    <colorMode>normal</colorMode>
                    <width>3</width>
                </LineStyle>
            </Style>
            <Style id="2019">
                <LineStyle id="2020">
                    <color>ff008000</color>
                    <colorMode>normal</colorMode>
                    <width>3</width>
                </LineStyle>
            </Style>
            <Style id="2023">
                <LineStyle id="2024">
                    <color>ff008000</color>
                    <colorMode>normal</colorMode>
                    <width>3</width>
                </LineStyle>
            </Style>
            <Style id="2027">
                <LineStyle id="2028">
                    <color>ff008000</color>
                    <colorMode>normal</colorMode>
                    <width>3</width>
                </LineStyle>
            </Style>
            <Style id="2031">
                <LineStyle id="2032">
                    <color>ff008000</color>
                    <colorMode>normal</colorMode>
                    <width>3</width>
                </LineStyle>
            </Style>
            <Style id="2035">
                <LineStyle id="2036">
                    <color>ff008000</color>
                    <colorMode>normal</colorMode>
                    <width>3</width>
                </LineStyle>
            </Style>
            <Style id="2039">
                <LineStyle id="2040">
                    <color>ff008000</color>
                    <colorMode>normal</colorMode>
                    <width>3</width>
                </LineStyle>
            </Style>
            <Style id="2043">
                <LineStyle id="2044">
                    <color>ff008000</color>
                    <colorMode>normal</colorMode>
                    <width>3</width>
                </LineStyle>
            </Style>
            <Style id="2047">
                <LineStyle id="2048">
                    <color>ff008000</color>
                    <colorMode>normal</colorMode>
                    <width>3</width>
                </LineStyle>
            </Style>
            <Style id="2051">
                <LineStyle id="2052">
                    <color>ff008000</color>
                    <colorMode>normal</colorMode>
                    <width>3</width>
                </LineStyle>
            </Style>
            <Style id="2055">
                <LineStyle id="2056">
                    <color>ff008000</color>
                    <colorMode>normal</colorMode>
                    <width>3</width>
                </LineStyle>
            </Style>
            <Style id="2059">
                <LineStyle id="2060">
                    <color>ff008000</color>
                    <colorMode>normal</colorMode>
                    <width>3</width>
                </LineStyle>
            </Style>
            <Style id="2063">
                <LineStyle id="2064">
                    <color>ff008000</color>
                    <colorMode>normal</colorMode>
                    <width>3</width>
                </LineStyle>
            </Style>
            <Style id="2067">
                <LineStyle id="2068">
                    <color>ff008000</color>
                    <colorMode>normal</colorMode>
                    <width>3</width>
                </LineStyle>
            </Style>
            <Style id="2071">
                <LineStyle id="2072">
                    <color>ff008000</color>
                    <colorMode>normal</colorMode>
                    <width>3</width>
                </LineStyle>
            </Style>
            <Style id="2075">
                <LineStyle id="2076">
                    <color>ff008000</color>
                    <colorMode>normal</colorMode>
                    <width>3</width>
                </LineStyle>
            </Style>
            <Style id="2079">
                <LineStyle id="2080">
                    <color>ff008000</color>
                    <colorMode>normal</colorMode>
                    <width>3</width>
                </LineStyle>
            </Style>
            <Style id="2083">
                <LineStyle id="2084">
                    <color>ff008000</color>
                    <colorMode>normal</colorMode>
                    <width>3</width>
                </LineStyle>
            </Style>
            <Style id="2087">
                <LineStyle id="2088">
                    <color>ff008000</color>
                    <colorMode>normal</colorMode>
                    <width>3</width>
                </LineStyle>
            </Style>
            <Style id="2091">
                <LineStyle id="2092">
                    <color>ff008000</color>
                    <colorMode>normal</colorMode>
                    <width>3</width>
                </LineStyle>
            </Style>
            <Style id="2095">
                <LineStyle id="2096">
                    <color>ff008000</color>
                    <colorMode>normal</colorMode>
                    <width>3</width>
                </LineStyle>
            </Style>
            <Style id="2099">
                <LineStyle id="2100">
                    <color>ff008000</color>
                    <colorMode>normal</colorMode>
                    <width>3</width>
                </LineStyle>
            </Style>
            <Style id="2103">
                <LineStyle id="2104">
                    <color>ff008000</color>
                    <colorMode>normal</colorMode>
                    <width>3</width>
                </LineStyle>
            </Style>
            <Style id="2107">
                <LineStyle id="2108">
                    <color>ff008000</color>
                    <colorMode>normal</colorMode>
                    <width>3</width>
                </LineStyle>
            </Style>
            <Style id="2111">
                <LineStyle id="2112">
                    <color>ff008000</color>
                    <colorMode>normal</colorMode>
                    <width>3</width>
                </LineStyle>
            </Style>
            <Style id="2115">
                <LineStyle id="2116">
                    <color>ff008000</color>
                    <colorMode>normal</colorMode>
                    <width>3</width>
                </LineStyle>
            </Style>
            <Style id="2119">
                <LineStyle id="2120">
                    <color>ff008000</color>
                    <colorMode>normal</colorMode>
                    <width>3</width>
                </LineStyle>
            </Style>
            <Style id="2123">
                <LineStyle id="2124">
                    <color>ff008000</color>
                    <colorMode>normal</colorMode>
                    <width>3</width>
                </LineStyle>
            </Style>
            <Style id="2127">
                <LineStyle id="2128">
                    <color>ff008000</color>
                    <colorMode>normal</colorMode>
                    <width>3</width>
                </LineStyle>
            </Style>
            <Style id="2131">
                <LineStyle id="2132">
                    <color>ff008000</color>
                    <colorMode>normal</colorMode>
                    <width>3</width>
                </LineStyle>
            </Style>
            <Style id="2135">
                <LineStyle id="2136">
                    <color>ff008000</color>
                    <colorMode>normal</colorMode>
                    <width>3</width>
                </LineStyle>
            </Style>
            <Style id="2139">
                <LineStyle id="2140">
                    <color>ff008000</color>
                    <colorMode>normal</colorMode>
                    <width>3</width>
                </LineStyle>
            </Style>
            <Style id="2143">
                <LineStyle id="2144">
                    <color>ff008000</color>
                    <colorMode>normal</colorMode>
                    <width>3</width>
                </LineStyle>
            </Style>
            <Style id="2147">
                <LineStyle id="2148">
                    <color>ff008000</color>
                    <colorMode>normal</colorMode>
                    <width>3</width>
                </LineStyle>
            </Style>
            <Style id="2151">
                <LineStyle id="2152">
                    <color>ff008000</color>
                    <colorMode>normal</colorMode>
                    <width>3</width>
                </LineStyle>
            </Style>
            <Style id="2155">
                <LineStyle id="2156">
                    <color>ff008000</color>
                    <colorMode>normal</colorMode>
                    <width>3</width>
                </LineStyle>
            </Style>
            <Style id="2159">
                <LineStyle id="2160">
                    <color>ff008000</color>
                    <colorMode>normal</colorMode>
                    <width>3</width>
                </LineStyle>
            </Style>
            <Style id="2163">
                <LineStyle id="2164">
                    <color>ff008000</color>
                    <colorMode>normal</colorMode>
                    <width>3</width>
                </LineStyle>
            </Style>
            <Style id="2167">
                <LineStyle id="2168">
                    <color>ff008000</color>
                    <colorMode>normal</colorMode>
                    <width>3</width>
                </LineStyle>
            </Style>
            <Style id="2171">
                <LineStyle id="2172">
                    <color>ff008000</color>
                    <colorMode>normal</colorMode>
                    <width>3</width>
                </LineStyle>
            </Style>
            <Style id="2175">
                <LineStyle id="2176">
                    <color>ff008000</color>
                    <colorMode>normal</colorMode>
                    <width>3</width>
                </LineStyle>
            </Style>
            <Style id="2179">
                <LineStyle id="2180">
                    <color>ff008000</color>
                    <colorMode>normal</colorMode>
                    <width>3</width>
                </LineStyle>
            </Style>
            <Style id="2183">
                <LineStyle id="2184">
                    <color>ff008000</color>
                    <colorMode>normal</colorMode>
                    <width>3</width>
                </LineStyle>
            </Style>
            <Style id="2187">
                <LineStyle id="2188">
                    <color>ff008000</color>
                    <colorMode>normal</colorMode>
                    <width>3</width>
                </LineStyle>
            </Style>
            <Style id="2191">
                <LineStyle id="2192">
                    <color>ff008000</color>
                    <colorMode>normal</colorMode>
                    <width>3</width>
                </LineStyle>
            </Style>
            <Style id="2195">
                <LineStyle id="2196">
                    <color>ff008000</color>
                    <colorMode>normal</colorMode>
                    <width>3</width>
                </LineStyle>
            </Style>
            <Style id="2199">
                <LineStyle id="2200">
                    <color>ff008000</color>
                    <colorMode>normal</colorMode>
                    <width>3</width>
                </LineStyle>
            </Style>
            <Style id="2203">
                <LineStyle id="2204">
                    <color>ff008000</color>
                    <colorMode>normal</colorMode>
                    <width>3</width>
                </LineStyle>
            </Style>
            <Style id="2207">
                <LineStyle id="2208">
                    <color>ff008000</color>
                    <colorMode>normal</colorMode>
                    <width>3</width>
                </LineStyle>
            </Style>
            <Style id="2211">
                <LineStyle id="2212">
                    <color>ff008000</color>
                    <colorMode>normal</colorMode>
                    <width>3</width>
                </LineStyle>
            </Style>
            <Style id="2215">
                <LineStyle id="2216">
                    <color>ff008000</color>
                    <colorMode>normal</colorMode>
                    <width>3</width>
                </LineStyle>
            </Style>
            <Style id="2219">
                <LineStyle id="2220">
                    <color>ff008000</color>
                    <colorMode>normal</colorMode>
                    <width>3</width>
                </LineStyle>
            </Style>
            <name>2025-08-18 16:00</name>
            <Placemark id="1982">
                <name>Rota 16:00</name>
                <styleUrl>#1983</styleUrl>
                <LineString id="1981">
                    <altitudeMode>clampToGround</altitudeMode>
                    <coordinates>9.94026,45.1469166,0.0 9.940265,45.146915,0.0 9.940325,45.1469366,0.0 9.940325,45.1469366,0.0 9.9403,45.146935,0.0 9.9403,45.146935,0.0 9.9403666,45.1469883,0.0 9.940375,45.1469866,0.0</coordinates>
                </LineString>
            </Placemark>
            <Placemark id="1986">
                <name>Rota 16:01</name>
                <styleUrl>#1987</styleUrl>
                <LineString id="1985">
                    <altitudeMode>clampToGround</altitudeMode>
                    <coordinates>9.94042,45.147005,0.0 9.9404366,45.1469983,0.0 9.940495,45.1469966,0.0 9.9404916,45.1470033,0.0 9.9404533,45.1470366,0.0 9.9404466,45.1470466,0.0 9.94044,45.14706,0.0 9.9404416,45.1470516,0.0</coordinates>
                </LineString>
            </Placemark>
            <Placemark id="1990">
                <name>Rota 16:02</name>
                <styleUrl>#1991</styleUrl>
                <LineString id="1989">
                    <altitudeMode>clampToGround</altitudeMode>
                    <coordinates>9.9405166,45.1469733,0.0 9.9405216,45.1469733,0.0 9.9404816,45.147195,0.0 9.9405033,45.1472083,0.0 9.940925,45.1473633,0.0 9.9409433,45.1473633,0.0 9.9411283,45.1472533,0.0 9.94113,45.14725,0.0</coordinates>
                </LineString>
            </Placemark>
            <Placemark id="1994">
                <name>Rota 16:03</name>
                <styleUrl>#1995</styleUrl>
                <LineString id="1993">
                    <altitudeMode>clampToGround</altitudeMode>
                    <coordinates>9.9412,45.1471633,0.0 9.941195,45.147165,0.0 9.9412416,45.146985,0.0 9.9412366,45.146985,0.0 9.941325,45.1470133,0.0 9.9413383,45.1470166,0.0 9.9414333,45.1470283,0.0 9.94143,45.1470233,0.0</coordinates>
                </LineString>
            </Placemark>
            <Placemark id="1998">
                <name>Rota 16:04</name>
                <styleUrl>#1999</styleUrl>
                <LineString id="1997">
                    <altitudeMode>clampToGround</altitudeMode>
                    <coordinates>9.941345,45.1470116,0.0 9.9413333,45.1470216,0.0 9.94147,45.1471283,0.0 9.9414583,45.1471283,0.0 9.9413716,45.14704,0.0 9.9413816,45.1470166,0.0 9.9413533,45.14701,0.0 9.941365,45.1470116,0.0</coordinates>
                </LineString>
            </Placemark>
            <Placemark id="2002">
                <name>Rota 16:05</name>
                <styleUrl>#2003</styleUrl>
                <LineString id="2001">
                    <altitudeMode>clampToGround</altitudeMode>
                    <coordinates>9.9421966,45.1471983,0.0 9.942215,45.14721,0.0 9.94209,45.1472566,0.0 9.942065,45.1472516,0.0 9.9419316,45.147225,0.0 9.941935,45.1472266,0.0 9.9413233,45.1470483,0.0 9.9412766,45.147025,0.0</coordinates>
                </LineString>
            </Placemark>
            <Placemark id="2006">
                <name>Rota 16:06</name>
                <styleUrl>#2007</styleUrl>
                <LineString id="2005">
                    <altitudeMode>clampToGround</altitudeMode>
                    <coordinates>9.9411583,45.1468166,0.0 9.9411766,45.14682,0.0 9.941255,45.146825,0.0 9.94126,45.1468283,0.0 9.9412483,45.1468016,0.0 9.94125,45.1467966,0.0 9.94125,45.1467966,0.0 9.9412733,45.1467566,0.0</coordinates>
                </LineString>
            </Placemark>
            <Placemark id="2010">
                <name>Rota 16:07</name>
                <styleUrl>#2011</styleUrl>
                <LineString id="2009">
                    <altitudeMode>clampToGround</altitudeMode>
                    <coordinates>9.9412233,45.1467816,0.0 9.94123,45.14677,0.0 9.9412733,45.1466966,0.0 9.9412733,45.1466966,0.0 9.9412783,45.1466916,0.0 9.941275,45.1467,0.0 9.9412516,45.14672,0.0 9.9412483,45.1467166,0.0</coordinates>
                </LineString>
            </Placemark>
            <Placemark id="2014">
                <name>Rota 16:08</name>
                <styleUrl>#2015</styleUrl>
                <LineString id="2013">
                    <altitudeMode>clampToGround</altitudeMode>
                    <coordinates>9.94121,45.1467366,0.0 9.9412083,45.146735,0.0 9.9411416,45.1468016,0.0 9.941145,45.1468033,0.0 9.9412033,45.14677,0.0 9.9412283,45.1467483,0.0 9.9412816,45.1466283,0.0 9.94128,45.1466283,0.0</coordinates>
                </LineString>
            </Placemark>
            <Placemark id="2018">
                <name>Rota 16:09</name>
                <styleUrl>#2019</styleUrl>
                <LineString id="2017">
                    <altitudeMode>clampToGround</altitudeMode>
                    <coordinates>9.94123,45.1467266,0.0 9.9412366,45.1467266,0.0 9.94122,45.14675,0.0 9.941215,45.1467533,0.0 9.94121,45.14677,0.0 9.9412116,45.1467766,0.0 9.941215,45.14681,0.0 9.941215,45.14681,0.0</coordinates>
                </LineString>
            </Placemark>
            <Placemark id="2022">
                <name>Rota 16:10</name>
                <styleUrl>#2023</styleUrl>
                <LineString id="2021">
                    <altitudeMode>clampToGround</altitudeMode>
                    <coordinates>9.9411666,45.1468366,0.0 9.9411616,45.14684,0.0 9.9411383,45.1468516,0.0 9.9411383,45.1468516,0.0 9.9411066,45.1468416,0.0 9.9410966,45.1468433,0.0 9.941065,45.146875,0.0 9.941065,45.146875,0.0</coordinates>
                </LineString>
            </Placemark>
            <Placemark id="2026">
                <name>Rota 16:11</name>
                <styleUrl>#2027</styleUrl>
                <LineString id="2025">
                    <altitudeMode>clampToGround</altitudeMode>
                    <coordinates>9.9410533,45.146875,0.0 9.9410533,45.146875,0.0 9.9411316,45.1468466,0.0 9.9411233,45.1468383,0.0 9.94104,45.14685,0.0 9.9410333,45.1468516,0.0 9.94107,45.1468483,0.0 9.94107,45.1468483,0.0</coordinates>
                </LineString>
            </Placemark>
            <Placemark id="2030">
                <name>Rota 16:12</name>
                <styleUrl>#2031</styleUrl>
                <LineString id="2029">
                    <altitudeMode>clampToGround</altitudeMode>
                    <coordinates>9.94107,45.146865,0.0 9.94107,45.146865,0.0 9.9410533,45.1468166,0.0 9.9410633,45.1468083,0.0 9.9411933,45.1468266,0.0 9.9412016,45.1468266,0.0 9.94119,45.1468316,0.0 9.9411916,45.14683,0.0</coordinates>
                </LineString>
            </Placemark>
            <Placemark id="2034">
                <name>Rota 16:13</name>
                <styleUrl>#2035</styleUrl>
                <LineString id="2033">
                    <altitudeMode>clampToGround</altitudeMode>
                    <coordinates>9.9411633,45.1468933,0.0 9.941165,45.1469,0.0 9.9411283,45.14692,0.0 9.941125,45.1469183,0.0 9.94114,45.1468883,0.0 9.94114,45.1468883,0.0 9.9412383,45.14684,0.0 9.941245,45.1468283,0.0</coordinates>
                </LineString>
            </Placemark>
            <Placemark id="2038">
                <name>Rota 16:14</name>
                <styleUrl>#2039</styleUrl>
                <LineString id="2037">
                    <altitudeMode>clampToGround</altitudeMode>
                    <coordinates>9.9413466,45.1468133,0.0 9.94134,45.1468066,0.0 9.941275,45.1467333,0.0 9.9412716,45.146735,0.0 9.94131,45.146895,0.0 9.9413233,45.1468933,0.0 9.9412533,45.1471183,0.0 9.9412483,45.147125,0.0</coordinates>
                </LineString>
            </Placemark>
            <Placemark id="2042">
                <name>Rota 16:15</name>
                <styleUrl>#2043</styleUrl>
                <LineString id="2041">
                    <altitudeMode>clampToGround</altitudeMode>
                    <coordinates>9.9412116,45.1471466,0.0 9.94121,45.1471416,0.0 9.941455,45.1471683,0.0 9.941465,45.147165,0.0 9.9413716,45.147135,0.0 9.94137,45.147135,0.0 9.9416716,45.1471633,0.0 9.9417183,45.1471516,0.0</coordinates>
                </LineString>
            </Placemark>
            <Placemark id="2046">
                <name>Rota 16:16</name>
                <styleUrl>#2047</styleUrl>
                <LineString id="2045">
                    <altitudeMode>clampToGround</altitudeMode>
                    <coordinates>9.94182,45.1471783,0.0 9.9418383,45.1471816,0.0 9.9418666,45.1472416,0.0 9.941845,45.1472333,0.0 9.94176,45.1472183,0.0 9.94171,45.1472383,0.0 9.9411233,45.1475216,0.0 9.9410816,45.1475216,0.0</coordinates>
                </LineString>
            </Placemark>
            <Placemark id="2050">
                <name>Rota 16:17</name>
                <styleUrl>#2051</styleUrl>
                <LineString id="2049">
                    <altitudeMode>clampToGround</altitudeMode>
                    <coordinates>9.940495,45.1474333,0.0 9.94048,45.1474366,0.0 9.9403333,45.1474833,0.0 9.94033,45.1474883,0.0 9.9403466,45.1475466,0.0 9.9403516,45.1475416,0.0 9.94035,45.1475266,0.0 9.94035,45.1475266,0.0</coordinates>
                </LineString>
            </Placemark>
            <Placemark id="2054">
                <name>Rota 16:18</name>
                <styleUrl>#2055</styleUrl>
                <LineString id="2053">
                    <altitudeMode>clampToGround</altitudeMode>
                    <coordinates>9.9403933,45.1474866,0.0 9.9403966,45.1474866,0.0 9.9403916,45.1474716,0.0 9.94039,45.14747,0.0 9.9403283,45.1475083,0.0 9.9403266,45.147515,0.0 9.9403483,45.1475116,0.0 9.9403466,45.1475116,0.0</coordinates>
                </LineString>
            </Placemark>
            <Placemark id="2058">
                <name>Rota 16:19</name>
                <styleUrl>#2059</styleUrl>
                <LineString id="2057">
                    <altitudeMode>clampToGround</altitudeMode>
                    <coordinates>9.9403233,45.147475,0.0 9.9403233,45.147475,0.0 9.94032,45.1474833,0.0 9.94032,45.1474833,0.0 9.9403716,45.147415,0.0 9.9403733,45.1474016,0.0 9.9404033,45.1473466,0.0 9.94038,45.1473516,0.0</coordinates>
                </LineString>
            </Placemark>
            <Placemark id="2062">
                <name>Rota 16:20</name>
                <styleUrl>#2063</styleUrl>
                <LineString id="2061">
                    <altitudeMode>clampToGround</altitudeMode>
                    <coordinates>9.9404216,45.1472966,0.0 9.9404183,45.1473033,0.0 9.940445,45.1473033,0.0 9.94045,45.1473,0.0 9.940445,45.1473016,0.0 9.9404383,45.1473166,0.0 9.94037,45.1473033,0.0 9.94037,45.1473033,0.0</coordinates>
                </LineString>
            </Placemark>
            <Placemark id="2066">
                <name>Rota 16:21</name>
                <styleUrl>#2067</styleUrl>
                <LineString id="2065">
                    <altitudeMode>clampToGround</altitudeMode>
                    <coordinates>9.9404,45.1472966,0.0 9.9404,45.1472966,0.0 9.9403166,45.1472066,0.0 9.9403,45.14719,0.0 9.9402966,45.1472366,0.0 9.9402933,45.1472266,0.0 9.940295,45.14718,0.0 9.9403,45.1471866,0.0</coordinates>
                </LineString>
            </Placemark>
            <Placemark id="2070">
                <name>Rota 16:22</name>
                <styleUrl>#2071</styleUrl>
                <LineString id="2069">
                    <altitudeMode>clampToGround</altitudeMode>
                    <coordinates>9.9403316,45.147285,0.0 9.94033,45.1472783,0.0 9.940345,45.1473616,0.0 9.9403433,45.1473716,0.0 9.9403916,45.1474666,0.0 9.9403916,45.1474766,0.0 9.94029,45.1475983,0.0 9.9403016,45.1475916,0.0</coordinates>
                </LineString>
            </Placemark>
            <Placemark id="2074">
                <name>Rota 16:23</name>
                <styleUrl>#2075</styleUrl>
                <LineString id="2073">
                    <altitudeMode>clampToGround</altitudeMode>
                    <coordinates>9.940425,45.14754,0.0 9.9404283,45.1475416,0.0 9.940255,45.1476816,0.0 9.9402516,45.1476866,0.0 9.94026,45.1477583,0.0 9.94026,45.1477583,0.0 9.940365,45.1477233,0.0 9.9403733,45.1477233,0.0</coordinates>
                </LineString>
            </Placemark>
            <Placemark id="2078">
                <name>Rota 16:24</name>
                <styleUrl>#2079</styleUrl>
                <LineString id="2077">
                    <altitudeMode>clampToGround</altitudeMode>
                    <coordinates>9.9403116,45.14777,0.0 9.940315,45.14777,0.0 9.9403133,45.1477333,0.0 9.940315,45.1477316,0.0 9.9403366,45.1477266,0.0 9.94034,45.1477283,0.0 9.9403133,45.147825,0.0 9.940315,45.14783,0.0</coordinates>
                </LineString>
            </Placemark>
            <Placemark id="2082">
                <name>Rota 16:25</name>
                <styleUrl>#2083</styleUrl>
                <LineString id="2081">
                    <altitudeMode>clampToGround</altitudeMode>
                    <coordinates>9.940255,45.1477716,0.0 9.940265,45.1477733,0.0 9.9403083,45.14786,0.0 9.9403033,45.147875,0.0 9.940345,45.1479716,0.0 9.9403566,45.1479633,0.0 9.94048,45.1478733,0.0 9.9404666,45.1478666,0.0</coordinates>
                </LineString>
            </Placemark>
            <Placemark id="2086">
                <name>Rota 16:26</name>
                <styleUrl>#2087</styleUrl>
                <LineString id="2085">
                    <altitudeMode>clampToGround</altitudeMode>
                    <coordinates>9.9400783,45.1478833,0.0 9.94008,45.1478883,0.0 9.9402266,45.1478833,0.0 9.9402316,45.1478816,0.0 9.9402633,45.147845,0.0 9.9402633,45.147845,0.0 9.94026,45.1478483,0.0 9.9402616,45.1478616,0.0</coordinates>
                </LineString>
            </Placemark>
            <Placemark id="2090">
                <name>Rota 16:27</name>
                <styleUrl>#2091</styleUrl>
                <LineString id="2089">
                    <altitudeMode>clampToGround</altitudeMode>
                    <coordinates>9.94033,45.1478433,0.0 9.9403516,45.1478366,0.0 9.940465,45.1477666,0.0 9.9404483,45.1477666,0.0 9.94048,45.1477666,0.0 9.94047,45.1477766,0.0 9.9405183,45.14777,0.0 9.94053,45.14776,0.0</coordinates>
                </LineString>
            </Placemark>
            <Placemark id="2094">
                <name>Rota 16:28</name>
                <styleUrl>#2095</styleUrl>
                <LineString id="2093">
                    <altitudeMode>clampToGround</altitudeMode>
                    <coordinates>9.9404416,45.14775,0.0 9.940425,45.147765,0.0 9.9401983,45.1477166,0.0 9.9401883,45.1477083,0.0 9.94026,45.14756,0.0 9.94025,45.14755,0.0 9.94025,45.1474866,0.0 9.940265,45.147485,0.0</coordinates>
                </LineString>
            </Placemark>
            <Placemark id="2098">
                <name>Rota 16:29</name>
                <styleUrl>#2099</styleUrl>
                <LineString id="2097">
                    <altitudeMode>clampToGround</altitudeMode>
                    <coordinates>9.9402933,45.14732,0.0 9.9403,45.1472933,0.0 9.940385,45.1472133,0.0 9.9403716,45.1472333,0.0 9.9403633,45.147235,0.0 9.9403566,45.1472216,0.0 9.94037,45.1472766,0.0 9.9403766,45.14726,0.0</coordinates>
                </LineString>
            </Placemark>
            <Placemark id="2102">
                <name>Rota 16:30</name>
                <styleUrl>#2103</styleUrl>
                <LineString id="2101">
                    <altitudeMode>clampToGround</altitudeMode>
                    <coordinates>9.9404016,45.1472516,0.0 9.9404016,45.1472583,0.0 9.94036,45.1474566,0.0 9.9403683,45.14745,0.0 9.9404366,45.1475216,0.0 9.9404416,45.147525,0.0 9.9403983,45.1476833,0.0 9.9403866,45.1476916,0.0</coordinates>
                </LineString>
            </Placemark>
            <Placemark id="2106">
                <name>Rota 16:31</name>
                <styleUrl>#2107</styleUrl>
                <LineString id="2105">
                    <altitudeMode>clampToGround</altitudeMode>
                    <coordinates>9.9402916,45.1477433,0.0 9.940295,45.1477566,0.0 9.9403166,45.1477166,0.0 9.9403116,45.1477233,0.0 9.9403183,45.147675,0.0 9.940325,45.147665,0.0 9.940325,45.1476733,0.0 9.9403316,45.1476583,0.0</coordinates>
                </LineString>
            </Placemark>
            <Placemark id="2110">
                <name>Rota 16:32</name>
                <styleUrl>#2111</styleUrl>
                <LineString id="2109">
                    <altitudeMode>clampToGround</altitudeMode>
                    <coordinates>9.9403616,45.1476266,0.0 9.9404183,45.14761,0.0 9.9404166,45.14753,0.0 9.9404116,45.1475333,0.0 9.9404716,45.1474916,0.0 9.940485,45.147485,0.0 9.94055,45.14756,0.0 9.9405333,45.1475766,0.0</coordinates>
                </LineString>
            </Placemark>
            <Placemark id="2114">
                <name>Rota 16:33</name>
                <styleUrl>#2115</styleUrl>
                <LineString id="2113">
                    <altitudeMode>clampToGround</altitudeMode>
                    <coordinates>9.9405,45.147665,0.0 9.9404933,45.147675,0.0 9.9404866,45.1476883,0.0 9.94048,45.147715,0.0 9.9405383,45.1477466,0.0 9.940545,45.14775,0.0 9.9405066,45.1477566,0.0 9.9405083,45.1477683,0.0</coordinates>
                </LineString>
            </Placemark>
            <Placemark id="2118">
                <name>Rota 16:34</name>
                <styleUrl>#2119</styleUrl>
                <LineString id="2117">
                    <altitudeMode>clampToGround</altitudeMode>
                    <coordinates>9.940575,45.1477033,0.0 9.9405733,45.1476983,0.0 9.9404216,45.14784,0.0 9.94042,45.147845,0.0 9.9405533,45.1478616,0.0 9.94056,45.147865,0.0 9.9405516,45.1476966,0.0 9.9405433,45.1476783,0.0</coordinates>
                </LineString>
            </Placemark>
            <Placemark id="2122">
                <name>Rota 16:35</name>
                <styleUrl>#2123</styleUrl>
                <LineString id="2121">
                    <altitudeMode>clampToGround</altitudeMode>
                    <coordinates>9.940335,45.1474416,0.0 9.9403666,45.147425,0.0 9.9405283,45.1473633,0.0 9.94055,45.1473516,0.0 9.940565,45.1473483,0.0 9.9405566,45.1473633,0.0 9.9405633,45.1476383,0.0 9.9405783,45.14765,0.0</coordinates>
                </LineString>
            </Placemark>
            <Placemark id="2126">
                <name>Rota 16:36</name>
                <styleUrl>#2127</styleUrl>
                <LineString id="2125">
                    <altitudeMode>clampToGround</altitudeMode>
                    <coordinates>9.9406383,45.147875,0.0 9.9406366,45.1478916,0.0 9.9406133,45.14792,0.0 9.9406066,45.1479266,0.0 9.9405966,45.1480516,0.0 9.9406,45.1480533,0.0 9.9407983,45.1481083,0.0 9.9407983,45.1480883,0.0</coordinates>
                </LineString>
            </Placemark>
            <Placemark id="2130">
                <name>Rota 16:37</name>
                <styleUrl>#2131</styleUrl>
                <LineString id="2129">
                    <altitudeMode>clampToGround</altitudeMode>
                    <coordinates>9.9406316,45.14793,0.0 9.9406583,45.147905,0.0 9.9406716,45.1477216,0.0 9.9406583,45.1477116,0.0 9.940525,45.1476483,0.0 9.9405066,45.1476566,0.0 9.940325,45.147545,0.0 9.94033,45.14754,0.0</coordinates>
                </LineString>
            </Placemark>
            <Placemark id="2134">
                <name>Rota 16:38</name>
                <styleUrl>#2135</styleUrl>
                <LineString id="2133">
                    <altitudeMode>clampToGround</altitudeMode>
                    <coordinates>9.9403816,45.147515,0.0 9.94037,45.1475216,0.0 9.9402783,45.1475016,0.0 9.940275,45.147465,0.0 9.9401416,45.1472616,0.0 9.940135,45.147245,0.0 9.9402333,45.147225,0.0 9.94026,45.1472416,0.0</coordinates>
                </LineString>
            </Placemark>
            <Placemark id="2138">
                <name>Rota 16:39</name>
                <styleUrl>#2139</styleUrl>
                <LineString id="2137">
                    <altitudeMode>clampToGround</altitudeMode>
                    <coordinates>9.9402983,45.147215,0.0 9.9402966,45.147205,0.0 9.9403216,45.14725,0.0 9.9403316,45.14726,0.0 9.9404116,45.1474133,0.0 9.9404033,45.1473983,0.0 9.9403433,45.1472666,0.0 9.9403283,45.1472616,0.0</coordinates>
                </LineString>
            </Placemark>
            <Placemark id="2142">
                <name>Rota 16:40</name>
                <styleUrl>#2143</styleUrl>
                <LineString id="2141">
                    <altitudeMode>clampToGround</altitudeMode>
                    <coordinates>9.9403616,45.1473583,0.0 9.94037,45.147355,0.0 9.94037,45.1475016,0.0 9.9403966,45.147495,0.0 9.9403583,45.1475066,0.0 9.9403616,45.1475066,0.0 9.9405033,45.1475483,0.0 9.94051,45.1475483,0.0</coordinates>
                </LineString>
            </Placemark>
            <Placemark id="2146">
                <name>Rota 16:41</name>
                <styleUrl>#2147</styleUrl>
                <LineString id="2145">
                    <altitudeMode>clampToGround</altitudeMode>
                    <coordinates>9.9404766,45.147545,0.0 9.9404766,45.1475366,0.0 9.940445,45.14749,0.0 9.94045,45.1474866,0.0 9.940595,45.14742,0.0 9.9406233,45.1474166,0.0 9.94083,45.14737,0.0 9.94086,45.1473566,0.0</coordinates>
                </LineString>
            </Placemark>
            <Placemark id="2150">
                <name>Rota 16:42</name>
                <styleUrl>#2151</styleUrl>
                <LineString id="2149">
                    <altitudeMode>clampToGround</altitudeMode>
                    <coordinates>9.9410516,45.147215,0.0 9.9410683,45.1472033,0.0 9.9409633,45.1472633,0.0 9.940935,45.1472616,0.0 9.94118,45.14722,0.0 9.941205,45.14721,0.0 9.9411533,45.1472166,0.0 9.941125,45.1472083,0.0</coordinates>
                </LineString>
            </Placemark>
            <Placemark id="2154">
                <name>Rota 16:43</name>
                <styleUrl>#2155</styleUrl>
                <LineString id="2153">
                    <altitudeMode>clampToGround</altitudeMode>
                    <coordinates>9.9409983,45.1470766,0.0 9.9409933,45.1470683,0.0 9.9410916,45.1469583,0.0 9.9410966,45.1469433,0.0 9.9409316,45.1468233,0.0 9.9409166,45.1468216,0.0 9.9408916,45.146795,0.0 9.9408866,45.1467983,0.0</coordinates>
                </LineString>
            </Placemark>
            <Placemark id="2158">
                <name>Rota 16:44</name>
                <styleUrl>#2159</styleUrl>
                <LineString id="2157">
                    <altitudeMode>clampToGround</altitudeMode>
                    <coordinates>9.94092,45.1467333,0.0 9.94092,45.1467333,0.0 9.9409,45.146775,0.0 9.9409033,45.14678,0.0 9.94092,45.1468216,0.0 9.94092,45.14682,0.0 9.9408733,45.1467916,0.0 9.9408666,45.1467933,0.0</coordinates>
                </LineString>
            </Placemark>
            <Placemark id="2162">
                <name>Rota 16:45</name>
                <styleUrl>#2163</styleUrl>
                <LineString id="2161">
                    <altitudeMode>clampToGround</altitudeMode>
                    <coordinates>9.9408783,45.1468516,0.0 9.9408716,45.1468566,0.0 9.9410166,45.1469216,0.0 9.9410183,45.1469216,0.0 9.9409866,45.1469766,0.0 9.94099,45.1469816,0.0 9.9410316,45.14695,0.0 9.94104,45.14694,0.0</coordinates>
                </LineString>
            </Placemark>
            <Placemark id="2166">
                <name>Rota 16:46</name>
                <styleUrl>#2167</styleUrl>
                <LineString id="2165">
                    <altitudeMode>clampToGround</altitudeMode>
                    <coordinates>9.94107,45.1468833,0.0 9.9410616,45.1468766,0.0 9.940985,45.1468816,0.0 9.94099,45.14688,0.0 9.941185,45.1469866,0.0 9.9411933,45.1469916,0.0 9.9412583,45.1469916,0.0 9.941255,45.1469916,0.0</coordinates>
                </LineString>
            </Placemark>
            <Placemark id="2170">
                <name>Rota 16:47</name>
                <styleUrl>#2171</styleUrl>
                <LineString id="2169">
                    <altitudeMode>clampToGround</altitudeMode>
                    <coordinates>9.9411866,45.1471383,0.0 9.9411733,45.1471516,0.0 9.9411116,45.1472833,0.0 9.941145,45.147285,0.0 9.941485,45.1474866,0.0 9.941445,45.1474733,0.0 9.94129,45.147285,0.0 9.9412683,45.1472566,0.0</coordinates>
                </LineString>
            </Placemark>
            <Placemark id="2174">
                <name>Rota 16:48</name>
                <styleUrl>#2175</styleUrl>
                <LineString id="2173">
                    <altitudeMode>clampToGround</altitudeMode>
                    <coordinates>9.9413733,45.14739,0.0 9.9413766,45.1473866,0.0 9.9409816,45.14719,0.0 9.9409116,45.1471716,0.0 9.940595,45.1471716,0.0 9.9406066,45.14719,0.0 9.940695,45.1474983,0.0 9.9406716,45.1475016,0.0</coordinates>
                </LineString>
            </Placemark>
            <Placemark id="2178">
                <name>Rota 16:49</name>
                <styleUrl>#2179</styleUrl>
                <LineString id="2177">
                    <altitudeMode>clampToGround</altitudeMode>
                    <coordinates>9.9406083,45.1475433,0.0 9.9406016,45.1475433,0.0 9.9404466,45.147635,0.0 9.9404566,45.14762,0.0 9.94037,45.1474633,0.0 9.9403816,45.1474666,0.0 9.9404633,45.1475133,0.0 9.9404566,45.1475116,0.0</coordinates>
                </LineString>
            </Placemark>
            <Placemark id="2182">
                <name>Rota 16:50</name>
                <styleUrl>#2183</styleUrl>
                <LineString id="2181">
                    <altitudeMode>clampToGround</altitudeMode>
                    <coordinates>9.9402833,45.1474066,0.0 9.9402933,45.1474133,0.0 9.9403383,45.1474216,0.0 9.940375,45.14743,0.0 9.9404316,45.1473716,0.0 9.9404283,45.147375,0.0 9.9403483,45.1473983,0.0 9.940345,45.1474066,0.0</coordinates>
                </LineString>
            </Placemark>
            <Placemark id="2186">
                <name>Rota 16:51</name>
                <styleUrl>#2187</styleUrl>
                <LineString id="2185">
                    <altitudeMode>clampToGround</altitudeMode>
                    <coordinates>9.9403,45.1474833,0.0 9.940295,45.147485,0.0 9.9402133,45.14763,0.0 9.9402116,45.147625,0.0 9.9402466,45.147655,0.0 9.940245,45.1476533,0.0 9.940245,45.147685,0.0 9.9402416,45.1476866,0.0</coordinates>
                </LineString>
            </Placemark>
            <Placemark id="2190">
                <name>Rota 16:52</name>
                <styleUrl>#2191</styleUrl>
                <LineString id="2189">
                    <altitudeMode>clampToGround</altitudeMode>
                    <coordinates>9.9402333,45.1476983,0.0 9.9402083,45.1476716,0.0 9.93997,45.147315,0.0 9.939975,45.1473216,0.0 9.9400183,45.1473416,0.0 9.9400283,45.1473366,0.0 9.9402766,45.147235,0.0 9.9402816,45.147215,0.0</coordinates>
                </LineString>
            </Placemark>
            <Placemark id="2194">
                <name>Rota 16:53</name>
                <styleUrl>#2195</styleUrl>
                <LineString id="2193">
                    <altitudeMode>clampToGround</altitudeMode>
                    <coordinates>9.9404416,45.1468483,0.0 9.9404533,45.1468333,0.0 9.94046,45.146525,0.0 9.9404616,45.1465016,0.0 9.9405333,45.1461516,0.0 9.94054,45.1461366,0.0 9.94032,45.1460483,0.0 9.9402866,45.14606,0.0</coordinates>
                </LineString>
            </Placemark>
            <Placemark id="2198">
                <name>Rota 16:54</name>
                <styleUrl>#2199</styleUrl>
                <LineString id="2197">
                    <altitudeMode>clampToGround</altitudeMode>
                    <coordinates>9.93986,45.14595,0.0 9.9398583,45.1459466,0.0 9.93969,45.14568,0.0 9.9396783,45.145665,0.0 9.939615,45.145595,0.0 9.9396133,45.14559,0.0 9.9395216,45.1454666,0.0 9.93953,45.1454666,0.0</coordinates>
                </LineString>
            </Placemark>
            <Placemark id="2202">
                <name>Rota 16:55</name>
                <styleUrl>#2203</styleUrl>
                <LineString id="2201">
                    <altitudeMode>clampToGround</altitudeMode>
                    <coordinates>9.9396183,45.14566,0.0 9.939615,45.1456683,0.0 9.9396716,45.1459616,0.0 9.9396966,45.1459983,0.0 9.9401066,45.1459916,0.0 9.9401183,45.1459883,0.0 9.9401616,45.146055,0.0 9.9401416,45.1460633,0.0</coordinates>
                </LineString>
            </Placemark>
            <Placemark id="2206">
                <name>Rota 16:56</name>
                <styleUrl>#2207</styleUrl>
                <LineString id="2205">
                    <altitudeMode>clampToGround</altitudeMode>
                    <coordinates>9.93991,45.1461733,0.0 9.9398966,45.1461833,0.0 9.9397666,45.1459883,0.0 9.93976,45.14598,0.0 9.93965,45.1457766,0.0 9.9396333,45.1457516,0.0 9.9393166,45.1455633,0.0 9.9393066,45.1455566,0.0</coordinates>
                </LineString>
            </Placemark>
            <Placemark id="2210">
                <name>Rota 16:57</name>
                <styleUrl>#2211</styleUrl>
                <LineString id="2209">
                    <altitudeMode>clampToGround</altitudeMode>
                    <coordinates>9.9394266,45.1455066,0.0 9.9394333,45.1455116,0.0 9.9394816,45.14566,0.0 9.9394816,45.14566,0.0 9.9394283,45.14553,0.0 9.9394133,45.1455233,0.0 9.9393666,45.1454916,0.0 9.9393633,45.145495,0.0</coordinates>
                </LineString>
            </Placemark>
            <Placemark id="2214">
                <name>Rota 16:58</name>
                <styleUrl>#2215</styleUrl>
                <LineString id="2213">
                    <altitudeMode>clampToGround</altitudeMode>
                    <coordinates>9.9393733,45.1455,0.0 9.939395,45.1455116,0.0 9.9393683,45.1455733,0.0 9.9393683,45.1455733,0.0 9.9393133,45.145655,0.0 9.9393183,45.1456633,0.0 9.9393966,45.14574,0.0 9.9393933,45.145735,0.0</coordinates>
                </LineString>
            </Placemark>
            <Placemark id="2218">
                <name>Rota 16:59</name>
                <styleUrl>#2219</styleUrl>
                <LineString id="2217">
                    <altitudeMode>clampToGround</altitudeMode>
                    <coordinates>9.9393833,45.1456866,0.0 9.93938,45.1456866,0.0 9.9393866,45.1457883,0.0 9.9393866,45.1457883,0.0 9.93944,45.1457633,0.0 9.93944,45.1457566,0.0 9.9394433,45.14577,0.0 9.9394466,45.1457833,0.0</coordinates>
                </LineString>
            </Placemark>
        </Folder>
        <Folder id="2221">
            <Style id="2224">
                <LineStyle id="2225">
                    <color>ff008000</color>
                    <colorMode>normal</colorMode>
                    <width>3</width>
                </LineStyle>
            </Style>
            <Style id="2228">
                <LineStyle id="2229">
                    <color>ff008000</color>
                    <colorMode>normal</colorMode>
                    <width>3</width>
                </LineStyle>
            </Style>
            <Style id="2232">
                <LineStyle id="2233">
                    <color>ff008000</color>
                    <colorMode>normal</colorMode>
                    <width>3</width>
                </LineStyle>
            </Style>
            <Style id="2236">
                <LineStyle id="2237">
                    <color>ff008000</color>
                    <colorMode>normal</colorMode>
                    <width>3</width>
                </LineStyle>
            </Style>
            <Style id="2240">
                <LineStyle id="2241">
                    <color>ff008000</color>
                    <colorMode>normal</colorMode>
                    <width>3</width>
                </LineStyle>
            </Style>
            <Style id="2244">
                <LineStyle id="2245">
                    <color>ff008000</color>
                    <colorMode>normal</colorMode>
                    <width>3</width>
                </LineStyle>
            </Style>
            <Style id="2248">
                <LineStyle id="2249">
                    <color>ff008000</color>
                    <colorMode>normal</colorMode>
                    <width>3</width>
                </LineStyle>
            </Style>
            <Style id="2252">
                <LineStyle id="2253">
                    <color>ff008000</color>
                    <colorMode>normal</colorMode>
                    <width>3</width>
                </LineStyle>
            </Style>
            <Style id="2256">
                <LineStyle id="2257">
                    <color>ff008000</color>
                    <colorMode>normal</colorMode>
                    <width>3</width>
                </LineStyle>
            </Style>
            <Style id="2260">
                <LineStyle id="2261">
                    <color>ff008000</color>
                    <colorMode>normal</colorMode>
                    <width>3</width>
                </LineStyle>
            </Style>
            <Style id="2264">
                <LineStyle id="2265">
                    <color>ff008000</color>
                    <colorMode>normal</colorMode>
                    <width>3</width>
                </LineStyle>
            </Style>
            <Style id="2268">
                <LineStyle id="2269">
                    <color>ff008000</color>
                    <colorMode>normal</colorMode>
                    <width>3</width>
                </LineStyle>
            </Style>
            <Style id="2272">
                <LineStyle id="2273">
                    <color>ff008000</color>
                    <colorMode>normal</colorMode>
                    <width>3</width>
                </LineStyle>
            </Style>
            <Style id="2276">
                <LineStyle id="2277">
                    <color>ff008000</color>
                    <colorMode>normal</colorMode>
                    <width>3</width>
                </LineStyle>
            </Style>
            <Style id="2280">
                <LineStyle id="2281">
                    <color>ff008000</color>
                    <colorMode>normal</colorMode>
                    <width>3</width>
                </LineStyle>
            </Style>
            <Style id="2284">
                <LineStyle id="2285">
                    <color>ff008000</color>
                    <colorMode>normal</colorMode>
                    <width>3</width>
                </LineStyle>
            </Style>
            <Style id="2288">
                <LineStyle id="2289">
                    <color>ff008000</color>
                    <colorMode>normal</colorMode>
                    <width>3</width>
                </LineStyle>
            </Style>
            <Style id="2292">
                <LineStyle id="2293">
                    <color>ff008000</color>
                    <colorMode>normal</colorMode>
                    <width>3</width>
                </LineStyle>
            </Style>
            <Style id="2296">
                <LineStyle id="2297">
                    <color>ff008000</color>
                    <colorMode>normal</colorMode>
                    <width>3</width>
                </LineStyle>
            </Style>
            <Style id="2300">
                <LineStyle id="2301">
                    <color>ff008000</color>
                    <colorMode>normal</colorMode>
                    <width>3</width>
                </LineStyle>
            </Style>
            <Style id="2304">
                <LineStyle id="2305">
                    <color>ff008000</color>
                    <colorMode>normal</colorMode>
                    <width>3</width>
                </LineStyle>
            </Style>
            <Style id="2308">
                <LineStyle id="2309">
                    <color>ff008000</color>
                    <colorMode>normal</colorMode>
                    <width>3</width>
                </LineStyle>
            </Style>
            <Style id="2312">
                <LineStyle id="2313">
                    <color>ff008000</color>
                    <colorMode>normal</colorMode>
                    <width>3</width>
                </LineStyle>
            </Style>
            <Style id="2316">
                <LineStyle id="2317">
                    <color>ff008000</color>
                    <colorMode>normal</colorMode>
                    <width>3</width>
                </LineStyle>
            </Style>
            <Style id="2320">
                <LineStyle id="2321">
                    <color>ff008000</color>
                    <colorMode>normal</colorMode>
                    <width>3</width>
                </LineStyle>
            </Style>
            <Style id="2324">
                <LineStyle id="2325">
                    <color>ff008000</color>
                    <colorMode>normal</colorMode>
                    <width>3</width>
                </LineStyle>
            </Style>
            <Style id="2328">
                <LineStyle id="2329">
                    <color>ff008000</color>
                    <colorMode>normal</colorMode>
                    <width>3</width>
                </LineStyle>
            </Style>
            <Style id="2332">
                <LineStyle id="2333">
                    <color>ff008000</color>
                    <colorMode>normal</colorMode>
                    <width>3</width>
                </LineStyle>
            </Style>
            <Style id="2336">
                <LineStyle id="2337">
                    <color>ff008000</color>
                    <colorMode>normal</colorMode>
                    <width>3</width>
                </LineStyle>
            </Style>
            <Style id="2340">
                <LineStyle id="2341">
                    <color>ff008000</color>
                    <colorMode>normal</colorMode>
                    <width>3</width>
                </LineStyle>
            </Style>
            <Style id="2344">
                <LineStyle id="2345">
                    <color>ff008000</color>
                    <colorMode>normal</colorMode>
                    <width>3</width>
                </LineStyle>
            </Style>
            <Style id="2348">
                <LineStyle id="2349">
                    <color>ff008000</color>
                    <colorMode>normal</colorMode>
                    <width>3</width>
                </LineStyle>
            </Style>
            <Style id="2352">
                <LineStyle id="2353">
                    <color>ff008000</color>
                    <colorMode>normal</colorMode>
                    <width>3</width>
                </LineStyle>
            </Style>
            <Style id="2356">
                <LineStyle id="2357">
                    <color>ff008000</color>
                    <colorMode>normal</colorMode>
                    <width>3</width>
                </LineStyle>
            </Style>
            <Style id="2360">
                <LineStyle id="2361">
                    <color>ff008000</color>
                    <colorMode>normal</colorMode>
                    <width>3</width>
                </LineStyle>
            </Style>
            <Style id="2364">
                <LineStyle id="2365">
                    <color>ff008000</color>
                    <colorMode>normal</colorMode>
                    <width>3</width>
                </LineStyle>
            </Style>
            <Style id="2368">
                <LineStyle id="2369">
                    <color>ff008000</color>
                    <colorMode>normal</colorMode>
                    <width>3</width>
                </LineStyle>
            </Style>
            <Style id="2372">
                <LineStyle id="2373">
                    <color>ff008000</color>
                    <colorMode>normal</colorMode>
                    <width>3</width>
                </LineStyle>
            </Style>
            <Style id="2376">
                <LineStyle id="2377">
                    <color>ff008000</color>
                    <colorMode>normal</colorMode>
                    <width>3</width>
                </LineStyle>
            </Style>
            <Style id="2380">
                <LineStyle id="2381">
                    <color>ff008000</color>
                    <colorMode>normal</colorMode>
                    <width>3</width>
                </LineStyle>
            </Style>
            <Style id="2384">
                <LineStyle id="2385">
                    <color>ff008000</color>
                    <colorMode>normal</colorMode>
                    <width>3</width>
                </LineStyle>
            </Style>
            <Style id="2388">
                <LineStyle id="2389">
                    <color>ff008000</color>
                    <colorMode>normal</colorMode>
                    <width>3</width>
                </LineStyle>
            </Style>
            <Style id="2392">
                <LineStyle id="2393">
                    <color>ff008000</color>
                    <colorMode>normal</colorMode>
                    <width>3</width>
                </LineStyle>
            </Style>
            <Style id="2396">
                <LineStyle id="2397">
                    <color>ff008000</color>
                    <colorMode>normal</colorMode>
                    <width>3</width>
                </LineStyle>
            </Style>
            <Style id="2400">
                <LineStyle id="2401">
                    <color>ff008000</color>
                    <colorMode>normal</colorMode>
                    <width>3</width>
                </LineStyle>
            </Style>
            <Style id="2404">
                <LineStyle id="2405">
                    <color>ff008000</color>
                    <colorMode>normal</colorMode>
                    <width>3</width>
                </LineStyle>
            </Style>
            <Style id="2408">
                <LineStyle id="2409">
                    <color>ff008000</color>
                    <colorMode>normal</colorMode>
                    <width>3</width>
                </LineStyle>
            </Style>
            <Style id="2412">
                <LineStyle id="2413">
                    <color>ff008000</color>
                    <colorMode>normal</colorMode>
                    <width>3</width>
                </LineStyle>
            </Style>
            <Style id="2416">
                <LineStyle id="2417">
                    <color>ff008000</color>
                    <colorMode>normal</colorMode>
                    <width>3</width>
                </LineStyle>
            </Style>
            <Style id="2420">
                <LineStyle id="2421">
                    <color>ff008000</color>
                    <colorMode>normal</colorMode>
                    <width>3</width>
                </LineStyle>
            </Style>
            <Style id="2424">
                <LineStyle id="2425">
                    <color>ff008000</color>
                    <colorMode>normal</colorMode>
                    <width>3</width>
                </LineStyle>
            </Style>
            <Style id="2428">
                <LineStyle id="2429">
                    <color>ff008000</color>
                    <colorMode>normal</colorMode>
                    <width>3</width>
                </LineStyle>
            </Style>
            <Style id="2432">
                <LineStyle id="2433">
                    <color>ff008000</color>
                    <colorMode>normal</colorMode>
                    <width>3</width>
                </LineStyle>
            </Style>
            <Style id="2436">
                <LineStyle id="2437">
                    <color>ff008000</color>
                    <colorMode>normal</colorMode>
                    <width>3</width>
                </LineStyle>
            </Style>
            <Style id="2440">
                <LineStyle id="2441">
                    <color>ff008000</color>
                    <colorMode>normal</colorMode>
                    <width>3</width>
                </LineStyle>
            </Style>
            <Style id="2444">
                <LineStyle id="2445">
                    <color>ff008000</color>
                    <colorMode>normal</colorMode>
                    <width>3</width>
                </LineStyle>
            </Style>
            <Style id="2448">
                <LineStyle id="2449">
                    <color>ff008000</color>
                    <colorMode>normal</colorMode>
                    <width>3</width>
                </LineStyle>
            </Style>
            <Style id="2452">
                <LineStyle id="2453">
                    <color>ff008000</color>
                    <colorMode>normal</colorMode>
                    <width>3</width>
                </LineStyle>
            </Style>
            <Style id="2456">
                <LineStyle id="2457">
                    <color>ff008000</color>
                    <colorMode>normal</colorMode>
                    <width>3</width>
                </LineStyle>
            </Style>
            <Style id="2460">
                <LineStyle id="2461">
                    <color>ff008000</color>
                    <colorMode>normal</colorMode>
                    <width>3</width>
                </LineStyle>
            </Style>
            <name>2025-08-18 17:00</name>
            <Placemark id="2223">
                <name>Rota 17:00</name>
                <styleUrl>#2224</styleUrl>
                <LineString id="2222">
                    <altitudeMode>clampToGround</altitudeMode>
                    <coordinates>9.9394283,45.1458033,0.0 9.9394183,45.1457933,0.0 9.9393716,45.14568,0.0 9.9393666,45.14568,0.0 9.939395,45.1457466,0.0 9.939395,45.1457483,0.0 9.9393616,45.1457266,0.0 9.9393616,45.1457266,0.0</coordinates>
                </LineString>
            </Placemark>
            <Placemark id="2227">
                <name>Rota 17:01</name>
                <styleUrl>#2228</styleUrl>
                <LineString id="2226">
                    <altitudeMode>clampToGround</altitudeMode>
                    <coordinates>9.93941,45.14574,0.0 9.93941,45.14574,0.0 9.9394133,45.1457716,0.0 9.939395,45.1457716,0.0 9.9394733,45.145755,0.0 9.93948,45.1457616,0.0 9.93945,45.1457533,0.0 9.9394466,45.14575,0.0</coordinates>
                </LineString>
            </Placemark>
            <Placemark id="2231">
                <name>Rota 17:02</name>
                <styleUrl>#2232</styleUrl>
                <LineString id="2230">
                    <altitudeMode>clampToGround</altitudeMode>
                    <coordinates>9.93949,45.1457566,0.0 9.9394966,45.1457516,0.0 9.9394466,45.1457133,0.0 9.9394466,45.1457183,0.0 9.939415,45.1456433,0.0 9.9394416,45.1456383,0.0 9.939465,45.1456883,0.0 9.9394666,45.14569,0.0</coordinates>
                </LineString>
            </Placemark>
            <Placemark id="2235">
                <name>Rota 17:03</name>
                <styleUrl>#2236</styleUrl>
                <LineString id="2234">
                    <altitudeMode>clampToGround</altitudeMode>
                    <coordinates>9.93948,45.1457316,0.0 9.9394816,45.1457333,0.0 9.93946,45.1457733,0.0 9.9394516,45.1457833,0.0 9.9394633,45.1458216,0.0 9.939485,45.1458016,0.0 9.9395616,45.1457983,0.0 9.93955,45.1457833,0.0</coordinates>
                </LineString>
            </Placemark>
            <Placemark id="2239">
                <name>Rota 17:04</name>
                <styleUrl>#2240</styleUrl>
                <LineString id="2238">
                    <altitudeMode>clampToGround</altitudeMode>
                    <coordinates>9.9394783,45.1457233,0.0 9.93948,45.1457133,0.0 9.939545,45.14542,0.0 9.9395433,45.145395,0.0 9.93952,45.1452183,0.0 9.9395116,45.1452216,0.0 9.9395683,45.1453083,0.0 9.939575,45.14531,0.0</coordinates>
                </LineString>
            </Placemark>
            <Placemark id="2243">
                <name>Rota 17:05</name>
                <styleUrl>#2244</styleUrl>
                <LineString id="2242">
                    <altitudeMode>clampToGround</altitudeMode>
                    <coordinates>9.939365,45.1452333,0.0 9.93929,45.14521,0.0 9.93942,45.145325,0.0 9.9394316,45.1453583,0.0 9.939545,45.1454783,0.0 9.93955,45.145495,0.0 9.939535,45.1456716,0.0 9.939535,45.1456716,0.0</coordinates>
                </LineString>
            </Placemark>
            <Placemark id="2247">
                <name>Rota 17:06</name>
                <styleUrl>#2248</styleUrl>
                <LineString id="2246">
                    <altitudeMode>clampToGround</altitudeMode>
                    <coordinates>9.939535,45.1456716,0.0 9.939535,45.1456716,0.0 9.9395533,45.1456966,0.0 9.9395533,45.1456966,0.0 9.9395183,45.1457466,0.0 9.9395166,45.145745,0.0 9.9395883,45.145755,0.0 9.9395916,45.1457633,0.0</coordinates>
                </LineString>
            </Placemark>
            <Placemark id="2251">
                <name>Rota 17:07</name>
                <styleUrl>#2252</styleUrl>
                <LineString id="2250">
                    <altitudeMode>clampToGround</altitudeMode>
                    <coordinates>9.93955,45.1457316,0.0 9.93955,45.1457333,0.0 9.9395366,45.14574,0.0 9.9395366,45.14574,0.0 9.93951,45.1457116,0.0 9.9395216,45.14571,0.0 9.93954,45.145705,0.0 9.9395433,45.1457,0.0</coordinates>
                </LineString>
            </Placemark>
            <Placemark id="2255">
                <name>Rota 17:08</name>
                <styleUrl>#2256</styleUrl>
                <LineString id="2254">
                    <altitudeMode>clampToGround</altitudeMode>
                    <coordinates>9.9395133,45.1456333,0.0 9.93952,45.1456266,0.0 9.9395233,45.1455883,0.0 9.9395233,45.1455883,0.0 9.9394816,45.145565,0.0 9.9394766,45.145565,0.0 9.9394516,45.1455966,0.0 9.9394416,45.1455966,0.0</coordinates>
                </LineString>
            </Placemark>
            <Placemark id="2259">
                <name>Rota 17:09</name>
                <styleUrl>#2260</styleUrl>
                <LineString id="2258">
                    <altitudeMode>clampToGround</altitudeMode>
                    <coordinates>9.9393583,45.145595,0.0 9.939355,45.1455916,0.0 9.9393933,45.145595,0.0 9.9393933,45.145595,0.0 9.9394516,45.1455583,0.0 9.939455,45.1455583,0.0 9.939455,45.1455833,0.0 9.93946,45.1455833,0.0</coordinates>
                </LineString>
            </Placemark>
            <Placemark id="2263">
                <name>Rota 17:10</name>
                <styleUrl>#2264</styleUrl>
                <LineString id="2262">
                    <altitudeMode>clampToGround</altitudeMode>
                    <coordinates>9.939505,45.145515,0.0 9.939505,45.1455133,0.0 9.9395383,45.1454616,0.0 9.9395383,45.1454616,0.0 9.9395383,45.1454616,0.0 9.9395383,45.1454616,0.0 9.93949,45.1453466,0.0 9.9394866,45.1453416,0.0</coordinates>
                </LineString>
            </Placemark>
            <Placemark id="2267">
                <name>Rota 17:11</name>
                <styleUrl>#2268</styleUrl>
                <LineString id="2266">
                    <altitudeMode>clampToGround</altitudeMode>
                    <coordinates>9.93947,45.1453566,0.0 9.93947,45.1453566,0.0 9.939425,45.1453933,0.0 9.939425,45.1453933,0.0 9.939435,45.1453716,0.0 9.9394566,45.1453783,0.0 9.9395016,45.145405,0.0 9.9395,45.1453983,0.0</coordinates>
                </LineString>
            </Placemark>
            <Placemark id="2271">
                <name>Rota 17:12</name>
                <styleUrl>#2272</styleUrl>
                <LineString id="2270">
                    <altitudeMode>clampToGround</altitudeMode>
                    <coordinates>9.9394966,45.1454066,0.0 9.9394966,45.1454066,0.0 9.9395566,45.1455566,0.0 9.9395566,45.1455566,0.0 9.9396683,45.14569,0.0 9.93968,45.145695,0.0 9.9397133,45.14577,0.0 9.9397166,45.1457716,0.0</coordinates>
                </LineString>
            </Placemark>
            <Placemark id="2275">
                <name>Rota 17:13</name>
                <styleUrl>#2276</styleUrl>
                <LineString id="2274">
                    <altitudeMode>clampToGround</altitudeMode>
                    <coordinates>9.9396233,45.1457116,0.0 9.939615,45.145705,0.0 9.9396383,45.1456583,0.0 9.939645,45.1456866,0.0 9.9396566,45.1457316,0.0 9.9396583,45.1457416,0.0 9.9397383,45.1459133,0.0 9.939735,45.1459,0.0</coordinates>
                </LineString>
            </Placemark>
            <Placemark id="2279">
                <name>Rota 17:14</name>
                <styleUrl>#2280</styleUrl>
                <LineString id="2278">
                    <altitudeMode>clampToGround</altitudeMode>
                    <coordinates>9.9397433,45.1458833,0.0 9.939735,45.1459116,0.0 9.9396083,45.145725,0.0 9.9396083,45.145725,0.0 9.939385,45.1454116,0.0 9.9393766,45.1454233,0.0 9.9392783,45.1456716,0.0 9.939275,45.1456666,0.0</coordinates>
                </LineString>
            </Placemark>
            <Placemark id="2283">
                <name>Rota 17:15</name>
                <styleUrl>#2284</styleUrl>
                <LineString id="2282">
                    <altitudeMode>clampToGround</altitudeMode>
                    <coordinates>9.9394116,45.145795,0.0 9.939415,45.1457883,0.0 9.9396333,45.1459883,0.0 9.9396583,45.1460316,0.0 9.9400683,45.1460916,0.0 9.9400983,45.1460883,0.0 9.940365,45.1461966,0.0 9.9403633,45.1462216,0.0</coordinates>
                </LineString>
            </Placemark>
            <Placemark id="2287">
                <name>Rota 17:16</name>
                <styleUrl>#2288</styleUrl>
                <LineString id="2286">
                    <altitudeMode>clampToGround</altitudeMode>
                    <coordinates>9.940485,45.1466483,0.0 9.9404816,45.1466833,0.0 9.94039,45.14716,0.0 9.9403916,45.1471866,0.0 9.9403916,45.1473733,0.0 9.9403866,45.14738,0.0 9.9402,45.1473733,0.0 9.9401916,45.147385,0.0</coordinates>
                </LineString>
            </Placemark>
            <Placemark id="2291">
                <name>Rota 17:17</name>
                <styleUrl>#2292</styleUrl>
                <LineString id="2290">
                    <altitudeMode>clampToGround</altitudeMode>
                    <coordinates>9.9402966,45.147475,0.0 9.9402966,45.14748,0.0 9.94033,45.14744,0.0 9.9403266,45.1474333,0.0 9.9404,45.14731,0.0 9.940415,45.1473183,0.0 9.940365,45.14734,0.0 9.940355,45.1473466,0.0</coordinates>
                </LineString>
            </Placemark>
            <Placemark id="2295">
                <name>Rota 17:18</name>
                <styleUrl>#2296</styleUrl>
                <LineString id="2294">
                    <altitudeMode>clampToGround</altitudeMode>
                    <coordinates>9.9403066,45.14723,0.0 9.9403183,45.1472433,0.0 9.9404433,45.14706,0.0 9.94046,45.1470233,0.0 9.9406383,45.146485,0.0 9.9406666,45.1464616,0.0 9.941265,45.14677,0.0 9.9413183,45.1467833,0.0</coordinates>
                </LineString>
            </Placemark>
            <Placemark id="2299">
                <name>Rota 17:19</name>
                <styleUrl>#2300</styleUrl>
                <LineString id="2298">
                    <altitudeMode>clampToGround</altitudeMode>
                    <coordinates>9.941525,45.1472016,0.0 9.9415533,45.1472116,0.0 9.94169,45.1472816,0.0 9.9417083,45.1472766,0.0 9.94161,45.1472616,0.0 9.9415833,45.1472566,0.0 9.94137,45.1473066,0.0 9.9413766,45.1473033,0.0</coordinates>
                </LineString>
            </Placemark>
            <Placemark id="2303">
                <name>Rota 17:20</name>
                <styleUrl>#2304</styleUrl>
                <LineString id="2302">
                    <altitudeMode>clampToGround</altitudeMode>
                    <coordinates>9.9411533,45.1472433,0.0 9.9411316,45.1472333,0.0 9.9411066,45.1472283,0.0 9.9410833,45.1472416,0.0 9.9409233,45.1474283,0.0 9.9409066,45.147425,0.0 9.9407266,45.14726,0.0 9.94073,45.1472633,0.0</coordinates>
                </LineString>
            </Placemark>
            <Placemark id="2307">
                <name>Rota 17:21</name>
                <styleUrl>#2308</styleUrl>
                <LineString id="2306">
                    <altitudeMode>clampToGround</altitudeMode>
                    <coordinates>9.9404733,45.1471916,0.0 9.9404466,45.147195,0.0 9.9404016,45.1469083,0.0 9.9403983,45.1468933,0.0 9.940395,45.1466866,0.0 9.9403966,45.1466616,0.0 9.940365,45.1463883,0.0 9.94037,45.1463733,0.0</coordinates>
                </LineString>
            </Placemark>
            <Placemark id="2311">
                <name>Rota 17:22</name>
                <styleUrl>#2312</styleUrl>
                <LineString id="2310">
                    <altitudeMode>clampToGround</altitudeMode>
                    <coordinates>9.94023,45.1461633,0.0 9.940195,45.1461566,0.0 9.9398433,45.1462583,0.0 9.9398116,45.1462666,0.0 9.9397616,45.146245,0.0 9.9397616,45.146245,0.0 9.9396233,45.1461966,0.0 9.9396233,45.1461933,0.0</coordinates>
                </LineString>
            </Placemark>
            <Placemark id="2315">
                <name>Rota 17:23</name>
                <styleUrl>#2316</styleUrl>
                <LineString id="2314">
                    <altitudeMode>clampToGround</altitudeMode>
                    <coordinates>9.9396583,45.1461233,0.0 9.9396716,45.1461133,0.0 9.9396,45.1460533,0.0 9.939595,45.14605,0.0 9.9394266,45.145945,0.0 9.9394266,45.1459233,0.0 9.9393816,45.1458,0.0 9.9393883,45.1458033,0.0</coordinates>
                </LineString>
            </Placemark>
            <Placemark id="2319">
                <name>Rota 17:24</name>
                <styleUrl>#2320</styleUrl>
                <LineString id="2318">
                    <altitudeMode>clampToGround</altitudeMode>
                    <coordinates>9.939495,45.1458083,0.0 9.9394816,45.145805,0.0 9.9394133,45.1457416,0.0 9.9394316,45.1457366,0.0 9.93951,45.1458166,0.0 9.9395133,45.1458283,0.0 9.9395483,45.1458666,0.0 9.939505,45.1458483,0.0</coordinates>
                </LineString>
            </Placemark>
            <Placemark id="2323">
                <name>Rota 17:25</name>
                <styleUrl>#2324</styleUrl>
                <LineString id="2322">
                    <altitudeMode>clampToGround</altitudeMode>
                    <coordinates>9.939475,45.1458016,0.0 9.93948,45.1458066,0.0 9.9392683,45.145925,0.0 9.9392666,45.1459216,0.0 9.9393033,45.1458683,0.0 9.9392883,45.14587,0.0 9.9394333,45.145855,0.0 9.939415,45.1458583,0.0</coordinates>
                </LineString>
            </Placemark>
            <Placemark id="2327">
                <name>Rota 17:26</name>
                <styleUrl>#2328</styleUrl>
                <LineString id="2326">
                    <altitudeMode>clampToGround</altitudeMode>
                    <coordinates>9.93935,45.1458166,0.0 9.93937,45.1458183,0.0 9.9394916,45.1457733,0.0 9.9394866,45.1457816,0.0 9.9394133,45.1457516,0.0 9.9394133,45.1457516,0.0 9.9394683,45.145725,0.0 9.9394666,45.1457233,0.0</coordinates>
                </LineString>
            </Placemark>
            <Placemark id="2331">
                <name>Rota 17:27</name>
                <styleUrl>#2332</styleUrl>
                <LineString id="2330">
                    <altitudeMode>clampToGround</altitudeMode>
                    <coordinates>9.9393633,45.1456733,0.0 9.9393683,45.14567,0.0 9.9392733,45.1456433,0.0 9.9392666,45.1456266,0.0 9.9392866,45.145625,0.0 9.9392966,45.1456333,0.0 9.9392916,45.145685,0.0 9.9392716,45.1456733,0.0</coordinates>
                </LineString>
            </Placemark>
            <Placemark id="2335">
                <name>Rota 17:28</name>
                <styleUrl>#2336</styleUrl>
                <LineString id="2334">
                    <altitudeMode>clampToGround</altitudeMode>
                    <coordinates>9.9392016,45.1455933,0.0 9.9392016,45.1455933,0.0 9.9392366,45.1456116,0.0 9.9392366,45.1456116,0.0 9.939245,45.14564,0.0 9.939245,45.14564,0.0 9.93928,45.145675,0.0 9.9392833,45.1456783,0.0</coordinates>
                </LineString>
            </Placemark>
            <Placemark id="2339">
                <name>Rota 17:29</name>
                <styleUrl>#2340</styleUrl>
                <LineString id="2338">
                    <altitudeMode>clampToGround</altitudeMode>
                    <coordinates>9.9392916,45.1456683,0.0 9.9392933,45.1455783,0.0 9.9393033,45.1455683,0.0 9.9393033,45.1455683,0.0 9.9392616,45.1454316,0.0 9.9392616,45.1454316,0.0 9.9393233,45.1454233,0.0 9.9393233,45.1454233,0.0</coordinates>
                </LineString>
            </Placemark>
            <Placemark id="2343">
                <name>Rota 17:30</name>
                <styleUrl>#2344</styleUrl>
                <LineString id="2342">
                    <altitudeMode>clampToGround</altitudeMode>
                    <coordinates>9.9393233,45.1454233,0.0 9.9393233,45.1454233,0.0 9.9393566,45.1454533,0.0 9.9393566,45.1454533,0.0 9.9393566,45.1454533,0.0 9.9393566,45.1454533,0.0 9.9393416,45.1454316,0.0 9.9393333,45.1454333,0.0</coordinates>
                </LineString>
            </Placemark>
            <Placemark id="2347">
                <name>Rota 17:31</name>
                <styleUrl>#2348</styleUrl>
                <LineString id="2346">
                    <altitudeMode>clampToGround</altitudeMode>
                    <coordinates>9.9393616,45.1454583,0.0 9.9393616,45.1454583,0.0 9.9394566,45.1454966,0.0 9.9394666,45.1454916,0.0 9.9393583,45.1454183,0.0 9.93935,45.1454166,0.0 9.9393966,45.1454633,0.0 9.9393966,45.1454633,0.0</coordinates>
                </LineString>
            </Placemark>
            <Placemark id="2351">
                <name>Rota 17:32</name>
                <styleUrl>#2352</styleUrl>
                <LineString id="2350">
                    <altitudeMode>clampToGround</altitudeMode>
                    <coordinates>9.939435,45.1454883,0.0 9.9394333,45.1454866,0.0 9.9394583,45.1454733,0.0 9.9394583,45.1454733,0.0 9.9393166,45.145555,0.0 9.9393166,45.1455583,0.0 9.9392633,45.1455633,0.0 9.939255,45.1455816,0.0</coordinates>
                </LineString>
            </Placemark>
            <Placemark id="2355">
                <name>Rota 17:33</name>
                <styleUrl>#2356</styleUrl>
                <LineString id="2354">
                    <altitudeMode>clampToGround</altitudeMode>
                    <coordinates>9.9393383,45.14561,0.0 9.9393533,45.1456116,0.0 9.939425,45.1456183,0.0 9.9394183,45.14562,0.0 9.939185,45.14568,0.0 9.9391916,45.1456833,0.0 9.9394133,45.1455983,0.0 9.939425,45.1456,0.0</coordinates>
                </LineString>
            </Placemark>
            <Placemark id="2359">
                <name>Rota 17:34</name>
                <styleUrl>#2360</styleUrl>
                <LineString id="2358">
                    <altitudeMode>clampToGround</altitudeMode>
                    <coordinates>9.9392933,45.145605,0.0 9.939295,45.1456016,0.0 9.9393516,45.14552,0.0 9.939365,45.1455083,0.0 9.9392033,45.145605,0.0 9.9392216,45.145605,0.0 9.939425,45.1455983,0.0 9.93942,45.1455983,0.0</coordinates>
                </LineString>
            </Placemark>
            <Placemark id="2363">
                <name>Rota 17:35</name>
                <styleUrl>#2364</styleUrl>
                <LineString id="2362">
                    <altitudeMode>clampToGround</altitudeMode>
                    <coordinates>9.9394066,45.1456266,0.0 9.9394166,45.1456316,0.0 9.93935,45.14564,0.0 9.9393633,45.14564,0.0 9.9393716,45.145705,0.0 9.9393866,45.1457083,0.0 9.9395183,45.1456283,0.0 9.9395333,45.145625,0.0</coordinates>
                </LineString>
            </Placemark>
            <Placemark id="2367">
                <name>Rota 17:36</name>
                <styleUrl>#2368</styleUrl>
                <LineString id="2366">
                    <altitudeMode>clampToGround</altitudeMode>
                    <coordinates>9.9394183,45.1456166,0.0 9.939405,45.1456083,0.0 9.9393583,45.1456266,0.0 9.9393633,45.14563,0.0 9.9394283,45.1456683,0.0 9.9394216,45.1456683,0.0 9.9394733,45.1456766,0.0 9.939485,45.1456733,0.0</coordinates>
                </LineString>
            </Placemark>
            <Placemark id="2371">
                <name>Rota 17:37</name>
                <styleUrl>#2372</styleUrl>
                <LineString id="2370">
                    <altitudeMode>clampToGround</altitudeMode>
                    <coordinates>9.9395233,45.1456916,0.0 9.9395333,45.145715,0.0 9.9398783,45.1460483,0.0 9.9399333,45.1460216,0.0 9.9404366,45.1460833,0.0 9.9404366,45.1461216,0.0 9.9404283,45.14658,0.0 9.9404383,45.1466116,0.0</coordinates>
                </LineString>
            </Placemark>
            <Placemark id="2375">
                <name>Rota 17:38</name>
                <styleUrl>#2376</styleUrl>
                <LineString id="2374">
                    <altitudeMode>clampToGround</altitudeMode>
                    <coordinates>9.9404066,45.146995,0.0 9.9404116,45.147005,0.0 9.9404283,45.147075,0.0 9.940435,45.1470833,0.0 9.9403216,45.1471333,0.0 9.9403116,45.1471216,0.0 9.9401416,45.1471333,0.0 9.9401583,45.1471416,0.0</coordinates>
                </LineString>
            </Placemark>
            <Placemark id="2379">
                <name>Rota 17:39</name>
                <styleUrl>#2380</styleUrl>
                <LineString id="2378">
                    <altitudeMode>clampToGround</altitudeMode>
                    <coordinates>9.9406416,45.147235,0.0 9.94054,45.1472683,0.0 9.9404,45.1474616,0.0 9.9403783,45.1474833,0.0 9.9402983,45.1475566,0.0 9.940305,45.1475566,0.0 9.9403116,45.1475683,0.0 9.9403066,45.14757,0.0</coordinates>
                </LineString>
            </Placemark>
            <Placemark id="2383">
                <name>Rota 17:40</name>
                <styleUrl>#2384</styleUrl>
                <LineString id="2382">
                    <altitudeMode>clampToGround</altitudeMode>
                    <coordinates>9.9402216,45.14757,0.0 9.9402166,45.147565,0.0 9.9402083,45.147515,0.0 9.9402166,45.1475166,0.0 9.9401883,45.1475183,0.0 9.940185,45.1475183,0.0 9.94026,45.14761,0.0 9.9402566,45.1476133,0.0</coordinates>
                </LineString>
            </Placemark>
            <Placemark id="2387">
                <name>Rota 17:41</name>
                <styleUrl>#2388</styleUrl>
                <LineString id="2386">
                    <altitudeMode>clampToGround</altitudeMode>
                    <coordinates>9.9402733,45.1477116,0.0 9.9402666,45.1477133,0.0 9.9402183,45.1476233,0.0 9.94019,45.14761,0.0 9.9400266,45.1476066,0.0 9.9400366,45.147605,0.0 9.9403433,45.1475683,0.0 9.9403383,45.1475616,0.0</coordinates>
                </LineString>
            </Placemark>
            <Placemark id="2391">
                <name>Rota 17:42</name>
                <styleUrl>#2392</styleUrl>
                <LineString id="2390">
                    <altitudeMode>clampToGround</altitudeMode>
                    <coordinates>9.94012,45.14749,0.0 9.9401133,45.147495,0.0 9.94014,45.147525,0.0 9.9401566,45.1475183,0.0 9.9402366,45.1472966,0.0 9.9402216,45.1473,0.0 9.9403033,45.1472883,0.0 9.9403033,45.1472883,0.0</coordinates>
                </LineString>
            </Placemark>
            <Placemark id="2395">
                <name>Rota 17:43</name>
                <styleUrl>#2396</styleUrl>
                <LineString id="2394">
                    <altitudeMode>clampToGround</altitudeMode>
                    <coordinates>9.940275,45.14735,0.0 9.940275,45.14735,0.0 9.9405283,45.1474416,0.0 9.940525,45.14745,0.0 9.9404566,45.1474883,0.0 9.9404566,45.1474933,0.0 9.9404366,45.1475133,0.0 9.940435,45.1475183,0.0</coordinates>
                </LineString>
            </Placemark>
            <Placemark id="2399">
                <name>Rota 17:44</name>
                <styleUrl>#2400</styleUrl>
                <LineString id="2398">
                    <altitudeMode>clampToGround</altitudeMode>
                    <coordinates>9.9403533,45.147565,0.0 9.9403533,45.147565,0.0 9.9402966,45.14758,0.0 9.9402966,45.14758,0.0 9.9403016,45.1475333,0.0 9.9403033,45.1475316,0.0 9.94024,45.1475683,0.0 9.94024,45.1475683,0.0</coordinates>
                </LineString>
            </Placemark>
            <Placemark id="2403">
                <name>Rota 17:45</name>
                <styleUrl>#2404</styleUrl>
                <LineString id="2402">
                    <altitudeMode>clampToGround</altitudeMode>
                    <coordinates>9.940225,45.1475733,0.0 9.9402283,45.1475933,0.0 9.9401633,45.1475216,0.0 9.9401633,45.1475166,0.0 9.9402833,45.14758,0.0 9.9402766,45.1475783,0.0 9.94009,45.1474966,0.0 9.9400766,45.147475,0.0</coordinates>
                </LineString>
            </Placemark>
            <Placemark id="2407">
                <name>Rota 17:46</name>
                <styleUrl>#2408</styleUrl>
                <LineString id="2406">
                    <altitudeMode>clampToGround</altitudeMode>
                    <coordinates>9.940265,45.1474783,0.0 9.9402766,45.14748,0.0 9.940335,45.1474766,0.0 9.9403566,45.14747,0.0 9.9404116,45.1474383,0.0 9.9404133,45.1474216,0.0 9.94039,45.1473933,0.0 9.940385,45.1473866,0.0</coordinates>
                </LineString>
            </Placemark>
            <Placemark id="2411">
                <name>Rota 17:47</name>
                <styleUrl>#2412</styleUrl>
                <LineString id="2410">
                    <altitudeMode>clampToGround</altitudeMode>
                    <coordinates>9.9404,45.1473,0.0 9.9403966,45.147305,0.0 9.94041,45.1473366,0.0 9.9404016,45.1473116,0.0 9.9403666,45.1473183,0.0 9.940375,45.1473416,0.0 9.94037,45.1472783,0.0 9.9403683,45.1472616,0.0</coordinates>
                </LineString>
            </Placemark>
            <Placemark id="2415">
                <name>Rota 17:48</name>
                <styleUrl>#2416</styleUrl>
                <LineString id="2414">
                    <altitudeMode>clampToGround</altitudeMode>
                    <coordinates>9.94036,45.1472,0.0 9.9403566,45.1472083,0.0 9.94035,45.1471466,0.0 9.94035,45.147145,0.0 9.9404133,45.147305,0.0 9.9404383,45.147315,0.0 9.940435,45.1474816,0.0 9.94044,45.14749,0.0</coordinates>
                </LineString>
            </Placemark>
            <Placemark id="2419">
                <name>Rota 17:49</name>
                <styleUrl>#2420</styleUrl>
                <LineString id="2418">
                    <altitudeMode>clampToGround</altitudeMode>
                    <coordinates>9.9403316,45.147565,0.0 9.9403216,45.14756,0.0 9.94015,45.1475066,0.0 9.9401516,45.1475066,0.0 9.940155,45.1475366,0.0 9.9401683,45.1475483,0.0 9.9404116,45.1475966,0.0 9.94041,45.147595,0.0</coordinates>
                </LineString>
            </Placemark>
            <Placemark id="2423">
                <name>Rota 17:50</name>
                <styleUrl>#2424</styleUrl>
                <LineString id="2422">
                    <altitudeMode>clampToGround</altitudeMode>
                    <coordinates>9.9403416,45.147595,0.0 9.940325,45.14759,0.0 9.9402333,45.1476266,0.0 9.9402333,45.1476266,0.0 9.9401983,45.1475916,0.0 9.940205,45.1475866,0.0 9.9401766,45.1475616,0.0 9.9401833,45.1475633,0.0</coordinates>
                </LineString>
            </Placemark>
            <Placemark id="2427">
                <name>Rota 17:51</name>
                <styleUrl>#2428</styleUrl>
                <LineString id="2426">
                    <altitudeMode>clampToGround</altitudeMode>
                    <coordinates>9.9403216,45.147465,0.0 9.94033,45.14745,0.0 9.94076,45.1472916,0.0 9.9407616,45.1473,0.0 9.9406966,45.147315,0.0 9.94066,45.147305,0.0 9.9405266,45.1472583,0.0 9.9405266,45.1472583,0.0</coordinates>
                </LineString>
            </Placemark>
            <Placemark id="2431">
                <name>Rota 17:52</name>
                <styleUrl>#2432</styleUrl>
                <LineString id="2430">
                    <altitudeMode>clampToGround</altitudeMode>
                    <coordinates>9.9406016,45.147235,0.0 9.9406,45.1472383,0.0 9.9406683,45.1472516,0.0 9.9406633,45.1472533,0.0 9.9407583,45.1473366,0.0 9.940745,45.147335,0.0 9.9406766,45.147385,0.0 9.9406733,45.147385,0.0</coordinates>
                </LineString>
            </Placemark>
            <Placemark id="2435">
                <name>Rota 17:53</name>
                <styleUrl>#2436</styleUrl>
                <LineString id="2434">
                    <altitudeMode>clampToGround</altitudeMode>
                    <coordinates>9.9406866,45.1473883,0.0 9.9406866,45.1473883,0.0 9.94081,45.14738,0.0 9.9408066,45.1473666,0.0 9.9408016,45.1473483,0.0 9.940795,45.1473566,0.0 9.940615,45.1473383,0.0 9.9406,45.1473383,0.0</coordinates>
                </LineString>
            </Placemark>
            <Placemark id="2439">
                <name>Rota 17:54</name>
                <styleUrl>#2440</styleUrl>
                <LineString id="2438">
                    <altitudeMode>clampToGround</altitudeMode>
                    <coordinates>9.9402383,45.1473366,0.0 9.9402733,45.1473566,0.0 9.940375,45.1474766,0.0 9.9403483,45.147475,0.0 9.9404966,45.1474983,0.0 9.9405416,45.1475116,0.0 9.9406666,45.1475383,0.0 9.9406433,45.147535,0.0</coordinates>
                </LineString>
            </Placemark>
            <Placemark id="2443">
                <name>Rota 17:55</name>
                <styleUrl>#2444</styleUrl>
                <LineString id="2442">
                    <altitudeMode>clampToGround</altitudeMode>
                    <coordinates>9.9403966,45.14746,0.0 9.9403866,45.1474566,0.0 9.9403383,45.1474916,0.0 9.9403166,45.1474916,0.0 9.9403466,45.14746,0.0 9.9403316,45.1474516,0.0 9.940335,45.1474766,0.0 9.9403316,45.1474783,0.0</coordinates>
                </LineString>
            </Placemark>
            <Placemark id="2447">
                <name>Rota 17:56</name>
                <styleUrl>#2448</styleUrl>
                <LineString id="2446">
                    <altitudeMode>clampToGround</altitudeMode>
                    <coordinates>9.9402316,45.147545,0.0 9.9402216,45.1475416,0.0 9.94023,45.14753,0.0 9.94023,45.14753,0.0 9.9402666,45.1475366,0.0 9.9402666,45.1475366,0.0 9.9403716,45.1475883,0.0 9.9403766,45.1475883,0.0</coordinates>
                </LineString>
            </Placemark>
            <Placemark id="2451">
                <name>Rota 17:57</name>
                <styleUrl>#2452</styleUrl>
                <LineString id="2450">
                    <altitudeMode>clampToGround</altitudeMode>
                    <coordinates>9.94036,45.14759,0.0 9.94036,45.14759,0.0 9.9403616,45.147565,0.0 9.9403633,45.1475683,0.0 9.9404733,45.1476266,0.0 9.9404716,45.14762,0.0 9.9404166,45.1475916,0.0 9.94041,45.14759,0.0</coordinates>
                </LineString>
            </Placemark>
            <Placemark id="2455">
                <name>Rota 17:58</name>
                <styleUrl>#2456</styleUrl>
                <LineString id="2454">
                    <altitudeMode>clampToGround</altitudeMode>
                    <coordinates>9.9403483,45.1475516,0.0 9.940345,45.1475533,0.0 9.9403233,45.14752,0.0 9.94032,45.147515,0.0 9.9402216,45.1474266,0.0 9.9402116,45.1474166,0.0 9.9401916,45.147425,0.0 9.9402033,45.1474383,0.0</coordinates>
                </LineString>
            </Placemark>
            <Placemark id="2459">
                <name>Rota 17:59</name>
                <styleUrl>#2460</styleUrl>
                <LineString id="2458">
                    <altitudeMode>clampToGround</altitudeMode>
                    <coordinates>9.9402283,45.147475,0.0 9.9402283,45.1474733,0.0 9.94018,45.1473566,0.0 9.9401733,45.1473716,0.0 9.9401983,45.147425,0.0 9.9401933,45.1474116,0.0 9.9402033,45.14742,0.0 9.940205,45.1474333,0.0</coordinates>
                </LineString>
            </Placemark>
        </Folder>
        <Folder id="2462">
            <Style id="2465">
                <LineStyle id="2466">
                    <color>ff008000</color>
                    <colorMode>normal</colorMode>
                    <width>3</width>
                </LineStyle>
            </Style>
            <Style id="2469">
                <LineStyle id="2470">
                    <color>ff008000</color>
                    <colorMode>normal</colorMode>
                    <width>3</width>
                </LineStyle>
            </Style>
            <Style id="2473">
                <LineStyle id="2474">
                    <color>ff008000</color>
                    <colorMode>normal</colorMode>
                    <width>3</width>
                </LineStyle>
            </Style>
            <Style id="2477">
                <LineStyle id="2478">
                    <color>ff008000</color>
                    <colorMode>normal</colorMode>
                    <width>3</width>
                </LineStyle>
            </Style>
            <Style id="2481">
                <LineStyle id="2482">
                    <color>ff008000</color>
                    <colorMode>normal</colorMode>
                    <width>3</width>
                </LineStyle>
            </Style>
            <Style id="2485">
                <LineStyle id="2486">
                    <color>ff008000</color>
                    <colorMode>normal</colorMode>
                    <width>3</width>
                </LineStyle>
            </Style>
            <Style id="2489">
                <LineStyle id="2490">
                    <color>ff008000</color>
                    <colorMode>normal</colorMode>
                    <width>3</width>
                </LineStyle>
            </Style>
            <Style id="2493">
                <LineStyle id="2494">
                    <color>ff008000</color>
                    <colorMode>normal</colorMode>
                    <width>3</width>
                </LineStyle>
            </Style>
            <Style id="2497">
                <LineStyle id="2498">
                    <color>ff008000</color>
                    <colorMode>normal</colorMode>
                    <width>3</width>
                </LineStyle>
            </Style>
            <Style id="2501">
                <LineStyle id="2502">
                    <color>ff008000</color>
                    <colorMode>normal</colorMode>
                    <width>3</width>
                </LineStyle>
            </Style>
            <Style id="2505">
                <LineStyle id="2506">
                    <color>ff008000</color>
                    <colorMode>normal</colorMode>
                    <width>3</width>
                </LineStyle>
            </Style>
            <Style id="2509">
                <LineStyle id="2510">
                    <color>ff008000</color>
                    <colorMode>normal</colorMode>
                    <width>3</width>
                </LineStyle>
            </Style>
            <Style id="2513">
                <LineStyle id="2514">
                    <color>ff008000</color>
                    <colorMode>normal</colorMode>
                    <width>3</width>
                </LineStyle>
            </Style>
            <Style id="2517">
                <LineStyle id="2518">
                    <color>ff008000</color>
                    <colorMode>normal</colorMode>
                    <width>3</width>
                </LineStyle>
            </Style>
            <Style id="2521">
                <LineStyle id="2522">
                    <color>ff008000</color>
                    <colorMode>normal</colorMode>
                    <width>3</width>
                </LineStyle>
            </Style>
            <Style id="2525">
                <LineStyle id="2526">
                    <color>ff008000</color>
                    <colorMode>normal</colorMode>
                    <width>3</width>
                </LineStyle>
            </Style>
            <Style id="2529">
                <LineStyle id="2530">
                    <color>ff008000</color>
                    <colorMode>normal</colorMode>
                    <width>3</width>
                </LineStyle>
            </Style>
            <Style id="2533">
                <LineStyle id="2534">
                    <color>ff008000</color>
                    <colorMode>normal</colorMode>
                    <width>3</width>
                </LineStyle>
            </Style>
            <name>2025-08-18 18:00</name>
            <Placemark id="2464">
                <name>Rota 18:00</name>
                <styleUrl>#2465</styleUrl>
                <LineString id="2463">
                    <altitudeMode>clampToGround</altitudeMode>
                    <coordinates>9.9402166,45.1474233,0.0 9.94023,45.1474266,0.0 9.9402833,45.1472466,0.0 9.9402783,45.14724,0.0 9.9402666,45.147275,0.0 9.9402733,45.1472616,0.0 9.94028,45.147255,0.0 9.940295,45.1472383,0.0</coordinates>
                </LineString>
            </Placemark>
            <Placemark id="2468">
                <name>Rota 18:01</name>
                <styleUrl>#2469</styleUrl>
                <LineString id="2467">
                    <altitudeMode>clampToGround</altitudeMode>
                    <coordinates>9.9403783,45.1471483,0.0 9.940385,45.1471516,0.0 9.9404583,45.1472466,0.0 9.9404916,45.1472516,0.0 9.941125,45.1473683,0.0 9.9411566,45.14739,0.0 9.94162,45.1478616,0.0 9.9416166,45.1478933,0.0</coordinates>
                </LineString>
            </Placemark>
            <Placemark id="2472">
                <name>Rota 18:02</name>
                <styleUrl>#2473</styleUrl>
                <LineString id="2471">
                    <altitudeMode>clampToGround</altitudeMode>
                    <coordinates>9.9413633,45.1483516,0.0 9.9413233,45.1483566,0.0 9.94086,45.1482783,0.0 9.9408416,45.1482716,0.0 9.9407016,45.1483416,0.0 9.9407033,45.1483433,0.0 9.940765,45.1483383,0.0 9.9407683,45.148355,0.0</coordinates>
                </LineString>
            </Placemark>
            <Placemark id="2476">
                <name>Rota 18:03</name>
                <styleUrl>#2477</styleUrl>
                <LineString id="2475">
                    <altitudeMode>clampToGround</altitudeMode>
                    <coordinates>9.940825,45.1483683,0.0 9.9408233,45.1483716,0.0 9.94087,45.1483633,0.0 9.940875,45.1483566,0.0 9.940845,45.14832,0.0 9.9408466,45.14831,0.0 9.9408033,45.1482616,0.0 9.9408016,45.1482633,0.0</coordinates>
                </LineString>
            </Placemark>
            <Placemark id="2480">
                <name>Rota 18:04</name>
                <styleUrl>#2481</styleUrl>
                <LineString id="2479">
                    <altitudeMode>clampToGround</altitudeMode>
                    <coordinates>9.9407366,45.1481966,0.0 9.9407483,45.1481916,0.0 9.9407966,45.14825,0.0 9.9407933,45.148265,0.0 9.94082,45.14832,0.0 9.9408116,45.1483233,0.0 9.9407566,45.1483633,0.0 9.9407566,45.1483683,0.0</coordinates>
                </LineString>
            </Placemark>
            <Placemark id="2484">
                <name>Rota 18:05</name>
                <styleUrl>#2485</styleUrl>
                <LineString id="2483">
                    <altitudeMode>clampToGround</altitudeMode>
                    <coordinates>9.9407633,45.1483533,0.0 9.9408,45.1483516,0.0 9.9406683,45.1484083,0.0 9.9406833,45.1484016,0.0 9.9406816,45.1484083,0.0 9.9406766,45.1484116,0.0 9.9405616,45.1484366,0.0 9.94055,45.1484433,0.0</coordinates>
                </LineString>
            </Placemark>
            <Placemark id="2488">
                <name>Rota 18:06</name>
                <styleUrl>#2489</styleUrl>
                <LineString id="2487">
                    <altitudeMode>clampToGround</altitudeMode>
                    <coordinates>9.9406766,45.1483883,0.0 9.9406766,45.1483883,0.0 9.9408483,45.1482766,0.0 9.9408533,45.1482666,0.0 9.9408883,45.1482333,0.0 9.9408783,45.1482366,0.0 9.940725,45.1483183,0.0 9.9407183,45.1483266,0.0</coordinates>
                </LineString>
            </Placemark>
            <Placemark id="2492">
                <name>Rota 18:07</name>
                <styleUrl>#2493</styleUrl>
                <LineString id="2491">
                    <altitudeMode>clampToGround</altitudeMode>
                    <coordinates>9.9407516,45.1482833,0.0 9.9407683,45.1482733,0.0 9.9407483,45.1482883,0.0 9.940745,45.14828,0.0 9.9408116,45.1482333,0.0 9.9408116,45.1482333,0.0 9.9408133,45.1482816,0.0 9.9408166,45.1482816,0.0</coordinates>
                </LineString>
            </Placemark>
            <Placemark id="2496">
                <name>Rota 18:08</name>
                <styleUrl>#2497</styleUrl>
                <LineString id="2495">
                    <altitudeMode>clampToGround</altitudeMode>
                    <coordinates>9.94077,45.14837,0.0 9.94075,45.1483766,0.0 9.9407666,45.1483683,0.0 9.9407666,45.1483683,0.0 9.9407533,45.1484166,0.0 9.94076,45.14841,0.0 9.9407783,45.1483816,0.0 9.94078,45.14838,0.0</coordinates>
                </LineString>
            </Placemark>
            <Placemark id="2500">
                <name>Rota 18:09</name>
                <styleUrl>#2501</styleUrl>
                <LineString id="2499">
                    <altitudeMode>clampToGround</altitudeMode>
                    <coordinates>9.94076,45.148375,0.0 9.94076,45.148375,0.0 9.9407816,45.1483883,0.0 9.9407783,45.14839,0.0 9.9408,45.1484066,0.0 9.9408083,45.148415,0.0 9.9408833,45.1484166,0.0 9.940895,45.14842,0.0</coordinates>
                </LineString>
            </Placemark>
            <Placemark id="2504">
                <name>Rota 18:10</name>
                <styleUrl>#2505</styleUrl>
                <LineString id="2503">
                    <altitudeMode>clampToGround</altitudeMode>
                    <coordinates>9.9408816,45.1483966,0.0 9.9408816,45.1483966,0.0 9.9408516,45.1483633,0.0 9.9408516,45.1483616,0.0 9.9408516,45.1483616,0.0 9.9408316,45.148335,0.0 9.940745,45.1483783,0.0 9.9407433,45.14838,0.0</coordinates>
                </LineString>
            </Placemark>
            <Placemark id="2508">
                <name>Rota 18:11</name>
                <styleUrl>#2509</styleUrl>
                <LineString id="2507">
                    <altitudeMode>clampToGround</altitudeMode>
                    <coordinates>9.9408,45.1484116,0.0 9.9408083,45.1484133,0.0 9.9408266,45.1484383,0.0 9.9408266,45.1484383,0.0 9.94085,45.1484516,0.0 9.94085,45.1484516,0.0 9.940885,45.14844,0.0 9.9408783,45.14844,0.0</coordinates>
                </LineString>
            </Placemark>
            <Placemark id="2512">
                <name>Rota 18:12</name>
                <styleUrl>#2513</styleUrl>
                <LineString id="2511">
                    <altitudeMode>clampToGround</altitudeMode>
                    <coordinates>9.940895,45.148405,0.0 9.9408766,45.1484033,0.0 9.9406333,45.1484616,0.0 9.940645,45.1484533,0.0 9.94084,45.1483633,0.0 9.9408483,45.148355,0.0 9.9408633,45.1483366,0.0 9.9408483,45.1483433,0.0</coordinates>
                </LineString>
            </Placemark>
            <Placemark id="2516">
                <name>Rota 18:13</name>
                <styleUrl>#2517</styleUrl>
                <LineString id="2515">
                    <altitudeMode>clampToGround</altitudeMode>
                    <coordinates>9.9408566,45.14835,0.0 9.9408566,45.14835,0.0 9.94079,45.1483533,0.0 9.940775,45.1483616,0.0 9.9407333,45.1483866,0.0 9.94073,45.1483866,0.0 9.9407016,45.1484016,0.0 9.9407,45.1484033,0.0</coordinates>
                </LineString>
            </Placemark>
            <Placemark id="2520">
                <name>Rota 18:14</name>
                <styleUrl>#2521</styleUrl>
                <LineString id="2519">
                    <altitudeMode>clampToGround</altitudeMode>
                    <coordinates>9.9406783,45.1483916,0.0 9.9406783,45.1483916,0.0 9.94081,45.148355,0.0 9.9408283,45.14836,0.0 9.9407833,45.1483783,0.0 9.940775,45.1483666,0.0 9.9409633,45.14802,0.0 9.9409666,45.148,0.0</coordinates>
                </LineString>
            </Placemark>
            <Placemark id="2524">
                <name>Rota 18:15</name>
                <styleUrl>#2525</styleUrl>
                <LineString id="2523">
                    <altitudeMode>clampToGround</altitudeMode>
                    <coordinates>9.9409566,45.147805,0.0 9.9409616,45.1478183,0.0 9.9409833,45.1477233,0.0 9.940985,45.1477183,0.0 9.9409283,45.1475183,0.0 9.9409466,45.1475016,0.0 9.94069,45.14738,0.0 9.9406816,45.1473683,0.0</coordinates>
                </LineString>
            </Placemark>
            <Placemark id="2528">
                <name>Rota 18:16</name>
                <styleUrl>#2529</styleUrl>
                <LineString id="2527">
                    <altitudeMode>clampToGround</altitudeMode>
                    <coordinates>9.940485,45.1472966,0.0 9.9404816,45.1472933,0.0 9.9404933,45.1473283,0.0 9.9405016,45.1473333,0.0 9.9404383,45.1474616,0.0 9.9404383,45.1474616,0.0 9.94033,45.1476683,0.0 9.9403283,45.1476733,0.0</coordinates>
                </LineString>
            </Placemark>
            <Placemark id="2532">
                <name>Rota 18:37</name>
                <styleUrl>#2533</styleUrl>
                <LineString id="2531">
                    <altitudeMode>clampToGround</altitudeMode>
                    <coordinates>9.94001,45.1475033,0.0 9.9400266,45.1474983,0.0 9.9399466,45.1474716,0.0 9.939935,45.1474733,0.0</coordinates>
                </LineString>
            </Placemark>
        </Folder>
        <Folder id="2535">
            <Style id="2538">
                <LineStyle id="2539">
                    <color>ff008000</color>
                    <colorMode>normal</colorMode>
                    <width>3</width>
                </LineStyle>
            </Style>
            <Style id="2542">
                <LineStyle id="2543">
                    <color>ff008000</color>
                    <colorMode>normal</colorMode>
                    <width>3</width>
                </LineStyle>
            </Style>
            <name>2025-08-18 19:00</name>
            <Placemark id="2537">
                <name>Rota 19:32</name>
                <styleUrl>#2538</styleUrl>
                <LineString id="2536">
                    <altitudeMode>clampToGround</altitudeMode>
                    <coordinates>9.94092,45.1479933,0.0 9.94092,45.1479883,0.0</coordinates>
                </LineString>
            </Placemark>
            <Placemark id="2541">
                <name>Rota 19:33</name>
                <styleUrl>#2542</styleUrl>
                <LineString id="2540">
                    <altitudeMode>clampToGround</altitudeMode>
                    <coordinates>9.9409366,45.1478766,0.0 9.94093,45.1478733,0.0</coordinates>
                </LineString>
            </Placemark>
        </Folder>
    </Document>
</kml>
