<?xml version="1.0" encoding="UTF-8"?>
<kml xmlns="http://www.opengis.net/kml/2.2" xmlns:gx="http://www.google.com/kml/ext/2.2">
    <Document id="1">
        <Folder id="4">
            <name>2026-09-24 15:00</name>
            <Folder id="5">
                <Style id="2">
                    <LineStyle id="3">
                        <color>ffff0000</color>
                        <colorMode>normal</colorMode>
                        <width>3</width>
                    </LineStyle>
                </Style>
                <name>15:20 – 15:29</name>
                <Placemark id="7">
                    <name>Rota 15:26</name>
                    <styleUrl>#2</styleUrl>
                    <LineString id="6">
                        <altitudeMode>clampToGround</altitudeMode>
                        <coordinates>9.93988,45.14528,0.0 9.93988,45.14528,0.0 9.93988,45.14528,0.0 9.93988,45.14528,0.0 9.93988,45.14528,0.0 9.93988,45.14528,0.0 9.93994,45.14532,0.0 9.93994,45.14533,0.0 9.93994,45.14533,0.0 9.93993,45.14533,0.0 9.93992,45.14533,0.0 9.93992,45.14533,0.0 9.93992,45.14533,0.0 9.93992,45.14532,0.0 9.93991,45.14532,0.0 9.93991,45.14532,0.0 9.93991,45.14532,0.0 9.93991,45.14532,0.0 9.9399,45.14532,0.0 9.9399,45.14532,0.0 9.9399,45.14532,0.0 9.9399,45.14532,0.0 9.9399,45.14532,0.0 9.93991,45.14535,0.0 9.9399,45.14535,0.0 9.9399,45.14535,0.0 9.9399,45.14535,0.0 9.9399,45.14535,0.0 9.9399,45.14535,0.0 9.9399,45.14535,0.0 9.9399,45.14535,0.0 9.9399,45.14535,0.0 9.9399,45.14535,0.0 9.9399,45.14535,0.0 9.9399,45.14535,0.0 9.9399,45.14535,0.0 9.9399,45.14535,0.0 9.9399,45.14535,0.0 9.9399,45.14535,0.0 9.9399,45.14535,0.0 9.9399,45.14535,0.0 9.9399,45.14535,0.0 9.9399,45.14535,0.0 9.9399,45.14535,0.0 9.9399,45.14535,0.0 9.9399,45.14535,0.0 9.9399,45.14535,0.0 9.9399,45.14535,0.0 9.9399,45.14535,0.0 9.9399,45.14535,0.0 9.9399,45.14535,0.0 9.9399,45.14535,0.0 9.9399,45.14535,0.0 9.9399,45.14535,0.0 9.9399,45.14535,0.0 9.9399,45.14535,0.0 9.9399,45.14535,0.0 9.9399,45.14535,0.0 9.9399,45.14535,0.0 9.9399,45.14535,0.0</coordinates>
                    </LineString>
                </Placemark>
                <Placemark id="9">
                    <name>Rota 15:27</name>
                    <styleUrl>#2</styleUrl>
                    <LineString id="8">
                        <altitudeMode>clampToGround</altitudeMode>
                        <coordinates>9.9399,45.14535,0.0 9.9399,45.14535,0.0 9.9399,45.14535,0.0 9.9399,45.14535,0.0 9.9399,45.14535,0.0 9.9399,45.14535,0.0 9.9399,45.14535,0.0 9.9399,45.14535,0.0 9.9399,45.14535,0.0 9.9399,45.14535,0.0 9.9399,45.14535,0.0 9.9399,45.14535,0.0 9.9399,45.14535,0.0 9.9399,45.14535,0.0 9.9399,45.14535,0.0 9.9399,45.14535,0.0 9.9399,45.14535,0.0 9.9399,45.14535,0.0 9.9399,45.14535,0.0 9.9399,45.14535,0.0 9.9399,45.14535,0.0 9.9399,45.14535,0.0 9.9399,45.14535,0.0 9.9399,45.14535,0.0 9.9399,45.14535,0.0 9.9399,45.14535,0.0 9.9399,45.14535,0.0 9.9399,45.14535,0.0 9.9399,45.14535,0.0 9.9399,45.14535,0.0 9.93996,45.14536,0.0 9.93996,45.14536,0.0 9.93996,45.14536,0.0 9.93994,45.14536,0.0 9.93994,45.14536,0.0 9.93994,45.14536,0.0 9.93994,45.14536,0.0 9.93994,45.14536,0.0 9.93994,45.14536,0.0 9.93994,45.14536,0.0 9.93994,45.14536,0.0 9.93994,45.14536,0.0 9.93994,45.14536,0.0 9.93994,45.14536,0.0 9.93994,45.14536,0.0 9.93994,45.14536,0.0 9.93994,45.14536,0.0 9.93994,45.14536,0.0 9.93994,45.14536,0.0 9.93994,45.14536,0.0 9.93994,45.14536,0.0 9.93994,45.14536,0.0 9.93994,45.14536,0.0 9.93994,45.14536,0.0 9.93994,45.14536,0.0 9.93994,45.14536,0.0 9.93994,45.14536,0.0 9.93994,45.14536,0.0 9.93994,45.14536,0.0 9.93994,45.14536,0.0 9.93994,45.14536,0.0</coordinates>
                    </LineString>
                </Placemark>
                <Placemark id="11">
                    <name>Rota 15:28</name>
                    <styleUrl>#2</styleUrl>
                    <LineString id="10">
                        <altitudeMode>clampToGround</altitudeMode>
                        <coordinates>9.93994,45.14536,0.0 9.93994,45.14536,0.0 9.93994,45.14536,0.0 9.93994,45.14536,0.0 9.93994,45.14536,0.0 9.93994,45.14536,0.0 9.93994,45.14536,0.0 9.93994,45.14536,0.0 9.93994,45.14536,0.0 9.93994,45.14536,0.0 9.93994,45.14536,0.0 9.93994,45.14536,0.0 9.93994,45.14536,0.0 9.93994,45.14536,0.0 9.93994,45.14536,0.0 9.93994,45.14536,0.0 9.93994,45.14536,0.0 9.93994,45.14536,0.0 9.93994,45.14536,0.0 9.93994,45.14536,0.0 9.93994,45.14536,0.0 9.93994,45.14536,0.0 9.93994,45.14536,0.0 9.93987,45.14533,0.0 9.93986,45.14533,0.0 9.93986,45.14533,0.0 9.93986,45.14533,0.0 9.93986,45.14533,0.0 9.93986,45.14533,0.0 9.93986,45.14533,0.0 9.93986,45.14533,0.0 9.93987,45.14531,0.0 9.93988,45.14531,0.0 9.93988,45.14531,0.0 9.93988,45.14531,0.0 9.93989,45.14531,0.0 9.93989,45.14531,0.0 9.93989,45.14531,0.0 9.93989,45.14531,0.0 9.93989,45.14533,0.0 9.93988,45.14533,0.0 9.93988,45.14533,0.0 9.93988,45.14533,0.0 9.93988,45.14533,0.0 9.93988,45.14533,0.0 9.93988,45.14532,0.0 9.93988,45.14532,0.0 9.93988,45.14532,0.0 9.93988,45.14532,0.0 9.93988,45.14532,0.0 9.93988,45.14532,0.0 9.93988,45.14532,0.0 9.93988,45.14532,0.0 9.93988,45.14532,0.0 9.93988,45.14532,0.0 9.93988,45.14532,0.0 9.93988,45.14532,0.0 9.93988,45.14532,0.0 9.93988,45.14532,0.0 9.93988,45.14532,0.0 9.93988,45.14532,0.0</coordinates>
                    </LineString>
                </Placemark>
                <Placemark id="13">
                    <name>Rota 15:29</name>
                    <styleUrl>#2</styleUrl>
                    <LineString id="12">
                        <altitudeMode>clampToGround</altitudeMode>
                        <coordinates>9.93988,45.14532,0.0 9.93988,45.14532,0.0 9.93988,45.14532,0.0 9.93988,45.14532,0.0 9.93988,45.14532,0.0 9.93988,45.14532,0.0 9.93988,45.14532,0.0 9.93988,45.14532,0.0 9.93988,45.14532,0.0 9.93988,45.14532,0.0 9.93988,45.14532,0.0 9.9399,45.14535,0.0 9.93989,45.14536,0.0 9.93988,45.14536,0.0 9.93988,45.14536,0.0 9.93988,45.14536,0.0 9.93988,45.14536,0.0 9.93988,45.14536,0.0 9.93988,45.14534,0.0 9.93988,45.14533,0.0 9.93988,45.14533,0.0 9.93988,45.14533,0.0 9.93988,45.14533,0.0 9.93988,45.14533,0.0 9.93988,45.14533,0.0 9.93988,45.14533,0.0 9.93988,45.14533,0.0 9.93988,45.14533,0.0 9.93988,45.14533,0.0 9.93988,45.14533,0.0 9.93988,45.14533,0.0 9.93988,45.14533,0.0 9.93989,45.14535,0.0 9.93989,45.14535,0.0 9.93989,45.14536,0.0 9.93989,45.14536,0.0 9.93989,45.14535,0.0 9.93989,45.14535,0.0 9.93989,45.14535,0.0 9.93989,45.14534,0.0 9.93989,45.14534,0.0 9.93989,45.14534,0.0 9.93989,45.14534,0.0 9.93989,45.14534,0.0 9.93989,45.14534,0.0 9.93989,45.14534,0.0 9.93989,45.14534,0.0 9.93989,45.14534,0.0 9.93989,45.14534,0.0 9.93989,45.14534,0.0 9.93989,45.14534,0.0 9.93989,45.14534,0.0 9.93989,45.14534,0.0 9.93989,45.14534,0.0 9.93989,45.14534,0.0 9.93989,45.14534,0.0 9.93989,45.14534,0.0 9.93989,45.14534,0.0 9.93989,45.14534,0.0 9.93989,45.14534,0.0 9.93989,45.14534,0.0</coordinates>
                    </LineString>
                </Placemark>
            </Folder>
            <Folder id="14">
                <name>15:30 – 15:39</name>
                <Placemark id="16">
                    <name>Rota 15:30</name>
                    <styleUrl>#2</styleUrl>
                    <LineString id="15">
                        <altitudeMode>clampToGround</altitudeMode>
                        <coordinates>9.93989,45.14534,0.0 9.93989,45.14534,0.0 9.93989,45.14534,0.0 9.93989,45.14534,0.0 9.93989,45.14534,0.0 9.93989,45.14534,0.0 9.93989,45.14534,0.0 9.93989,45.14534,0.0 9.93989,45.14534,0.0 9.93989,45.14534,0.0 9.93989,45.14534,0.0 9.93989,45.14534,0.0 9.93995,45.14534,0.0 9.93995,45.14534,0.0 9.93994,45.14534,0.0 9.93994,45.14534,0.0 9.93993,45.14533,0.0 9.93993,45.14533,0.0 9.93992,45.14533,0.0 9.93992,45.14533,0.0 9.93992,45.14533,0.0 9.93993,45.14533,0.0 9.93993,45.14533,0.0 9.93993,45.14535,0.0 9.93992,45.14535,0.0 9.93992,45.14535,0.0 9.93992,45.14536,0.0 9.93992,45.14536,0.0 9.93992,45.14536,0.0 9.93992,45.14536,0.0 9.93992,45.14536,0.0 9.93992,45.14536,0.0 9.93992,45.14536,0.0 9.93992,45.14536,0.0 9.93992,45.14536,0.0 9.93992,45.14536,0.0 9.93992,45.14536,0.0 9.93992,45.14536,0.0 9.93992,45.14536,0.0 9.93992,45.14536,0.0 9.93992,45.14536,0.0 9.93992,45.14536,0.0 9.93992,45.14536,0.0 9.93992,45.14536,0.0 9.93992,45.14536,0.0 9.93992,45.14536,0.0 9.93992,45.14536,0.0 9.93992,45.14536,0.0 9.93992,45.14536,0.0 9.93992,45.14536,0.0 9.93992,45.14536,0.0 9.93992,45.14536,0.0 9.93992,45.14536,0.0 9.93992,45.14536,0.0 9.93992,45.14536,0.0 9.93992,45.14536,0.0 9.93992,45.14536,0.0 9.93992,45.14536,0.0 9.93992,45.14536,0.0 9.93992,45.14536,0.0 9.93992,45.14536,0.0</coordinates>
                    </LineString>
                </Placemark>
                <Placemark id="18">
                    <name>Rota 15:31</name>
                    <styleUrl>#2</styleUrl>
                    <LineString id="17">
                        <altitudeMode>clampToGround</altitudeMode>
                        <coordinates>9.93992,45.14536,0.0 9.93992,45.14536,0.0 9.93992,45.14536,0.0 9.93989,45.14534,0.0 9.93989,45.14534,0.0 9.93989,45.14534,0.0 9.93989,45.14533,0.0 9.93989,45.14533,0.0 9.93989,45.14533,0.0 9.93989,45.14533,0.0 9.93989,45.14533,0.0 9.93989,45.14533,0.0 9.93989,45.14533,0.0 9.93992,45.14534,0.0 9.93991,45.14535,0.0 9.93991,45.14535,0.0 9.93991,45.14535,0.0 9.93991,45.14535,0.0 9.93991,45.14535,0.0 9.93991,45.14535,0.0 9.93991,45.14535,0.0 9.93991,45.14535,0.0 9.93991,45.14535,0.0 9.93991,45.14535,0.0 9.93991,45.14535,0.0 9.93991,45.14535,0.0 9.93991,45.14535,0.0 9.93991,45.14535,0.0 9.93991,45.14535,0.0 9.93991,45.14535,0.0 9.93991,45.14535,0.0 9.93991,45.14534,0.0 9.93991,45.14534,0.0 9.93991,45.14534,0.0 9.93991,45.14534,0.0 9.93991,45.14534,0.0 9.93991,45.14534,0.0 9.93991,45.14534,0.0 9.93991,45.14534,0.0 9.93991,45.14534,0.0 9.93991,45.14534,0.0 9.93994,45.14535,0.0 9.93993,45.14536,0.0 9.93993,45.14536,0.0 9.93993,45.14536,0.0 9.93993,45.14536,0.0 9.93993,45.14536,0.0 9.93993,45.14536,0.0 9.93993,45.14536,0.0 9.93993,45.14536,0.0 9.93993,45.14536,0.0 9.93993,45.14536,0.0 9.93993,45.14536,0.0 9.93993,45.14536,0.0 9.93993,45.14536,0.0 9.93993,45.14536,0.0 9.93993,45.14536,0.0 9.93993,45.14536,0.0 9.93993,45.14536,0.0 9.93993,45.14536,0.0 9.93993,45.14536,0.0</coordinates>
                    </LineString>
                </Placemark>
                <Placemark id="20">
                    <name>Rota 15:32</name>
                    <styleUrl>#2</styleUrl>
                    <LineString id="19">
                        <altitudeMode>clampToGround</altitudeMode>
                        <coordinates>9.93993,45.14536,0.0 9.93993,45.14536,0.0 9.93993,45.14536,0.0 9.93993,45.14536,0.0 9.93993,45.14536,0.0 9.93993,45.14536,0.0 9.93993,45.14536,0.0 9.93993,45.14536,0.0 9.93993,45.14536,0.0 9.93993,45.14536,0.0 9.93993,45.14536,0.0 9.93993,45.14536,0.0 9.93993,45.14536,0.0 9.93993,45.14536,0.0 9.93993,45.14536,0.0 9.93993,45.14536,0.0 9.93993,45.14536,0.0 9.93993,45.14536,0.0 9.93993,45.14536,0.0 9.93993,45.14536,0.0 9.93993,45.14536,0.0 9.93993,45.14536,0.0 9.93993,45.14536,0.0 9.93993,45.14536,0.0 9.93993,45.14536,0.0 9.93993,45.14536,0.0 9.93993,45.14536,0.0 9.93993,45.14536,0.0 9.93993,45.14536,0.0 9.93993,45.14536,0.0 9.93993,45.14536,0.0 9.93993,45.14536,0.0 9.93993,45.14536,0.0 9.93993,45.14536,0.0 9.93993,45.14536,0.0 9.93993,45.14536,0.0 9.93993,45.14536,0.0 9.93993,45.14536,0.0 9.93993,45.14536,0.0 9.93993,45.14536,0.0 9.93993,45.14536,0.0 9.93985,45.14528,0.0 9.93985,45.14528,0.0 9.93985,45.14528,0.0 9.93985,45.14528,0.0 9.93985,45.14528,0.0 9.93986,45.14528,0.0 9.93986,45.14528,0.0 9.93986,45.14528,0.0 9.93986,45.14528,0.0 9.93986,45.14528,0.0 9.93988,45.1453,0.0 9.93988,45.1453,0.0 9.93988,45.1453,0.0 9.93988,45.1453,0.0 9.93988,45.1453,0.0 9.93988,45.1453,0.0 9.93988,45.1453,0.0 9.93988,45.1453,0.0 9.93988,45.1453,0.0 9.93988,45.1453,0.0</coordinates>
                    </LineString>
                </Placemark>
                <Placemark id="22">
                    <name>Rota 15:33</name>
                    <styleUrl>#2</styleUrl>
                    <LineString id="21">
                        <altitudeMode>clampToGround</altitudeMode>
                        <coordinates>9.93988,45.1453,0.0 9.93988,45.1453,0.0 9.93988,45.1453,0.0 9.93989,45.14534,0.0 9.93989,45.14534,0.0 9.93989,45.14534,0.0 9.93989,45.14534,0.0 9.93989,45.14534,0.0 9.93989,45.14534,0.0 9.93989,45.14534,0.0 9.93989,45.14534,0.0 9.93989,45.14534,0.0 9.93989,45.14534,0.0 9.93989,45.14534,0.0 9.93989,45.14534,0.0 9.93989,45.14534,0.0 9.93989,45.14534,0.0 9.93989,45.14534,0.0 9.93986,45.14532,0.0 9.93986,45.14532,0.0 9.93987,45.14532,0.0 9.93988,45.14532,0.0 9.93988,45.14532,0.0 9.93988,45.14532,0.0 9.93988,45.14532,0.0 9.93988,45.14532,0.0 9.93988,45.14532,0.0 9.93988,45.14532,0.0 9.93988,45.14532,0.0 9.93988,45.14532,0.0 9.93988,45.14532,0.0 9.93988,45.14532,0.0 9.93988,45.14532,0.0 9.9399,45.14535,0.0 9.9399,45.14535,0.0 9.9399,45.14535,0.0 9.93989,45.14535,0.0 9.93989,45.14535,0.0 9.93989,45.14536,0.0 9.93989,45.14536,0.0 9.93989,45.14534,0.0 9.93989,45.14534,0.0 9.93989,45.14534,0.0 9.93989,45.14534,0.0 9.93989,45.14534,0.0 9.93989,45.14534,0.0 9.93989,45.14534,0.0 9.93989,45.14534,0.0 9.9399,45.14536,0.0 9.9399,45.14536,0.0 9.9399,45.14536,0.0 9.9399,45.14535,0.0 9.9399,45.14535,0.0 9.9399,45.14535,0.0 9.9399,45.14535,0.0 9.9399,45.14535,0.0 9.9399,45.14535,0.0 9.9399,45.14535,0.0 9.9399,45.14535,0.0 9.9399,45.14535,0.0 9.9399,45.14535,0.0</coordinates>
                    </LineString>
                </Placemark>
                <Placemark id="24">
                    <name>Rota 15:34</name>
                    <styleUrl>#2</styleUrl>
                    <LineString id="23">
                        <altitudeMode>clampToGround</altitudeMode>
                        <coordinates>9.9399,45.14535,0.0 9.9399,45.14535,0.0 9.9399,45.14537,0.0 9.9399,45.14537,0.0 9.93989,45.14537,0.0 9.93989,45.14537,0.0 9.93989,45.14537,0.0 9.93989,45.14537,0.0 9.93989,45.14537,0.0 9.93989,45.14537,0.0 9.93989,45.14537,0.0 9.93989,45.14537,0.0 9.93989,45.14537,0.0 9.93989,45.14537,0.0 9.93989,45.14537,0.0 9.93989,45.14537,0.0 9.93988,45.14534,0.0 9.93987,45.14534,0.0 9.93987,45.14534,0.0 9.93988,45.14534,0.0 9.93988,45.14533,0.0 9.93988,45.14533,0.0 9.93988,45.14533,0.0 9.93988,45.14533,0.0 9.93988,45.14533,0.0 9.93988,45.14533,0.0 9.93988,45.14533,0.0 9.93988,45.14533,0.0 9.93988,45.14533,0.0 9.9399,45.14536,0.0 9.9399,45.14536,0.0 9.93989,45.14536,0.0 9.93989,45.14536,0.0 9.93989,45.14536,0.0 9.93989,45.14536,0.0 9.93989,45.14536,0.0 9.93989,45.14535,0.0 9.93989,45.14534,0.0 9.93989,45.14534,0.0 9.93989,45.14534,0.0 9.93989,45.14534,0.0 9.93989,45.14534,0.0 9.93989,45.14534,0.0 9.93989,45.14534,0.0 9.93989,45.14534,0.0 9.93989,45.14534,0.0 9.93989,45.14534,0.0 9.93989,45.14534,0.0 9.93989,45.14534,0.0 9.93989,45.14534,0.0 9.93991,45.14535,0.0 9.93991,45.14536,0.0 9.93991,45.14536,0.0 9.93991,45.14536,0.0 9.9399,45.14536,0.0 9.9399,45.14536,0.0 9.9399,45.14536,0.0 9.9399,45.14536,0.0 9.9399,45.14536,0.0 9.9399,45.14536,0.0 9.9399,45.14536,0.0</coordinates>
                    </LineString>
                </Placemark>
                <Placemark id="26">
                    <name>Rota 15:35</name>
                    <styleUrl>#2</styleUrl>
                    <LineString id="25">
                        <altitudeMode>clampToGround</altitudeMode>
                        <coordinates>9.9399,45.14536,0.0 9.9399,45.14536,0.0 9.93988,45.14533,0.0 9.93988,45.14533,0.0 9.93988,45.14532,0.0 9.93988,45.14532,0.0 9.93988,45.14532,0.0 9.93988,45.14532,0.0 9.93988,45.14532,0.0 9.93988,45.14532,0.0 9.93988,45.14532,0.0 9.93988,45.14535,0.0 9.93987,45.14535,0.0 9.93987,45.14535,0.0 9.93987,45.14534,0.0 9.93987,45.14534,0.0 9.93987,45.14534,0.0 9.93987,45.14534,0.0 9.93987,45.14534,0.0 9.93987,45.14534,0.0 9.93987,45.14534,0.0 9.93987,45.14534,0.0 9.93987,45.14534,0.0 9.93987,45.14534,0.0 9.93987,45.14534,0.0 9.93987,45.14534,0.0 9.93987,45.14534,0.0 9.93987,45.14534,0.0 9.93987,45.14534,0.0 9.93987,45.14534,0.0 9.93987,45.14534,0.0 9.93987,45.14534,0.0 9.93987,45.14534,0.0 9.93987,45.14534,0.0 9.93987,45.14534,0.0 9.93987,45.14534,0.0 9.93987,45.14534,0.0 9.93987,45.14534,0.0 9.93987,45.14534,0.0 9.93987,45.14534,0.0 9.93987,45.14534,0.0 9.93987,45.14534,0.0 9.93987,45.14534,0.0 9.93987,45.14534,0.0 9.93987,45.14534,0.0 9.93987,45.14534,0.0 9.93987,45.14534,0.0 9.93987,45.14534,0.0 9.93987,45.14534,0.0 9.93987,45.14534,0.0 9.93987,45.14534,0.0 9.93986,45.14532,0.0 9.93986,45.14533,0.0 9.93986,45.14534,0.0 9.93986,45.14534,0.0 9.93986,45.14534,0.0 9.93986,45.14533,0.0 9.93986,45.14533,0.0 9.93986,45.14533,0.0 9.93986,45.14532,0.0 9.93986,45.14532,0.0</coordinates>
                    </LineString>
                </Placemark>
                <Placemark id="28">
                    <name>Rota 15:36</name>
                    <styleUrl>#2</styleUrl>
                    <LineString id="27">
                        <altitudeMode>clampToGround</altitudeMode>
                        <coordinates>9.93986,45.14532,0.0 9.93986,45.14532,0.0 9.93986,45.14532,0.0 9.93986,45.14532,0.0 9.93986,45.14532,0.0 9.93986,45.14532,0.0 9.93986,45.14532,0.0 9.93986,45.14532,0.0 9.93986,45.14532,0.0 9.93987,45.14534,0.0 9.93987,45.14535,0.0 9.93987,45.14535,0.0 9.93986,45.14535,0.0 9.93986,45.14535,0.0 9.93986,45.14535,0.0 9.93986,45.14535,0.0 9.93986,45.14535,0.0 9.93986,45.14533,0.0 9.93986,45.14533,0.0 9.93986,45.14533,0.0 9.93987,45.14533,0.0 9.93987,45.14533,0.0 9.93987,45.14533,0.0 9.93987,45.14533,0.0 9.93987,45.14533,0.0 9.93987,45.14533,0.0 9.93987,45.14533,0.0 9.93987,45.14533,0.0 9.93987,45.14533,0.0 9.93987,45.14533,0.0 9.93987,45.14533,0.0 9.93987,45.14533,0.0 9.93987,45.14533,0.0 9.93987,45.14533,0.0 9.93989,45.14536,0.0 9.93989,45.14536,0.0 9.93988,45.14536,0.0 9.93988,45.14536,0.0 9.93988,45.14536,0.0 9.93988,45.14536,0.0 9.93988,45.14536,0.0 9.93988,45.14533,0.0 9.93987,45.14533,0.0 9.93987,45.14533,0.0 9.93987,45.14533,0.0 9.93987,45.14533,0.0 9.93987,45.14533,0.0 9.93987,45.14533,0.0 9.93987,45.14533,0.0 9.93987,45.14533,0.0 9.93987,45.14533,0.0 9.93987,45.14533,0.0 9.93987,45.14536,0.0 9.93986,45.14536,0.0 9.93986,45.14536,0.0 9.93986,45.14536,0.0 9.93986,45.14536,0.0 9.93986,45.14536,0.0 9.93986,45.14536,0.0 9.93986,45.14536,0.0 9.93986,45.14536,0.0</coordinates>
                    </LineString>
                </Placemark>
                <Placemark id="30">
                    <name>Rota 15:37</name>
                    <styleUrl>#2</styleUrl>
                    <LineString id="29">
                        <altitudeMode>clampToGround</altitudeMode>
                        <coordinates>9.93986,45.14536,0.0 9.93986,45.14536,0.0 9.93986,45.14536,0.0 9.93986,45.14536,0.0 9.93986,45.14536,0.0 9.93986,45.14536,0.0 9.93986,45.14536,0.0 9.93986,45.14536,0.0 9.93986,45.14536,0.0 9.93986,45.14536,0.0 9.93986,45.14536,0.0 9.93986,45.14536,0.0 9.93986,45.14536,0.0 9.93986,45.14536,0.0 9.93986,45.14536,0.0 9.93988,45.14537,0.0 9.93988,45.14537,0.0 9.93987,45.14537,0.0 9.93987,45.14536,0.0 9.93987,45.14536,0.0 9.93987,45.14536,0.0 9.93987,45.14536,0.0 9.93987,45.14536,0.0 9.93987,45.14536,0.0 9.93987,45.14536,0.0 9.93987,45.14536,0.0 9.93987,45.14536,0.0 9.93987,45.14536,0.0 9.93987,45.14536,0.0 9.93987,45.14536,0.0 9.93987,45.14536,0.0 9.93987,45.14536,0.0 9.93987,45.14536,0.0 9.93987,45.14536,0.0 9.93987,45.14536,0.0 9.93987,45.14536,0.0 9.93987,45.14536,0.0 9.93987,45.14536,0.0 9.93987,45.14536,0.0 9.93987,45.14536,0.0 9.93987,45.14536,0.0 9.9399,45.14536,0.0 9.93989,45.14536,0.0 9.93989,45.14536,0.0 9.93989,45.14536,0.0 9.93989,45.14536,0.0 9.93988,45.14535,0.0 9.93988,45.14534,0.0 9.93988,45.14534,0.0 9.93988,45.14534,0.0 9.93988,45.14534,0.0 9.93988,45.14534,0.0 9.93988,45.14534,0.0 9.93988,45.14534,0.0 9.93988,45.14534,0.0 9.93988,45.14534,0.0 9.93988,45.14534,0.0 9.93988,45.14534,0.0 9.93988,45.14534,0.0 9.93988,45.14534,0.0 9.93988,45.14534,0.0</coordinates>
                    </LineString>
                </Placemark>
                <Placemark id="32">
                    <name>Rota 15:38</name>
                    <styleUrl>#2</styleUrl>
                    <LineString id="31">
                        <altitudeMode>clampToGround</altitudeMode>
                        <coordinates>9.93988,45.14534,0.0 9.93988,45.14534,0.0 9.9399,45.14536,0.0 9.93989,45.14536,0.0 9.93989,45.14536,0.0 9.93989,45.14536,0.0 9.93989,45.14536,0.0 9.93989,45.14536,0.0 9.93989,45.14536,0.0 9.93988,45.14535,0.0 9.93988,45.14534,0.0 9.93988,45.14534,0.0 9.93988,45.14534,0.0 9.93988,45.14534,0.0 9.93988,45.14534,0.0 9.93988,45.14534,0.0 9.93988,45.14534,0.0 9.93988,45.14534,0.0 9.93988,45.14534,0.0 9.93988,45.14534,0.0 9.93988,45.14534,0.0 9.93988,45.14534,0.0 9.93988,45.14534,0.0 9.93988,45.14534,0.0 9.93988,45.14534,0.0 9.93988,45.14534,0.0 9.93988,45.14534,0.0 9.93989,45.14536,0.0 9.93989,45.14536,0.0 9.93988,45.14536,0.0 9.93988,45.14536,0.0 9.93988,45.14536,0.0 9.93988,45.14536,0.0 9.93989,45.14534,0.0 9.93988,45.14534,0.0 9.93988,45.14534,0.0 9.93988,45.14534,0.0 9.93988,45.14534,0.0 9.93988,45.14533,0.0 9.93988,45.14533,0.0 9.93988,45.14533,0.0 9.93988,45.14533,0.0 9.93988,45.14533,0.0 9.93988,45.14533,0.0 9.93988,45.14533,0.0 9.93988,45.14533,0.0 9.93988,45.14533,0.0 9.93988,45.14533,0.0 9.93988,45.14533,0.0 9.93988,45.14533,0.0 9.93988,45.14533,0.0 9.93988,45.14533,0.0 9.93988,45.14533,0.0 9.93988,45.14533,0.0 9.93988,45.14533,0.0 9.93988,45.14533,0.0 9.93988,45.14533,0.0 9.93989,45.14533,0.0 9.93988,45.14533,0.0 9.93988,45.14532,0.0 9.93988,45.14533,0.0</coordinates>
                    </LineString>
                </Placemark>
                <Placemark id="34">
                    <name>Rota 15:39</name>
                    <styleUrl>#2</styleUrl>
                    <LineString id="33">
                        <altitudeMode>clampToGround</altitudeMode>
                        <coordinates>9.93988,45.14533,0.0 9.93988,45.14533,0.0 9.93988,45.14533,0.0 9.93988,45.14533,0.0 9.93988,45.14533,0.0 9.93988,45.14533,0.0 9.93988,45.14533,0.0 9.93988,45.14533,0.0 9.9399,45.14534,0.0 9.9399,45.14534,0.0 9.93989,45.14535,0.0 9.93988,45.14535,0.0 9.93988,45.14535,0.0 9.93988,45.14535,0.0 9.93988,45.14535,0.0 9.93988,45.14535,0.0 9.93988,45.14535,0.0 9.93987,45.14533,0.0 9.93987,45.14533,0.0 9.93987,45.14532,0.0 9.93986,45.14532,0.0 9.93986,45.14532,0.0 9.93987,45.14533,0.0 9.93987,45.14533,0.0 9.93987,45.14533,0.0 9.93987,45.14533,0.0 9.93987,45.14533,0.0 9.93987,45.14533,0.0 9.93987,45.14533,0.0 9.93987,45.14533,0.0 9.93987,45.14533,0.0 9.93987,45.14533,0.0 9.93987,45.14533,0.0 9.93987,45.14533,0.0 9.93993,45.14534,0.0 9.93993,45.14534,0.0 9.93993,45.14534,0.0 9.93992,45.14534,0.0 9.93991,45.14534,0.0 9.93991,45.14534,0.0 9.93991,45.14534,0.0 9.93991,45.14534,0.0 9.93991,45.14534,0.0 9.93991,45.14534,0.0 9.93991,45.14534,0.0 9.93991,45.14534,0.0 9.93991,45.14534,0.0 9.93991,45.14534,0.0 9.93991,45.14534,0.0 9.93991,45.14534,0.0 9.93991,45.14534,0.0 9.93991,45.14534,0.0 9.93991,45.14534,0.0 9.93991,45.14534,0.0 9.93991,45.14534,0.0 9.93991,45.14534,0.0 9.93992,45.14536,0.0 9.93992,45.14536,0.0 9.93991,45.14536,0.0 9.93991,45.14536,0.0 9.93991,45.14536,0.0</coordinates>
                    </LineString>
                </Placemark>
            </Folder>
            <Folder id="35">
                <name>15:40 – 15:49</name>
                <Placemark id="37">
                    <name>Rota 15:40</name>
                    <styleUrl>#2</styleUrl>
                    <LineString id="36">
                        <altitudeMode>clampToGround</altitudeMode>
                        <coordinates>9.93991,45.14536,0.0 9.9399,45.14535,0.0 9.9399,45.14535,0.0 9.9399,45.14535,0.0 9.9399,45.14535,0.0 9.9399,45.14533,0.0 9.93989,45.14532,0.0 9.93989,45.14532,0.0 9.93989,45.14532,0.0 9.9399,45.14533,0.0 9.9399,45.14533,0.0 9.9399,45.14533,0.0 9.9399,45.14533,0.0 9.9399,45.14533,0.0 9.9399,45.14533,0.0 9.9399,45.14533,0.0 9.9399,45.14533,0.0 9.9399,45.14533,0.0 9.9399,45.14533,0.0 9.9399,45.14533,0.0 9.9399,45.14533,0.0 9.9399,45.14533,0.0 9.9399,45.14533,0.0 9.9399,45.14533,0.0 9.9399,45.14533,0.0 9.9399,45.14533,0.0 9.9399,45.14533,0.0 9.9399,45.14533,0.0 9.9399,45.14533,0.0 9.9399,45.14533,0.0 9.9399,45.14533,0.0 9.9399,45.14533,0.0 9.9399,45.14533,0.0 9.9399,45.14533,0.0 9.9399,45.14533,0.0 9.93988,45.14534,0.0 9.93988,45.14534,0.0 9.93988,45.14534,0.0 9.93988,45.14535,0.0 9.93987,45.14535,0.0 9.93987,45.14535,0.0 9.93987,45.14535,0.0 9.93987,45.14535,0.0 9.93987,45.14535,0.0 9.93986,45.14533,0.0 9.93986,45.14533,0.0 9.93986,45.14533,0.0 9.93986,45.14533,0.0 9.93987,45.14533,0.0 9.93987,45.14533,0.0 9.93987,45.14533,0.0 9.93987,45.14533,0.0 9.93987,45.14533,0.0 9.93987,45.14533,0.0 9.93987,45.14533,0.0 9.93987,45.14533,0.0 9.93987,45.14533,0.0 9.93987,45.14533,0.0 9.93987,45.14533,0.0 9.93989,45.14535,0.0 9.93988,45.14535,0.0</coordinates>
                    </LineString>
                </Placemark>
                <Placemark id="39">
                    <name>Rota 15:41</name>
                    <styleUrl>#2</styleUrl>
                    <LineString id="38">
                        <altitudeMode>clampToGround</altitudeMode>
                        <coordinates>9.93988,45.14535,0.0 9.93988,45.14535,0.0 9.93988,45.14535,0.0 9.93988,45.14535,0.0 9.93988,45.14535,0.0 9.93988,45.14535,0.0 9.93987,45.14534,0.0 9.93987,45.14534,0.0 9.93987,45.14534,0.0 9.93988,45.14533,0.0 9.93988,45.14533,0.0 9.93988,45.14533,0.0 9.93988,45.14533,0.0 9.93988,45.14533,0.0 9.93988,45.14533,0.0 9.93988,45.14533,0.0 9.93988,45.14533,0.0 9.93988,45.14533,0.0 9.93988,45.14533,0.0 9.93988,45.14533,0.0 9.93988,45.14533,0.0 9.93988,45.14533,0.0 9.93991,45.14535,0.0 9.9399,45.14536,0.0 9.9399,45.14536,0.0 9.93989,45.14536,0.0 9.93989,45.14536,0.0 9.93989,45.14536,0.0 9.93988,45.14536,0.0 9.93988,45.14536,0.0 9.93988,45.14534,0.0 9.93988,45.14533,0.0 9.93988,45.14533,0.0 9.93987,45.14533,0.0 9.93988,45.14533,0.0 9.93988,45.14533,0.0 9.93988,45.14533,0.0 9.93988,45.14533,0.0 9.93988,45.14533,0.0 9.93988,45.14533,0.0 9.93988,45.14533,0.0 9.93988,45.14533,0.0 9.93988,45.14533,0.0 9.93988,45.14533,0.0 9.93988,45.14533,0.0 9.93988,45.14533,0.0 9.93988,45.14533,0.0 9.93988,45.14533,0.0 9.93988,45.14533,0.0 9.93988,45.14533,0.0 9.93988,45.14533,0.0 9.93988,45.14533,0.0 9.93988,45.14533,0.0 9.93988,45.14533,0.0 9.93988,45.14533,0.0 9.93988,45.14533,0.0 9.93988,45.14533,0.0 9.93988,45.14533,0.0 9.93988,45.14533,0.0 9.93988,45.14533,0.0 9.93988,45.14533,0.0</coordinates>
                    </LineString>
                </Placemark>
                <Placemark id="41">
                    <name>Rota 15:42</name>
                    <styleUrl>#2</styleUrl>
                    <LineString id="40">
                        <altitudeMode>clampToGround</altitudeMode>
                        <coordinates>9.93988,45.14533,0.0 9.93988,45.14533,0.0 9.93988,45.14533,0.0 9.93988,45.14536,0.0 9.93988,45.14536,0.0 9.93988,45.14535,0.0 9.93988,45.14535,0.0 9.93988,45.14535,0.0 9.93988,45.14535,0.0 9.93988,45.14535,0.0 9.93988,45.14535,0.0 9.93989,45.14536,0.0 9.93989,45.14537,0.0 9.93989,45.14537,0.0 9.93988,45.14537,0.0 9.93988,45.14537,0.0 9.93988,45.14537,0.0 9.93988,45.14537,0.0 9.93988,45.14537,0.0 9.93987,45.14535,0.0 9.93987,45.14534,0.0 9.93987,45.14534,0.0 9.93987,45.14534,0.0 9.93988,45.14534,0.0 9.93988,45.14534,0.0 9.93988,45.14534,0.0 9.93988,45.14534,0.0 9.93988,45.14534,0.0 9.93988,45.14534,0.0 9.9399,45.14535,0.0 9.93989,45.14536,0.0 9.93989,45.14536,0.0 9.93989,45.14536,0.0 9.93989,45.14536,0.0 9.93989,45.14536,0.0 9.93989,45.14536,0.0 9.93989,45.14536,0.0 9.93989,45.14536,0.0 9.93989,45.14536,0.0 9.93989,45.14536,0.0 9.93989,45.14536,0.0 9.93989,45.14536,0.0 9.93989,45.14536,0.0 9.93989,45.14536,0.0 9.93989,45.14536,0.0 9.93989,45.14536,0.0 9.93989,45.14536,0.0 9.93989,45.14536,0.0 9.93989,45.14536,0.0 9.93989,45.14536,0.0 9.93989,45.14536,0.0 9.93989,45.14536,0.0 9.93989,45.14536,0.0 9.93989,45.14536,0.0 9.93985,45.14532,0.0 9.93985,45.14532,0.0 9.93986,45.14532,0.0 9.93986,45.14532,0.0 9.93986,45.14532,0.0 9.93986,45.14532,0.0 9.93986,45.14532,0.0</coordinates>
                    </LineString>
                </Placemark>
                <Placemark id="43">
                    <name>Rota 15:43</name>
                    <styleUrl>#2</styleUrl>
                    <LineString id="42">
                        <altitudeMode>clampToGround</altitudeMode>
                        <coordinates>9.93986,45.14532,0.0 9.93986,45.14532,0.0 9.93986,45.14532,0.0 9.93986,45.14532,0.0 9.93986,45.14532,0.0 9.93986,45.14532,0.0 9.93986,45.14532,0.0 9.93986,45.14532,0.0 9.93986,45.14532,0.0 9.93986,45.14532,0.0 9.93986,45.14532,0.0 9.93986,45.14532,0.0 9.93986,45.14532,0.0 9.93986,45.14532,0.0 9.93986,45.14532,0.0 9.93986,45.14532,0.0 9.93986,45.14532,0.0 9.93986,45.14532,0.0 9.93986,45.14532,0.0 9.93986,45.14532,0.0 9.93986,45.14532,0.0 9.93986,45.14532,0.0 9.93986,45.14532,0.0 9.93986,45.14532,0.0 9.93986,45.14532,0.0 9.93986,45.14532,0.0 9.93986,45.14532,0.0 9.93986,45.14532,0.0 9.93986,45.14532,0.0 9.93986,45.14532,0.0 9.93986,45.14532,0.0 9.93986,45.14532,0.0 9.93986,45.14532,0.0 9.93986,45.14532,0.0 9.93986,45.14532,0.0 9.93986,45.14532,0.0 9.93986,45.14532,0.0 9.93986,45.14532,0.0 9.93986,45.14532,0.0 9.93986,45.14532,0.0 9.93986,45.14532,0.0 9.93986,45.14532,0.0 9.93986,45.14532,0.0 9.93986,45.14532,0.0 9.93986,45.14532,0.0 9.93985,45.14531,0.0 9.93985,45.14531,0.0 9.93985,45.14531,0.0 9.93985,45.14531,0.0 9.93985,45.14531,0.0 9.93985,45.14531,0.0 9.93985,45.14531,0.0 9.93985,45.14533,0.0 9.93985,45.14533,0.0 9.93985,45.14533,0.0 9.93985,45.14533,0.0 9.93985,45.14533,0.0 9.93985,45.14533,0.0 9.93985,45.14533,0.0 9.93985,45.14532,0.0 9.93985,45.14532,0.0</coordinates>
                    </LineString>
                </Placemark>
                <Placemark id="45">
                    <name>Rota 15:44</name>
                    <styleUrl>#2</styleUrl>
                    <LineString id="44">
                        <altitudeMode>clampToGround</altitudeMode>
                        <coordinates>9.93985,45.14532,0.0 9.93985,45.14532,0.0 9.93985,45.14532,0.0 9.93986,45.14532,0.0 9.93986,45.14532,0.0 9.93986,45.14532,0.0 9.93986,45.14532,0.0 9.93986,45.14534,0.0 9.93986,45.14535,0.0 9.93985,45.14535,0.0 9.93986,45.14534,0.0 9.93986,45.14534,0.0 9.93986,45.14534,0.0 9.93986,45.14534,0.0 9.93986,45.14534,0.0 9.93986,45.14534,0.0 9.93986,45.14534,0.0 9.93986,45.14534,0.0 9.93986,45.14534,0.0 9.93986,45.14534,0.0 9.93986,45.14534,0.0 9.93985,45.14533,0.0 9.93986,45.14533,0.0 9.93986,45.14533,0.0 9.93986,45.14533,0.0 9.93986,45.14533,0.0 9.93986,45.14533,0.0 9.93986,45.14533,0.0 9.93986,45.14533,0.0 9.93986,45.14533,0.0 9.93986,45.14533,0.0 9.93986,45.14533,0.0 9.93986,45.14533,0.0 9.93986,45.14533,0.0 9.93986,45.14533,0.0 9.93986,45.14533,0.0 9.93986,45.14533,0.0 9.93986,45.14533,0.0 9.93988,45.14534,0.0 9.93988,45.14533,0.0 9.93988,45.14533,0.0 9.93988,45.14533,0.0 9.93988,45.14533,0.0 9.93988,45.14533,0.0 9.93988,45.14533,0.0 9.93988,45.14533,0.0 9.9399,45.14535,0.0 9.9399,45.14535,0.0 9.9399,45.14536,0.0 9.9399,45.14536,0.0 9.93989,45.14536,0.0 9.93989,45.14536,0.0 9.93989,45.14536,0.0 9.93989,45.14536,0.0 9.93989,45.14535,0.0 9.93989,45.14535,0.0 9.93989,45.14534,0.0 9.93989,45.14534,0.0 9.93989,45.14534,0.0 9.93989,45.14534,0.0 9.93989,45.14534,0.0</coordinates>
                    </LineString>
                </Placemark>
                <Placemark id="47">
                    <name>Rota 15:45</name>
                    <styleUrl>#2</styleUrl>
                    <LineString id="46">
                        <altitudeMode>clampToGround</altitudeMode>
                        <coordinates>9.93989,45.14534,0.0 9.93989,45.14534,0.0 9.93991,45.14535,0.0 9.93991,45.14535,0.0 9.93991,45.14535,0.0 9.9399,45.14536,0.0 9.9399,45.14536,0.0 9.9399,45.14536,0.0 9.9399,45.14536,0.0 9.9399,45.14536,0.0 9.9399,45.14536,0.0 9.9399,45.14536,0.0 9.9399,45.14536,0.0 9.9399,45.14536,0.0 9.9399,45.14536,0.0 9.9399,45.14536,0.0 9.9399,45.14536,0.0 9.9399,45.14536,0.0 9.9399,45.14536,0.0 9.9399,45.14536,0.0 9.9399,45.14536,0.0 9.93989,45.14537,0.0 9.93988,45.14537,0.0 9.93988,45.14538,0.0 9.93988,45.14538,0.0 9.93987,45.14538,0.0 9.93986,45.14538,0.0 9.93986,45.14538,0.0 9.93986,45.14538,0.0 9.93986,45.14538,0.0 9.93986,45.14538,0.0 9.93986,45.14538,0.0 9.93986,45.14534,0.0 9.93986,45.14533,0.0 9.93986,45.14533,0.0 9.93986,45.14533,0.0 9.93985,45.14533,0.0 9.93985,45.14533,0.0 9.93985,45.14533,0.0 9.93985,45.14533,0.0 9.93985,45.14533,0.0 9.93985,45.14533,0.0 9.93985,45.14533,0.0 9.93985,45.14533,0.0 9.93985,45.14533,0.0 9.93985,45.14533,0.0 9.93985,45.14533,0.0 9.93985,45.14533,0.0 9.93985,45.14533,0.0 9.93985,45.14533,0.0 9.93985,45.14533,0.0 9.93985,45.14533,0.0 9.93985,45.14533,0.0 9.93985,45.14533,0.0 9.93985,45.14533,0.0 9.93985,45.14533,0.0 9.93985,45.14533,0.0 9.93985,45.14533,0.0 9.93985,45.14533,0.0 9.93985,45.14533,0.0 9.93985,45.14533,0.0</coordinates>
                    </LineString>
                </Placemark>
                <Placemark id="49">
                    <name>Rota 15:46</name>
                    <styleUrl>#2</styleUrl>
                    <LineString id="48">
                        <altitudeMode>clampToGround</altitudeMode>
                        <coordinates>9.93985,45.14533,0.0 9.93985,45.14533,0.0 9.93985,45.14533,0.0 9.93986,45.14533,0.0 9.93986,45.14533,0.0 9.93986,45.14533,0.0 9.93986,45.14533,0.0 9.93986,45.14533,0.0 9.93987,45.14535,0.0 9.93986,45.14535,0.0 9.93986,45.14535,0.0 9.93986,45.14535,0.0 9.93986,45.14535,0.0 9.93986,45.14535,0.0 9.93986,45.14534,0.0 9.93986,45.14533,0.0 9.93986,45.14533,0.0 9.93986,45.14533,0.0 9.93987,45.14533,0.0 9.93987,45.14533,0.0 9.93987,45.14533,0.0 9.93987,45.14533,0.0 9.93987,45.14533,0.0 9.93987,45.14533,0.0 9.93988,45.14535,0.0 9.93988,45.14535,0.0 9.93988,45.14536,0.0 9.93987,45.14536,0.0 9.93987,45.14535,0.0 9.93987,45.14535,0.0 9.93987,45.14535,0.0 9.93987,45.14535,0.0 9.93987,45.14535,0.0 9.93987,45.14535,0.0 9.93987,45.14535,0.0 9.93987,45.14535,0.0 9.93987,45.14535,0.0 9.93987,45.14535,0.0 9.93987,45.14535,0.0 9.93987,45.14535,0.0 9.93987,45.14535,0.0 9.93987,45.14535,0.0 9.93987,45.14535,0.0 9.93987,45.14535,0.0 9.93987,45.14535,0.0 9.93987,45.14535,0.0 9.93987,45.14535,0.0 9.93987,45.14535,0.0 9.93987,45.14535,0.0 9.93987,45.14535,0.0 9.93987,45.14535,0.0 9.93987,45.14535,0.0 9.93987,45.14535,0.0 9.93987,45.14535,0.0 9.93987,45.14535,0.0 9.93987,45.14535,0.0 9.93988,45.14535,0.0 9.93988,45.14535,0.0 9.93988,45.14536,0.0 9.93987,45.14536,0.0 9.93987,45.14536,0.0</coordinates>
                    </LineString>
                </Placemark>
                <Placemark id="51">
                    <name>Rota 15:47</name>
                    <styleUrl>#2</styleUrl>
                    <LineString id="50">
                        <altitudeMode>clampToGround</altitudeMode>
                        <coordinates>9.93987,45.14536,0.0 9.93987,45.14536,0.0 9.93987,45.14536,0.0 9.93987,45.14536,0.0 9.93987,45.14536,0.0 9.93985,45.14534,0.0 9.93985,45.14534,0.0 9.93985,45.14534,0.0 9.93985,45.14534,0.0 9.93985,45.14534,0.0 9.93985,45.14534,0.0 9.93985,45.14534,0.0 9.93985,45.14534,0.0 9.93985,45.14534,0.0 9.93985,45.14534,0.0 9.93985,45.14534,0.0 9.93985,45.14534,0.0 9.93985,45.14534,0.0 9.93988,45.14536,0.0 9.93988,45.14536,0.0 9.93988,45.14536,0.0 9.93987,45.14536,0.0 9.93987,45.14536,0.0 9.93987,45.14536,0.0 9.93987,45.14535,0.0 9.93986,45.14535,0.0 9.93987,45.14535,0.0 9.93987,45.14535,0.0 9.93987,45.14535,0.0 9.93987,45.14535,0.0 9.93987,45.14535,0.0 9.93987,45.14535,0.0 9.93987,45.14535,0.0 9.93987,45.14535,0.0 9.93987,45.14535,0.0 9.93987,45.14535,0.0 9.93987,45.14535,0.0 9.93987,45.14535,0.0 9.93987,45.14535,0.0 9.93987,45.14535,0.0 9.93987,45.14535,0.0 9.93986,45.14534,0.0 9.93986,45.14534,0.0 9.93986,45.14534,0.0 9.93986,45.14534,0.0 9.93986,45.14534,0.0 9.93987,45.14534,0.0 9.93987,45.14534,0.0 9.93987,45.14534,0.0 9.93987,45.14534,0.0 9.93988,45.14536,0.0 9.93988,45.14536,0.0 9.93988,45.14536,0.0 9.93987,45.14536,0.0 9.93986,45.14536,0.0 9.93986,45.14536,0.0 9.93986,45.14536,0.0 9.93986,45.14536,0.0 9.93986,45.14536,0.0 9.93986,45.14536,0.0 9.93986,45.14533,0.0</coordinates>
                    </LineString>
                </Placemark>
                <Placemark id="53">
                    <name>Rota 15:48</name>
                    <styleUrl>#2</styleUrl>
                    <LineString id="52">
                        <altitudeMode>clampToGround</altitudeMode>
                        <coordinates>9.93986,45.14533,0.0 9.93986,45.14533,0.0 9.93986,45.14533,0.0 9.93986,45.14533,0.0 9.93986,45.14533,0.0 9.93986,45.14533,0.0 9.93986,45.14533,0.0 9.93986,45.14533,0.0 9.93986,45.14533,0.0 9.93986,45.14533,0.0 9.93986,45.14533,0.0 9.93986,45.14533,0.0 9.93986,45.14533,0.0 9.93986,45.14533,0.0 9.9399,45.14535,0.0 9.9399,45.14536,0.0 9.9399,45.14536,0.0 9.93989,45.14535,0.0 9.93989,45.14535,0.0 9.93989,45.14534,0.0 9.93989,45.14534,0.0 9.93989,45.14534,0.0 9.93989,45.14534,0.0 9.93989,45.14534,0.0 9.93989,45.14534,0.0 9.93989,45.14534,0.0 9.93989,45.14534,0.0 9.93989,45.14534,0.0 9.93989,45.14534,0.0 9.93989,45.14534,0.0 9.93989,45.14534,0.0 9.93992,45.14535,0.0 9.93992,45.14535,0.0 9.93991,45.14535,0.0 9.93991,45.14535,0.0 9.93991,45.14535,0.0 9.93991,45.14535,0.0 9.93991,45.14535,0.0 9.93991,45.14535,0.0 9.93989,45.14533,0.0 9.93989,45.14533,0.0 9.93989,45.14533,0.0 9.93989,45.14533,0.0 9.93989,45.14533,0.0 9.93989,45.14533,0.0 9.93989,45.14533,0.0 9.93989,45.14533,0.0 9.93989,45.14533,0.0 9.93989,45.14533,0.0 9.93989,45.14533,0.0 9.93989,45.14533,0.0 9.93992,45.14535,0.0 9.93992,45.14535,0.0 9.93991,45.14535,0.0 9.93991,45.14535,0.0 9.93991,45.14535,0.0 9.93991,45.14535,0.0 9.93991,45.14535,0.0 9.9399,45.14533,0.0 9.93989,45.14533,0.0 9.93989,45.14533,0.0</coordinates>
                    </LineString>
                </Placemark>
                <Placemark id="55">
                    <name>Rota 15:49</name>
                    <styleUrl>#2</styleUrl>
                    <LineString id="54">
                        <altitudeMode>clampToGround</altitudeMode>
                        <coordinates>9.93989,45.14533,0.0 9.93989,45.14532,0.0 9.93989,45.14532,0.0 9.9399,45.14532,0.0 9.9399,45.14532,0.0 9.9399,45.14532,0.0 9.9399,45.14532,0.0 9.9399,45.14532,0.0 9.9399,45.14532,0.0 9.9399,45.14532,0.0 9.93992,45.14535,0.0 9.93992,45.14535,0.0 9.93991,45.14536,0.0 9.9399,45.14535,0.0 9.9399,45.14535,0.0 9.9399,45.14535,0.0 9.9399,45.14535,0.0 9.93989,45.14533,0.0 9.93989,45.14533,0.0 9.93989,45.14533,0.0 9.93989,45.14533,0.0 9.93989,45.14533,0.0 9.93989,45.14533,0.0 9.93989,45.14533,0.0 9.93989,45.14533,0.0 9.93989,45.14533,0.0 9.93989,45.14533,0.0 9.9399,45.14534,0.0 9.93989,45.14535,0.0 9.93989,45.14535,0.0 9.93989,45.14534,0.0 9.93989,45.14534,0.0 9.93989,45.14534,0.0 9.93989,45.14534,0.0 9.93989,45.14534,0.0 9.93989,45.14534,0.0 9.93989,45.14534,0.0 9.93989,45.14534,0.0 9.93989,45.14534,0.0 9.93989,45.14534,0.0 9.93989,45.14534,0.0 9.93989,45.14534,0.0 9.93989,45.14534,0.0 9.93989,45.14534,0.0 9.93985,45.14531,0.0 9.93985,45.14531,0.0 9.93985,45.14531,0.0 9.93985,45.14531,0.0 9.93985,45.14531,0.0 9.93985,45.14531,0.0 9.93985,45.14531,0.0 9.93985,45.14531,0.0 9.93985,45.14531,0.0 9.93985,45.14531,0.0 9.93985,45.14531,0.0 9.93985,45.14531,0.0 9.9399,45.14532,0.0 9.9399,45.14533,0.0 9.93989,45.14533,0.0 9.93989,45.14533,0.0 9.93989,45.14533,0.0</coordinates>
                    </LineString>
                </Placemark>
            </Folder>
            <Folder id="56">
                <name>15:50 – 15:59</name>
                <Placemark id="58">
                    <name>Rota 15:50</name>
                    <styleUrl>#2</styleUrl>
                    <LineString id="57">
                        <altitudeMode>clampToGround</altitudeMode>
                        <coordinates>9.93989,45.14533,0.0 9.93988,45.14533,0.0 9.93988,45.14533,0.0 9.93988,45.14533,0.0 9.93988,45.14533,0.0 9.93988,45.14533,0.0 9.93988,45.14533,0.0 9.93988,45.14531,0.0 9.93988,45.14531,0.0 9.93988,45.14531,0.0 9.93987,45.14531,0.0 9.93987,45.14531,0.0 9.93987,45.14531,0.0 9.93987,45.14531,0.0 9.93987,45.14531,0.0 9.93987,45.14531,0.0 9.93987,45.14531,0.0 9.93987,45.14531,0.0 9.93987,45.14531,0.0 9.93987,45.14531,0.0 9.93987,45.14531,0.0 9.93987,45.14531,0.0 9.93987,45.14531,0.0 9.93987,45.14531,0.0 9.93987,45.14531,0.0 9.93994,45.1453,0.0 9.93995,45.1453,0.0 9.93994,45.1453,0.0 9.93994,45.1453,0.0 9.93994,45.1453,0.0 9.93994,45.1453,0.0 9.93994,45.1453,0.0 9.93994,45.1453,0.0 9.93994,45.1453,0.0 9.93994,45.1453,0.0 9.93994,45.1453,0.0 9.93994,45.1453,0.0 9.93991,45.14534,0.0 9.93991,45.14535,0.0 9.9399,45.14535,0.0 9.9399,45.14535,0.0 9.9399,45.14535,0.0 9.9399,45.14535,0.0 9.9399,45.14535,0.0 9.93989,45.14533,0.0 9.93988,45.14532,0.0 9.93988,45.14532,0.0 9.93987,45.14532,0.0 9.93987,45.14532,0.0 9.93988,45.14532,0.0 9.93988,45.14532,0.0 9.93988,45.14532,0.0 9.93988,45.14532,0.0 9.93988,45.14532,0.0 9.93988,45.14532,0.0 9.93988,45.14532,0.0 9.93988,45.14532,0.0 9.93988,45.14532,0.0 9.93988,45.14532,0.0 9.93988,45.14532,0.0 9.93988,45.14532,0.0</coordinates>
                    </LineString>
                </Placemark>
                <Placemark id="60">
                    <name>Rota 15:51</name>
                    <styleUrl>#2</styleUrl>
                    <LineString id="59">
                        <altitudeMode>clampToGround</altitudeMode>
                        <coordinates>9.93988,45.14532,0.0 9.93988,45.14532,0.0 9.93993,45.14533,0.0 9.93992,45.14534,0.0 9.93992,45.14534,0.0 9.93992,45.14534,0.0 9.93991,45.14535,0.0 9.9399,45.14534,0.0 9.9399,45.14534,0.0 9.9399,45.14534,0.0 9.9399,45.14534,0.0 9.9399,45.14534,0.0 9.9399,45.14534,0.0 9.9399,45.14534,0.0 9.9399,45.14534,0.0 9.9399,45.14534,0.0 9.9399,45.14534,0.0 9.9399,45.14534,0.0 9.9399,45.14534,0.0 9.9399,45.14534,0.0 9.9399,45.14534,0.0 9.9399,45.14534,0.0 9.9399,45.14534,0.0 9.9399,45.14534,0.0 9.9399,45.14534,0.0 9.9399,45.14534,0.0 9.9399,45.14534,0.0 9.9399,45.14534,0.0 9.93989,45.14537,0.0 9.93989,45.14537,0.0 9.93989,45.14537,0.0 9.93988,45.14536,0.0 9.93988,45.14536,0.0 9.93988,45.14536,0.0 9.93988,45.14536,0.0 9.93988,45.14536,0.0 9.93988,45.14534,0.0 9.93988,45.14534,0.0 9.93988,45.14534,0.0 9.93988,45.14534,0.0 9.93988,45.14534,0.0 9.93988,45.14534,0.0 9.93988,45.14534,0.0 9.93988,45.14534,0.0 9.93988,45.14534,0.0 9.93988,45.14534,0.0 9.93988,45.14534,0.0 9.93988,45.14534,0.0 9.93988,45.14534,0.0 9.93989,45.14537,0.0 9.93989,45.14537,0.0 9.93988,45.14537,0.0 9.93988,45.14537,0.0 9.93988,45.14537,0.0 9.93988,45.14537,0.0 9.93988,45.14535,0.0 9.93988,45.14534,0.0 9.93988,45.14534,0.0 9.93988,45.14534,0.0 9.93988,45.14534,0.0 9.93988,45.14534,0.0</coordinates>
                    </LineString>
                </Placemark>
                <Placemark id="62">
                    <name>Rota 15:52</name>
                    <styleUrl>#2</styleUrl>
                    <LineString id="61">
                        <altitudeMode>clampToGround</altitudeMode>
                        <coordinates>9.93988,45.14534,0.0 9.93988,45.14534,0.0 9.93988,45.14534,0.0 9.93988,45.14534,0.0 9.93988,45.14534,0.0 9.93988,45.14534,0.0 9.93988,45.14534,0.0 9.93988,45.14534,0.0 9.93988,45.14534,0.0 9.93992,45.14535,0.0 9.93992,45.14536,0.0 9.93992,45.14536,0.0 9.9399,45.14536,0.0 9.9399,45.14536,0.0 9.9399,45.14535,0.0 9.9399,45.14535,0.0 9.93989,45.14534,0.0 9.93989,45.14534,0.0 9.93988,45.14533,0.0 9.93988,45.14533,0.0 9.93989,45.14533,0.0 9.93989,45.14533,0.0 9.93989,45.14533,0.0 9.93989,45.14533,0.0 9.93989,45.14533,0.0 9.93989,45.14533,0.0 9.93989,45.14533,0.0 9.93989,45.14533,0.0 9.93989,45.14533,0.0 9.93989,45.14533,0.0 9.93989,45.14533,0.0 9.93989,45.14533,0.0 9.93991,45.14534,0.0 9.93991,45.14534,0.0 9.93991,45.14534,0.0 9.9399,45.14535,0.0 9.93989,45.14535,0.0 9.93989,45.14535,0.0 9.93989,45.14535,0.0 9.93989,45.14535,0.0 9.93989,45.14535,0.0 9.93989,45.14535,0.0 9.93989,45.14535,0.0 9.93989,45.14535,0.0 9.93989,45.14535,0.0 9.93989,45.14535,0.0 9.93989,45.14535,0.0 9.93989,45.14535,0.0 9.93989,45.14535,0.0 9.93989,45.14535,0.0 9.93989,45.14535,0.0 9.93989,45.14535,0.0 9.93989,45.14535,0.0 9.93986,45.14531,0.0 9.93986,45.14531,0.0 9.93986,45.14531,0.0 9.93986,45.14531,0.0 9.93986,45.14531,0.0 9.93986,45.14531,0.0 9.93986,45.14531,0.0 9.93986,45.14531,0.0</coordinates>
                    </LineString>
                </Placemark>
                <Placemark id="64">
                    <name>Rota 15:53</name>
                    <styleUrl>#2</styleUrl>
                    <LineString id="63">
                        <altitudeMode>clampToGround</altitudeMode>
                        <coordinates>9.93986,45.14531,0.0 9.93986,45.14531,0.0 9.93986,45.14531,0.0 9.93986,45.14531,0.0 9.93986,45.14531,0.0 9.93986,45.14531,0.0 9.93986,45.14531,0.0 9.93986,45.14531,0.0 9.93986,45.14531,0.0 9.93986,45.14531,0.0 9.93986,45.14531,0.0 9.93986,45.14531,0.0 9.93986,45.14531,0.0 9.93986,45.14531,0.0 9.93989,45.14536,0.0 9.93989,45.14536,0.0 9.93989,45.14536,0.0 9.93989,45.14536,0.0 9.93988,45.14536,0.0 9.93988,45.14536,0.0 9.93988,45.14536,0.0 9.93988,45.14536,0.0 9.93988,45.14536,0.0 9.93988,45.14536,0.0 9.93988,45.14536,0.0 9.93988,45.14536,0.0 9.93988,45.14536,0.0 9.93988,45.14536,0.0 9.93988,45.14536,0.0 9.93988,45.14536,0.0 9.93988,45.14536,0.0 9.93986,45.14533,0.0 9.93986,45.14532,0.0 9.93986,45.14532,0.0 9.93986,45.14532,0.0 9.93986,45.14532,0.0 9.93987,45.14532,0.0 9.93987,45.14532,0.0 9.93987,45.14532,0.0 9.93987,45.14532,0.0 9.93987,45.14532,0.0 9.93987,45.14532,0.0 9.93987,45.14532,0.0 9.93987,45.14532,0.0 9.93987,45.14532,0.0 9.93987,45.14532,0.0 9.93987,45.14532,0.0 9.93987,45.14532,0.0 9.93987,45.14532,0.0 9.93988,45.14535,0.0 9.93988,45.14535,0.0 9.93988,45.14536,0.0 9.93988,45.14536,0.0 9.93987,45.14535,0.0 9.93987,45.14535,0.0 9.93987,45.14535,0.0 9.93987,45.14535,0.0 9.93987,45.14535,0.0 9.93987,45.14535,0.0 9.93987,45.14535,0.0 9.93987,45.14535,0.0</coordinates>
                    </LineString>
                </Placemark>
                <Placemark id="66">
                    <name>Rota 15:54</name>
                    <styleUrl>#2</styleUrl>
                    <LineString id="65">
                        <altitudeMode>clampToGround</altitudeMode>
                        <coordinates>9.93987,45.14535,0.0 9.93987,45.14535,0.0 9.93987,45.14535,0.0 9.93987,45.14535,0.0 9.93987,45.14535,0.0 9.93987,45.14535,0.0 9.93987,45.14535,0.0 9.93987,45.14535,0.0 9.93987,45.14535,0.0 9.93987,45.14535,0.0 9.93987,45.14535,0.0 9.93987,45.14535,0.0 9.93987,45.14535,0.0 9.93987,45.14535,0.0 9.93987,45.14535,0.0 9.93987,45.14535,0.0 9.93987,45.14535,0.0 9.93984,45.14532,0.0 9.93984,45.14532,0.0 9.93984,45.14532,0.0 9.93985,45.14532,0.0 9.93985,45.14532,0.0 9.93987,45.14531,0.0 9.93987,45.14531,0.0 9.93987,45.14531,0.0 9.93987,45.14531,0.0 9.93987,45.14531,0.0 9.93987,45.14531,0.0 9.93992,45.14532,0.0 9.93992,45.14532,0.0 9.93991,45.14532,0.0 9.93991,45.14532,0.0 9.93991,45.14532,0.0 9.93991,45.14532,0.0 9.93991,45.14532,0.0 9.93991,45.14532,0.0 9.93991,45.14532,0.0 9.93991,45.14532,0.0 9.93991,45.14532,0.0 9.93991,45.14532,0.0 9.93991,45.14532,0.0 9.93991,45.14532,0.0 9.93991,45.14532,0.0 9.93991,45.14532,0.0 9.93991,45.14532,0.0 9.93991,45.14532,0.0 9.93991,45.14532,0.0 9.93991,45.14532,0.0 9.93991,45.14532,0.0 9.93991,45.14532,0.0 9.93991,45.14532,0.0 9.93991,45.14532,0.0 9.93991,45.14532,0.0 9.93991,45.14532,0.0 9.93991,45.14532,0.0 9.93991,45.14532,0.0 9.93991,45.14532,0.0 9.93991,45.14532,0.0 9.93991,45.14532,0.0 9.93991,45.14532,0.0 9.93991,45.14532,0.0</coordinates>
                    </LineString>
                </Placemark>
                <Placemark id="68">
                    <name>Rota 15:55</name>
                    <styleUrl>#2</styleUrl>
                    <LineString id="67">
                        <altitudeMode>clampToGround</altitudeMode>
                        <coordinates>9.93991,45.14532,0.0 9.93991,45.14532,0.0 9.93991,45.14532,0.0 9.93991,45.14532,0.0 9.93991,45.14532,0.0 9.93986,45.14535,0.0 9.93986,45.14534,0.0 9.93986,45.14534,0.0 9.93986,45.14534,0.0 9.93985,45.14534,0.0 9.93985,45.14534,0.0 9.93986,45.14532,0.0 9.93986,45.14532,0.0 9.93986,45.14531,0.0 9.93986,45.14531,0.0 9.93986,45.14531,0.0 9.93987,45.14531,0.0 9.93987,45.14531,0.0 9.93987,45.14531,0.0 9.93987,45.14531,0.0 9.93987,45.14531,0.0 9.93987,45.14531,0.0 9.93987,45.14531,0.0 9.93987,45.14531,0.0 9.93989,45.14533,0.0 9.93989,45.14533,0.0 9.93988,45.14534,0.0 9.93988,45.14534,0.0 9.93988,45.14534,0.0 9.93988,45.14534,0.0 9.93988,45.14534,0.0 9.93988,45.14534,0.0 9.93988,45.14533,0.0 9.93988,45.14532,0.0 9.93988,45.14532,0.0 9.93988,45.14532,0.0 9.93988,45.14532,0.0 9.93988,45.14532,0.0 9.93988,45.14532,0.0 9.93988,45.14532,0.0 9.93988,45.14532,0.0 9.93988,45.14532,0.0 9.93988,45.14532,0.0 9.93988,45.14532,0.0 9.93988,45.14532,0.0 9.93989,45.14533,0.0 9.93989,45.14534,0.0 9.93989,45.14534,0.0 9.93988,45.14534,0.0 9.93988,45.14534,0.0 9.93988,45.14534,0.0 9.93988,45.14534,0.0 9.93988,45.14534,0.0 9.93988,45.14534,0.0 9.93988,45.14534,0.0 9.93988,45.14534,0.0 9.93988,45.14534,0.0 9.93988,45.14534,0.0 9.93988,45.14534,0.0 9.93988,45.14534,0.0 9.93988,45.14534,0.0</coordinates>
                    </LineString>
                </Placemark>
                <Placemark id="70">
                    <name>Rota 15:56</name>
                    <styleUrl>#2</styleUrl>
                    <LineString id="69">
                        <altitudeMode>clampToGround</altitudeMode>
                        <coordinates>9.93988,45.14534,0.0 9.93988,45.14534,0.0 9.93988,45.14534,0.0 9.93988,45.14534,0.0 9.93988,45.14534,0.0 9.93988,45.14534,0.0 9.93988,45.14534,0.0 9.93985,45.14532,0.0 9.93985,45.14531,0.0 9.93985,45.14531,0.0 9.93985,45.14531,0.0 9.93986,45.14531,0.0 9.93986,45.14531,0.0 9.93986,45.14531,0.0 9.93986,45.14531,0.0 9.93988,45.14533,0.0 9.93988,45.14534,0.0 9.93987,45.14534,0.0 9.93987,45.14534,0.0 9.93987,45.14534,0.0 9.93986,45.14534,0.0 9.93986,45.14534,0.0 9.93986,45.14534,0.0 9.93986,45.14534,0.0 9.93986,45.14534,0.0 9.93986,45.14532,0.0 9.93986,45.14532,0.0 9.93986,45.14532,0.0 9.93986,45.14532,0.0 9.93986,45.14532,0.0 9.93987,45.14532,0.0 9.93987,45.14532,0.0 9.93987,45.14532,0.0 9.93989,45.14534,0.0 9.93988,45.14534,0.0 9.93988,45.14534,0.0 9.93988,45.14534,0.0 9.93987,45.14534,0.0 9.93987,45.14534,0.0 9.93987,45.14534,0.0 9.93987,45.14534,0.0 9.93987,45.14534,0.0 9.93987,45.14534,0.0 9.93987,45.14531,0.0 9.93987,45.14531,0.0 9.93988,45.14531,0.0 9.93988,45.14531,0.0 9.93988,45.14531,0.0 9.93988,45.14531,0.0 9.93988,45.14531,0.0 9.93988,45.14531,0.0 9.93988,45.14531,0.0 9.9399,45.14533,0.0 9.9399,45.14533,0.0 9.9399,45.14533,0.0 9.93989,45.14534,0.0 9.93989,45.14534,0.0 9.93989,45.14533,0.0 9.93989,45.14533,0.0 9.93988,45.14532,0.0 9.93988,45.14532,0.0</coordinates>
                    </LineString>
                </Placemark>
                <Placemark id="72">
                    <name>Rota 15:57</name>
                    <styleUrl>#2</styleUrl>
                    <LineString id="71">
                        <altitudeMode>clampToGround</altitudeMode>
                        <coordinates>9.93988,45.14532,0.0 9.93988,45.14532,0.0 9.93988,45.14532,0.0 9.93988,45.14532,0.0 9.93988,45.14532,0.0 9.93988,45.14532,0.0 9.93988,45.14532,0.0 9.93988,45.14532,0.0 9.93988,45.14532,0.0 9.93988,45.14532,0.0 9.93988,45.14532,0.0 9.93991,45.14535,0.0 9.93991,45.14535,0.0 9.93991,45.14536,0.0 9.9399,45.14536,0.0 9.9399,45.14536,0.0 9.9399,45.14536,0.0 9.9399,45.14536,0.0 9.9399,45.14536,0.0 9.93989,45.14534,0.0 9.93989,45.14534,0.0 9.93989,45.14534,0.0 9.93989,45.14534,0.0 9.93989,45.14534,0.0 9.93989,45.14534,0.0 9.93989,45.14534,0.0 9.93991,45.14536,0.0 9.93991,45.14536,0.0 9.9399,45.14536,0.0 9.9399,45.14536,0.0 9.93989,45.14536,0.0 9.93989,45.14536,0.0 9.93989,45.14536,0.0 9.93989,45.14536,0.0 9.93989,45.14536,0.0 9.93989,45.14536,0.0 9.93989,45.14536,0.0 9.93989,45.14536,0.0 9.93989,45.14536,0.0 9.93989,45.14536,0.0 9.93989,45.14536,0.0 9.93987,45.14533,0.0 9.93986,45.14532,0.0 9.93986,45.14532,0.0 9.93986,45.14531,0.0 9.93986,45.14531,0.0 9.93987,45.14532,0.0 9.93987,45.14532,0.0 9.93987,45.14532,0.0 9.93987,45.14532,0.0 9.93987,45.14532,0.0 9.93988,45.14534,0.0 9.93988,45.14534,0.0 9.93988,45.14535,0.0 9.93988,45.14535,0.0 9.93987,45.14535,0.0 9.93987,45.14535,0.0 9.93987,45.14534,0.0 9.93987,45.14534,0.0 9.93988,45.14533,0.0 9.93987,45.14533,0.0</coordinates>
                    </LineString>
                </Placemark>
                <Placemark id="74">
                    <name>Rota 15:58</name>
                    <styleUrl>#2</styleUrl>
                    <LineString id="73">
                        <altitudeMode>clampToGround</altitudeMode>
                        <coordinates>9.93987,45.14533,0.0 9.93987,45.14532,0.0 9.93987,45.14532,0.0 9.93987,45.14532,0.0 9.93988,45.14532,0.0 9.93988,45.14532,0.0 9.93988,45.14532,0.0 9.93988,45.14532,0.0 9.93988,45.14532,0.0 9.93988,45.14532,0.0 9.93988,45.14532,0.0 9.93988,45.14532,0.0 9.93988,45.14532,0.0 9.93988,45.14532,0.0 9.93988,45.14532,0.0 9.9399,45.14535,0.0 9.93989,45.14535,0.0 9.93989,45.14536,0.0 9.93989,45.14536,0.0 9.93989,45.14536,0.0 9.93989,45.14536,0.0 9.93989,45.14534,0.0 9.93989,45.14534,0.0 9.93989,45.14534,0.0 9.93989,45.14534,0.0 9.93989,45.14534,0.0 9.93989,45.14534,0.0 9.93989,45.14534,0.0 9.93989,45.14534,0.0 9.93989,45.14534,0.0 9.93989,45.14534,0.0 9.93989,45.14534,0.0 9.93989,45.14534,0.0 9.93989,45.14534,0.0 9.93989,45.14534,0.0 9.93989,45.14534,0.0 9.93989,45.14534,0.0 9.93989,45.14534,0.0 9.93989,45.14534,0.0 9.93989,45.14534,0.0 9.93989,45.14534,0.0 9.93989,45.14534,0.0 9.93989,45.14534,0.0 9.93989,45.14534,0.0 9.93989,45.14534,0.0 9.93989,45.14534,0.0 9.93989,45.14534,0.0 9.93989,45.14534,0.0 9.93989,45.14534,0.0 9.93989,45.14534,0.0 9.93989,45.14534,0.0 9.93989,45.14534,0.0 9.93989,45.14534,0.0 9.93989,45.14534,0.0 9.93989,45.14534,0.0 9.93989,45.14534,0.0 9.93989,45.14534,0.0 9.93989,45.14534,0.0 9.93989,45.14534,0.0 9.93989,45.14534,0.0 9.93989,45.14534,0.0</coordinates>
                    </LineString>
                </Placemark>
                <Placemark id="76">
                    <name>Rota 15:59</name>
                    <styleUrl>#2</styleUrl>
                    <LineString id="75">
                        <altitudeMode>clampToGround</altitudeMode>
                        <coordinates>9.93989,45.14534,0.0 9.93989,45.14534,0.0 9.93989,45.14534,0.0 9.93989,45.14534,0.0 9.93989,45.14534,0.0 9.93995,45.14532,0.0 9.93994,45.14533,0.0 9.93994,45.14533,0.0 9.93993,45.14534,0.0 9.93993,45.14534,0.0 9.93992,45.14533,0.0 9.93992,45.14533,0.0 9.93992,45.14533,0.0 9.93992,45.14533,0.0 9.93992,45.14533,0.0 9.93992,45.14533,0.0 9.93992,45.14533,0.0 9.93992,45.14533,0.0 9.93992,45.14533,0.0 9.93992,45.14533,0.0 9.93992,45.14533,0.0 9.93992,45.14533,0.0 9.93987,45.14531,0.0 9.93987,45.14531,0.0 9.93987,45.14531,0.0 9.93987,45.14531,0.0 9.93987,45.14531,0.0 9.93987,45.14531,0.0 9.93987,45.14531,0.0 9.93987,45.14531,0.0 9.93987,45.14531,0.0 9.93989,45.14533,0.0 9.93988,45.14533,0.0 9.93988,45.14534,0.0 9.93988,45.14534,0.0 9.93988,45.14534,0.0 9.93987,45.14534,0.0 9.93987,45.14533,0.0 9.93987,45.14533,0.0 9.93987,45.14533,0.0 9.93987,45.14533,0.0 9.93987,45.14533,0.0 9.93986,45.14531,0.0 9.93986,45.14531,0.0 9.93986,45.14531,0.0 9.93986,45.14531,0.0 9.93986,45.14531,0.0 9.93986,45.14531,0.0 9.93986,45.14531,0.0 9.93986,45.14531,0.0 9.93986,45.14531,0.0 9.93986,45.14531,0.0 9.93986,45.14531,0.0 9.93986,45.14531,0.0 9.93986,45.14531,0.0 9.93986,45.14531,0.0 9.93989,45.14533,0.0 9.93989,45.14533,0.0 9.93989,45.14533,0.0 9.93989,45.14533,0.0 9.93989,45.14533,0.0</coordinates>
                    </LineString>
                </Placemark>
            </Folder>
        </Folder>
        <Folder id="77">
            <name>2026-09-24 16:00</name>
            <Folder id="78">
                <name>16:00 – 16:09</name>
                <Placemark id="80">
                    <name>Rota 16:00</name>
                    <styleUrl>#2</styleUrl>
                    <LineString id="79">
                        <altitudeMode>clampToGround</altitudeMode>
                        <coordinates>9.93989,45.14533,0.0 9.93989,45.14533,0.0 9.93989,45.14533,0.0 9.93989,45.14533,0.0 9.93989,45.14533,0.0 9.93989,45.14533,0.0 9.93987,45.14535,0.0 9.93987,45.14535,0.0 9.93987,45.14535,0.0 9.93987,45.14535,0.0 9.93987,45.14535,0.0 9.93987,45.14535,0.0 9.93987,45.14534,0.0 9.93987,45.14533,0.0 9.93987,45.14533,0.0 9.93987,45.14532,0.0 9.93988,45.14533,0.0 9.93988,45.14533,0.0 9.93988,45.14533,0.0 9.93989,45.14534,0.0 9.93989,45.14534,0.0 9.9399,45.14534,0.0 9.93989,45.14535,0.0 9.93989,45.14535,0.0 9.93989,45.14535,0.0 9.93989,45.14535,0.0 9.93989,45.14535,0.0 9.93989,45.14535,0.0 9.93989,45.14535,0.0 9.93989,45.14535,0.0 9.93989,45.14535,0.0 9.93989,45.14535,0.0 9.93989,45.14535,0.0 9.93989,45.14535,0.0 9.93989,45.14535,0.0 9.93989,45.14535,0.0 9.93989,45.14535,0.0 9.93989,45.14535,0.0 9.93989,45.14535,0.0 9.93989,45.14535,0.0 9.93989,45.14535,0.0 9.93985,45.14532,0.0 9.93985,45.14532,0.0 9.93985,45.14532,0.0 9.93985,45.14532,0.0 9.93985,45.14532,0.0 9.93985,45.14532,0.0 9.93985,45.14532,0.0 9.93985,45.14532,0.0 9.93986,45.14533,0.0 9.93986,45.14534,0.0 9.93986,45.14534,0.0 9.93986,45.14534,0.0 9.93986,45.14534,0.0 9.93985,45.14534,0.0 9.93985,45.14534,0.0 9.93986,45.14533,0.0 9.93985,45.14531,0.0 9.93985,45.14531,0.0 9.93985,45.14531,0.0 9.93985,45.14531,0.0</coordinates>
                    </LineString>
                </Placemark>
                <Placemark id="82">
                    <name>Rota 16:01</name>
                    <styleUrl>#2</styleUrl>
                    <LineString id="81">
                        <altitudeMode>clampToGround</altitudeMode>
                        <coordinates>9.93985,45.14531,0.0 9.93985,45.14531,0.0 9.93986,45.14531,0.0 9.93986,45.14531,0.0 9.93986,45.14531,0.0 9.93986,45.14531,0.0 9.93986,45.14531,0.0 9.93986,45.14531,0.0 9.93986,45.14531,0.0 9.93986,45.14531,0.0 9.93991,45.14533,0.0 9.9399,45.14534,0.0 9.9399,45.14534,0.0 9.9399,45.14534,0.0 9.9399,45.14534,0.0 9.93989,45.14534,0.0 9.93989,45.14534,0.0 9.93989,45.14534,0.0 9.93989,45.14534,0.0 9.93989,45.14534,0.0 9.93989,45.14534,0.0 9.93989,45.14534,0.0 9.93989,45.14534,0.0 9.93989,45.14534,0.0 9.93989,45.14534,0.0 9.93989,45.14534,0.0 9.93989,45.14534,0.0 9.93989,45.14534,0.0 9.93987,45.14532,0.0 9.93987,45.14532,0.0 9.93987,45.14532,0.0 9.93987,45.14532,0.0 9.93987,45.14532,0.0 9.93987,45.14532,0.0 9.93987,45.14532,0.0 9.93987,45.14532,0.0 9.93987,45.14532,0.0 9.93987,45.14532,0.0 9.93987,45.14532,0.0 9.93987,45.14532,0.0 9.93989,45.14533,0.0 9.93989,45.14534,0.0 9.93989,45.14534,0.0 9.93989,45.14534,0.0 9.93989,45.14534,0.0 9.93989,45.14534,0.0 9.93989,45.14534,0.0 9.93989,45.14534,0.0 9.93988,45.14532,0.0 9.93988,45.14532,0.0 9.93988,45.14532,0.0 9.93988,45.14532,0.0 9.93988,45.14532,0.0 9.93988,45.14532,0.0 9.93988,45.14532,0.0 9.93988,45.14532,0.0 9.93988,45.14532,0.0 9.93988,45.14532,0.0 9.93988,45.14532,0.0 9.93988,45.14532,0.0 9.93988,45.14532,0.0</coordinates>
                    </LineString>
                </Placemark>
                <Placemark id="84">
                    <name>Rota 16:02</name>
                    <styleUrl>#2</styleUrl>
                    <LineString id="83">
                        <altitudeMode>clampToGround</altitudeMode>
                        <coordinates>9.93988,45.14532,0.0 9.93988,45.14532,0.0 9.93988,45.14532,0.0 9.93988,45.14532,0.0 9.9399,45.14535,0.0 9.9399,45.14535,0.0 9.93989,45.14535,0.0 9.93989,45.14535,0.0 9.93988,45.14535,0.0 9.93988,45.14535,0.0 9.93988,45.14535,0.0 9.93988,45.14535,0.0 9.93987,45.14532,0.0 9.93987,45.14532,0.0 9.93987,45.14532,0.0 9.93988,45.14532,0.0 9.93988,45.14532,0.0 9.93988,45.14532,0.0 9.93988,45.14532,0.0 9.93989,45.14534,0.0 9.93989,45.14534,0.0 9.93989,45.14534,0.0 9.93989,45.14534,0.0 9.93988,45.14534,0.0 9.93988,45.14534,0.0 9.93988,45.14534,0.0 9.93988,45.14534,0.0 9.93988,45.14534,0.0 9.93988,45.14534,0.0 9.93988,45.14534,0.0 9.93986,45.14532,0.0 9.93986,45.14532,0.0 9.93986,45.14531,0.0 9.93986,45.14531,0.0 9.93987,45.14531,0.0 9.93987,45.14531,0.0 9.93987,45.14531,0.0 9.93987,45.14531,0.0 9.93987,45.14531,0.0 9.93987,45.14531,0.0 9.93987,45.14531,0.0 9.93987,45.14531,0.0 9.93987,45.14531,0.0 9.93987,45.14531,0.0 9.93987,45.14531,0.0 9.93987,45.14531,0.0 9.93987,45.14531,0.0 9.93987,45.14531,0.0 9.93987,45.14531,0.0 9.93987,45.14531,0.0 9.93987,45.14531,0.0 9.93987,45.14531,0.0 9.93987,45.14531,0.0 9.93987,45.14531,0.0 9.93987,45.14531,0.0 9.93987,45.14531,0.0 9.93987,45.14531,0.0 9.93987,45.14531,0.0 9.93987,45.14531,0.0 9.93987,45.14531,0.0 9.93987,45.14531,0.0</coordinates>
                    </LineString>
                </Placemark>
                <Placemark id="86">
                    <name>Rota 16:03</name>
                    <styleUrl>#2</styleUrl>
                    <LineString id="85">
                        <altitudeMode>clampToGround</altitudeMode>
                        <coordinates>9.93987,45.14531,0.0 9.93987,45.14531,0.0 9.93987,45.14531,0.0 9.93987,45.14531,0.0 9.93993,45.14535,0.0 9.93992,45.14536,0.0 9.93991,45.14536,0.0 9.93991,45.14536,0.0 9.93991,45.14536,0.0 9.93991,45.14536,0.0 9.93991,45.14536,0.0 9.93991,45.14536,0.0 9.93991,45.14536,0.0 9.93991,45.14536,0.0 9.93991,45.14536,0.0 9.93991,45.14536,0.0 9.93991,45.14536,0.0 9.93991,45.14536,0.0 9.93991,45.14536,0.0 9.93991,45.14536,0.0 9.93991,45.14536,0.0 9.93988,45.14535,0.0 9.93987,45.14535,0.0 9.93987,45.14535,0.0 9.93987,45.14535,0.0 9.93987,45.14534,0.0 9.93987,45.14533,0.0 9.93987,45.14533,0.0 9.93987,45.14533,0.0 9.93987,45.14533,0.0 9.93986,45.14533,0.0 9.93986,45.14533,0.0 9.93986,45.14533,0.0 9.93986,45.14533,0.0 9.93988,45.14534,0.0 9.93988,45.14535,0.0 9.93987,45.14536,0.0 9.93987,45.14536,0.0 9.93986,45.14535,0.0 9.93986,45.14535,0.0 9.93986,45.14535,0.0 9.93986,45.14535,0.0 9.93986,45.14535,0.0 9.93986,45.14535,0.0 9.93986,45.14535,0.0 9.93986,45.14535,0.0 9.93986,45.14535,0.0 9.93986,45.14535,0.0 9.93986,45.14535,0.0 9.93986,45.14535,0.0 9.93986,45.14535,0.0 9.93986,45.14535,0.0 9.93986,45.14535,0.0 9.93986,45.14535,0.0 9.93986,45.14535,0.0 9.93986,45.14535,0.0 9.93986,45.14535,0.0 9.93986,45.14535,0.0 9.93986,45.14535,0.0 9.93986,45.14535,0.0 9.93986,45.14535,0.0</coordinates>
                    </LineString>
                </Placemark>
                <Placemark id="88">
                    <name>Rota 16:04</name>
                    <styleUrl>#2</styleUrl>
                    <LineString id="87">
                        <altitudeMode>clampToGround</altitudeMode>
                        <coordinates>9.93986,45.14535,0.0 9.93986,45.14535,0.0 9.93986,45.14535,0.0 9.93986,45.14535,0.0 9.93986,45.14535,0.0 9.93986,45.14535,0.0 9.93986,45.14535,0.0 9.93986,45.14535,0.0 9.93986,45.14535,0.0 9.93986,45.14535,0.0 9.93986,45.14535,0.0 9.93986,45.14535,0.0 9.93986,45.14535,0.0 9.93986,45.14535,0.0 9.93986,45.14535,0.0 9.93986,45.14535,0.0 9.93986,45.14535,0.0 9.93986,45.14535,0.0 9.93983,45.14531,0.0 9.93983,45.14531,0.0 9.93983,45.14531,0.0 9.93983,45.14531,0.0 9.93984,45.14531,0.0 9.93984,45.14531,0.0 9.93984,45.14531,0.0 9.93984,45.14531,0.0 9.93985,45.14533,0.0 9.93985,45.14533,0.0 9.93985,45.14534,0.0 9.93985,45.14534,0.0 9.93985,45.14534,0.0 9.93985,45.14534,0.0 9.93985,45.14534,0.0 9.93985,45.14534,0.0 9.93985,45.14534,0.0 9.93985,45.14534,0.0 9.93985,45.14534,0.0 9.93985,45.14534,0.0 9.93985,45.14534,0.0 9.93985,45.14534,0.0 9.93985,45.14534,0.0 9.93985,45.14534,0.0 9.93985,45.14534,0.0 9.93985,45.14534,0.0 9.93985,45.14534,0.0 9.93985,45.14534,0.0 9.93985,45.14534,0.0 9.93985,45.14534,0.0 9.93985,45.14534,0.0 9.93985,45.14534,0.0 9.93985,45.14534,0.0 9.93985,45.14534,0.0 9.93985,45.14534,0.0 9.93985,45.14534,0.0 9.93985,45.14534,0.0 9.93985,45.14534,0.0 9.93985,45.14534,0.0 9.93985,45.14534,0.0 9.93985,45.14534,0.0 9.93985,45.14534,0.0 9.93985,45.14534,0.0</coordinates>
                    </LineString>
                </Placemark>
                <Placemark id="90">
                    <name>Rota 16:05</name>
                    <styleUrl>#2</styleUrl>
                    <LineString id="89">
                        <altitudeMode>clampToGround</altitudeMode>
                        <coordinates>9.93985,45.14534,0.0 9.93985,45.14534,0.0 9.93985,45.14534,0.0 9.93985,45.14534,0.0 9.93985,45.14534,0.0 9.93985,45.14534,0.0 9.93983,45.14533,0.0 9.93983,45.14533,0.0 9.93983,45.14533,0.0 9.93983,45.14533,0.0 9.93984,45.14533,0.0 9.93984,45.14533,0.0 9.93984,45.14533,0.0 9.93984,45.14533,0.0 9.93984,45.14533,0.0 9.93984,45.14533,0.0 9.93984,45.14533,0.0 9.93984,45.14533,0.0 9.93984,45.14533,0.0 9.93984,45.14533,0.0 9.93984,45.14533,0.0 9.93984,45.14533,0.0 9.93984,45.14533,0.0 9.93984,45.14533,0.0 9.93984,45.14533,0.0 9.93984,45.14533,0.0 9.93984,45.14533,0.0 9.93984,45.14533,0.0 9.93984,45.14533,0.0 9.93984,45.14533,0.0 9.93984,45.14533,0.0 9.93984,45.14533,0.0 9.93984,45.14533,0.0 9.93984,45.14533,0.0 9.93984,45.14533,0.0 9.93984,45.14533,0.0 9.93984,45.14532,0.0 9.93984,45.14532,0.0 9.93984,45.14532,0.0 9.93984,45.14532,0.0 9.93984,45.14532,0.0 9.93984,45.14532,0.0 9.93984,45.14532,0.0 9.93984,45.14532,0.0 9.93984,45.14532,0.0 9.93984,45.14532,0.0 9.93984,45.14532,0.0 9.93984,45.14532,0.0 9.93984,45.14532,0.0 9.93984,45.14532,0.0 9.93984,45.14532,0.0 9.93984,45.14532,0.0 9.93984,45.14532,0.0 9.93984,45.14532,0.0 9.93984,45.14532,0.0 9.93984,45.14532,0.0 9.93984,45.14532,0.0 9.93984,45.14532,0.0 9.93984,45.14532,0.0 9.93984,45.14532,0.0 9.93984,45.14532,0.0</coordinates>
                    </LineString>
                </Placemark>
                <Placemark id="92">
                    <name>Rota 16:06</name>
                    <styleUrl>#2</styleUrl>
                    <LineString id="91">
                        <altitudeMode>clampToGround</altitudeMode>
                        <coordinates>9.93984,45.14532,0.0 9.93984,45.14532,0.0 9.93984,45.14532,0.0 9.93985,45.14534,0.0 9.93985,45.14534,0.0 9.93985,45.14535,0.0 9.93985,45.14535,0.0 9.93985,45.14534,0.0 9.93985,45.14534,0.0 9.93985,45.14534,0.0 9.93985,45.14534,0.0 9.93985,45.14534,0.0 9.93985,45.14534,0.0 9.93985,45.14534,0.0 9.93985,45.14534,0.0 9.93985,45.14534,0.0 9.93985,45.14534,0.0 9.93985,45.14534,0.0 9.93985,45.14534,0.0 9.93985,45.14534,0.0 9.93985,45.14534,0.0 9.93985,45.14534,0.0 9.93985,45.14534,0.0 9.93985,45.14534,0.0 9.93985,45.14534,0.0 9.93985,45.14534,0.0 9.93985,45.14534,0.0 9.93985,45.14534,0.0 9.93985,45.14534,0.0 9.93985,45.14534,0.0 9.93985,45.14534,0.0 9.93985,45.14534,0.0 9.93985,45.14534,0.0 9.93985,45.14534,0.0 9.93985,45.14534,0.0 9.93985,45.14534,0.0 9.93985,45.14534,0.0 9.93984,45.14531,0.0 9.93984,45.14531,0.0 9.93984,45.14531,0.0 9.93984,45.1453,0.0 9.93984,45.1453,0.0 9.93984,45.1453,0.0 9.93984,45.1453,0.0 9.93986,45.1453,0.0 9.93986,45.1453,0.0 9.93986,45.1453,0.0 9.93986,45.1453,0.0 9.93989,45.1453,0.0 9.93991,45.1453,0.0 9.93991,45.1453,0.0 9.93991,45.1453,0.0 9.93991,45.1453,0.0 9.93991,45.1453,0.0 9.93991,45.1453,0.0 9.93991,45.1453,0.0 9.93991,45.1453,0.0 9.93991,45.1453,0.0 9.93991,45.14532,0.0 9.9399,45.14533,0.0 9.9399,45.14533,0.0</coordinates>
                    </LineString>
                </Placemark>
                <Placemark id="94">
                    <name>Rota 16:07</name>
                    <styleUrl>#2</styleUrl>
                    <LineString id="93">
                        <altitudeMode>clampToGround</altitudeMode>
                        <coordinates>9.9399,45.14533,0.0 9.9399,45.14533,0.0 9.9399,45.14533,0.0 9.9399,45.14533,0.0 9.9399,45.14533,0.0 9.9399,45.14533,0.0 9.9399,45.14533,0.0 9.9399,45.14533,0.0 9.9399,45.14533,0.0 9.9399,45.14533,0.0 9.9399,45.14533,0.0 9.9399,45.14533,0.0 9.9399,45.14533,0.0 9.9399,45.14533,0.0 9.9399,45.14533,0.0 9.9399,45.14533,0.0 9.9399,45.14533,0.0 9.9399,45.14533,0.0 9.9399,45.14533,0.0 9.9399,45.14533,0.0 9.9399,45.14533,0.0 9.93989,45.14534,0.0 9.93989,45.14534,0.0 9.93988,45.14535,0.0 9.93988,45.14535,0.0 9.93988,45.14535,0.0 9.93988,45.14535,0.0 9.93988,45.14535,0.0 9.93988,45.14535,0.0 9.93988,45.14533,0.0 9.93987,45.14533,0.0 9.93987,45.14533,0.0 9.93987,45.14533,0.0 9.93986,45.14533,0.0 9.93987,45.14533,0.0 9.93987,45.14533,0.0 9.93987,45.14533,0.0 9.93987,45.14533,0.0 9.93987,45.14533,0.0 9.93987,45.14533,0.0 9.93987,45.14533,0.0 9.93987,45.14533,0.0 9.93987,45.14533,0.0 9.93987,45.14533,0.0 9.93987,45.14533,0.0 9.93987,45.14533,0.0 9.93987,45.14533,0.0 9.93987,45.14533,0.0 9.93987,45.14533,0.0 9.93987,45.14533,0.0 9.93987,45.14533,0.0 9.93987,45.14533,0.0 9.93987,45.14533,0.0 9.93987,45.14533,0.0 9.93986,45.14533,0.0 9.93986,45.14533,0.0 9.93986,45.14533,0.0 9.93986,45.14533,0.0 9.93986,45.14533,0.0 9.93986,45.14533,0.0 9.93986,45.14533,0.0</coordinates>
                    </LineString>
                </Placemark>
                <Placemark id="96">
                    <name>Rota 16:08</name>
                    <styleUrl>#2</styleUrl>
                    <LineString id="95">
                        <altitudeMode>clampToGround</altitudeMode>
                        <coordinates>9.93986,45.14533,0.0 9.93986,45.14533,0.0 9.93986,45.14533,0.0 9.93986,45.14533,0.0 9.93986,45.14533,0.0 9.93986,45.14533,0.0 9.93986,45.14533,0.0 9.9399,45.14534,0.0 9.9399,45.14535,0.0 9.9399,45.14535,0.0 9.93989,45.14535,0.0 9.93989,45.14535,0.0 9.93989,45.14535,0.0 9.93989,45.14535,0.0 9.93989,45.14535,0.0 9.93989,45.14535,0.0 9.93989,45.14535,0.0 9.93989,45.14535,0.0 9.93989,45.14535,0.0 9.93989,45.14535,0.0 9.93989,45.14535,0.0 9.93989,45.14535,0.0 9.93989,45.14535,0.0 9.93989,45.14535,0.0 9.93989,45.14535,0.0 9.93989,45.14535,0.0 9.93989,45.14535,0.0 9.93989,45.14535,0.0 9.93989,45.14535,0.0 9.93989,45.14535,0.0 9.93989,45.14535,0.0 9.93989,45.14535,0.0 9.93989,45.14535,0.0 9.93989,45.14535,0.0 9.93989,45.14535,0.0 9.93989,45.14535,0.0 9.93989,45.14535,0.0 9.93989,45.14535,0.0 9.93989,45.14535,0.0 9.93989,45.14535,0.0 9.93989,45.14535,0.0 9.93989,45.14535,0.0 9.93989,45.14535,0.0 9.93989,45.14535,0.0 9.93989,45.14535,0.0 9.93989,45.14535,0.0 9.93989,45.14535,0.0 9.93989,45.14535,0.0 9.93989,45.14535,0.0 9.93989,45.14535,0.0 9.93989,45.14535,0.0 9.93989,45.14535,0.0 9.93989,45.14535,0.0 9.93989,45.14535,0.0 9.93989,45.14535,0.0 9.93989,45.14535,0.0 9.93989,45.14535,0.0 9.93989,45.14535,0.0 9.93989,45.14535,0.0 9.93989,45.14535,0.0 9.93989,45.14535,0.0</coordinates>
                    </LineString>
                </Placemark>
                <Placemark id="98">
                    <name>Rota 16:09</name>
                    <styleUrl>#2</styleUrl>
                    <LineString id="97">
                        <altitudeMode>clampToGround</altitudeMode>
                        <coordinates>9.93989,45.14535,0.0 9.93989,45.14535,0.0 9.93989,45.14535,0.0 9.93989,45.14535,0.0 9.93989,45.14535,0.0 9.93989,45.14535,0.0 9.93989,45.14535,0.0 9.93984,45.14532,0.0 9.93984,45.14532,0.0 9.93984,45.14533,0.0 9.93984,45.14533,0.0 9.93984,45.14533,0.0 9.93984,45.14533,0.0 9.93984,45.14533,0.0 9.93984,45.14534,0.0 9.93984,45.14535,0.0 9.93984,45.14535,0.0 9.93984,45.14535,0.0 9.93984,45.14535,0.0 9.93984,45.14535,0.0 9.93985,45.14534,0.0 9.93985,45.14534,0.0 9.93984,45.14533,0.0 9.93984,45.14533,0.0 9.93984,45.14533,0.0 9.93984,45.14533,0.0 9.93984,45.14533,0.0 9.93984,45.14533,0.0 9.93984,45.14533,0.0 9.93984,45.14533,0.0 9.93985,45.14535,0.0 9.93985,45.14536,0.0 9.93984,45.14536,0.0 9.93984,45.14536,0.0 9.93984,45.14536,0.0 9.93984,45.14536,0.0 9.93984,45.14536,0.0 9.93985,45.14534,0.0 9.93984,45.14533,0.0 9.93984,45.14533,0.0 9.93985,45.14533,0.0 9.93985,45.14533,0.0 9.93985,45.14533,0.0 9.93985,45.14533,0.0 9.93985,45.14533,0.0 9.93985,45.14533,0.0 9.93985,45.14533,0.0 9.93987,45.14535,0.0 9.93987,45.14535,0.0 9.93986,45.14536,0.0 9.93986,45.14536,0.0 9.93986,45.14536,0.0 9.93986,45.14535,0.0 9.93986,45.14535,0.0 9.93987,45.14534,0.0 9.93987,45.14533,0.0 9.93987,45.14533,0.0 9.93987,45.14533,0.0 9.93987,45.14533,0.0 9.93987,45.14533,0.0 9.93987,45.14533,0.0</coordinates>
                    </LineString>
                </Placemark>
            </Folder>
            <Folder id="99">
                <name>16:10 – 16:19</name>
                <Placemark id="101">
                    <name>Rota 16:10</name>
                    <styleUrl>#2</styleUrl>
                    <LineString id="100">
                        <altitudeMode>clampToGround</altitudeMode>
                        <coordinates>9.93987,45.14533,0.0 9.93987,45.14533,0.0 9.93987,45.14533,0.0 9.93987,45.14533,0.0 9.93987,45.14533,0.0 9.93987,45.14533,0.0 9.93987,45.14533,0.0 9.93987,45.14533,0.0 9.93987,45.14533,0.0 9.93987,45.14533,0.0 9.93987,45.14533,0.0 9.93987,45.14533,0.0 9.93987,45.14533,0.0 9.9399,45.14534,0.0 9.9399,45.14535,0.0 9.9399,45.14535,0.0 9.93989,45.14535,0.0 9.93989,45.14535,0.0 9.93989,45.14535,0.0 9.93989,45.14535,0.0 9.93989,45.14535,0.0 9.93989,45.14535,0.0 9.93989,45.14535,0.0 9.93988,45.14534,0.0 9.93987,45.14533,0.0 9.93987,45.14533,0.0 9.93987,45.14533,0.0 9.93987,45.14533,0.0 9.93987,45.14533,0.0 9.93987,45.14533,0.0 9.93987,45.14533,0.0 9.93987,45.14533,0.0 9.93987,45.14533,0.0 9.93987,45.14533,0.0 9.93987,45.14533,0.0 9.93987,45.14533,0.0 9.9399,45.14534,0.0 9.9399,45.14535,0.0 9.93989,45.14535,0.0 9.93989,45.14535,0.0 9.93989,45.14535,0.0 9.93989,45.14535,0.0 9.93989,45.14535,0.0 9.93989,45.14535,0.0 9.93989,45.14535,0.0 9.93989,45.14535,0.0 9.93989,45.14535,0.0 9.93989,45.14535,0.0 9.93989,45.14535,0.0 9.93989,45.14535,0.0 9.93989,45.14535,0.0 9.93989,45.14535,0.0 9.93989,45.14535,0.0 9.93989,45.14535,0.0 9.93989,45.14535,0.0 9.93989,45.14535,0.0 9.93989,45.14535,0.0 9.93989,45.14535,0.0 9.93989,45.14535,0.0 9.93989,45.14535,0.0 9.93989,45.14535,0.0</coordinates>
                    </LineString>
                </Placemark>
                <Placemark id="103">
                    <name>Rota 16:11</name>
                    <styleUrl>#2</styleUrl>
                    <LineString id="102">
                        <altitudeMode>clampToGround</altitudeMode>
                        <coordinates>9.93989,45.14535,0.0 9.93989,45.14535,0.0 9.93989,45.14535,0.0 9.93989,45.14535,0.0 9.93989,45.14535,0.0 9.93989,45.14535,0.0 9.93989,45.14535,0.0 9.93989,45.14535,0.0 9.93989,45.14535,0.0 9.93989,45.14535,0.0 9.93989,45.14535,0.0 9.93989,45.14536,0.0 9.93989,45.14536,0.0 9.93989,45.14535,0.0 9.93989,45.14535,0.0 9.93989,45.14535,0.0 9.93989,45.14535,0.0 9.93989,45.14535,0.0 9.93989,45.14535,0.0 9.93989,45.14535,0.0 9.93989,45.14535,0.0 9.93989,45.14535,0.0 9.93989,45.14535,0.0 9.93989,45.14535,0.0 9.93986,45.14536,0.0 9.93985,45.14536,0.0 9.93985,45.14536,0.0 9.93985,45.14536,0.0 9.93985,45.14536,0.0 9.93985,45.14536,0.0 9.93985,45.14536,0.0 9.93985,45.14536,0.0 9.93985,45.14536,0.0 9.93985,45.14536,0.0 9.93985,45.14536,0.0 9.93985,45.14536,0.0 9.93985,45.14536,0.0 9.93985,45.14536,0.0 9.93985,45.14536,0.0 9.93985,45.14536,0.0 9.93985,45.14536,0.0 9.93985,45.14536,0.0 9.93987,45.14536,0.0 9.93986,45.14537,0.0 9.93986,45.14537,0.0 9.93986,45.14537,0.0 9.93986,45.14536,0.0 9.93986,45.14536,0.0 9.93986,45.14536,0.0 9.93986,45.14534,0.0 9.93986,45.14534,0.0 9.93985,45.14534,0.0 9.93986,45.14534,0.0 9.93986,45.14533,0.0 9.93986,45.14533,0.0 9.93986,45.14533,0.0 9.93986,45.14533,0.0 9.93986,45.14533,0.0 9.93986,45.14533,0.0 9.93986,45.14533,0.0 9.93986,45.14533,0.0</coordinates>
                    </LineString>
                </Placemark>
                <Placemark id="105">
                    <name>Rota 16:12</name>
                    <styleUrl>#2</styleUrl>
                    <LineString id="104">
                        <altitudeMode>clampToGround</altitudeMode>
                        <coordinates>9.93986,45.14533,0.0 9.93986,45.14533,0.0 9.93986,45.14533,0.0 9.93986,45.14533,0.0 9.93986,45.14533,0.0 9.93986,45.14533,0.0 9.93986,45.14533,0.0 9.93986,45.14533,0.0 9.93986,45.14533,0.0 9.93986,45.14533,0.0 9.93986,45.14533,0.0 9.93986,45.14533,0.0 9.93986,45.14533,0.0 9.93986,45.14533,0.0 9.93986,45.14533,0.0 9.93986,45.14533,0.0 9.93986,45.14533,0.0 9.93986,45.14533,0.0 9.93986,45.14533,0.0 9.93986,45.14533,0.0 9.93986,45.14533,0.0 9.93986,45.14533,0.0 9.93986,45.14533,0.0 9.93986,45.14533,0.0 9.93986,45.14533,0.0 9.93986,45.14533,0.0 9.93986,45.14533,0.0 9.93986,45.14533,0.0 9.93986,45.14532,0.0 9.93986,45.14532,0.0 9.93986,45.14532,0.0 9.93986,45.14532,0.0 9.93986,45.14532,0.0 9.93986,45.14532,0.0 9.93986,45.14532,0.0 9.93986,45.14532,0.0 9.93986,45.14532,0.0 9.93986,45.14532,0.0 9.93986,45.14532,0.0 9.93986,45.14532,0.0 9.93986,45.14532,0.0 9.93986,45.14532,0.0 9.93986,45.14532,0.0 9.93986,45.14532,0.0 9.93986,45.14532,0.0 9.93989,45.14534,0.0 9.93988,45.14534,0.0 9.93988,45.14534,0.0 9.93988,45.14534,0.0 9.93988,45.14534,0.0 9.93988,45.14534,0.0 9.93988,45.14534,0.0 9.93988,45.14534,0.0 9.93988,45.14534,0.0 9.93988,45.14534,0.0 9.93988,45.14534,0.0 9.93988,45.14534,0.0 9.93988,45.14534,0.0 9.93988,45.14534,0.0 9.93988,45.14534,0.0 9.93988,45.14534,0.0</coordinates>
                    </LineString>
                </Placemark>
                <Placemark id="107">
                    <name>Rota 16:13</name>
                    <styleUrl>#2</styleUrl>
                    <LineString id="106">
                        <altitudeMode>clampToGround</altitudeMode>
                        <coordinates>9.93988,45.14534,0.0 9.93988,45.14534,0.0 9.93988,45.14534,0.0 9.93988,45.14534,0.0 9.93988,45.14534,0.0 9.93988,45.14534,0.0 9.93988,45.14534,0.0 9.93988,45.14534,0.0 9.93988,45.14534,0.0 9.93988,45.14534,0.0 9.93988,45.14534,0.0 9.93988,45.14534,0.0 9.93988,45.14534,0.0 9.93988,45.14534,0.0 9.93988,45.14534,0.0 9.93988,45.14534,0.0 9.93988,45.14534,0.0 9.93988,45.14534,0.0 9.93988,45.14534,0.0 9.93984,45.14531,0.0 9.93984,45.14531,0.0 9.93984,45.14531,0.0 9.93984,45.14531,0.0 9.93984,45.1453,0.0 9.93985,45.14531,0.0 9.93985,45.14531,0.0 9.93985,45.14531,0.0 9.93985,45.14531,0.0 9.93985,45.14531,0.0 9.93985,45.14531,0.0 9.93985,45.14531,0.0 9.93985,45.14531,0.0 9.93985,45.14531,0.0 9.93985,45.14531,0.0 9.93985,45.14531,0.0 9.93985,45.14531,0.0 9.93985,45.14531,0.0 9.93985,45.14531,0.0 9.93985,45.14531,0.0 9.93985,45.14531,0.0 9.93985,45.14531,0.0 9.93985,45.14531,0.0 9.93985,45.14531,0.0 9.93985,45.14531,0.0 9.93985,45.14531,0.0 9.93985,45.14531,0.0 9.93985,45.14531,0.0 9.93985,45.14531,0.0 9.93985,45.14531,0.0 9.93985,45.14531,0.0 9.93985,45.14531,0.0 9.93985,45.14531,0.0 9.93985,45.14531,0.0 9.93985,45.14531,0.0 9.93995,45.14529,0.0 9.93996,45.1453,0.0 9.93996,45.1453,0.0 9.93996,45.1453,0.0 9.93995,45.1453,0.0 9.93995,45.1453,0.0 9.93995,45.1453,0.0</coordinates>
                    </LineString>
                </Placemark>
                <Placemark id="109">
                    <name>Rota 16:14</name>
                    <styleUrl>#2</styleUrl>
                    <LineString id="108">
                        <altitudeMode>clampToGround</altitudeMode>
                        <coordinates>9.93995,45.1453,0.0 9.93995,45.1453,0.0 9.93994,45.14532,0.0 9.93994,45.14532,0.0 9.93994,45.14533,0.0 9.93992,45.14533,0.0 9.93992,45.14533,0.0 9.93992,45.14533,0.0 9.93992,45.14533,0.0 9.93992,45.14533,0.0 9.93992,45.14533,0.0 9.93992,45.14533,0.0 9.93992,45.14533,0.0 9.93992,45.14533,0.0 9.93992,45.14533,0.0 9.93992,45.14533,0.0 9.93992,45.14533,0.0 9.93992,45.14533,0.0 9.93992,45.14533,0.0 9.93992,45.14533,0.0 9.93992,45.14533,0.0 9.93992,45.14533,0.0 9.93992,45.14533,0.0 9.93992,45.14533,0.0 9.93992,45.14533,0.0 9.93992,45.14533,0.0 9.93992,45.14533,0.0 9.93992,45.14533,0.0 9.93992,45.14533,0.0 9.93992,45.14533,0.0 9.93992,45.14533,0.0 9.93992,45.14533,0.0 9.93992,45.14533,0.0 9.93992,45.14533,0.0 9.93992,45.14533,0.0 9.93992,45.14533,0.0 9.93992,45.14533,0.0 9.93992,45.14533,0.0 9.93992,45.14533,0.0 9.93992,45.14533,0.0 9.93992,45.14533,0.0 9.93992,45.14533,0.0 9.93985,45.14531,0.0 9.93986,45.14531,0.0 9.93986,45.14531,0.0 9.93986,45.14531,0.0 9.93986,45.14531,0.0 9.93986,45.14531,0.0 9.93986,45.14531,0.0 9.93986,45.14531,0.0 9.93986,45.14531,0.0 9.93986,45.14531,0.0 9.93986,45.14531,0.0 9.93986,45.14531,0.0 9.93986,45.14531,0.0 9.93986,45.14531,0.0 9.93986,45.14531,0.0 9.93986,45.14531,0.0 9.93986,45.14531,0.0 9.93986,45.14531,0.0 9.93986,45.14531,0.0</coordinates>
                    </LineString>
                </Placemark>
                <Placemark id="111">
                    <name>Rota 16:15</name>
                    <styleUrl>#2</styleUrl>
                    <LineString id="110">
                        <altitudeMode>clampToGround</altitudeMode>
                        <coordinates>9.93986,45.14531,0.0 9.93986,45.14531,0.0 9.93987,45.14535,0.0 9.93987,45.14535,0.0 9.93987,45.14535,0.0 9.93986,45.14534,0.0 9.93986,45.14534,0.0 9.93986,45.14534,0.0 9.93986,45.14534,0.0 9.93986,45.14534,0.0 9.93986,45.14534,0.0 9.93985,45.14532,0.0 9.93985,45.14532,0.0 9.93985,45.14532,0.0 9.93985,45.14532,0.0 9.93985,45.14532,0.0 9.93985,45.14532,0.0 9.93985,45.14532,0.0 9.93985,45.14532,0.0 9.93986,45.14534,0.0 9.93986,45.14534,0.0 9.93986,45.14534,0.0 9.93985,45.14534,0.0 9.93985,45.14534,0.0 9.93985,45.14534,0.0 9.93985,45.14534,0.0 9.93985,45.14532,0.0 9.93985,45.14532,0.0 9.93985,45.14532,0.0 9.93985,45.14532,0.0 9.93985,45.14532,0.0 9.93985,45.14532,0.0 9.93985,45.14532,0.0 9.93985,45.14532,0.0 9.93985,45.14532,0.0 9.93985,45.14532,0.0 9.93985,45.14532,0.0 9.93985,45.14532,0.0 9.93985,45.14532,0.0 9.93985,45.14532,0.0 9.93985,45.14532,0.0 9.93985,45.14532,0.0 9.93985,45.14532,0.0 9.93985,45.14532,0.0 9.93985,45.14532,0.0 9.93985,45.14532,0.0 9.93985,45.14532,0.0 9.93985,45.14532,0.0 9.93985,45.14532,0.0 9.93985,45.14532,0.0 9.93985,45.14532,0.0 9.93985,45.14532,0.0 9.93985,45.14532,0.0 9.93985,45.14532,0.0 9.93985,45.14532,0.0 9.93985,45.14532,0.0 9.93985,45.14532,0.0 9.93985,45.14532,0.0 9.93985,45.14532,0.0 9.93985,45.14532,0.0 9.93985,45.14532,0.0</coordinates>
                    </LineString>
                </Placemark>
                <Placemark id="113">
                    <name>Rota 16:16</name>
                    <styleUrl>#2</styleUrl>
                    <LineString id="112">
                        <altitudeMode>clampToGround</altitudeMode>
                        <coordinates>9.93985,45.14532,0.0 9.93985,45.14532,0.0 9.93985,45.14532,0.0 9.93985,45.14532,0.0 9.93991,45.14533,0.0 9.9399,45.14533,0.0 9.9399,45.14533,0.0 9.9399,45.14533,0.0 9.9399,45.14533,0.0 9.9399,45.14533,0.0 9.9399,45.14533,0.0 9.9399,45.14533,0.0 9.9399,45.14533,0.0 9.9399,45.14533,0.0 9.9399,45.14533,0.0 9.9399,45.14533,0.0 9.93987,45.14531,0.0 9.93987,45.1453,0.0 9.93987,45.1453,0.0 9.93987,45.1453,0.0 9.93987,45.1453,0.0 9.93987,45.1453,0.0 9.93987,45.1453,0.0 9.93987,45.1453,0.0 9.93987,45.1453,0.0 9.93987,45.1453,0.0 9.93987,45.1453,0.0 9.93987,45.1453,0.0 9.93987,45.1453,0.0 9.93987,45.1453,0.0 9.93987,45.1453,0.0 9.93987,45.1453,0.0 9.93987,45.1453,0.0 9.93989,45.14532,0.0 9.93989,45.14532,0.0 9.93989,45.14532,0.0 9.93988,45.14532,0.0 9.93988,45.14532,0.0 9.93988,45.14532,0.0 9.93988,45.14532,0.0 9.93986,45.14531,0.0 9.93986,45.14531,0.0 9.93986,45.14531,0.0 9.93986,45.14531,0.0 9.93986,45.14531,0.0 9.93986,45.14532,0.0 9.93986,45.14532,0.0 9.93986,45.14532,0.0 9.93986,45.14532,0.0 9.93986,45.14532,0.0 9.93986,45.14532,0.0 9.93986,45.14532,0.0 9.93986,45.14532,0.0 9.93986,45.14532,0.0 9.93986,45.14532,0.0 9.93986,45.14532,0.0 9.93986,45.14532,0.0 9.93986,45.14532,0.0 9.93986,45.14532,0.0 9.93986,45.14532,0.0 9.93986,45.14532,0.0</coordinates>
                    </LineString>
                </Placemark>
                <Placemark id="115">
                    <name>Rota 16:17</name>
                    <styleUrl>#2</styleUrl>
                    <LineString id="114">
                        <altitudeMode>clampToGround</altitudeMode>
                        <coordinates>9.93986,45.14532,0.0 9.93986,45.14532,0.0 9.93986,45.14532,0.0 9.93986,45.14532,0.0 9.93986,45.14532,0.0 9.93986,45.14532,0.0 9.93986,45.14532,0.0 9.93986,45.14532,0.0 9.93986,45.14532,0.0 9.93986,45.14532,0.0 9.93986,45.14532,0.0 9.93986,45.14532,0.0 9.93986,45.14532,0.0 9.93986,45.14532,0.0 9.93986,45.14532,0.0 9.93986,45.14532,0.0 9.93986,45.14532,0.0 9.93986,45.14532,0.0 9.93986,45.14532,0.0 9.93986,45.14532,0.0 9.93986,45.14532,0.0 9.93986,45.14532,0.0 9.93986,45.14532,0.0 9.93986,45.14532,0.0 9.93986,45.14532,0.0 9.93986,45.14532,0.0 9.93986,45.14532,0.0 9.93986,45.14532,0.0 9.93986,45.14532,0.0 9.93986,45.14532,0.0 9.93986,45.14532,0.0 9.93997,45.14531,0.0 9.93996,45.14532,0.0 9.93995,45.14532,0.0 9.93994,45.14532,0.0 9.93994,45.14532,0.0 9.93994,45.14532,0.0 9.93994,45.14532,0.0 9.93994,45.14532,0.0 9.93994,45.14532,0.0 9.93994,45.14532,0.0 9.93994,45.14532,0.0 9.93994,45.14532,0.0 9.93994,45.14532,0.0 9.93994,45.14532,0.0 9.93994,45.14532,0.0 9.93994,45.14532,0.0 9.93994,45.14532,0.0 9.93994,45.14532,0.0 9.93994,45.14532,0.0 9.93994,45.14532,0.0 9.93994,45.14532,0.0 9.93994,45.14532,0.0 9.93994,45.14532,0.0 9.93994,45.14532,0.0 9.93994,45.14532,0.0 9.93994,45.14532,0.0 9.93994,45.14532,0.0 9.93994,45.14532,0.0 9.93994,45.14532,0.0 9.93994,45.14532,0.0</coordinates>
                    </LineString>
                </Placemark>
                <Placemark id="117">
                    <name>Rota 16:18</name>
                    <styleUrl>#2</styleUrl>
                    <LineString id="116">
                        <altitudeMode>clampToGround</altitudeMode>
                        <coordinates>9.93994,45.14532,0.0 9.93994,45.14532,0.0 9.93994,45.14532,0.0 9.93994,45.14532,0.0 9.93994,45.14532,0.0 9.93994,45.14532,0.0 9.93994,45.14532,0.0 9.93994,45.14532,0.0 9.93994,45.14532,0.0 9.93994,45.14532,0.0 9.93994,45.14532,0.0 9.93994,45.14532,0.0 9.93994,45.14532,0.0 9.93994,45.14532,0.0 9.93994,45.14532,0.0 9.93994,45.14532,0.0 9.93994,45.14532,0.0 9.93985,45.14531,0.0 9.93985,45.14531,0.0 9.93985,45.14531,0.0 9.93986,45.14531,0.0 9.93986,45.14531,0.0 9.93986,45.14531,0.0 9.93986,45.14531,0.0 9.93986,45.14531,0.0 9.93986,45.14531,0.0 9.93986,45.14531,0.0 9.93986,45.14531,0.0 9.93986,45.14531,0.0 9.93986,45.14531,0.0 9.93986,45.14531,0.0 9.93986,45.14531,0.0 9.93986,45.14531,0.0 9.93986,45.14531,0.0 9.93986,45.14531,0.0 9.93986,45.14531,0.0 9.93986,45.14531,0.0 9.93986,45.14531,0.0 9.93986,45.14531,0.0 9.93986,45.14531,0.0 9.93986,45.14531,0.0 9.93986,45.14531,0.0 9.93986,45.14531,0.0 9.93986,45.14531,0.0 9.93986,45.14531,0.0 9.93986,45.14531,0.0 9.93986,45.14531,0.0 9.93986,45.14531,0.0 9.93986,45.14531,0.0 9.93986,45.14531,0.0 9.93986,45.14531,0.0 9.93986,45.14531,0.0 9.93986,45.14531,0.0 9.93986,45.14531,0.0 9.93986,45.14531,0.0 9.93986,45.14531,0.0 9.93986,45.14531,0.0 9.93986,45.14531,0.0 9.93986,45.14531,0.0 9.93986,45.14531,0.0 9.93986,45.14531,0.0</coordinates>
                    </LineString>
                </Placemark>
                <Placemark id="119">
                    <name>Rota 16:19</name>
                    <styleUrl>#2</styleUrl>
                    <LineString id="118">
                        <altitudeMode>clampToGround</altitudeMode>
                        <coordinates>9.93986,45.14531,0.0 9.93986,45.14531,0.0 9.93986,45.14531,0.0 9.93986,45.14531,0.0 9.93986,45.14531,0.0 9.93986,45.14531,0.0 9.93986,45.14531,0.0 9.93986,45.14531,0.0 9.93986,45.14531,0.0 9.93986,45.14531,0.0 9.93986,45.14531,0.0 9.93986,45.14531,0.0 9.93986,45.14531,0.0 9.93986,45.14531,0.0 9.93986,45.14531,0.0 9.93986,45.14531,0.0 9.93986,45.14531,0.0 9.93986,45.14531,0.0 9.93986,45.14531,0.0 9.93986,45.14531,0.0 9.93986,45.14531,0.0 9.93986,45.14531,0.0 9.93986,45.14531,0.0 9.93986,45.14531,0.0 9.93986,45.14531,0.0 9.93986,45.14531,0.0 9.93986,45.14531,0.0 9.93986,45.14531,0.0 9.93986,45.14531,0.0 9.93986,45.14531,0.0 9.93986,45.14531,0.0 9.93986,45.14531,0.0 9.93986,45.14531,0.0 9.93986,45.14531,0.0 9.93986,45.14531,0.0 9.93986,45.14531,0.0 9.93986,45.14531,0.0 9.93986,45.14531,0.0 9.93986,45.14531,0.0 9.93986,45.14531,0.0 9.93986,45.14531,0.0 9.93986,45.14531,0.0 9.93986,45.14531,0.0 9.93986,45.14531,0.0 9.93986,45.14531,0.0 9.93986,45.14531,0.0 9.93986,45.14531,0.0 9.93986,45.14531,0.0 9.93986,45.14531,0.0 9.93986,45.14531,0.0 9.93986,45.14531,0.0 9.93986,45.14531,0.0 9.93986,45.14531,0.0 9.93986,45.14531,0.0 9.93986,45.14531,0.0 9.93986,45.14531,0.0 9.93986,45.14531,0.0 9.93986,45.14531,0.0 9.93986,45.14531,0.0 9.93986,45.14531,0.0 9.93986,45.14531,0.0</coordinates>
                    </LineString>
                </Placemark>
            </Folder>
            <Folder id="120">
                <name>16:20 – 16:29</name>
                <Placemark id="122">
                    <name>Rota 16:20</name>
                    <styleUrl>#2</styleUrl>
                    <LineString id="121">
                        <altitudeMode>clampToGround</altitudeMode>
                        <coordinates>9.93986,45.14531,0.0 9.93986,45.14531,0.0 9.93986,45.14531,0.0 9.93986,45.14531,0.0 9.93986,45.14531,0.0 9.93986,45.14531,0.0 9.93986,45.14531,0.0 9.93986,45.14531,0.0 9.93986,45.14531,0.0 9.93986,45.14531,0.0 9.93986,45.14531,0.0 9.93986,45.14531,0.0 9.93986,45.14531,0.0 9.93986,45.14531,0.0 9.93986,45.14531,0.0 9.93986,45.14531,0.0 9.93986,45.14531,0.0 9.93986,45.14531,0.0 9.93986,45.14531,0.0 9.93986,45.14531,0.0 9.93986,45.14531,0.0 9.93986,45.14531,0.0 9.93986,45.14531,0.0 9.93986,45.14531,0.0 9.93986,45.14531,0.0 9.93986,45.14531,0.0 9.93986,45.14531,0.0 9.93986,45.14531,0.0 9.93986,45.14531,0.0 9.93986,45.14531,0.0 9.93986,45.14531,0.0 9.93986,45.14531,0.0 9.93986,45.14531,0.0 9.93986,45.14531,0.0 9.93986,45.14531,0.0 9.93986,45.14531,0.0 9.93986,45.14531,0.0 9.93986,45.14531,0.0 9.93986,45.14531,0.0 9.93986,45.14531,0.0 9.93986,45.14531,0.0 9.93986,45.14531,0.0 9.93986,45.14531,0.0 9.93986,45.14531,0.0 9.93986,45.14531,0.0 9.93986,45.14531,0.0 9.93986,45.14531,0.0 9.93986,45.14531,0.0 9.93986,45.14531,0.0 9.93986,45.14531,0.0 9.93986,45.14531,0.0 9.93986,45.14531,0.0 9.93986,45.14531,0.0 9.93986,45.14531,0.0 9.93986,45.14531,0.0 9.93986,45.14531,0.0 9.93986,45.14531,0.0 9.93986,45.14531,0.0 9.93986,45.14531,0.0 9.93986,45.14531,0.0 9.93986,45.14531,0.0</coordinates>
                    </LineString>
                </Placemark>
                <Placemark id="124">
                    <name>Rota 16:21</name>
                    <styleUrl>#2</styleUrl>
                    <LineString id="123">
                        <altitudeMode>clampToGround</altitudeMode>
                        <coordinates>9.93986,45.14531,0.0 9.93986,45.14531,0.0 9.93986,45.14531,0.0 9.93986,45.14531,0.0 9.93986,45.14531,0.0 9.93986,45.14531,0.0 9.93986,45.14531,0.0 9.93986,45.14531,0.0 9.93986,45.14531,0.0 9.93986,45.14531,0.0 9.93986,45.14531,0.0 9.93986,45.14531,0.0 9.93986,45.14531,0.0 9.93986,45.14531,0.0 9.93986,45.14531,0.0 9.93986,45.14531,0.0 9.93986,45.14531,0.0 9.93986,45.14531,0.0 9.93986,45.14531,0.0 9.93986,45.14531,0.0 9.93986,45.14531,0.0 9.93986,45.14531,0.0 9.93986,45.14531,0.0 9.93986,45.14531,0.0 9.93986,45.14531,0.0 9.93986,45.14531,0.0 9.93986,45.14531,0.0 9.93986,45.14531,0.0 9.93986,45.14531,0.0 9.93986,45.14531,0.0 9.93986,45.14531,0.0 9.93986,45.14531,0.0 9.93986,45.14531,0.0 9.93986,45.14531,0.0 9.93986,45.14531,0.0 9.93986,45.14531,0.0 9.93986,45.14531,0.0 9.93983,45.14533,0.0 9.93983,45.14533,0.0 9.93983,45.14533,0.0 9.93983,45.14533,0.0 9.93983,45.14533,0.0 9.93983,45.14533,0.0 9.93984,45.14532,0.0 9.93984,45.14532,0.0 9.93985,45.14532,0.0 9.93985,45.14532,0.0 9.93985,45.14532,0.0 9.93985,45.14532,0.0 9.93985,45.14532,0.0 9.93985,45.14532,0.0 9.93985,45.14532,0.0 9.93985,45.14532,0.0 9.93985,45.14532,0.0 9.93987,45.14536,0.0 9.93986,45.14536,0.0 9.93986,45.14536,0.0 9.93986,45.14536,0.0 9.93986,45.14536,0.0 9.93986,45.14536,0.0 9.93986,45.14536,0.0</coordinates>
                    </LineString>
                </Placemark>
                <Placemark id="126">
                    <name>Rota 16:22</name>
                    <styleUrl>#2</styleUrl>
                    <LineString id="125">
                        <altitudeMode>clampToGround</altitudeMode>
                        <coordinates>9.93986,45.14536,0.0 9.93986,45.14536,0.0 9.93986,45.14536,0.0 9.93986,45.14536,0.0 9.93986,45.14536,0.0 9.93986,45.14536,0.0 9.93986,45.14536,0.0 9.93986,45.14536,0.0 9.93986,45.14536,0.0 9.93986,45.14536,0.0 9.93986,45.14536,0.0 9.93986,45.14536,0.0 9.93986,45.14536,0.0 9.93986,45.14536,0.0 9.93986,45.14536,0.0 9.93986,45.14536,0.0 9.93986,45.14536,0.0 9.93986,45.14536,0.0 9.93986,45.14536,0.0 9.93986,45.14536,0.0 9.93986,45.14536,0.0 9.93986,45.14536,0.0 9.93986,45.14536,0.0 9.93986,45.14536,0.0 9.93986,45.14536,0.0 9.93986,45.14536,0.0 9.93986,45.14536,0.0 9.93986,45.14536,0.0 9.93986,45.14536,0.0 9.93986,45.14536,0.0 9.93986,45.14536,0.0 9.93986,45.14536,0.0 9.93986,45.14536,0.0 9.93986,45.14536,0.0 9.93986,45.14536,0.0 9.93986,45.14536,0.0 9.93986,45.14536,0.0 9.93986,45.14536,0.0 9.93986,45.14536,0.0 9.93986,45.14536,0.0 9.93988,45.14536,0.0 9.93988,45.14536,0.0 9.93987,45.14536,0.0 9.93987,45.14535,0.0 9.93987,45.14535,0.0 9.93987,45.14535,0.0 9.93987,45.14535,0.0 9.93987,45.14535,0.0 9.93987,45.14535,0.0 9.93987,45.14535,0.0 9.93987,45.14535,0.0 9.93987,45.14535,0.0 9.93987,45.14535,0.0 9.93986,45.14535,0.0 9.93986,45.14536,0.0 9.93986,45.14535,0.0 9.93986,45.14535,0.0 9.93985,45.14535,0.0 9.93985,45.14535,0.0 9.93985,45.14535,0.0 9.93985,45.14533,0.0</coordinates>
                    </LineString>
                </Placemark>
                <Placemark id="128">
                    <name>Rota 16:23</name>
                    <styleUrl>#2</styleUrl>
                    <LineString id="127">
                        <altitudeMode>clampToGround</altitudeMode>
                        <coordinates>9.93985,45.14533,0.0 9.93985,45.14533,0.0 9.93985,45.14533,0.0 9.93985,45.14533,0.0 9.93986,45.14533,0.0 9.93986,45.14533,0.0 9.93986,45.14533,0.0 9.93986,45.14533,0.0 9.93988,45.14535,0.0 9.93988,45.14535,0.0 9.93988,45.14535,0.0 9.93987,45.14535,0.0 9.93987,45.14535,0.0 9.93987,45.14535,0.0 9.93987,45.14534,0.0 9.93987,45.14534,0.0 9.93987,45.14533,0.0 9.93987,45.14533,0.0 9.93987,45.14533,0.0 9.93987,45.14533,0.0 9.93987,45.14533,0.0 9.93987,45.14533,0.0 9.93987,45.14533,0.0 9.93988,45.14536,0.0 9.93987,45.14536,0.0 9.93987,45.14536,0.0 9.93987,45.14535,0.0 9.93987,45.14535,0.0 9.93987,45.14535,0.0 9.93987,45.14535,0.0 9.93987,45.14535,0.0 9.93987,45.14535,0.0 9.93987,45.14535,0.0 9.93987,45.14535,0.0 9.93987,45.14535,0.0 9.93987,45.14535,0.0 9.93987,45.14535,0.0 9.93987,45.14535,0.0 9.93987,45.14535,0.0 9.93987,45.14535,0.0 9.93987,45.14535,0.0 9.93987,45.14535,0.0 9.93987,45.14535,0.0 9.93987,45.14535,0.0 9.93987,45.14535,0.0 9.93987,45.14535,0.0 9.93987,45.14535,0.0 9.93987,45.14535,0.0 9.93987,45.14535,0.0 9.93987,45.14535,0.0 9.93987,45.14535,0.0 9.93987,45.14535,0.0 9.93987,45.14535,0.0 9.93987,45.14535,0.0 9.93987,45.14535,0.0 9.93987,45.14535,0.0 9.93987,45.14535,0.0 9.93987,45.14535,0.0 9.93987,45.14535,0.0 9.93989,45.14532,0.0 9.93989,45.14533,0.0</coordinates>
                    </LineString>
                </Placemark>
                <Placemark id="130">
                    <name>Rota 16:24</name>
                    <styleUrl>#2</styleUrl>
                    <LineString id="129">
                        <altitudeMode>clampToGround</altitudeMode>
                        <coordinates>9.93989,45.14533,0.0 9.93988,45.14533,0.0 9.93988,45.14533,0.0 9.93988,45.14533,0.0 9.93988,45.14533,0.0 9.93988,45.14533,0.0 9.93988,45.14533,0.0 9.93988,45.14533,0.0 9.93988,45.14533,0.0 9.93987,45.14531,0.0 9.93987,45.14531,0.0 9.93987,45.14531,0.0 9.93987,45.14531,0.0 9.93987,45.14531,0.0 9.93987,45.14531,0.0 9.93987,45.14531,0.0 9.93987,45.14531,0.0 9.93989,45.14533,0.0 9.93988,45.14533,0.0 9.93988,45.14533,0.0 9.93988,45.14533,0.0 9.93987,45.14533,0.0 9.93987,45.14533,0.0 9.93987,45.14533,0.0 9.93987,45.14533,0.0 9.93987,45.14533,0.0 9.93987,45.14533,0.0 9.93987,45.14533,0.0 9.93987,45.14533,0.0 9.93987,45.14533,0.0 9.93987,45.14533,0.0 9.93987,45.14533,0.0 9.93987,45.14533,0.0 9.93987,45.14533,0.0 9.93987,45.14533,0.0 9.93987,45.14533,0.0 9.93989,45.14534,0.0 9.93989,45.14534,0.0 9.93989,45.14534,0.0 9.93988,45.14534,0.0 9.93988,45.14534,0.0 9.93988,45.14534,0.0 9.93988,45.14534,0.0 9.93988,45.14534,0.0 9.93988,45.14534,0.0 9.93988,45.14532,0.0 9.93988,45.14532,0.0 9.93988,45.14532,0.0 9.93988,45.14532,0.0 9.93988,45.14532,0.0 9.93988,45.14532,0.0 9.93988,45.14532,0.0 9.93988,45.14532,0.0 9.93989,45.14533,0.0 9.93989,45.14533,0.0 9.93989,45.14534,0.0 9.93988,45.14534,0.0 9.93988,45.14534,0.0 9.93988,45.14534,0.0 9.93988,45.14534,0.0 9.93988,45.14534,0.0</coordinates>
                    </LineString>
                </Placemark>
                <Placemark id="132">
                    <name>Rota 16:25</name>
                    <styleUrl>#2</styleUrl>
                    <LineString id="131">
                        <altitudeMode>clampToGround</altitudeMode>
                        <coordinates>9.93988,45.14534,0.0 9.93988,45.14534,0.0 9.93988,45.14532,0.0 9.93988,45.14532,0.0 9.93988,45.14532,0.0 9.93988,45.14532,0.0 9.93988,45.14532,0.0 9.93988,45.14532,0.0 9.93988,45.14532,0.0 9.93989,45.14533,0.0 9.93989,45.14534,0.0 9.93989,45.14534,0.0 9.93988,45.14534,0.0 9.93988,45.14534,0.0 9.93988,45.14534,0.0 9.93988,45.14534,0.0 9.93988,45.14534,0.0 9.93988,45.14534,0.0 9.93988,45.14532,0.0 9.93987,45.14532,0.0 9.93987,45.14532,0.0 9.93987,45.14532,0.0 9.93987,45.14532,0.0 9.93987,45.14532,0.0 9.93987,45.14532,0.0 9.93988,45.14534,0.0 9.93988,45.14534,0.0 9.93987,45.14535,0.0 9.93987,45.14534,0.0 9.93987,45.14534,0.0 9.93987,45.14534,0.0 9.93987,45.14534,0.0 9.93987,45.14534,0.0 9.93987,45.14534,0.0 9.93987,45.14534,0.0 9.93987,45.14534,0.0 9.93987,45.14534,0.0 9.93987,45.14534,0.0 9.93987,45.14534,0.0 9.93987,45.14534,0.0 9.93985,45.14532,0.0 9.93985,45.14532,0.0 9.93985,45.14532,0.0 9.93986,45.14532,0.0 9.93986,45.14532,0.0 9.93986,45.14532,0.0 9.93986,45.14532,0.0 9.93986,45.14532,0.0 9.93986,45.14532,0.0 9.93986,45.14532,0.0 9.93986,45.14532,0.0 9.93986,45.14532,0.0 9.93986,45.14532,0.0 9.93986,45.14532,0.0 9.9399,45.14535,0.0 9.93989,45.14535,0.0 9.93989,45.14535,0.0 9.93989,45.14535,0.0 9.93989,45.14535,0.0 9.93989,45.14535,0.0 9.93989,45.14533,0.0</coordinates>
                    </LineString>
                </Placemark>
                <Placemark id="134">
                    <name>Rota 16:26</name>
                    <styleUrl>#2</styleUrl>
                    <LineString id="133">
                        <altitudeMode>clampToGround</altitudeMode>
                        <coordinates>9.93989,45.14533,0.0 9.93989,45.14533,0.0 9.93989,45.14532,0.0 9.93989,45.14532,0.0 9.93989,45.14532,0.0 9.93989,45.14532,0.0 9.9399,45.14531,0.0 9.9399,45.14531,0.0 9.9399,45.14531,0.0 9.9399,45.14531,0.0 9.9399,45.14531,0.0 9.9399,45.14531,0.0 9.9399,45.14531,0.0 9.9399,45.14531,0.0 9.9399,45.14531,0.0 9.9399,45.14531,0.0 9.9399,45.14531,0.0 9.9399,45.14531,0.0 9.9399,45.14531,0.0 9.9399,45.14531,0.0 9.9399,45.14531,0.0 9.93993,45.14534,0.0 9.93993,45.14534,0.0 9.93992,45.14534,0.0 9.93992,45.14534,0.0 9.93991,45.14534,0.0 9.93991,45.14534,0.0 9.93991,45.14534,0.0 9.9399,45.14533,0.0 9.9399,45.14533,0.0 9.9399,45.14532,0.0 9.9399,45.14532,0.0 9.9399,45.14532,0.0 9.9399,45.14532,0.0 9.9399,45.14532,0.0 9.9399,45.14532,0.0 9.9399,45.14532,0.0 9.9399,45.14532,0.0 9.93989,45.14535,0.0 9.93989,45.14535,0.0 9.93989,45.14535,0.0 9.93989,45.14535,0.0 9.93989,45.14534,0.0 9.93989,45.14534,0.0 9.93989,45.14534,0.0 9.93989,45.14533,0.0 9.93989,45.14533,0.0 9.93989,45.14533,0.0 9.93989,45.14533,0.0 9.93989,45.14533,0.0 9.93989,45.14533,0.0 9.93989,45.14533,0.0 9.93989,45.14533,0.0 9.93989,45.14533,0.0 9.93989,45.14533,0.0 9.93989,45.14533,0.0 9.93989,45.14533,0.0 9.93989,45.14533,0.0 9.93989,45.14533,0.0 9.9399,45.14535,0.0 9.93989,45.14535,0.0</coordinates>
                    </LineString>
                </Placemark>
                <Placemark id="136">
                    <name>Rota 16:27</name>
                    <styleUrl>#2</styleUrl>
                    <LineString id="135">
                        <altitudeMode>clampToGround</altitudeMode>
                        <coordinates>9.93989,45.14535,0.0 9.93989,45.14535,0.0 9.93989,45.14535,0.0 9.93989,45.14535,0.0 9.93989,45.14535,0.0 9.93989,45.14535,0.0 9.93989,45.14535,0.0 9.93989,45.14535,0.0 9.93989,45.14535,0.0 9.93989,45.14535,0.0 9.93989,45.14535,0.0 9.93989,45.14535,0.0 9.93989,45.14535,0.0 9.93989,45.14535,0.0 9.93989,45.14535,0.0 9.93989,45.14535,0.0 9.93989,45.14535,0.0 9.93989,45.14535,0.0 9.93989,45.14535,0.0 9.93989,45.14535,0.0 9.9399,45.14535,0.0 9.93989,45.14535,0.0 9.93989,45.14536,0.0 9.93989,45.14536,0.0 9.93989,45.14535,0.0 9.93989,45.14535,0.0 9.93989,45.14535,0.0 9.93989,45.14535,0.0 9.93989,45.14535,0.0 9.93989,45.14535,0.0 9.93989,45.14535,0.0 9.93989,45.14535,0.0 9.93989,45.14535,0.0 9.93989,45.14535,0.0 9.93989,45.14535,0.0 9.93989,45.14535,0.0 9.93989,45.14535,0.0 9.93989,45.14535,0.0 9.93989,45.14535,0.0 9.93989,45.14535,0.0 9.93989,45.14535,0.0 9.93989,45.14535,0.0 9.9399,45.14536,0.0 9.9399,45.14536,0.0 9.93989,45.14536,0.0 9.93989,45.14536,0.0 9.93989,45.14536,0.0 9.93989,45.14536,0.0 9.9399,45.14534,0.0 9.9399,45.14534,0.0 9.93989,45.14534,0.0 9.93989,45.14534,0.0 9.93989,45.14534,0.0 9.93989,45.14534,0.0 9.93989,45.14534,0.0 9.93989,45.14534,0.0 9.93989,45.14534,0.0 9.93989,45.14534,0.0 9.93989,45.14534,0.0 9.93989,45.14534,0.0 9.93989,45.14534,0.0</coordinates>
                    </LineString>
                </Placemark>
                <Placemark id="138">
                    <name>Rota 16:28</name>
                    <styleUrl>#2</styleUrl>
                    <LineString id="137">
                        <altitudeMode>clampToGround</altitudeMode>
                        <coordinates>9.93989,45.14534,0.0 9.93989,45.14534,0.0 9.93989,45.14534,0.0 9.93989,45.14534,0.0 9.93989,45.14534,0.0 9.93989,45.14534,0.0 9.93989,45.14534,0.0 9.93989,45.14534,0.0 9.93989,45.14534,0.0 9.93989,45.14534,0.0 9.93989,45.14534,0.0 9.93989,45.14534,0.0 9.93989,45.14534,0.0 9.93989,45.14534,0.0 9.93989,45.14534,0.0 9.93989,45.14534,0.0 9.93989,45.14534,0.0 9.93989,45.14534,0.0 9.93989,45.14534,0.0 9.93989,45.14534,0.0 9.93989,45.14534,0.0 9.93989,45.14534,0.0 9.93989,45.14534,0.0 9.93989,45.14534,0.0 9.93989,45.14534,0.0 9.93989,45.14534,0.0 9.93989,45.14534,0.0 9.93989,45.14534,0.0 9.93989,45.14534,0.0 9.93989,45.14534,0.0 9.93989,45.14534,0.0 9.93989,45.14534,0.0 9.93989,45.14534,0.0 9.93989,45.14534,0.0 9.93989,45.14534,0.0 9.93991,45.14533,0.0 9.93991,45.14533,0.0 9.93991,45.14532,0.0 9.9399,45.14532,0.0 9.9399,45.14532,0.0 9.9399,45.14532,0.0 9.9399,45.14532,0.0 9.9399,45.14532,0.0 9.9399,45.14532,0.0 9.9399,45.14532,0.0 9.9399,45.14532,0.0 9.9399,45.14532,0.0 9.9399,45.14532,0.0 9.9399,45.14532,0.0 9.93993,45.14534,0.0 9.93992,45.14535,0.0 9.93991,45.14535,0.0 9.93991,45.14535,0.0 9.9399,45.14535,0.0 9.9399,45.14535,0.0 9.9399,45.14535,0.0 9.9399,45.14535,0.0 9.9399,45.14535,0.0 9.9399,45.14535,0.0 9.9399,45.14535,0.0 9.93989,45.14534,0.0</coordinates>
                    </LineString>
                </Placemark>
                <Placemark id="140">
                    <name>Rota 16:29</name>
                    <styleUrl>#2</styleUrl>
                    <LineString id="139">
                        <altitudeMode>clampToGround</altitudeMode>
                        <coordinates>9.93989,45.14534,0.0 9.93989,45.14533,0.0 9.93989,45.14533,0.0 9.93989,45.14532,0.0 9.93989,45.14532,0.0 9.93989,45.14532,0.0 9.93989,45.14532,0.0 9.93989,45.14532,0.0 9.93989,45.14532,0.0 9.93989,45.14532,0.0 9.93989,45.14532,0.0 9.93989,45.14532,0.0 9.93989,45.14532,0.0 9.93989,45.14532,0.0 9.93989,45.14532,0.0 9.93989,45.14532,0.0 9.93989,45.14532,0.0 9.93989,45.14532,0.0 9.93989,45.14532,0.0 9.93989,45.14532,0.0 9.93989,45.14532,0.0 9.93989,45.14532,0.0 9.93989,45.14532,0.0 9.93989,45.14532,0.0 9.93989,45.14532,0.0 9.93989,45.14532,0.0 9.93989,45.14532,0.0 9.93989,45.14532,0.0 9.93989,45.14532,0.0 9.93989,45.14532,0.0 9.93989,45.14532,0.0 9.93989,45.14532,0.0 9.93989,45.14532,0.0 9.93989,45.14532,0.0 9.93989,45.14532,0.0 9.93989,45.14532,0.0 9.93989,45.14532,0.0 9.93989,45.14532,0.0 9.93989,45.14532,0.0 9.93989,45.14532,0.0 9.93991,45.14536,0.0 9.9399,45.14536,0.0 9.9399,45.14536,0.0 9.93989,45.14536,0.0 9.93989,45.14536,0.0 9.93989,45.14536,0.0 9.93989,45.14536,0.0 9.93989,45.14536,0.0 9.93989,45.14534,0.0 9.93988,45.14534,0.0 9.93988,45.14534,0.0 9.93989,45.14534,0.0 9.93989,45.14534,0.0 9.93989,45.14534,0.0 9.93989,45.14534,0.0 9.93989,45.14534,0.0 9.93989,45.14534,0.0 9.93989,45.14534,0.0 9.93989,45.14534,0.0 9.93989,45.14534,0.0 9.93989,45.14534,0.0</coordinates>
                    </LineString>
                </Placemark>
            </Folder>
            <Folder id="141">
                <name>16:30 – 16:39</name>
                <Placemark id="143">
                    <name>Rota 16:30</name>
                    <styleUrl>#2</styleUrl>
                    <LineString id="142">
                        <altitudeMode>clampToGround</altitudeMode>
                        <coordinates>9.93989,45.14534,0.0 9.93989,45.14534,0.0 9.93989,45.14534,0.0 9.93989,45.14534,0.0 9.93989,45.14534,0.0 9.93989,45.14534,0.0 9.93989,45.14534,0.0 9.93989,45.14534,0.0 9.93989,45.14534,0.0 9.93989,45.14534,0.0 9.93989,45.14534,0.0 9.9399,45.14534,0.0 9.9399,45.14534,0.0 9.9399,45.14533,0.0 9.9399,45.14533,0.0 9.9399,45.14534,0.0 9.9399,45.14534,0.0 9.9399,45.14534,0.0 9.9399,45.14534,0.0 9.9399,45.14534,0.0 9.9399,45.14534,0.0 9.9399,45.14534,0.0 9.9399,45.14536,0.0 9.93989,45.14536,0.0 9.93989,45.14536,0.0 9.93989,45.14536,0.0 9.93989,45.14537,0.0 9.93988,45.14536,0.0 9.93988,45.14536,0.0 9.93988,45.14536,0.0 9.93988,45.14536,0.0 9.93988,45.14536,0.0 9.93988,45.14536,0.0 9.93988,45.14536,0.0 9.93988,45.14536,0.0 9.93988,45.14536,0.0 9.93988,45.14536,0.0 9.93988,45.14536,0.0 9.93988,45.14536,0.0 9.93988,45.14536,0.0 9.93988,45.14536,0.0 9.93988,45.14536,0.0 9.93988,45.14536,0.0 9.93988,45.14536,0.0 9.93988,45.14536,0.0 9.93988,45.14536,0.0 9.93988,45.14536,0.0 9.93988,45.14536,0.0 9.93988,45.14536,0.0 9.93988,45.14536,0.0 9.93988,45.14536,0.0 9.93988,45.14536,0.0 9.93988,45.14536,0.0 9.93988,45.14536,0.0 9.93988,45.14536,0.0 9.93988,45.14536,0.0 9.93988,45.14536,0.0 9.93988,45.14536,0.0 9.93988,45.14536,0.0 9.93988,45.14536,0.0 9.93988,45.14536,0.0</coordinates>
                    </LineString>
                </Placemark>
                <Placemark id="145">
                    <name>Rota 16:31</name>
                    <styleUrl>#2</styleUrl>
                    <LineString id="144">
                        <altitudeMode>clampToGround</altitudeMode>
                        <coordinates>9.93988,45.14536,0.0 9.93989,45.14536,0.0 9.93989,45.14536,0.0 9.93988,45.14536,0.0 9.93988,45.14536,0.0 9.93988,45.14536,0.0 9.93988,45.14536,0.0 9.93988,45.14536,0.0 9.93988,45.14534,0.0 9.93988,45.14534,0.0 9.93988,45.14534,0.0 9.93988,45.14534,0.0 9.93988,45.14535,0.0 9.93988,45.14535,0.0 9.93988,45.14535,0.0 9.93988,45.14535,0.0 9.93988,45.14535,0.0 9.93988,45.14535,0.0 9.93988,45.14535,0.0 9.93988,45.14535,0.0 9.93988,45.14535,0.0 9.93988,45.14535,0.0 9.93988,45.14535,0.0 9.93988,45.14535,0.0 9.93988,45.14535,0.0 9.93988,45.14535,0.0 9.93988,45.14535,0.0 9.93988,45.14535,0.0 9.93988,45.14535,0.0 9.93987,45.14534,0.0 9.93987,45.14534,0.0 9.93987,45.14534,0.0 9.93988,45.14534,0.0 9.93988,45.14534,0.0 9.93988,45.14534,0.0 9.93988,45.14534,0.0 9.93988,45.14534,0.0 9.93988,45.14534,0.0 9.93988,45.14534,0.0 9.93988,45.14534,0.0 9.93988,45.14534,0.0 9.93988,45.14534,0.0 9.93988,45.14534,0.0 9.93988,45.14534,0.0 9.93988,45.14534,0.0 9.93988,45.14534,0.0 9.93988,45.14534,0.0 9.93988,45.14534,0.0 9.93988,45.14534,0.0 9.93988,45.14534,0.0 9.93988,45.14534,0.0 9.93988,45.14534,0.0 9.93988,45.14534,0.0 9.93988,45.14534,0.0 9.93988,45.14534,0.0 9.93988,45.14534,0.0 9.93988,45.14534,0.0 9.93988,45.14534,0.0 9.93988,45.14534,0.0 9.93988,45.14534,0.0 9.93988,45.14534,0.0</coordinates>
                    </LineString>
                </Placemark>
                <Placemark id="147">
                    <name>Rota 16:32</name>
                    <styleUrl>#2</styleUrl>
                    <LineString id="146">
                        <altitudeMode>clampToGround</altitudeMode>
                        <coordinates>9.93988,45.14534,0.0 9.93988,45.14534,0.0 9.93988,45.14534,0.0 9.93988,45.14534,0.0 9.93988,45.14534,0.0 9.93988,45.14534,0.0 9.93988,45.14534,0.0 9.93987,45.14538,0.0 9.93987,45.14538,0.0 9.93987,45.14538,0.0 9.93986,45.14538,0.0 9.93986,45.14538,0.0 9.93986,45.14538,0.0 9.93986,45.14538,0.0 9.93986,45.14538,0.0 9.93986,45.14538,0.0 9.93986,45.14538,0.0 9.93986,45.14538,0.0 9.93986,45.14538,0.0 9.93986,45.14538,0.0 9.93986,45.14538,0.0 9.93986,45.14538,0.0 9.93986,45.14538,0.0 9.93986,45.14538,0.0 9.93986,45.14538,0.0 9.93986,45.14538,0.0 9.93986,45.14538,0.0 9.93986,45.14538,0.0 9.93986,45.14538,0.0 9.93986,45.14538,0.0 9.93986,45.14538,0.0 9.93986,45.14538,0.0 9.93986,45.14538,0.0 9.93986,45.14538,0.0 9.93986,45.14538,0.0 9.93986,45.14537,0.0 9.93986,45.14537,0.0 9.93986,45.14537,0.0 9.93986,45.14536,0.0 9.93986,45.14536,0.0 9.93986,45.14536,0.0 9.93986,45.14536,0.0 9.93986,45.14536,0.0 9.93986,45.14536,0.0 9.93986,45.14536,0.0 9.93986,45.14536,0.0 9.93986,45.14536,0.0 9.93986,45.14536,0.0 9.93986,45.14536,0.0 9.93986,45.14534,0.0 9.93986,45.14534,0.0 9.93986,45.14534,0.0 9.93986,45.14534,0.0 9.93987,45.14534,0.0 9.93987,45.14534,0.0 9.93987,45.14534,0.0 9.93987,45.14534,0.0 9.93987,45.14534,0.0 9.93987,45.14534,0.0 9.93987,45.14534,0.0 9.93987,45.14534,0.0</coordinates>
                    </LineString>
                </Placemark>
                <Placemark id="149">
                    <name>Rota 16:33</name>
                    <styleUrl>#2</styleUrl>
                    <LineString id="148">
                        <altitudeMode>clampToGround</altitudeMode>
                        <coordinates>9.93987,45.14534,0.0 9.93987,45.14534,0.0 9.93987,45.14534,0.0 9.93987,45.14534,0.0 9.93987,45.14534,0.0 9.93987,45.14534,0.0 9.93987,45.14534,0.0 9.93987,45.14534,0.0 9.93987,45.14534,0.0 9.93987,45.14534,0.0 9.93989,45.14536,0.0 9.93988,45.14536,0.0 9.93988,45.14536,0.0 9.93988,45.14536,0.0 9.93988,45.14536,0.0 9.93988,45.14536,0.0 9.93988,45.14536,0.0 9.93988,45.14536,0.0 9.9399,45.14536,0.0 9.93989,45.14537,0.0 9.93989,45.14537,0.0 9.93989,45.14537,0.0 9.93989,45.14537,0.0 9.93988,45.14537,0.0 9.93988,45.14537,0.0 9.93988,45.14537,0.0 9.93988,45.14537,0.0 9.93988,45.14537,0.0 9.93988,45.14537,0.0 9.93987,45.14535,0.0 9.93987,45.14534,0.0 9.93987,45.14534,0.0 9.93987,45.14534,0.0 9.93987,45.14535,0.0 9.93987,45.14535,0.0 9.93987,45.14535,0.0 9.93987,45.14535,0.0 9.93987,45.14535,0.0 9.93987,45.14535,0.0 9.93987,45.14535,0.0 9.93987,45.14535,0.0 9.93987,45.14535,0.0 9.93987,45.14535,0.0 9.93987,45.14535,0.0 9.93987,45.14535,0.0 9.93987,45.14535,0.0 9.93987,45.14535,0.0 9.93987,45.14535,0.0 9.93987,45.14535,0.0 9.93987,45.14535,0.0 9.93987,45.14535,0.0 9.93987,45.14535,0.0 9.93987,45.14535,0.0 9.93987,45.14535,0.0 9.93987,45.14535,0.0 9.93987,45.14535,0.0 9.93987,45.14535,0.0 9.93987,45.14535,0.0 9.93987,45.14535,0.0 9.93989,45.14537,0.0 9.93989,45.14537,0.0</coordinates>
                    </LineString>
                </Placemark>
                <Placemark id="151">
                    <name>Rota 16:34</name>
                    <styleUrl>#2</styleUrl>
                    <LineString id="150">
                        <altitudeMode>clampToGround</altitudeMode>
                        <coordinates>9.93989,45.14537,0.0 9.93989,45.14537,0.0 9.93989,45.14537,0.0 9.93989,45.14537,0.0 9.93989,45.14537,0.0 9.93989,45.14537,0.0 9.93989,45.14537,0.0 9.93989,45.14537,0.0 9.93989,45.14537,0.0 9.93989,45.14537,0.0 9.93989,45.14537,0.0 9.93989,45.14537,0.0 9.93989,45.14537,0.0 9.93989,45.14537,0.0 9.93989,45.14537,0.0 9.93989,45.14537,0.0 9.93989,45.14537,0.0 9.93989,45.14537,0.0 9.93989,45.14537,0.0 9.93989,45.14537,0.0 9.93989,45.14537,0.0 9.93989,45.14537,0.0 9.93989,45.14537,0.0 9.93989,45.14537,0.0 9.93989,45.14537,0.0 9.93989,45.14537,0.0 9.93989,45.14537,0.0 9.93989,45.14537,0.0 9.93989,45.14537,0.0 9.93989,45.14537,0.0 9.93989,45.14537,0.0 9.93989,45.14537,0.0 9.93989,45.14537,0.0 9.93989,45.14537,0.0 9.93989,45.14537,0.0 9.93989,45.14537,0.0 9.93989,45.14537,0.0 9.93989,45.14537,0.0 9.93989,45.14537,0.0 9.93987,45.14535,0.0 9.93987,45.14535,0.0 9.93987,45.14535,0.0 9.93987,45.14535,0.0 9.93987,45.14535,0.0 9.93987,45.14535,0.0 9.93989,45.14536,0.0 9.93989,45.14536,0.0 9.93988,45.14537,0.0 9.93988,45.14537,0.0 9.93988,45.14537,0.0 9.93988,45.14537,0.0 9.93988,45.14537,0.0 9.93988,45.14537,0.0 9.93988,45.14537,0.0 9.93988,45.14537,0.0 9.93988,45.14537,0.0 9.93988,45.14537,0.0 9.93988,45.14537,0.0 9.93988,45.14537,0.0 9.93988,45.14537,0.0 9.93988,45.14537,0.0</coordinates>
                    </LineString>
                </Placemark>
                <Placemark id="153">
                    <name>Rota 16:35</name>
                    <styleUrl>#2</styleUrl>
                    <LineString id="152">
                        <altitudeMode>clampToGround</altitudeMode>
                        <coordinates>9.93988,45.14537,0.0 9.93988,45.14537,0.0 9.93988,45.14537,0.0 9.93988,45.14537,0.0 9.93989,45.14536,0.0 9.93988,45.14536,0.0 9.93987,45.14536,0.0 9.93987,45.14536,0.0 9.93987,45.14536,0.0 9.93986,45.14536,0.0 9.93986,45.14536,0.0 9.93986,45.14536,0.0 9.93986,45.14536,0.0 9.93986,45.14536,0.0 9.93986,45.14534,0.0 9.93986,45.14534,0.0 9.93986,45.14534,0.0 9.93986,45.14534,0.0 9.93986,45.14534,0.0 9.93986,45.14534,0.0 9.93986,45.14534,0.0 9.93986,45.14534,0.0 9.93986,45.14534,0.0 9.93987,45.14536,0.0 9.93987,45.14536,0.0 9.93987,45.14536,0.0 9.93986,45.14536,0.0 9.93986,45.14536,0.0 9.93986,45.14536,0.0 9.93986,45.14536,0.0 9.93986,45.14534,0.0 9.93986,45.14534,0.0 9.93986,45.14534,0.0 9.93986,45.14534,0.0 9.93986,45.14534,0.0 9.93986,45.14534,0.0 9.93986,45.14534,0.0 9.93986,45.14534,0.0 9.93986,45.14534,0.0 9.93986,45.14534,0.0 9.93989,45.14536,0.0 9.93989,45.14536,0.0 9.93988,45.14536,0.0 9.93988,45.14536,0.0 9.93988,45.14536,0.0 9.93988,45.14536,0.0 9.93988,45.14536,0.0 9.93988,45.14536,0.0 9.93988,45.14536,0.0 9.93988,45.14536,0.0 9.93988,45.14536,0.0 9.93988,45.14536,0.0 9.93988,45.14536,0.0 9.93988,45.14536,0.0 9.93988,45.14536,0.0 9.93988,45.14536,0.0 9.93988,45.14536,0.0 9.93988,45.14536,0.0 9.93988,45.14536,0.0 9.93988,45.14536,0.0 9.93988,45.14536,0.0</coordinates>
                    </LineString>
                </Placemark>
                <Placemark id="155">
                    <name>Rota 16:36</name>
                    <styleUrl>#2</styleUrl>
                    <LineString id="154">
                        <altitudeMode>clampToGround</altitudeMode>
                        <coordinates>9.93988,45.14536,0.0 9.93988,45.14536,0.0 9.93988,45.14536,0.0 9.93988,45.14536,0.0 9.93988,45.14536,0.0 9.93988,45.14536,0.0 9.93993,45.14535,0.0 9.93993,45.14536,0.0 9.93993,45.14536,0.0 9.93993,45.14536,0.0 9.93993,45.14536,0.0 9.93993,45.14536,0.0 9.93993,45.14536,0.0 9.93993,45.14536,0.0 9.93993,45.14536,0.0 9.93993,45.14536,0.0 9.93993,45.14536,0.0 9.93993,45.14536,0.0 9.93993,45.14536,0.0 9.93993,45.14536,0.0 9.93993,45.14536,0.0 9.93993,45.14536,0.0 9.93993,45.14536,0.0 9.93988,45.14535,0.0 9.93988,45.14534,0.0 9.93988,45.14534,0.0 9.93988,45.14534,0.0 9.93988,45.14534,0.0 9.93988,45.14534,0.0 9.93988,45.14534,0.0 9.93988,45.14534,0.0 9.93992,45.14534,0.0 9.93993,45.14535,0.0 9.93993,45.14535,0.0 9.93992,45.14535,0.0 9.93992,45.14535,0.0 9.93992,45.14535,0.0 9.93992,45.14535,0.0 9.93992,45.14535,0.0 9.93992,45.14535,0.0 9.93992,45.14535,0.0 9.93992,45.14535,0.0 9.93992,45.14535,0.0 9.93992,45.14535,0.0 9.93992,45.14535,0.0 9.93992,45.14535,0.0 9.93992,45.14535,0.0 9.93989,45.14533,0.0 9.93989,45.14533,0.0 9.93988,45.14533,0.0 9.93988,45.14533,0.0 9.93989,45.14533,0.0 9.93989,45.14533,0.0 9.93989,45.14533,0.0 9.93989,45.14533,0.0 9.93989,45.14533,0.0 9.93989,45.14533,0.0 9.93989,45.14533,0.0 9.93989,45.14533,0.0 9.93989,45.14533,0.0 9.93989,45.14533,0.0</coordinates>
                    </LineString>
                </Placemark>
                <Placemark id="157">
                    <name>Rota 16:37</name>
                    <styleUrl>#2</styleUrl>
                    <LineString id="156">
                        <altitudeMode>clampToGround</altitudeMode>
                        <coordinates>9.93989,45.14533,0.0 9.93989,45.14533,0.0 9.93989,45.14533,0.0 9.93989,45.14533,0.0 9.93989,45.14533,0.0 9.93989,45.14533,0.0 9.93989,45.14533,0.0 9.93989,45.14533,0.0 9.93989,45.14533,0.0 9.93987,45.14533,0.0 9.93987,45.14533,0.0 9.93988,45.14533,0.0 9.93988,45.14533,0.0 9.93988,45.14533,0.0 9.93988,45.14533,0.0 9.93988,45.14533,0.0 9.93988,45.14533,0.0 9.93988,45.14533,0.0 9.93988,45.14533,0.0 9.93988,45.14533,0.0 9.93988,45.14533,0.0 9.93988,45.14533,0.0 9.93988,45.14533,0.0 9.93988,45.14533,0.0 9.93988,45.14533,0.0 9.93988,45.14533,0.0 9.93988,45.14533,0.0 9.93995,45.14534,0.0 9.93995,45.14535,0.0 9.93994,45.14535,0.0 9.93994,45.14536,0.0 9.93994,45.14536,0.0 9.93993,45.14535,0.0 9.93993,45.14535,0.0 9.93993,45.14535,0.0 9.93993,45.14535,0.0 9.93993,45.14535,0.0 9.93993,45.14535,0.0 9.93993,45.14535,0.0 9.93993,45.14535,0.0 9.93993,45.14535,0.0 9.93993,45.14535,0.0 9.93993,45.14535,0.0 9.93993,45.14535,0.0 9.93988,45.14534,0.0 9.93988,45.14534,0.0 9.93989,45.14534,0.0 9.93989,45.14534,0.0 9.93989,45.14534,0.0 9.93989,45.14534,0.0 9.93989,45.14534,0.0 9.93989,45.14534,0.0 9.93989,45.14534,0.0 9.93989,45.14534,0.0 9.93989,45.14534,0.0 9.93989,45.14534,0.0 9.93989,45.14534,0.0 9.93992,45.14536,0.0 9.93992,45.14537,0.0 9.93992,45.14537,0.0 9.93992,45.14537,0.0</coordinates>
                    </LineString>
                </Placemark>
                <Placemark id="159">
                    <name>Rota 16:38</name>
                    <styleUrl>#2</styleUrl>
                    <LineString id="158">
                        <altitudeMode>clampToGround</altitudeMode>
                        <coordinates>9.93992,45.14537,0.0 9.93991,45.14537,0.0 9.93991,45.14537,0.0 9.93991,45.14537,0.0 9.93991,45.14537,0.0 9.93991,45.14537,0.0 9.93991,45.14537,0.0 9.93991,45.14537,0.0 9.93991,45.14537,0.0 9.93991,45.14537,0.0 9.93991,45.14537,0.0 9.93991,45.14537,0.0 9.93991,45.14537,0.0 9.93991,45.14537,0.0 9.93991,45.14537,0.0 9.93991,45.14537,0.0 9.93991,45.14537,0.0 9.93991,45.14537,0.0 9.93991,45.14537,0.0 9.93991,45.14537,0.0 9.93992,45.14537,0.0 9.93991,45.14537,0.0 9.93991,45.14537,0.0 9.93991,45.14537,0.0 9.93991,45.14537,0.0 9.93991,45.14537,0.0 9.93991,45.14537,0.0 9.9399,45.14535,0.0 9.93989,45.14535,0.0 9.93989,45.14535,0.0 9.93989,45.14535,0.0 9.93989,45.14534,0.0 9.93991,45.14534,0.0 9.93991,45.14534,0.0 9.93991,45.14534,0.0 9.93991,45.14534,0.0 9.93991,45.14534,0.0 9.93991,45.14534,0.0 9.93991,45.14534,0.0 9.93991,45.14534,0.0 9.93991,45.14534,0.0 9.93994,45.14535,0.0 9.93994,45.14535,0.0 9.93994,45.14535,0.0 9.93994,45.14535,0.0 9.93994,45.14535,0.0 9.93994,45.14535,0.0 9.93994,45.14535,0.0 9.93994,45.14535,0.0 9.93994,45.14535,0.0 9.93994,45.14535,0.0 9.93994,45.14535,0.0 9.93994,45.14535,0.0 9.93994,45.14535,0.0 9.93994,45.14535,0.0 9.93994,45.14535,0.0 9.93994,45.14535,0.0 9.93989,45.14535,0.0 9.93989,45.14534,0.0 9.93989,45.14533,0.0 9.93989,45.14533,0.0</coordinates>
                    </LineString>
                </Placemark>
                <Placemark id="161">
                    <name>Rota 16:39</name>
                    <styleUrl>#2</styleUrl>
                    <LineString id="160">
                        <altitudeMode>clampToGround</altitudeMode>
                        <coordinates>9.93989,45.14533,0.0 9.93989,45.14533,0.0 9.9399,45.14533,0.0 9.9399,45.14533,0.0 9.9399,45.14533,0.0 9.9399,45.14533,0.0 9.9399,45.14533,0.0 9.9399,45.14533,0.0 9.9399,45.14533,0.0 9.9399,45.14533,0.0 9.9399,45.14533,0.0 9.9399,45.14533,0.0 9.93996,45.14535,0.0 9.93996,45.14535,0.0 9.93996,45.14535,0.0 9.93996,45.14535,0.0 9.93995,45.14536,0.0 9.93995,45.14536,0.0 9.93995,45.14536,0.0 9.93995,45.14536,0.0 9.93995,45.14536,0.0 9.93995,45.14536,0.0 9.93992,45.14534,0.0 9.93992,45.14533,0.0 9.93992,45.14533,0.0 9.93992,45.14533,0.0 9.93992,45.14533,0.0 9.93992,45.14533,0.0 9.93992,45.14533,0.0 9.93992,45.14533,0.0 9.93992,45.14533,0.0 9.93992,45.14533,0.0 9.93992,45.14533,0.0 9.93992,45.14533,0.0 9.93992,45.14533,0.0 9.93992,45.14533,0.0 9.93992,45.14533,0.0 9.93997,45.14534,0.0 9.93997,45.14534,0.0 9.93996,45.14534,0.0 9.93995,45.14534,0.0 9.93994,45.14535,0.0 9.93994,45.14534,0.0 9.93994,45.14534,0.0 9.93994,45.14534,0.0 9.93994,45.14534,0.0 9.93994,45.14534,0.0 9.93992,45.14532,0.0 9.93992,45.14532,0.0 9.93992,45.14532,0.0 9.93992,45.14532,0.0 9.93992,45.14532,0.0 9.93992,45.14532,0.0 9.93992,45.14532,0.0 9.93992,45.14532,0.0 9.93992,45.14532,0.0 9.93992,45.14532,0.0 9.93992,45.14532,0.0 9.93992,45.14532,0.0 9.93992,45.14532,0.0 9.93992,45.14532,0.0</coordinates>
                    </LineString>
                </Placemark>
            </Folder>
            <Folder id="162">
                <name>16:40 – 16:49</name>
                <Placemark id="164">
                    <name>Rota 16:40</name>
                    <styleUrl>#2</styleUrl>
                    <LineString id="163">
                        <altitudeMode>clampToGround</altitudeMode>
                        <coordinates>9.93992,45.14532,0.0 9.93992,45.14532,0.0 9.93995,45.14533,0.0 9.93995,45.14534,0.0 9.93995,45.14534,0.0 9.93995,45.14535,0.0 9.93994,45.14535,0.0 9.93994,45.14535,0.0 9.93994,45.14534,0.0 9.93994,45.14534,0.0 9.93994,45.14534,0.0 9.93994,45.14534,0.0 9.93994,45.14534,0.0 9.9399,45.14533,0.0 9.93989,45.14533,0.0 9.93989,45.14533,0.0 9.93989,45.14533,0.0 9.9399,45.14532,0.0 9.9399,45.14532,0.0 9.9399,45.14532,0.0 9.9399,45.14532,0.0 9.9399,45.14532,0.0 9.9399,45.14532,0.0 9.9399,45.14532,0.0 9.9399,45.14532,0.0 9.93992,45.14534,0.0 9.93992,45.14534,0.0 9.93992,45.14534,0.0 9.93991,45.14535,0.0 9.93991,45.14534,0.0 9.93991,45.14534,0.0 9.93991,45.14534,0.0 9.93991,45.14534,0.0 9.93991,45.14534,0.0 9.93989,45.14533,0.0 9.93989,45.14533,0.0 9.93988,45.14532,0.0 9.93988,45.14532,0.0 9.93989,45.14532,0.0 9.93989,45.14532,0.0 9.93989,45.14532,0.0 9.93989,45.14532,0.0 9.93989,45.14532,0.0 9.93989,45.14532,0.0 9.93989,45.14532,0.0 9.93989,45.14532,0.0 9.93989,45.14532,0.0 9.93989,45.14532,0.0 9.93989,45.14532,0.0 9.93989,45.14532,0.0 9.93989,45.14532,0.0 9.93989,45.14532,0.0 9.93989,45.14532,0.0 9.93989,45.14532,0.0 9.93989,45.14532,0.0 9.93989,45.14532,0.0 9.93989,45.14532,0.0 9.93989,45.14532,0.0 9.93986,45.14534,0.0 9.93986,45.14533,0.0 9.93986,45.14533,0.0</coordinates>
                    </LineString>
                </Placemark>
                <Placemark id="166">
                    <name>Rota 16:41</name>
                    <styleUrl>#2</styleUrl>
                    <LineString id="165">
                        <altitudeMode>clampToGround</altitudeMode>
                        <coordinates>9.93986,45.14533,0.0 9.93986,45.14534,0.0 9.93987,45.14534,0.0 9.93987,45.14534,0.0 9.93987,45.14534,0.0 9.93987,45.14534,0.0 9.93987,45.14534,0.0 9.93987,45.14534,0.0 9.93987,45.14534,0.0 9.93987,45.14534,0.0 9.93987,45.14534,0.0 9.93987,45.14534,0.0 9.93987,45.14534,0.0 9.93987,45.14534,0.0 9.93987,45.14534,0.0 9.93987,45.14534,0.0 9.93987,45.14534,0.0 9.93987,45.14534,0.0 9.93987,45.14534,0.0 9.93987,45.14534,0.0 9.93987,45.14534,0.0 9.93987,45.14534,0.0 9.93987,45.14534,0.0 9.93987,45.14534,0.0 9.93987,45.14534,0.0 9.93987,45.14534,0.0 9.93987,45.14534,0.0 9.93987,45.14534,0.0 9.93987,45.14534,0.0 9.93987,45.14534,0.0 9.93987,45.14534,0.0 9.93987,45.14534,0.0 9.93987,45.14534,0.0 9.93987,45.14534,0.0 9.93987,45.14534,0.0 9.93987,45.14534,0.0 9.93987,45.14534,0.0 9.93987,45.14534,0.0 9.93987,45.14534,0.0 9.93987,45.14534,0.0 9.93987,45.14534,0.0 9.93987,45.14534,0.0 9.93987,45.14534,0.0 9.93987,45.14534,0.0 9.93987,45.14534,0.0 9.93987,45.14534,0.0 9.93987,45.14534,0.0 9.93987,45.14534,0.0 9.93987,45.14534,0.0 9.93987,45.14534,0.0 9.93987,45.14534,0.0 9.9399,45.14536,0.0 9.93989,45.14536,0.0 9.93989,45.14536,0.0 9.93989,45.14536,0.0 9.93989,45.14536,0.0 9.93989,45.14536,0.0 9.93989,45.14536,0.0 9.93989,45.14536,0.0 9.93989,45.14536,0.0 9.93989,45.14534,0.0</coordinates>
                    </LineString>
                </Placemark>
                <Placemark id="168">
                    <name>Rota 16:42</name>
                    <styleUrl>#2</styleUrl>
                    <LineString id="167">
                        <altitudeMode>clampToGround</altitudeMode>
                        <coordinates>9.93989,45.14534,0.0 9.93988,45.14534,0.0 9.93988,45.14534,0.0 9.93988,45.14534,0.0 9.93988,45.14534,0.0 9.93988,45.14534,0.0 9.93988,45.14534,0.0 9.93988,45.14534,0.0 9.93988,45.14534,0.0 9.93988,45.14534,0.0 9.93988,45.14534,0.0 9.93988,45.14534,0.0 9.93988,45.14534,0.0 9.93992,45.14535,0.0 9.93991,45.14536,0.0 9.93991,45.14536,0.0 9.93991,45.14535,0.0 9.93991,45.14535,0.0 9.93991,45.14535,0.0 9.93991,45.14535,0.0 9.93989,45.14535,0.0 9.93989,45.14534,0.0 9.93989,45.14534,0.0 9.93989,45.14534,0.0 9.93989,45.14534,0.0 9.93989,45.14534,0.0 9.93989,45.14534,0.0 9.93989,45.14534,0.0 9.93989,45.14534,0.0 9.93989,45.14534,0.0 9.93989,45.14534,0.0 9.93989,45.14534,0.0 9.93989,45.14534,0.0 9.93989,45.14534,0.0 9.93989,45.14534,0.0 9.93989,45.14534,0.0 9.93989,45.14534,0.0 9.93989,45.14534,0.0 9.93989,45.14534,0.0 9.93989,45.14534,0.0 9.93989,45.14534,0.0 9.93989,45.14534,0.0 9.93989,45.14534,0.0 9.93987,45.14534,0.0 9.93987,45.14534,0.0 9.93988,45.14534,0.0 9.93988,45.14534,0.0 9.93988,45.14534,0.0 9.93988,45.14534,0.0 9.93988,45.14534,0.0 9.93988,45.14534,0.0 9.93991,45.14535,0.0 9.93991,45.14536,0.0 9.93991,45.14536,0.0 9.9399,45.14536,0.0 9.9399,45.14536,0.0 9.9399,45.14536,0.0 9.9399,45.14536,0.0 9.9399,45.14536,0.0 9.9399,45.14536,0.0 9.9399,45.14536,0.0</coordinates>
                    </LineString>
                </Placemark>
                <Placemark id="170">
                    <name>Rota 16:43</name>
                    <styleUrl>#2</styleUrl>
                    <LineString id="169">
                        <altitudeMode>clampToGround</altitudeMode>
                        <coordinates>9.9399,45.14536,0.0 9.9399,45.14536,0.0 9.9399,45.14536,0.0 9.9399,45.14536,0.0 9.9399,45.14536,0.0 9.9399,45.14536,0.0 9.9399,45.14536,0.0 9.9399,45.14536,0.0 9.9399,45.14536,0.0 9.9399,45.14536,0.0 9.9399,45.14536,0.0 9.9399,45.14536,0.0 9.9399,45.14536,0.0 9.9399,45.14536,0.0 9.93992,45.14536,0.0 9.93992,45.14536,0.0 9.93992,45.14536,0.0 9.93991,45.14536,0.0 9.93991,45.14536,0.0 9.93991,45.14536,0.0 9.93991,45.14536,0.0 9.93991,45.14536,0.0 9.93991,45.14536,0.0 9.93991,45.14536,0.0 9.93991,45.14533,0.0 9.9399,45.14533,0.0 9.93991,45.14533,0.0 9.93991,45.14533,0.0 9.93991,45.14533,0.0 9.93991,45.14533,0.0 9.93991,45.14533,0.0 9.93991,45.14533,0.0 9.93991,45.14533,0.0 9.93991,45.14533,0.0 9.93991,45.14533,0.0 9.93991,45.14533,0.0 9.93991,45.14533,0.0 9.93991,45.14533,0.0 9.93991,45.14533,0.0 9.93991,45.14533,0.0 9.93991,45.14533,0.0 9.93991,45.14533,0.0 9.93991,45.14533,0.0 9.93991,45.14533,0.0 9.93991,45.14533,0.0 9.93991,45.14533,0.0 9.93991,45.14533,0.0 9.93991,45.14533,0.0 9.93991,45.14533,0.0 9.93991,45.14533,0.0 9.93991,45.14533,0.0 9.93991,45.14533,0.0 9.93991,45.14533,0.0 9.93991,45.14533,0.0 9.93991,45.14533,0.0 9.93991,45.14533,0.0 9.93991,45.14533,0.0 9.93991,45.14533,0.0 9.93991,45.14533,0.0 9.93991,45.14533,0.0 9.93991,45.14533,0.0</coordinates>
                    </LineString>
                </Placemark>
                <Placemark id="172">
                    <name>Rota 16:44</name>
                    <styleUrl>#2</styleUrl>
                    <LineString id="171">
                        <altitudeMode>clampToGround</altitudeMode>
                        <coordinates>9.93991,45.14533,0.0 9.93991,45.14533,0.0 9.93991,45.14533,0.0 9.93991,45.14533,0.0 9.93991,45.14533,0.0 9.93991,45.14533,0.0 9.93991,45.14533,0.0 9.93988,45.14536,0.0 9.93988,45.14536,0.0 9.93987,45.14536,0.0 9.93987,45.14536,0.0 9.93987,45.14536,0.0 9.93987,45.14536,0.0 9.93987,45.14536,0.0 9.93987,45.14536,0.0 9.93987,45.14536,0.0 9.93987,45.14536,0.0 9.93987,45.14536,0.0 9.93987,45.14536,0.0 9.93987,45.14536,0.0 9.93987,45.14536,0.0 9.93987,45.14536,0.0 9.93989,45.14536,0.0 9.93989,45.14536,0.0 9.93988,45.14536,0.0 9.93987,45.14536,0.0 9.93987,45.14536,0.0 9.93987,45.14536,0.0 9.93987,45.14536,0.0 9.93987,45.14536,0.0 9.93987,45.14536,0.0 9.93987,45.14536,0.0 9.93987,45.14536,0.0 9.93987,45.14536,0.0 9.93987,45.14536,0.0 9.93987,45.14536,0.0 9.93987,45.14536,0.0 9.93987,45.14536,0.0 9.93987,45.14536,0.0 9.93987,45.14536,0.0 9.93987,45.14536,0.0 9.93987,45.14536,0.0 9.93987,45.14536,0.0 9.93987,45.14536,0.0 9.93987,45.14536,0.0 9.93987,45.14536,0.0 9.93987,45.14536,0.0 9.93987,45.14536,0.0 9.93987,45.14536,0.0 9.93987,45.14536,0.0 9.93987,45.14536,0.0 9.93987,45.14536,0.0 9.93987,45.14536,0.0 9.93987,45.14536,0.0 9.93987,45.14536,0.0 9.93987,45.14536,0.0 9.93987,45.14536,0.0 9.93987,45.14536,0.0 9.93987,45.14536,0.0 9.93987,45.14535,0.0 9.93987,45.14536,0.0</coordinates>
                    </LineString>
                </Placemark>
                <Placemark id="174">
                    <name>Rota 16:45</name>
                    <styleUrl>#2</styleUrl>
                    <LineString id="173">
                        <altitudeMode>clampToGround</altitudeMode>
                        <coordinates>9.93987,45.14536,0.0 9.93987,45.14536,0.0 9.93987,45.14536,0.0 9.93986,45.14536,0.0 9.93986,45.14536,0.0 9.93986,45.14536,0.0 9.93986,45.14536,0.0 9.93986,45.14536,0.0 9.93986,45.14536,0.0 9.93986,45.14536,0.0 9.93986,45.14536,0.0 9.93986,45.14536,0.0 9.93986,45.14536,0.0 9.93986,45.14536,0.0 9.93986,45.14536,0.0 9.93986,45.14536,0.0 9.93988,45.14536,0.0 9.93988,45.14537,0.0 9.93987,45.14537,0.0 9.93987,45.14537,0.0 9.93987,45.14537,0.0 9.93987,45.14537,0.0 9.93987,45.14537,0.0 9.93987,45.14537,0.0 9.93987,45.14537,0.0 9.93987,45.14537,0.0 9.93987,45.14537,0.0 9.93987,45.14537,0.0 9.93986,45.14535,0.0 9.93986,45.14535,0.0 9.93986,45.14535,0.0 9.93986,45.14535,0.0 9.93986,45.14535,0.0 9.93986,45.14535,0.0 9.93986,45.14535,0.0 9.93986,45.14535,0.0 9.93986,45.14535,0.0 9.93986,45.14535,0.0 9.93986,45.14535,0.0 9.93986,45.14535,0.0 9.93986,45.14535,0.0 9.93986,45.14535,0.0 9.93986,45.14535,0.0 9.93986,45.14535,0.0 9.93986,45.14535,0.0 9.93986,45.14535,0.0 9.93986,45.14536,0.0 9.93986,45.14535,0.0 9.93986,45.14535,0.0 9.93986,45.14535,0.0 9.93986,45.14535,0.0 9.93987,45.14535,0.0 9.93987,45.14535,0.0 9.93987,45.14535,0.0 9.93988,45.14536,0.0 9.93988,45.14537,0.0 9.93987,45.14537,0.0 9.93987,45.14537,0.0 9.93987,45.14537,0.0 9.93987,45.14537,0.0 9.93987,45.14537,0.0</coordinates>
                    </LineString>
                </Placemark>
                <Placemark id="176">
                    <name>Rota 16:46</name>
                    <styleUrl>#2</styleUrl>
                    <LineString id="175">
                        <altitudeMode>clampToGround</altitudeMode>
                        <coordinates>9.93987,45.14537,0.0 9.93987,45.14536,0.0 9.93987,45.14536,0.0 9.93987,45.14535,0.0 9.93987,45.14534,0.0 9.93987,45.14534,0.0 9.93987,45.14534,0.0 9.93987,45.14534,0.0 9.93987,45.14534,0.0 9.93987,45.14534,0.0 9.93989,45.14535,0.0 9.93989,45.14536,0.0 9.93989,45.14536,0.0 9.93989,45.14536,0.0 9.93989,45.14536,0.0 9.93989,45.14536,0.0 9.93989,45.14536,0.0 9.93989,45.14536,0.0 9.93989,45.14536,0.0 9.93989,45.14536,0.0 9.93989,45.14536,0.0 9.93989,45.14536,0.0 9.93989,45.14536,0.0 9.93989,45.14536,0.0 9.93989,45.14536,0.0 9.93989,45.14536,0.0 9.93989,45.14536,0.0 9.93989,45.14536,0.0 9.93989,45.14536,0.0 9.93989,45.14536,0.0 9.93989,45.14536,0.0 9.93989,45.14536,0.0 9.93989,45.14536,0.0 9.93989,45.14536,0.0 9.93989,45.14536,0.0 9.93989,45.14536,0.0 9.93989,45.14536,0.0 9.93989,45.14536,0.0 9.93989,45.14536,0.0 9.93989,45.14536,0.0 9.93989,45.14536,0.0 9.93989,45.14536,0.0 9.93989,45.14536,0.0 9.93989,45.14536,0.0 9.93989,45.14536,0.0 9.93989,45.14536,0.0 9.93989,45.14536,0.0 9.93989,45.14536,0.0 9.93989,45.14536,0.0 9.93989,45.14536,0.0 9.93989,45.14536,0.0 9.93989,45.14536,0.0 9.93989,45.14536,0.0 9.93989,45.14536,0.0 9.93989,45.14536,0.0 9.93989,45.14536,0.0 9.93989,45.14536,0.0 9.93989,45.14536,0.0 9.93989,45.14536,0.0 9.93989,45.14536,0.0 9.93989,45.14536,0.0</coordinates>
                    </LineString>
                </Placemark>
                <Placemark id="178">
                    <name>Rota 16:47</name>
                    <styleUrl>#2</styleUrl>
                    <LineString id="177">
                        <altitudeMode>clampToGround</altitudeMode>
                        <coordinates>9.93989,45.14536,0.0 9.93989,45.14536,0.0 9.93989,45.14536,0.0 9.93989,45.14536,0.0 9.93989,45.14536,0.0 9.93989,45.14536,0.0 9.93989,45.14536,0.0 9.93989,45.14536,0.0 9.93989,45.14536,0.0 9.93989,45.14536,0.0 9.93989,45.14536,0.0 9.93989,45.14536,0.0 9.93989,45.14536,0.0 9.93989,45.14536,0.0 9.93989,45.14536,0.0 9.93989,45.14536,0.0 9.93989,45.14536,0.0 9.93989,45.14536,0.0 9.93989,45.14536,0.0 9.93989,45.14536,0.0 9.93985,45.14531,0.0 9.93985,45.14531,0.0 9.93985,45.14531,0.0 9.93984,45.14532,0.0 9.93984,45.14532,0.0 9.93984,45.14532,0.0 9.93984,45.14532,0.0 9.93984,45.14532,0.0 9.93984,45.14532,0.0 9.93984,45.14534,0.0 9.93983,45.14534,0.0 9.93983,45.14534,0.0 9.93983,45.14534,0.0 9.93983,45.14534,0.0 9.93983,45.14534,0.0 9.93984,45.14532,0.0 9.93983,45.14532,0.0 9.93984,45.14532,0.0 9.93984,45.14532,0.0 9.93984,45.14532,0.0 9.93984,45.14532,0.0 9.93984,45.14532,0.0 9.93984,45.14532,0.0 9.93984,45.14532,0.0 9.93984,45.14532,0.0 9.93984,45.14532,0.0 9.93984,45.14532,0.0 9.93984,45.14532,0.0 9.93984,45.14532,0.0 9.93984,45.14532,0.0 9.93984,45.14532,0.0 9.93984,45.14532,0.0 9.93984,45.14532,0.0 9.93984,45.14532,0.0 9.93984,45.14532,0.0 9.93984,45.14532,0.0 9.93984,45.14532,0.0 9.93984,45.14532,0.0 9.93984,45.14532,0.0 9.93984,45.14532,0.0 9.93984,45.14532,0.0</coordinates>
                    </LineString>
                </Placemark>
                <Placemark id="180">
                    <name>Rota 16:48</name>
                    <styleUrl>#2</styleUrl>
                    <LineString id="179">
                        <altitudeMode>clampToGround</altitudeMode>
                        <coordinates>9.93984,45.14532,0.0 9.93984,45.14532,0.0 9.93984,45.14532,0.0 9.93997,45.1453,0.0 9.93998,45.1453,0.0 9.93998,45.1453,0.0 9.93997,45.1453,0.0 9.93997,45.1453,0.0 9.93997,45.1453,0.0 9.93997,45.1453,0.0 9.93997,45.1453,0.0 9.93995,45.14533,0.0 9.93995,45.14533,0.0 9.93994,45.14533,0.0 9.93993,45.14533,0.0 9.93992,45.14533,0.0 9.93992,45.14533,0.0 9.93992,45.14532,0.0 9.93992,45.14532,0.0 9.93991,45.14532,0.0 9.93991,45.14532,0.0 9.93991,45.14532,0.0 9.93991,45.14532,0.0 9.93991,45.14532,0.0 9.93991,45.14532,0.0 9.93989,45.14534,0.0 9.93989,45.14534,0.0 9.93989,45.14534,0.0 9.93989,45.14534,0.0 9.93989,45.14534,0.0 9.93989,45.14534,0.0 9.93989,45.14534,0.0 9.93989,45.14534,0.0 9.93989,45.14534,0.0 9.93989,45.14534,0.0 9.93989,45.14534,0.0 9.93989,45.14534,0.0 9.93987,45.14535,0.0 9.93986,45.14535,0.0 9.93986,45.14535,0.0 9.93986,45.14535,0.0 9.93986,45.14535,0.0 9.93986,45.14534,0.0 9.93986,45.14533,0.0 9.93986,45.14533,0.0 9.93986,45.14533,0.0 9.93986,45.14533,0.0 9.93986,45.14533,0.0 9.93986,45.14533,0.0 9.93987,45.14534,0.0 9.93987,45.14535,0.0 9.93986,45.14535,0.0 9.93986,45.14535,0.0 9.93986,45.14535,0.0 9.93986,45.14534,0.0 9.93986,45.14534,0.0 9.93986,45.14534,0.0 9.93986,45.14534,0.0 9.93986,45.14534,0.0 9.93986,45.14534,0.0 9.93986,45.14534,0.0</coordinates>
                    </LineString>
                </Placemark>
                <Placemark id="182">
                    <name>Rota 16:49</name>
                    <styleUrl>#2</styleUrl>
                    <LineString id="181">
                        <altitudeMode>clampToGround</altitudeMode>
                        <coordinates>9.93986,45.14534,0.0 9.93986,45.14534,0.0 9.93986,45.14534,0.0 9.93986,45.14534,0.0 9.93986,45.14534,0.0 9.93986,45.14534,0.0 9.93986,45.14534,0.0 9.93986,45.14534,0.0 9.93988,45.14535,0.0 9.93988,45.14535,0.0 9.93987,45.14535,0.0 9.93987,45.14535,0.0 9.93987,45.14535,0.0 9.93987,45.14535,0.0 9.93987,45.14535,0.0 9.93987,45.14535,0.0 9.93987,45.14535,0.0 9.93987,45.14535,0.0 9.93987,45.14535,0.0 9.93987,45.14535,0.0 9.93987,45.14535,0.0 9.93987,45.14535,0.0 9.93987,45.14535,0.0 9.93987,45.14535,0.0 9.93987,45.14535,0.0 9.93987,45.14535,0.0 9.93987,45.14535,0.0 9.93989,45.14535,0.0 9.93988,45.14536,0.0 9.93987,45.14536,0.0 9.93987,45.14536,0.0 9.93987,45.14536,0.0 9.93987,45.14536,0.0 9.93987,45.14536,0.0 9.93986,45.14533,0.0 9.93986,45.14533,0.0 9.93986,45.14533,0.0 9.93987,45.14533,0.0 9.93987,45.14533,0.0 9.93987,45.14533,0.0 9.93987,45.14533,0.0 9.93987,45.14533,0.0 9.93987,45.14533,0.0 9.93987,45.14533,0.0 9.93987,45.14533,0.0 9.93987,45.14533,0.0 9.93987,45.14533,0.0 9.93987,45.14533,0.0 9.93987,45.14533,0.0 9.93987,45.14533,0.0 9.93987,45.14533,0.0 9.93987,45.14533,0.0 9.93987,45.14533,0.0 9.93987,45.14533,0.0 9.93987,45.14533,0.0 9.93987,45.14533,0.0 9.93987,45.14533,0.0 9.93987,45.14533,0.0 9.93987,45.14533,0.0 9.93987,45.14533,0.0 9.93987,45.14533,0.0</coordinates>
                    </LineString>
                </Placemark>
            </Folder>
            <Folder id="183">
                <name>16:50 – 16:59</name>
                <Placemark id="185">
                    <name>Rota 16:50</name>
                    <styleUrl>#2</styleUrl>
                    <LineString id="184">
                        <altitudeMode>clampToGround</altitudeMode>
                        <coordinates>9.93987,45.14533,0.0 9.93987,45.14533,0.0 9.93988,45.14535,0.0 9.93987,45.14535,0.0 9.93987,45.14535,0.0 9.93987,45.14535,0.0 9.93987,45.14535,0.0 9.93987,45.14535,0.0 9.93987,45.14535,0.0 9.93987,45.14535,0.0 9.93987,45.14535,0.0 9.93987,45.14535,0.0 9.93987,45.14535,0.0 9.93987,45.14535,0.0 9.93987,45.14535,0.0 9.93987,45.14535,0.0 9.93987,45.14535,0.0 9.93987,45.14535,0.0 9.93986,45.14535,0.0 9.93986,45.14535,0.0 9.93986,45.14535,0.0 9.93986,45.14535,0.0 9.93986,45.14535,0.0 9.93986,45.14533,0.0 9.93986,45.14533,0.0 9.93986,45.14533,0.0 9.93986,45.14533,0.0 9.93986,45.14533,0.0 9.93986,45.14533,0.0 9.93986,45.14533,0.0 9.93986,45.14533,0.0 9.93988,45.14533,0.0 9.93988,45.14534,0.0 9.93988,45.14534,0.0 9.93988,45.14534,0.0 9.93988,45.14535,0.0 9.93988,45.14535,0.0 9.93988,45.14535,0.0 9.93988,45.14535,0.0 9.93988,45.14535,0.0 9.93988,45.14535,0.0 9.93988,45.14535,0.0 9.93988,45.14535,0.0 9.93988,45.14535,0.0 9.93988,45.14535,0.0 9.93988,45.14535,0.0 9.93988,45.14535,0.0 9.93988,45.14535,0.0 9.93988,45.14535,0.0 9.93988,45.14535,0.0 9.93988,45.14535,0.0 9.93988,45.14535,0.0 9.93989,45.14534,0.0 9.93989,45.14534,0.0 9.93988,45.14535,0.0 9.93988,45.14535,0.0 9.93988,45.14534,0.0 9.93988,45.14534,0.0 9.93988,45.14534,0.0 9.93988,45.14534,0.0 9.93987,45.14533,0.0</coordinates>
                    </LineString>
                </Placemark>
                <Placemark id="187">
                    <name>Rota 16:51</name>
                    <styleUrl>#2</styleUrl>
                    <LineString id="186">
                        <altitudeMode>clampToGround</altitudeMode>
                        <coordinates>9.93987,45.14533,0.0 9.93987,45.14533,0.0 9.93987,45.14533,0.0 9.93986,45.14533,0.0 9.93987,45.14533,0.0 9.93987,45.14533,0.0 9.93987,45.14533,0.0 9.93987,45.14533,0.0 9.93987,45.14533,0.0 9.93987,45.14533,0.0 9.93987,45.14533,0.0 9.93987,45.14533,0.0 9.93987,45.14533,0.0 9.93987,45.14533,0.0 9.93987,45.14533,0.0 9.93992,45.14534,0.0 9.93992,45.14535,0.0 9.93991,45.14535,0.0 9.93991,45.14535,0.0 9.93991,45.14535,0.0 9.9399,45.14535,0.0 9.9399,45.14535,0.0 9.9399,45.14535,0.0 9.9399,45.14535,0.0 9.93989,45.14534,0.0 9.93989,45.14534,0.0 9.93988,45.14533,0.0 9.93988,45.14533,0.0 9.93988,45.14533,0.0 9.93988,45.14533,0.0 9.93988,45.14533,0.0 9.93988,45.14533,0.0 9.93988,45.14533,0.0 9.9399,45.14534,0.0 9.9399,45.14535,0.0 9.93989,45.14535,0.0 9.93989,45.14535,0.0 9.93989,45.14535,0.0 9.93988,45.14535,0.0 9.93988,45.14535,0.0 9.93988,45.14535,0.0 9.93988,45.14533,0.0 9.93988,45.14533,0.0 9.93987,45.14533,0.0 9.93987,45.14533,0.0 9.93988,45.14533,0.0 9.93988,45.14533,0.0 9.93988,45.14533,0.0 9.93988,45.14533,0.0 9.93988,45.14533,0.0 9.93988,45.14535,0.0 9.93988,45.14535,0.0 9.93988,45.14535,0.0 9.93987,45.14535,0.0 9.93987,45.14535,0.0 9.93987,45.14535,0.0 9.93987,45.14535,0.0 9.93987,45.14535,0.0 9.93987,45.14535,0.0 9.93987,45.14535,0.0 9.93987,45.14535,0.0</coordinates>
                    </LineString>
                </Placemark>
                <Placemark id="189">
                    <name>Rota 16:52</name>
                    <styleUrl>#2</styleUrl>
                    <LineString id="188">
                        <altitudeMode>clampToGround</altitudeMode>
                        <coordinates>9.93987,45.14535,0.0 9.93987,45.14535,0.0 9.93987,45.14535,0.0 9.93987,45.14535,0.0 9.93987,45.14535,0.0 9.93987,45.14535,0.0 9.93987,45.14535,0.0 9.93989,45.14535,0.0 9.93989,45.14535,0.0 9.93989,45.14536,0.0 9.93988,45.14536,0.0 9.93988,45.14536,0.0 9.93988,45.14535,0.0 9.93988,45.14535,0.0 9.93989,45.14533,0.0 9.93988,45.14533,0.0 9.93988,45.14533,0.0 9.93988,45.14532,0.0 9.93988,45.14532,0.0 9.93988,45.14532,0.0 9.93988,45.14532,0.0 9.93988,45.14532,0.0 9.93988,45.14532,0.0 9.93988,45.14532,0.0 9.93988,45.14532,0.0 9.93988,45.14532,0.0 9.93988,45.14532,0.0 9.93988,45.14532,0.0 9.93988,45.14532,0.0 9.93988,45.14532,0.0 9.93988,45.14532,0.0 9.93988,45.14532,0.0 9.93988,45.14532,0.0 9.93988,45.14532,0.0 9.93988,45.14532,0.0 9.93988,45.14532,0.0 9.93988,45.14532,0.0 9.93988,45.14532,0.0 9.93988,45.14532,0.0 9.93988,45.14532,0.0 9.93988,45.14532,0.0 9.93988,45.14532,0.0 9.93988,45.14532,0.0 9.93988,45.14532,0.0 9.93988,45.14532,0.0 9.93988,45.14532,0.0 9.93988,45.14532,0.0 9.93992,45.14534,0.0 9.93991,45.14534,0.0 9.93991,45.14534,0.0 9.93991,45.14534,0.0 9.93991,45.14534,0.0 9.93991,45.14534,0.0 9.9399,45.14533,0.0 9.9399,45.14532,0.0 9.93989,45.14533,0.0 9.93989,45.14533,0.0 9.93989,45.14533,0.0 9.93989,45.14533,0.0 9.93989,45.14533,0.0 9.93988,45.14534,0.0</coordinates>
                    </LineString>
                </Placemark>
                <Placemark id="191">
                    <name>Rota 16:53</name>
                    <styleUrl>#2</styleUrl>
                    <LineString id="190">
                        <altitudeMode>clampToGround</altitudeMode>
                        <coordinates>9.93988,45.14534,0.0 9.93987,45.14534,0.0 9.93986,45.14534,0.0 9.93986,45.14534,0.0 9.93986,45.14534,0.0 9.93986,45.14534,0.0 9.93986,45.14534,0.0 9.93986,45.14534,0.0 9.93985,45.14533,0.0 9.93985,45.14532,0.0 9.93985,45.14532,0.0 9.93985,45.14532,0.0 9.93985,45.14533,0.0 9.93985,45.14533,0.0 9.93985,45.14533,0.0 9.93985,45.14533,0.0 9.93985,45.14533,0.0 9.93985,45.14533,0.0 9.93985,45.14533,0.0 9.93985,45.14533,0.0 9.93988,45.14535,0.0 9.93988,45.14535,0.0 9.93988,45.14535,0.0 9.93987,45.14535,0.0 9.93987,45.14535,0.0 9.93987,45.14535,0.0 9.93987,45.14535,0.0 9.93987,45.14535,0.0 9.93987,45.14535,0.0 9.93986,45.14533,0.0 9.93985,45.14533,0.0 9.93986,45.14533,0.0 9.93986,45.14533,0.0 9.93986,45.14533,0.0 9.93986,45.14533,0.0 9.93986,45.14533,0.0 9.93986,45.14533,0.0 9.93986,45.14533,0.0 9.93986,45.14533,0.0 9.93986,45.14533,0.0 9.93986,45.14533,0.0 9.93986,45.14533,0.0 9.93986,45.14533,0.0 9.9399,45.14534,0.0 9.9399,45.14535,0.0 9.93989,45.14534,0.0 9.93989,45.14535,0.0 9.93989,45.14535,0.0 9.93989,45.14535,0.0 9.93989,45.14535,0.0 9.93988,45.14533,0.0 9.93988,45.14533,0.0 9.93987,45.14532,0.0 9.93987,45.14532,0.0 9.93987,45.14533,0.0 9.93987,45.14533,0.0 9.93987,45.14533,0.0 9.93987,45.14533,0.0 9.93987,45.14533,0.0 9.93987,45.14533,0.0 9.93987,45.14533,0.0</coordinates>
                    </LineString>
                </Placemark>
                <Placemark id="193">
                    <name>Rota 16:54</name>
                    <styleUrl>#2</styleUrl>
                    <LineString id="192">
                        <altitudeMode>clampToGround</altitudeMode>
                        <coordinates>9.93987,45.14533,0.0 9.93987,45.14533,0.0 9.93992,45.14533,0.0 9.93992,45.14533,0.0 9.93992,45.14534,0.0 9.93992,45.14534,0.0 9.93991,45.14534,0.0 9.9399,45.14534,0.0 9.9399,45.14534,0.0 9.9399,45.14534,0.0 9.9399,45.14534,0.0 9.9399,45.14534,0.0 9.9399,45.14534,0.0 9.9399,45.14534,0.0 9.9399,45.14534,0.0 9.9399,45.14534,0.0 9.9399,45.14534,0.0 9.9399,45.14534,0.0 9.9399,45.14534,0.0 9.9399,45.14534,0.0 9.9399,45.14534,0.0 9.9399,45.14534,0.0 9.9399,45.14534,0.0 9.9399,45.14534,0.0 9.9399,45.14534,0.0 9.9399,45.14534,0.0 9.9399,45.14534,0.0 9.9399,45.14534,0.0 9.9399,45.14534,0.0 9.93988,45.14535,0.0 9.93987,45.14535,0.0 9.93987,45.14535,0.0 9.93987,45.14535,0.0 9.93987,45.14535,0.0 9.93987,45.14535,0.0 9.93986,45.14533,0.0 9.93986,45.14533,0.0 9.93986,45.14533,0.0 9.93986,45.14533,0.0 9.93986,45.14533,0.0 9.93986,45.14533,0.0 9.93986,45.14533,0.0 9.93986,45.14533,0.0 9.93986,45.14533,0.0 9.93986,45.14533,0.0 9.93986,45.14533,0.0 9.93986,45.14533,0.0 9.93986,45.14533,0.0 9.93986,45.14533,0.0 9.93986,45.14533,0.0 9.93986,45.14533,0.0 9.93988,45.14535,0.0 9.93988,45.14535,0.0 9.93987,45.14536,0.0 9.93987,45.14535,0.0 9.93987,45.14535,0.0 9.93987,45.14535,0.0 9.93987,45.14535,0.0 9.93987,45.14535,0.0 9.93987,45.14535,0.0 9.93987,45.14535,0.0</coordinates>
                    </LineString>
                </Placemark>
                <Placemark id="195">
                    <name>Rota 16:55</name>
                    <styleUrl>#2</styleUrl>
                    <LineString id="194">
                        <altitudeMode>clampToGround</altitudeMode>
                        <coordinates>9.93987,45.14535,0.0 9.93987,45.14535,0.0 9.93987,45.14535,0.0 9.93987,45.14535,0.0 9.93987,45.14535,0.0 9.93987,45.14535,0.0 9.93987,45.14535,0.0 9.93987,45.14535,0.0 9.93987,45.14535,0.0 9.93987,45.14535,0.0 9.93987,45.14535,0.0 9.93987,45.14535,0.0 9.93987,45.14535,0.0 9.93987,45.14535,0.0 9.93987,45.14535,0.0 9.93987,45.14535,0.0 9.93987,45.14535,0.0 9.93984,45.14532,0.0 9.93984,45.14532,0.0 9.93984,45.14532,0.0 9.93984,45.14532,0.0 9.93984,45.14532,0.0 9.93984,45.14532,0.0 9.93984,45.14532,0.0 9.93984,45.14532,0.0 9.93985,45.14533,0.0 9.93985,45.14534,0.0 9.93985,45.14533,0.0 9.93985,45.14533,0.0 9.93985,45.14533,0.0 9.93985,45.14533,0.0 9.93985,45.14533,0.0 9.93984,45.14532,0.0 9.93984,45.14531,0.0 9.93985,45.14531,0.0 9.93985,45.14531,0.0 9.93985,45.14531,0.0 9.93986,45.14531,0.0 9.93986,45.14531,0.0 9.93986,45.14531,0.0 9.93986,45.14531,0.0 9.93986,45.14531,0.0 9.93986,45.14531,0.0 9.93986,45.14531,0.0 9.93991,45.14532,0.0 9.93991,45.14533,0.0 9.93991,45.14533,0.0 9.9399,45.14533,0.0 9.9399,45.14533,0.0 9.9399,45.14533,0.0 9.9399,45.14533,0.0 9.9399,45.14533,0.0 9.93989,45.14532,0.0 9.93989,45.14531,0.0 9.93989,45.14531,0.0 9.93988,45.14531,0.0 9.93989,45.14531,0.0 9.93989,45.14531,0.0 9.93989,45.14531,0.0 9.93989,45.14531,0.0 9.93989,45.14531,0.0</coordinates>
                    </LineString>
                </Placemark>
                <Placemark id="197">
                    <name>Rota 16:56</name>
                    <styleUrl>#2</styleUrl>
                    <LineString id="196">
                        <altitudeMode>clampToGround</altitudeMode>
                        <coordinates>9.93989,45.14531,0.0 9.93989,45.14531,0.0 9.93989,45.14531,0.0 9.93989,45.14531,0.0 9.93993,45.14531,0.0 9.93993,45.14531,0.0 9.93993,45.14534,0.0 9.93992,45.14534,0.0 9.93992,45.14534,0.0 9.93992,45.14533,0.0 9.93992,45.14533,0.0 9.93992,45.14533,0.0 9.93992,45.14533,0.0 9.93992,45.14533,0.0 9.9399,45.14532,0.0 9.93989,45.14532,0.0 9.9399,45.14532,0.0 9.9399,45.14532,0.0 9.9399,45.14533,0.0 9.9399,45.14533,0.0 9.93989,45.14534,0.0 9.93989,45.14534,0.0 9.93989,45.14534,0.0 9.93989,45.14534,0.0 9.93989,45.14534,0.0 9.93989,45.14534,0.0 9.93989,45.14534,0.0 9.93989,45.14534,0.0 9.93989,45.14534,0.0 9.93989,45.14534,0.0 9.93989,45.14534,0.0 9.93989,45.14534,0.0 9.93989,45.14534,0.0 9.93989,45.14534,0.0 9.93989,45.14534,0.0 9.93989,45.14534,0.0 9.93989,45.14534,0.0 9.93989,45.14534,0.0 9.93989,45.14534,0.0 9.93989,45.14534,0.0 9.93989,45.14534,0.0 9.93989,45.14534,0.0 9.93989,45.14534,0.0 9.93989,45.14534,0.0 9.93989,45.14534,0.0 9.93989,45.14534,0.0 9.93989,45.14534,0.0 9.93989,45.14534,0.0 9.93989,45.14534,0.0 9.93989,45.14534,0.0 9.93989,45.14534,0.0 9.93989,45.14534,0.0 9.93989,45.14534,0.0 9.93989,45.14534,0.0 9.93989,45.14534,0.0 9.93989,45.14534,0.0 9.93989,45.14534,0.0 9.93989,45.14534,0.0 9.93989,45.14534,0.0 9.93989,45.14534,0.0 9.93989,45.14534,0.0</coordinates>
                    </LineString>
                </Placemark>
                <Placemark id="199">
                    <name>Rota 16:57</name>
                    <styleUrl>#2</styleUrl>
                    <LineString id="198">
                        <altitudeMode>clampToGround</altitudeMode>
                        <coordinates>9.93989,45.14534,0.0 9.93989,45.14534,0.0 9.93989,45.14534,0.0 9.93989,45.14534,0.0 9.93989,45.14534,0.0 9.93989,45.14534,0.0 9.93989,45.14534,0.0 9.93989,45.14534,0.0 9.93989,45.14534,0.0 9.93996,45.14532,0.0 9.93996,45.14532,0.0 9.93995,45.14533,0.0 9.93994,45.14533,0.0 9.93993,45.14533,0.0 9.93993,45.14533,0.0 9.93993,45.14533,0.0 9.93993,45.14533,0.0 9.93993,45.14533,0.0 9.93993,45.14533,0.0 9.93993,45.14533,0.0 9.93993,45.14533,0.0 9.93993,45.14533,0.0 9.93993,45.14533,0.0 9.93993,45.14533,0.0 9.93993,45.14533,0.0 9.93993,45.14533,0.0 9.93993,45.14533,0.0 9.93993,45.14533,0.0 9.93993,45.14533,0.0 9.93993,45.14533,0.0 9.93993,45.14533,0.0 9.93993,45.14533,0.0 9.93993,45.14533,0.0 9.93993,45.14533,0.0 9.93993,45.14533,0.0 9.93993,45.14533,0.0 9.93993,45.14533,0.0 9.93993,45.14533,0.0 9.93993,45.14533,0.0 9.93985,45.14531,0.0 9.93985,45.14531,0.0 9.93985,45.14531,0.0 9.93985,45.14531,0.0 9.93985,45.14531,0.0 9.93985,45.14531,0.0 9.93985,45.14531,0.0 9.93985,45.14531,0.0 9.93986,45.14533,0.0 9.93986,45.14534,0.0 9.93986,45.14534,0.0 9.93986,45.14534,0.0 9.93986,45.14534,0.0 9.93986,45.14534,0.0 9.93986,45.14534,0.0 9.93985,45.14533,0.0 9.93985,45.14532,0.0 9.93985,45.14532,0.0 9.93985,45.14532,0.0 9.93986,45.14532,0.0 9.93986,45.14532,0.0 9.93986,45.14532,0.0</coordinates>
                    </LineString>
                </Placemark>
                <Placemark id="201">
                    <name>Rota 16:58</name>
                    <styleUrl>#2</styleUrl>
                    <LineString id="200">
                        <altitudeMode>clampToGround</altitudeMode>
                        <coordinates>9.93986,45.14532,0.0 9.93986,45.14532,0.0 9.93986,45.14532,0.0 9.93986,45.14532,0.0 9.93986,45.14532,0.0 9.93986,45.14532,0.0 9.93986,45.14532,0.0 9.93986,45.14532,0.0 9.93986,45.14532,0.0 9.93991,45.14534,0.0 9.9399,45.14534,0.0 9.9399,45.14534,0.0 9.9399,45.14534,0.0 9.93989,45.14534,0.0 9.93989,45.14534,0.0 9.93989,45.14533,0.0 9.93988,45.14532,0.0 9.93988,45.14532,0.0 9.93988,45.14532,0.0 9.93988,45.14532,0.0 9.93988,45.14532,0.0 9.93988,45.14532,0.0 9.93988,45.14532,0.0 9.93988,45.14532,0.0 9.93988,45.14532,0.0 9.93988,45.14532,0.0 9.93988,45.14532,0.0 9.93988,45.14532,0.0 9.93988,45.14532,0.0 9.93988,45.14532,0.0 9.93988,45.14532,0.0 9.93992,45.14533,0.0 9.93992,45.14534,0.0 9.93991,45.14534,0.0 9.9399,45.14534,0.0 9.9399,45.14534,0.0 9.9399,45.14534,0.0 9.93989,45.14534,0.0 9.93989,45.14534,0.0 9.93989,45.14534,0.0 9.93989,45.14534,0.0 9.93989,45.14534,0.0 9.93989,45.14534,0.0 9.93989,45.14534,0.0 9.93989,45.14534,0.0 9.93989,45.14534,0.0 9.93989,45.14534,0.0 9.93989,45.14534,0.0 9.93989,45.14534,0.0 9.93989,45.14534,0.0 9.93989,45.14534,0.0 9.93989,45.14534,0.0 9.93989,45.14534,0.0 9.93989,45.14534,0.0 9.93989,45.14534,0.0 9.9399,45.14535,0.0 9.9399,45.14535,0.0 9.93989,45.14535,0.0 9.93989,45.14535,0.0 9.93988,45.14535,0.0 9.93988,45.14535,0.0</coordinates>
                    </LineString>
                </Placemark>
                <Placemark id="203">
                    <name>Rota 16:59</name>
                    <styleUrl>#2</styleUrl>
                    <LineString id="202">
                        <altitudeMode>clampToGround</altitudeMode>
                        <coordinates>9.93988,45.14535,0.0 9.93988,45.14535,0.0 9.93988,45.14535,0.0 9.93988,45.14535,0.0 9.93988,45.14535,0.0 9.93987,45.14533,0.0 9.93987,45.14532,0.0 9.93987,45.14532,0.0 9.93987,45.14532,0.0 9.93987,45.14532,0.0 9.93987,45.14532,0.0 9.93987,45.14532,0.0 9.93987,45.14532,0.0 9.93987,45.14532,0.0 9.93987,45.14532,0.0 9.93987,45.14532,0.0 9.93987,45.14532,0.0 9.93987,45.14532,0.0 9.93987,45.14532,0.0 9.93987,45.14532,0.0 9.93987,45.14532,0.0 9.93987,45.14532,0.0 9.93987,45.14532,0.0 9.93987,45.14532,0.0 9.93988,45.14535,0.0 9.93988,45.14535,0.0 9.93988,45.14535,0.0 9.93987,45.14535,0.0 9.93987,45.14535,0.0 9.93987,45.14534,0.0 9.93987,45.14533,0.0 9.93987,45.14533,0.0 9.93986,45.14533,0.0 9.93987,45.14533,0.0 9.93987,45.14533,0.0 9.93987,45.14533,0.0 9.93987,45.14533,0.0 9.93987,45.14533,0.0 9.93987,45.14533,0.0 9.93987,45.14533,0.0 9.93987,45.14533,0.0 9.93987,45.14533,0.0 9.93991,45.14534,0.0 9.93991,45.14534,0.0 9.93991,45.14534,0.0 9.9399,45.14535,0.0 9.9399,45.14534,0.0 9.93989,45.14534,0.0 9.93989,45.14534,0.0 9.93989,45.14534,0.0 9.93989,45.14534,0.0 9.93989,45.14534,0.0 9.93989,45.14534,0.0 9.93989,45.14534,0.0 9.93989,45.14534,0.0 9.93989,45.14534,0.0 9.93989,45.14534,0.0 9.93989,45.14534,0.0 9.93989,45.14534,0.0 9.93989,45.14534,0.0 9.93989,45.14534,0.0</coordinates>
                    </LineString>
                </Placemark>
            </Folder>
        </Folder>
        <Folder id="204">
            <name>2026-09-24 17:00</name>
            <Folder id="205">
                <name>17:00 – 17:09</name>
                <Placemark id="207">
                    <name>Rota 17:00</name>
                    <styleUrl>#2</styleUrl>
                    <LineString id="206">
                        <altitudeMode>clampToGround</altitudeMode>
                        <coordinates>9.93989,45.14534,0.0 9.93989,45.14534,0.0 9.93989,45.14534,0.0 9.93989,45.14534,0.0 9.93989,45.14534,0.0 9.93989,45.14534,0.0 9.93989,45.14534,0.0 9.93989,45.14534,0.0 9.93989,45.14534,0.0 9.93989,45.14534,0.0 9.93989,45.14534,0.0 9.93989,45.14534,0.0 9.93989,45.14534,0.0 9.93989,45.14534,0.0 9.93989,45.14534,0.0 9.93989,45.14534,0.0 9.93989,45.14534,0.0 9.93989,45.14534,0.0 9.93989,45.14534,0.0 9.93989,45.14534,0.0 9.93989,45.14534,0.0 9.93989,45.14534,0.0 9.93989,45.14534,0.0 9.93989,45.14534,0.0 9.93989,45.14534,0.0 9.93989,45.14534,0.0 9.93989,45.14534,0.0 9.93989,45.14534,0.0 9.93989,45.14534,0.0 9.93989,45.14534,0.0 9.93989,45.14534,0.0 9.93989,45.14534,0.0 9.93989,45.14534,0.0 9.93989,45.14534,0.0 9.93989,45.14534,0.0 9.93989,45.14534,0.0 9.93989,45.14534,0.0 9.93989,45.14534,0.0 9.93989,45.14534,0.0 9.93989,45.14534,0.0 9.93989,45.14534,0.0 9.93989,45.14534,0.0 9.93989,45.14534,0.0 9.93989,45.14534,0.0 9.93989,45.14534,0.0 9.93983,45.14531,0.0 9.93983,45.14531,0.0 9.93983,45.14531,0.0 9.93983,45.14531,0.0 9.93983,45.14531,0.0 9.93983,45.14531,0.0 9.93983,45.14531,0.0 9.93983,45.14531,0.0 9.93983,45.14531,0.0 9.93983,45.14531,0.0 9.93985,45.14533,0.0 9.93985,45.14533,0.0 9.93985,45.14534,0.0 9.93985,45.14534,0.0 9.93985,45.14534,0.0 9.93985,45.14534,0.0</coordinates>
                    </LineString>
                </Placemark>
                <Placemark id="209">
                    <name>Rota 17:01</name>
                    <styleUrl>#2</styleUrl>
                    <LineString id="208">
                        <altitudeMode>clampToGround</altitudeMode>
                        <coordinates>9.93985,45.14534,0.0 9.93985,45.14534,0.0 9.93985,45.14534,0.0 9.93985,45.14534,0.0 9.93985,45.14534,0.0 9.93985,45.14534,0.0 9.93985,45.14534,0.0 9.93985,45.14534,0.0 9.93985,45.14534,0.0 9.93985,45.14534,0.0 9.93985,45.14534,0.0 9.93985,45.14534,0.0 9.93985,45.14534,0.0 9.93985,45.14534,0.0 9.93985,45.14534,0.0 9.93985,45.14534,0.0 9.93985,45.14534,0.0 9.93985,45.14534,0.0 9.93985,45.14534,0.0 9.93985,45.14534,0.0 9.93985,45.14534,0.0 9.93985,45.14534,0.0 9.93985,45.14534,0.0 9.93985,45.14534,0.0 9.93985,45.14534,0.0 9.93985,45.14534,0.0 9.93985,45.14534,0.0 9.93985,45.14534,0.0 9.93985,45.14534,0.0 9.93985,45.14534,0.0 9.93985,45.14534,0.0 9.93985,45.14534,0.0 9.93985,45.14534,0.0 9.93983,45.14531,0.0 9.93983,45.14531,0.0 9.93983,45.14531,0.0 9.93983,45.14531,0.0 9.93984,45.14531,0.0 9.93985,45.14531,0.0 9.93985,45.14531,0.0 9.93985,45.14531,0.0 9.93985,45.14531,0.0 9.93985,45.14531,0.0 9.93985,45.14531,0.0 9.93985,45.14531,0.0 9.93985,45.14531,0.0 9.93986,45.14535,0.0 9.93986,45.14535,0.0 9.93985,45.14535,0.0 9.93985,45.14535,0.0 9.93985,45.14535,0.0 9.93985,45.14535,0.0 9.93985,45.14535,0.0 9.93985,45.14533,0.0 9.93985,45.14532,0.0 9.93985,45.14532,0.0 9.93986,45.14532,0.0 9.93986,45.14532,0.0 9.93986,45.14532,0.0 9.93986,45.14532,0.0 9.93986,45.14532,0.0</coordinates>
                    </LineString>
                </Placemark>
                <Placemark id="211">
                    <name>Rota 17:02</name>
                    <styleUrl>#2</styleUrl>
                    <LineString id="210">
                        <altitudeMode>clampToGround</altitudeMode>
                        <coordinates>9.93986,45.14532,0.0 9.93986,45.14532,0.0 9.93986,45.14532,0.0 9.93986,45.14532,0.0 9.93986,45.14532,0.0 9.93986,45.14532,0.0 9.93989,45.14535,0.0 9.93988,45.14536,0.0 9.93988,45.14536,0.0 9.93988,45.14536,0.0 9.93988,45.14536,0.0 9.93988,45.14536,0.0 9.93988,45.14536,0.0 9.93988,45.14534,0.0 9.93987,45.14534,0.0 9.93987,45.14534,0.0 9.93987,45.14533,0.0 9.93987,45.14533,0.0 9.93987,45.14533,0.0 9.93987,45.14533,0.0 9.93987,45.14533,0.0 9.93987,45.14533,0.0 9.93987,45.14533,0.0 9.93987,45.14533,0.0 9.93987,45.14533,0.0 9.93987,45.14533,0.0 9.93987,45.14533,0.0 9.93991,45.14534,0.0 9.93991,45.14534,0.0 9.93991,45.14536,0.0 9.93991,45.14536,0.0 9.9399,45.14536,0.0 9.9399,45.14536,0.0 9.9399,45.14536,0.0 9.9399,45.14536,0.0 9.93989,45.14535,0.0 9.93988,45.14534,0.0 9.93988,45.14534,0.0 9.93988,45.14534,0.0 9.93988,45.14534,0.0 9.93988,45.14534,0.0 9.93988,45.14534,0.0 9.93988,45.14534,0.0 9.93988,45.14534,0.0 9.93988,45.14534,0.0 9.93988,45.14534,0.0 9.93988,45.14534,0.0 9.93988,45.14534,0.0 9.93988,45.14534,0.0 9.93988,45.14537,0.0 9.93988,45.14537,0.0 9.93987,45.14537,0.0 9.93987,45.14536,0.0 9.93987,45.14536,0.0 9.93987,45.14536,0.0 9.93987,45.14535,0.0 9.93987,45.14535,0.0 9.93987,45.14534,0.0 9.93987,45.14534,0.0 9.93987,45.14534,0.0 9.93987,45.14534,0.0</coordinates>
                    </LineString>
                </Placemark>
                <Placemark id="213">
                    <name>Rota 17:03</name>
                    <styleUrl>#2</styleUrl>
                    <LineString id="212">
                        <altitudeMode>clampToGround</altitudeMode>
                        <coordinates>9.93987,45.14534,0.0 9.93987,45.14534,0.0 9.93987,45.14534,0.0 9.93987,45.14534,0.0 9.93987,45.14534,0.0 9.93987,45.14534,0.0 9.93987,45.14534,0.0 9.93987,45.14534,0.0 9.93986,45.14537,0.0 9.93986,45.14537,0.0 9.93986,45.14536,0.0 9.93985,45.14536,0.0 9.93985,45.14536,0.0 9.93986,45.14535,0.0 9.93986,45.14534,0.0 9.93986,45.14534,0.0 9.93986,45.14534,0.0 9.93986,45.14534,0.0 9.93986,45.14534,0.0 9.93986,45.14534,0.0 9.93986,45.14534,0.0 9.93986,45.14534,0.0 9.93986,45.14534,0.0 9.93986,45.14534,0.0 9.93986,45.14534,0.0 9.93986,45.14534,0.0 9.93986,45.14534,0.0 9.93986,45.14534,0.0 9.93986,45.14534,0.0 9.93986,45.14534,0.0 9.93986,45.14534,0.0 9.93986,45.14534,0.0 9.93986,45.14534,0.0 9.93986,45.14534,0.0 9.93986,45.14534,0.0 9.93986,45.14534,0.0 9.93986,45.14534,0.0 9.93986,45.14534,0.0 9.93986,45.14534,0.0 9.93986,45.14534,0.0 9.93986,45.14534,0.0 9.93986,45.14534,0.0 9.93986,45.14534,0.0 9.93986,45.14534,0.0 9.93986,45.14534,0.0 9.93986,45.14534,0.0 9.93986,45.14534,0.0 9.93986,45.14534,0.0 9.93986,45.14534,0.0 9.93986,45.14534,0.0 9.93986,45.14534,0.0 9.93986,45.14534,0.0 9.93986,45.14534,0.0 9.93986,45.14534,0.0 9.93986,45.14534,0.0 9.93985,45.14531,0.0 9.93985,45.14531,0.0 9.93985,45.14531,0.0 9.93985,45.14531,0.0 9.93985,45.14531,0.0 9.93985,45.14531,0.0</coordinates>
                    </LineString>
                </Placemark>
                <Placemark id="215">
                    <name>Rota 17:04</name>
                    <styleUrl>#2</styleUrl>
                    <LineString id="214">
                        <altitudeMode>clampToGround</altitudeMode>
                        <coordinates>9.93985,45.14531,0.0 9.93985,45.14531,0.0 9.93987,45.14532,0.0 9.93987,45.14533,0.0 9.93987,45.14533,0.0 9.93987,45.14533,0.0 9.93986,45.14534,0.0 9.93986,45.14533,0.0 9.93986,45.14533,0.0 9.93986,45.14533,0.0 9.93986,45.14532,0.0 9.93986,45.14532,0.0 9.93986,45.14532,0.0 9.93986,45.14532,0.0 9.93986,45.14532,0.0 9.93986,45.14532,0.0 9.93986,45.14532,0.0 9.93986,45.14532,0.0 9.93988,45.14534,0.0 9.93988,45.14534,0.0 9.93988,45.14534,0.0 9.93987,45.14535,0.0 9.93987,45.14535,0.0 9.93987,45.14534,0.0 9.93987,45.14534,0.0 9.93988,45.14533,0.0 9.93987,45.14533,0.0 9.93987,45.14532,0.0 9.93987,45.14532,0.0 9.93987,45.14532,0.0 9.93988,45.14532,0.0 9.93988,45.14532,0.0 9.93988,45.14532,0.0 9.93988,45.14532,0.0 9.93988,45.14532,0.0 9.93988,45.14532,0.0 9.93989,45.14534,0.0 9.93989,45.14534,0.0 9.93988,45.14534,0.0 9.93988,45.14534,0.0 9.93988,45.14534,0.0 9.93988,45.14534,0.0 9.93988,45.14533,0.0 9.93988,45.14533,0.0 9.93987,45.14533,0.0 9.93987,45.14533,0.0 9.93987,45.14533,0.0 9.93987,45.14533,0.0 9.93987,45.14533,0.0 9.93987,45.14533,0.0 9.93987,45.14533,0.0 9.93987,45.14533,0.0 9.93987,45.14533,0.0 9.93987,45.14533,0.0 9.93987,45.14533,0.0 9.93987,45.14533,0.0 9.93987,45.14533,0.0 9.93987,45.14533,0.0 9.93986,45.14533,0.0 9.93986,45.14533,0.0 9.93986,45.14533,0.0</coordinates>
                    </LineString>
                </Placemark>
                <Placemark id="217">
                    <name>Rota 17:05</name>
                    <styleUrl>#2</styleUrl>
                    <LineString id="216">
                        <altitudeMode>clampToGround</altitudeMode>
                        <coordinates>9.93986,45.14533,0.0 9.93986,45.14533,0.0 9.93986,45.14533,0.0 9.93986,45.14533,0.0 9.93986,45.14533,0.0 9.93986,45.14533,0.0 9.93986,45.14533,0.0 9.93986,45.14533,0.0 9.93986,45.14533,0.0 9.93986,45.14533,0.0 9.93986,45.14533,0.0 9.93986,45.14533,0.0 9.93986,45.14533,0.0 9.93986,45.14533,0.0 9.93986,45.14533,0.0 9.93987,45.14533,0.0 9.93986,45.14532,0.0 9.93986,45.14532,0.0 9.93986,45.14532,0.0 9.93986,45.14532,0.0 9.93986,45.14532,0.0 9.93986,45.14532,0.0 9.93986,45.14532,0.0 9.93986,45.14532,0.0 9.93988,45.14534,0.0 9.93988,45.14534,0.0 9.93987,45.14534,0.0 9.93987,45.14534,0.0 9.93987,45.14534,0.0 9.93987,45.14534,0.0 9.93986,45.14533,0.0 9.93986,45.14533,0.0 9.93986,45.14532,0.0 9.93986,45.14532,0.0 9.93986,45.14532,0.0 9.93986,45.14532,0.0 9.93986,45.14532,0.0 9.93986,45.14532,0.0 9.93986,45.14532,0.0 9.93986,45.14532,0.0 9.93986,45.14532,0.0 9.93986,45.14532,0.0 9.93986,45.14532,0.0 9.93986,45.14532,0.0 9.93986,45.14532,0.0 9.93986,45.14532,0.0 9.93986,45.14532,0.0 9.93986,45.14532,0.0 9.93986,45.14532,0.0 9.93986,45.14532,0.0 9.93986,45.14532,0.0 9.93986,45.14532,0.0 9.93986,45.14532,0.0 9.93986,45.14532,0.0 9.93986,45.14532,0.0 9.93986,45.14532,0.0 9.93986,45.14532,0.0 9.93986,45.14532,0.0 9.93986,45.14532,0.0 9.93986,45.14532,0.0 9.93986,45.14532,0.0</coordinates>
                    </LineString>
                </Placemark>
                <Placemark id="219">
                    <name>Rota 17:06</name>
                    <styleUrl>#2</styleUrl>
                    <LineString id="218">
                        <altitudeMode>clampToGround</altitudeMode>
                        <coordinates>9.93986,45.14532,0.0 9.93986,45.14532,0.0 9.93986,45.14532,0.0 9.93986,45.14532,0.0 9.93986,45.14532,0.0 9.93986,45.14532,0.0 9.93986,45.14532,0.0 9.93987,45.14536,0.0 9.93986,45.14536,0.0 9.93986,45.14536,0.0 9.93986,45.14536,0.0 9.93986,45.14536,0.0 9.93987,45.14534,0.0 9.93986,45.14534,0.0 9.93986,45.14534,0.0 9.93987,45.14534,0.0 9.93987,45.14534,0.0 9.93987,45.14534,0.0 9.93987,45.14534,0.0 9.93987,45.14534,0.0 9.93987,45.14534,0.0 9.93987,45.14534,0.0 9.93987,45.14534,0.0 9.93987,45.14534,0.0 9.93987,45.14534,0.0 9.93987,45.14534,0.0 9.93987,45.14534,0.0 9.93987,45.14534,0.0 9.93987,45.14534,0.0 9.93987,45.14534,0.0 9.93987,45.14534,0.0 9.93986,45.14533,0.0 9.93986,45.14533,0.0 9.93986,45.14533,0.0 9.93986,45.14533,0.0 9.93986,45.14533,0.0 9.93986,45.14533,0.0 9.93986,45.14533,0.0 9.93986,45.14533,0.0 9.93986,45.14533,0.0 9.93986,45.14533,0.0 9.93986,45.14533,0.0 9.93986,45.14533,0.0 9.93986,45.14533,0.0 9.93986,45.14533,0.0 9.93986,45.14533,0.0 9.93986,45.14533,0.0 9.93986,45.14533,0.0 9.93986,45.14533,0.0 9.93988,45.14536,0.0 9.93988,45.14536,0.0 9.93988,45.14536,0.0 9.93988,45.14536,0.0 9.93988,45.14536,0.0 9.93988,45.14534,0.0 9.93988,45.14534,0.0 9.93987,45.14534,0.0 9.93987,45.14534,0.0 9.93987,45.14534,0.0 9.93987,45.14534,0.0 9.93987,45.14534,0.0</coordinates>
                    </LineString>
                </Placemark>
                <Placemark id="221">
                    <name>Rota 17:07</name>
                    <styleUrl>#2</styleUrl>
                    <LineString id="220">
                        <altitudeMode>clampToGround</altitudeMode>
                        <coordinates>9.93987,45.14534,0.0 9.93987,45.14534,0.0 9.93987,45.14534,0.0 9.93987,45.14534,0.0 9.93987,45.14534,0.0 9.93987,45.14534,0.0 9.93987,45.14534,0.0 9.93987,45.14534,0.0 9.93987,45.14534,0.0 9.93988,45.14536,0.0 9.93987,45.14536,0.0 9.93987,45.14536,0.0 9.93987,45.14536,0.0 9.93987,45.14536,0.0 9.93987,45.14536,0.0 9.93987,45.14536,0.0 9.93986,45.14534,0.0 9.93986,45.14534,0.0 9.93985,45.14533,0.0 9.93985,45.14533,0.0 9.93986,45.14533,0.0 9.93986,45.14533,0.0 9.93986,45.14533,0.0 9.93986,45.14533,0.0 9.93986,45.14533,0.0 9.93986,45.14533,0.0 9.93986,45.14533,0.0 9.93986,45.14533,0.0 9.93986,45.14533,0.0 9.93986,45.14533,0.0 9.93988,45.14535,0.0 9.93988,45.14535,0.0 9.93987,45.14535,0.0 9.93988,45.14535,0.0 9.93988,45.14535,0.0 9.93988,45.14535,0.0 9.93987,45.14533,0.0 9.93987,45.14533,0.0 9.93987,45.14533,0.0 9.93987,45.14533,0.0 9.93987,45.14533,0.0 9.93987,45.14533,0.0 9.93987,45.14533,0.0 9.93987,45.14533,0.0 9.93987,45.14533,0.0 9.93987,45.14533,0.0 9.93987,45.14533,0.0 9.93987,45.14533,0.0 9.93987,45.14533,0.0 9.93987,45.14533,0.0 9.93987,45.14533,0.0 9.93987,45.14533,0.0 9.93987,45.14533,0.0 9.93987,45.14533,0.0 9.93987,45.14533,0.0 9.93987,45.14533,0.0 9.93987,45.14533,0.0 9.93987,45.14533,0.0 9.93987,45.14533,0.0 9.93987,45.14533,0.0 9.93987,45.14533,0.0</coordinates>
                    </LineString>
                </Placemark>
                <Placemark id="223">
                    <name>Rota 17:08</name>
                    <styleUrl>#2</styleUrl>
                    <LineString id="222">
                        <altitudeMode>clampToGround</altitudeMode>
                        <coordinates>9.93987,45.14533,0.0 9.93993,45.14533,0.0 9.93993,45.14533,0.0 9.93993,45.14533,0.0 9.93994,45.14533,0.0 9.93994,45.14533,0.0 9.93994,45.14533,0.0 9.93994,45.14533,0.0 9.93994,45.14533,0.0 9.93994,45.14533,0.0 9.93994,45.14533,0.0 9.93994,45.14533,0.0 9.93994,45.14533,0.0 9.93994,45.14533,0.0 9.93994,45.14533,0.0 9.93994,45.14533,0.0 9.93994,45.14533,0.0 9.93994,45.14533,0.0 9.9399,45.14534,0.0 9.9399,45.14533,0.0 9.93989,45.14533,0.0 9.93989,45.14533,0.0 9.93989,45.14533,0.0 9.93989,45.14533,0.0 9.93989,45.14533,0.0 9.93989,45.14533,0.0 9.93989,45.14533,0.0 9.93989,45.14533,0.0 9.93989,45.14533,0.0 9.93989,45.14533,0.0 9.93989,45.14535,0.0 9.93989,45.14536,0.0 9.93988,45.14536,0.0 9.93988,45.14536,0.0 9.93988,45.14536,0.0 9.93987,45.14536,0.0 9.93987,45.14536,0.0 9.93987,45.14534,0.0 9.93987,45.14534,0.0 9.93987,45.14534,0.0 9.93987,45.14534,0.0 9.93987,45.14533,0.0 9.93987,45.14533,0.0 9.93987,45.14533,0.0 9.93987,45.14533,0.0 9.93987,45.14533,0.0 9.93987,45.14533,0.0 9.93987,45.14533,0.0 9.93987,45.14533,0.0 9.93987,45.14533,0.0 9.93987,45.14533,0.0 9.93987,45.14533,0.0 9.93987,45.14533,0.0 9.93987,45.14533,0.0 9.93987,45.14533,0.0 9.93988,45.14533,0.0 9.93988,45.14533,0.0 9.93988,45.14533,0.0 9.93987,45.14533,0.0 9.93987,45.14533,0.0 9.93987,45.14533,0.0</coordinates>
                    </LineString>
                </Placemark>
                <Placemark id="225">
                    <name>Rota 17:09</name>
                    <styleUrl>#2</styleUrl>
                    <LineString id="224">
                        <altitudeMode>clampToGround</altitudeMode>
                        <coordinates>9.93987,45.14533,0.0 9.93987,45.14533,0.0 9.93987,45.14533,0.0 9.93987,45.14533,0.0 9.93987,45.14533,0.0 9.93988,45.14535,0.0 9.93988,45.14535,0.0 9.93987,45.14535,0.0 9.93986,45.14535,0.0 9.93986,45.14535,0.0 9.93986,45.14535,0.0 9.93986,45.14534,0.0 9.93986,45.14533,0.0 9.93986,45.14533,0.0 9.93986,45.14533,0.0 9.93986,45.14533,0.0 9.93986,45.14533,0.0 9.93986,45.14533,0.0 9.93986,45.14533,0.0 9.93986,45.14533,0.0 9.93986,45.14533,0.0 9.93986,45.14533,0.0 9.93986,45.14533,0.0 9.93986,45.14533,0.0 9.93986,45.14533,0.0 9.93986,45.14533,0.0 9.93986,45.14533,0.0 9.93986,45.14533,0.0 9.93988,45.14536,0.0 9.93987,45.14536,0.0 9.93987,45.14536,0.0 9.93987,45.14536,0.0 9.93987,45.14536,0.0 9.93987,45.14536,0.0 9.93987,45.14536,0.0 9.93986,45.14534,0.0 9.93986,45.14534,0.0 9.93986,45.14534,0.0 9.93986,45.14534,0.0 9.93986,45.14534,0.0 9.93986,45.14534,0.0 9.93986,45.14534,0.0 9.93986,45.14534,0.0 9.93986,45.14534,0.0 9.93986,45.14534,0.0 9.93986,45.14534,0.0 9.93986,45.14534,0.0 9.93986,45.14534,0.0 9.9399,45.14535,0.0 9.9399,45.14535,0.0 9.93989,45.14535,0.0 9.93989,45.14535,0.0 9.93989,45.14535,0.0 9.93988,45.14535,0.0 9.93988,45.14535,0.0 9.93988,45.14533,0.0 9.93988,45.14533,0.0 9.93988,45.14533,0.0 9.93988,45.14532,0.0 9.93987,45.14532,0.0 9.93987,45.14532,0.0</coordinates>
                    </LineString>
                </Placemark>
            </Folder>
            <Folder id="226">
                <name>17:10 – 17:19</name>
                <Placemark id="228">
                    <name>Rota 17:10</name>
                    <styleUrl>#2</styleUrl>
                    <LineString id="227">
                        <altitudeMode>clampToGround</altitudeMode>
                        <coordinates>9.93987,45.14532,0.0 9.93987,45.14532,0.0 9.93987,45.14532,0.0 9.93987,45.14532,0.0 9.93987,45.14532,0.0 9.93987,45.14532,0.0 9.93987,45.14532,0.0 9.93987,45.14532,0.0 9.93987,45.14532,0.0 9.93987,45.14532,0.0 9.93987,45.14532,0.0 9.9399,45.14534,0.0 9.93989,45.14534,0.0 9.93989,45.14534,0.0 9.93988,45.14534,0.0 9.93988,45.14534,0.0 9.93988,45.14534,0.0 9.93988,45.14534,0.0 9.93988,45.14534,0.0 9.93988,45.14534,0.0 9.93988,45.14534,0.0 9.93988,45.14534,0.0 9.93988,45.14534,0.0 9.93988,45.14534,0.0 9.93988,45.14534,0.0 9.93988,45.14534,0.0 9.93988,45.14534,0.0 9.93988,45.14534,0.0 9.93988,45.14534,0.0 9.93988,45.14534,0.0 9.93988,45.14534,0.0 9.93988,45.14534,0.0 9.93988,45.14534,0.0 9.93988,45.14534,0.0 9.93988,45.14534,0.0 9.93988,45.14534,0.0 9.93988,45.14534,0.0 9.93988,45.14534,0.0 9.93988,45.14534,0.0 9.93988,45.14534,0.0 9.93988,45.14534,0.0 9.93988,45.14534,0.0 9.93988,45.14534,0.0 9.93988,45.14534,0.0 9.93988,45.14534,0.0 9.93988,45.14534,0.0 9.93988,45.14534,0.0 9.93988,45.14534,0.0 9.93988,45.14534,0.0 9.93988,45.14534,0.0 9.93994,45.14531,0.0 9.93994,45.14531,0.0 9.93994,45.14531,0.0 9.93995,45.14531,0.0 9.93994,45.14531,0.0 9.93994,45.14531,0.0 9.93994,45.14531,0.0 9.93994,45.14531,0.0 9.93994,45.14531,0.0 9.93994,45.14531,0.0 9.93994,45.14531,0.0</coordinates>
                    </LineString>
                </Placemark>
                <Placemark id="230">
                    <name>Rota 17:11</name>
                    <styleUrl>#2</styleUrl>
                    <LineString id="229">
                        <altitudeMode>clampToGround</altitudeMode>
                        <coordinates>9.93994,45.14531,0.0 9.93994,45.14531,0.0 9.93994,45.14533,0.0 9.93994,45.14534,0.0 9.93994,45.14534,0.0 9.93993,45.14535,0.0 9.93993,45.14535,0.0 9.93992,45.14534,0.0 9.93992,45.14534,0.0 9.93992,45.14534,0.0 9.93991,45.14532,0.0 9.93991,45.14532,0.0 9.93991,45.14532,0.0 9.9399,45.14532,0.0 9.9399,45.14532,0.0 9.9399,45.14532,0.0 9.9399,45.14532,0.0 9.9399,45.14532,0.0 9.9399,45.14532,0.0 9.9399,45.14532,0.0 9.9399,45.14532,0.0 9.9399,45.14532,0.0 9.9399,45.14532,0.0 9.9399,45.14532,0.0 9.9399,45.14532,0.0 9.9399,45.14532,0.0 9.9399,45.14532,0.0 9.9399,45.14532,0.0 9.9399,45.14532,0.0 9.9399,45.14532,0.0 9.93988,45.14533,0.0 9.93988,45.14532,0.0 9.93988,45.14532,0.0 9.93988,45.14532,0.0 9.93988,45.14532,0.0 9.93988,45.14532,0.0 9.93988,45.14532,0.0 9.93988,45.14532,0.0 9.93988,45.14532,0.0 9.93988,45.14532,0.0 9.93988,45.14532,0.0 9.93988,45.14532,0.0 9.93988,45.14532,0.0 9.93988,45.14532,0.0 9.93988,45.14532,0.0 9.93988,45.14532,0.0 9.93988,45.14532,0.0 9.93988,45.14532,0.0 9.93988,45.14532,0.0 9.93988,45.14532,0.0 9.93988,45.14532,0.0 9.93988,45.14532,0.0 9.93988,45.14532,0.0 9.93988,45.14532,0.0 9.93988,45.14532,0.0 9.93988,45.14532,0.0 9.93988,45.14532,0.0 9.93988,45.14532,0.0 9.93988,45.14532,0.0 9.93988,45.14532,0.0 9.93988,45.14532,0.0</coordinates>
                    </LineString>
                </Placemark>
                <Placemark id="232">
                    <name>Rota 17:12</name>
                    <styleUrl>#2</styleUrl>
                    <LineString id="231">
                        <altitudeMode>clampToGround</altitudeMode>
                        <coordinates>9.93988,45.14532,0.0 9.93988,45.14532,0.0 9.93988,45.14532,0.0 9.93988,45.14532,0.0 9.93988,45.14532,0.0 9.93988,45.14532,0.0 9.93988,45.14532,0.0 9.93988,45.14532,0.0 9.93988,45.14532,0.0 9.93988,45.14532,0.0 9.93988,45.14532,0.0 9.93988,45.14532,0.0 9.93988,45.14532,0.0 9.93995,45.14531,0.0 9.93995,45.14532,0.0 9.93995,45.14532,0.0 9.93995,45.14532,0.0 9.93995,45.14532,0.0 9.93995,45.14532,0.0 9.93995,45.14532,0.0 9.93995,45.14532,0.0 9.93995,45.14532,0.0 9.93995,45.14532,0.0 9.93995,45.14532,0.0 9.93995,45.14532,0.0 9.93995,45.14532,0.0 9.93995,45.14532,0.0 9.93995,45.14532,0.0 9.93995,45.14532,0.0 9.93995,45.14532,0.0 9.93995,45.14532,0.0 9.93995,45.14532,0.0 9.93995,45.14532,0.0 9.93995,45.14532,0.0 9.93995,45.14532,0.0 9.93995,45.14532,0.0 9.93995,45.14532,0.0 9.93995,45.14532,0.0 9.93995,45.14532,0.0 9.93995,45.14532,0.0 9.93995,45.14532,0.0 9.93995,45.14532,0.0 9.93995,45.14532,0.0 9.93995,45.14532,0.0 9.93991,45.14535,0.0 9.93991,45.14535,0.0 9.9399,45.14535,0.0 9.9399,45.14535,0.0 9.9399,45.14535,0.0 9.9399,45.14535,0.0 9.93989,45.14533,0.0 9.93989,45.14533,0.0 9.93989,45.14533,0.0 9.93989,45.14533,0.0 9.93989,45.14533,0.0 9.93989,45.14533,0.0 9.93989,45.14533,0.0 9.93989,45.14533,0.0 9.93989,45.14533,0.0 9.93989,45.14533,0.0 9.93989,45.14533,0.0</coordinates>
                    </LineString>
                </Placemark>
                <Placemark id="234">
                    <name>Rota 17:13</name>
                    <styleUrl>#2</styleUrl>
                    <LineString id="233">
                        <altitudeMode>clampToGround</altitudeMode>
                        <coordinates>9.93989,45.14533,0.0 9.93989,45.14533,0.0 9.93989,45.14533,0.0 9.93989,45.14533,0.0 9.93989,45.14533,0.0 9.93989,45.14533,0.0 9.93989,45.14533,0.0 9.93989,45.14533,0.0 9.93989,45.14533,0.0 9.93989,45.14533,0.0 9.93989,45.14533,0.0 9.93989,45.14533,0.0 9.93989,45.14533,0.0 9.93989,45.14533,0.0 9.93989,45.14533,0.0 9.9399,45.14534,0.0 9.93989,45.14535,0.0 9.93989,45.14535,0.0 9.93989,45.14535,0.0 9.93988,45.14535,0.0 9.93988,45.14535,0.0 9.93988,45.14535,0.0 9.93988,45.14535,0.0 9.93988,45.14535,0.0 9.93988,45.14535,0.0 9.93988,45.14535,0.0 9.93988,45.14535,0.0 9.93988,45.14535,0.0 9.93988,45.14535,0.0 9.93988,45.14535,0.0 9.93988,45.14535,0.0 9.93988,45.14535,0.0 9.93988,45.14535,0.0 9.93988,45.14535,0.0 9.93988,45.14535,0.0 9.93987,45.14536,0.0 9.93987,45.14536,0.0 9.93987,45.14535,0.0 9.93987,45.14535,0.0 9.93987,45.14535,0.0 9.93987,45.14534,0.0 9.93986,45.14534,0.0 9.93987,45.14534,0.0 9.93987,45.14534,0.0 9.93987,45.14534,0.0 9.93987,45.14534,0.0 9.93987,45.14534,0.0 9.93987,45.14534,0.0 9.93987,45.14534,0.0 9.93987,45.14534,0.0 9.93987,45.14534,0.0 9.93987,45.14534,0.0 9.93987,45.14534,0.0 9.93987,45.14534,0.0 9.93987,45.14534,0.0 9.93988,45.14534,0.0 9.93987,45.14533,0.0 9.93987,45.14533,0.0 9.93987,45.14533,0.0 9.93987,45.14533,0.0 9.93987,45.14533,0.0</coordinates>
                    </LineString>
                </Placemark>
                <Placemark id="236">
                    <name>Rota 17:14</name>
                    <styleUrl>#2</styleUrl>
                    <LineString id="235">
                        <altitudeMode>clampToGround</altitudeMode>
                        <coordinates>9.93987,45.14533,0.0 9.93987,45.14533,0.0 9.93987,45.14533,0.0 9.93987,45.14533,0.0 9.93987,45.14533,0.0 9.93987,45.14533,0.0 9.9399,45.14534,0.0 9.9399,45.14534,0.0 9.93989,45.14536,0.0 9.93989,45.14536,0.0 9.93989,45.14535,0.0 9.93989,45.14535,0.0 9.93989,45.14535,0.0 9.93989,45.14535,0.0 9.93989,45.14535,0.0 9.93988,45.14533,0.0 9.93988,45.14533,0.0 9.93987,45.14533,0.0 9.93988,45.14533,0.0 9.93988,45.14533,0.0 9.93988,45.14533,0.0 9.93988,45.14533,0.0 9.93988,45.14533,0.0 9.93988,45.14533,0.0 9.93988,45.14533,0.0 9.93988,45.14533,0.0 9.93988,45.14533,0.0 9.93991,45.14534,0.0 9.93991,45.14535,0.0 9.9399,45.14535,0.0 9.9399,45.14535,0.0 9.93989,45.14535,0.0 9.93989,45.14535,0.0 9.93989,45.14534,0.0 9.93989,45.14534,0.0 9.93989,45.14534,0.0 9.93989,45.14534,0.0 9.93989,45.14534,0.0 9.93989,45.14534,0.0 9.93989,45.14534,0.0 9.93989,45.14534,0.0 9.93989,45.14534,0.0 9.93989,45.14534,0.0 9.93989,45.14534,0.0 9.93989,45.14534,0.0 9.93985,45.14532,0.0 9.93985,45.14532,0.0 9.93985,45.14532,0.0 9.93986,45.14532,0.0 9.93986,45.14532,0.0 9.93986,45.14532,0.0 9.93986,45.14532,0.0 9.93986,45.14532,0.0 9.93986,45.14532,0.0 9.93986,45.14532,0.0 9.93986,45.14532,0.0 9.93986,45.14532,0.0 9.93986,45.14532,0.0 9.93986,45.14532,0.0 9.93986,45.14532,0.0 9.93986,45.14532,0.0</coordinates>
                    </LineString>
                </Placemark>
                <Placemark id="238">
                    <name>Rota 17:15</name>
                    <styleUrl>#2</styleUrl>
                    <LineString id="237">
                        <altitudeMode>clampToGround</altitudeMode>
                        <coordinates>9.93986,45.14532,0.0 9.93986,45.14532,0.0 9.93986,45.14532,0.0 9.93986,45.14532,0.0 9.93986,45.14532,0.0 9.93986,45.14532,0.0 9.93986,45.14532,0.0 9.93986,45.14532,0.0 9.93986,45.14532,0.0 9.93986,45.14532,0.0 9.93986,45.14532,0.0 9.93986,45.14532,0.0 9.93986,45.14532,0.0 9.93986,45.14532,0.0 9.93986,45.14532,0.0 9.93986,45.14532,0.0 9.93986,45.14532,0.0 9.93986,45.14532,0.0 9.93986,45.14532,0.0 9.93986,45.14532,0.0 9.93986,45.14532,0.0 9.93986,45.14532,0.0 9.93986,45.14532,0.0 9.93986,45.14532,0.0 9.93986,45.14532,0.0 9.93986,45.14532,0.0 9.93986,45.14532,0.0 9.93986,45.14532,0.0 9.93986,45.14532,0.0 9.93986,45.14532,0.0 9.93986,45.14532,0.0 9.93986,45.14532,0.0 9.93986,45.14532,0.0 9.93986,45.14532,0.0 9.93986,45.14532,0.0 9.93986,45.14532,0.0 9.93986,45.14532,0.0 9.93998,45.1453,0.0 9.93998,45.1453,0.0 9.93998,45.1453,0.0 9.93998,45.1453,0.0 9.93998,45.1453,0.0 9.93998,45.1453,0.0 9.93998,45.1453,0.0 9.93998,45.1453,0.0 9.93998,45.1453,0.0 9.93998,45.1453,0.0 9.93998,45.1453,0.0 9.93998,45.1453,0.0 9.93998,45.1453,0.0 9.93998,45.1453,0.0 9.93998,45.1453,0.0 9.93998,45.1453,0.0 9.93998,45.1453,0.0 9.93998,45.1453,0.0 9.93998,45.1453,0.0 9.93998,45.1453,0.0 9.93998,45.1453,0.0 9.93998,45.1453,0.0 9.93998,45.1453,0.0 9.93998,45.1453,0.0</coordinates>
                    </LineString>
                </Placemark>
                <Placemark id="240">
                    <name>Rota 17:16</name>
                    <styleUrl>#2</styleUrl>
                    <LineString id="239">
                        <altitudeMode>clampToGround</altitudeMode>
                        <coordinates>9.93998,45.1453,0.0 9.93998,45.14531,0.0 9.93998,45.14532,0.0 9.93998,45.14532,0.0 9.93997,45.14532,0.0 9.93997,45.14532,0.0 9.93996,45.14532,0.0 9.93996,45.14532,0.0 9.93996,45.14532,0.0 9.93996,45.14532,0.0 9.93996,45.14532,0.0 9.93996,45.14532,0.0 9.93996,45.14532,0.0 9.93996,45.14532,0.0 9.93996,45.14532,0.0 9.93996,45.14532,0.0 9.93996,45.14532,0.0 9.93996,45.14532,0.0 9.93996,45.14532,0.0 9.93996,45.14532,0.0 9.93996,45.14532,0.0 9.93996,45.14532,0.0 9.93996,45.14532,0.0 9.93996,45.14532,0.0 9.93996,45.14532,0.0 9.93996,45.14532,0.0 9.93996,45.14532,0.0 9.93987,45.14531,0.0 9.93987,45.14531,0.0 9.93987,45.14531,0.0 9.93987,45.14531,0.0 9.93987,45.14531,0.0 9.93987,45.14531,0.0 9.93987,45.14531,0.0 9.93987,45.14531,0.0 9.93987,45.14531,0.0 9.93987,45.14531,0.0 9.93987,45.14531,0.0 9.93987,45.14531,0.0 9.93989,45.14533,0.0 9.93988,45.14534,0.0 9.93988,45.14534,0.0 9.93988,45.14534,0.0 9.93988,45.14534,0.0 9.93988,45.14534,0.0 9.93988,45.14534,0.0 9.93988,45.14534,0.0 9.93988,45.14534,0.0 9.93988,45.14534,0.0 9.93986,45.14531,0.0 9.93986,45.14531,0.0 9.93986,45.14531,0.0 9.93987,45.14531,0.0 9.93987,45.14531,0.0 9.93987,45.14531,0.0 9.93987,45.14531,0.0 9.93987,45.14531,0.0 9.93987,45.14531,0.0 9.93987,45.14531,0.0 9.93987,45.14531,0.0 9.93988,45.14531,0.0</coordinates>
                    </LineString>
                </Placemark>
                <Placemark id="242">
                    <name>Rota 17:17</name>
                    <styleUrl>#2</styleUrl>
                    <LineString id="241">
                        <altitudeMode>clampToGround</altitudeMode>
                        <coordinates>9.93988,45.14531,0.0 9.93988,45.14531,0.0 9.93988,45.14531,0.0 9.93988,45.14531,0.0 9.93988,45.14531,0.0 9.93988,45.14531,0.0 9.93988,45.14531,0.0 9.93988,45.14531,0.0 9.93988,45.14531,0.0 9.93988,45.14531,0.0 9.93988,45.14531,0.0 9.93988,45.14531,0.0 9.93988,45.14531,0.0 9.93988,45.14531,0.0 9.93988,45.14531,0.0 9.93988,45.14531,0.0 9.93988,45.14531,0.0 9.93988,45.14531,0.0 9.93988,45.14531,0.0 9.93988,45.14531,0.0 9.93988,45.14531,0.0 9.93993,45.14533,0.0 9.93993,45.14534,0.0 9.93992,45.14534,0.0 9.93992,45.14534,0.0 9.93992,45.14535,0.0 9.93991,45.14534,0.0 9.93991,45.14534,0.0 9.93991,45.14534,0.0 9.93991,45.14534,0.0 9.93991,45.14534,0.0 9.93991,45.14534,0.0 9.93989,45.14531,0.0 9.93989,45.14531,0.0 9.93988,45.14531,0.0 9.93988,45.14531,0.0 9.93988,45.14531,0.0 9.93988,45.14531,0.0 9.93988,45.14531,0.0 9.93988,45.14531,0.0 9.93988,45.14531,0.0 9.93988,45.14531,0.0 9.93988,45.14531,0.0 9.93988,45.14531,0.0 9.93988,45.14531,0.0 9.93988,45.14531,0.0 9.93988,45.14531,0.0 9.93988,45.14531,0.0 9.93988,45.14531,0.0 9.93991,45.14534,0.0 9.9399,45.14534,0.0 9.9399,45.14535,0.0 9.93989,45.14534,0.0 9.93989,45.14534,0.0 9.93989,45.14534,0.0 9.93989,45.14534,0.0 9.93989,45.14534,0.0 9.93989,45.14534,0.0 9.93989,45.14534,0.0 9.93989,45.14534,0.0 9.93989,45.14534,0.0</coordinates>
                    </LineString>
                </Placemark>
                <Placemark id="244">
                    <name>Rota 17:18</name>
                    <styleUrl>#2</styleUrl>
                    <LineString id="243">
                        <altitudeMode>clampToGround</altitudeMode>
                        <coordinates>9.93989,45.14534,0.0 9.93989,45.14534,0.0 9.93989,45.14534,0.0 9.93989,45.14534,0.0 9.93989,45.14534,0.0 9.93989,45.14534,0.0 9.93989,45.14534,0.0 9.93989,45.14534,0.0 9.93989,45.14534,0.0 9.93989,45.14534,0.0 9.93989,45.14534,0.0 9.93989,45.14534,0.0 9.93989,45.14534,0.0 9.93989,45.14534,0.0 9.93989,45.14534,0.0 9.93988,45.14534,0.0 9.93988,45.14534,0.0 9.93988,45.14534,0.0 9.93988,45.14534,0.0 9.93988,45.14534,0.0 9.93988,45.14534,0.0 9.93988,45.14534,0.0 9.93988,45.14534,0.0 9.93988,45.14534,0.0 9.93988,45.14534,0.0 9.93988,45.14534,0.0 9.93988,45.14534,0.0 9.93988,45.14534,0.0 9.93988,45.14534,0.0 9.93988,45.14534,0.0 9.93988,45.14534,0.0 9.93988,45.14534,0.0 9.93988,45.14534,0.0 9.93988,45.14534,0.0 9.93988,45.14534,0.0 9.93988,45.14534,0.0 9.93988,45.14534,0.0 9.93984,45.14531,0.0 9.93984,45.14531,0.0 9.93985,45.14531,0.0 9.93985,45.14531,0.0 9.93985,45.14531,0.0 9.93985,45.14531,0.0 9.93985,45.14531,0.0 9.93985,45.14531,0.0 9.93985,45.14531,0.0 9.93985,45.14531,0.0 9.93985,45.14531,0.0 9.93985,45.14531,0.0 9.93985,45.14531,0.0 9.93985,45.14531,0.0 9.93985,45.14531,0.0 9.93985,45.14531,0.0 9.93985,45.14531,0.0 9.93985,45.14531,0.0 9.93985,45.14531,0.0 9.93985,45.14531,0.0 9.93986,45.14532,0.0 9.93985,45.14532,0.0 9.93985,45.14532,0.0 9.93985,45.14531,0.0</coordinates>
                    </LineString>
                </Placemark>
                <Placemark id="246">
                    <name>Rota 17:19</name>
                    <styleUrl>#2</styleUrl>
                    <LineString id="245">
                        <altitudeMode>clampToGround</altitudeMode>
                        <coordinates>9.93985,45.14531,0.0 9.93985,45.14531,0.0 9.93985,45.14531,0.0 9.93985,45.14531,0.0 9.93985,45.14531,0.0 9.93985,45.14531,0.0 9.93985,45.14531,0.0 9.93985,45.14531,0.0 9.93985,45.14531,0.0 9.93985,45.14531,0.0 9.93985,45.14531,0.0 9.93985,45.14531,0.0 9.93985,45.14531,0.0 9.93985,45.14531,0.0 9.93985,45.14531,0.0 9.93985,45.14531,0.0 9.93985,45.14531,0.0 9.93985,45.14531,0.0 9.93985,45.14531,0.0 9.93986,45.14532,0.0 9.93985,45.14531,0.0 9.93985,45.14531,0.0 9.93985,45.14531,0.0 9.93985,45.14531,0.0 9.93985,45.14531,0.0 9.93985,45.14531,0.0 9.93985,45.14531,0.0 9.93985,45.14531,0.0 9.93985,45.14531,0.0 9.93985,45.14531,0.0 9.93985,45.14531,0.0 9.93985,45.14531,0.0 9.93985,45.14531,0.0 9.93985,45.14531,0.0 9.93988,45.14534,0.0 9.93988,45.14535,0.0 9.93988,45.14535,0.0 9.93988,45.14534,0.0 9.93988,45.14534,0.0 9.93988,45.14534,0.0 9.93988,45.14533,0.0 9.93987,45.14533,0.0 9.93987,45.14533,0.0 9.93988,45.14533,0.0 9.93988,45.14533,0.0 9.93988,45.14533,0.0 9.93988,45.14533,0.0 9.93988,45.14533,0.0 9.93988,45.14533,0.0 9.93988,45.14533,0.0 9.93988,45.14533,0.0 9.93988,45.14533,0.0 9.93988,45.14533,0.0 9.93992,45.14534,0.0 9.93992,45.14535,0.0 9.93992,45.14535,0.0 9.93992,45.14535,0.0 9.93991,45.14535,0.0 9.9399,45.14535,0.0 9.9399,45.14535,0.0 9.9399,45.14535,0.0</coordinates>
                    </LineString>
                </Placemark>
            </Folder>
            <Folder id="247">
                <name>17:20 – 17:29</name>
                <Placemark id="249">
                    <name>Rota 17:20</name>
                    <styleUrl>#2</styleUrl>
                    <LineString id="248">
                        <altitudeMode>clampToGround</altitudeMode>
                        <coordinates>9.9399,45.14535,0.0 9.9399,45.14535,0.0 9.9399,45.14535,0.0 9.9399,45.14535,0.0 9.9399,45.14535,0.0 9.9399,45.14535,0.0 9.9399,45.14535,0.0 9.9399,45.14535,0.0 9.9399,45.14535,0.0 9.9399,45.14535,0.0 9.9399,45.14535,0.0 9.9399,45.14535,0.0 9.93986,45.14532,0.0 9.93986,45.14531,0.0 9.93986,45.14531,0.0 9.93985,45.14531,0.0 9.93986,45.14531,0.0 9.93986,45.14531,0.0 9.93986,45.14531,0.0 9.93986,45.14531,0.0 9.93986,45.14531,0.0 9.93986,45.14531,0.0 9.93986,45.14531,0.0 9.93986,45.14531,0.0 9.93986,45.14531,0.0 9.93986,45.14531,0.0 9.93986,45.14531,0.0 9.93986,45.14531,0.0 9.93986,45.14531,0.0 9.93986,45.14531,0.0 9.93986,45.14531,0.0 9.93986,45.14531,0.0 9.93992,45.14534,0.0 9.93992,45.14534,0.0 9.93991,45.14535,0.0 9.9399,45.14535,0.0 9.9399,45.14535,0.0 9.9399,45.14534,0.0 9.9399,45.14534,0.0 9.9399,45.14534,0.0 9.9399,45.14534,0.0 9.9399,45.14534,0.0 9.9399,45.14534,0.0 9.9399,45.14534,0.0 9.9399,45.14534,0.0 9.9399,45.14534,0.0 9.9399,45.14534,0.0 9.9399,45.14534,0.0 9.9399,45.14534,0.0 9.9399,45.14534,0.0 9.93986,45.14531,0.0 9.93986,45.14531,0.0 9.93986,45.14531,0.0 9.93986,45.14531,0.0 9.93986,45.14531,0.0 9.93986,45.14531,0.0 9.93986,45.14531,0.0 9.93986,45.14531,0.0 9.93986,45.14531,0.0 9.93986,45.14531,0.0 9.93986,45.14531,0.0</coordinates>
                    </LineString>
                </Placemark>
                <Placemark id="251">
                    <name>Rota 17:21</name>
                    <styleUrl>#2</styleUrl>
                    <LineString id="250">
                        <altitudeMode>clampToGround</altitudeMode>
                        <coordinates>9.93986,45.14531,0.0 9.93986,45.14531,0.0 9.93986,45.14531,0.0 9.93986,45.14531,0.0 9.93986,45.14531,0.0 9.9399,45.14532,0.0 9.93989,45.14534,0.0 9.93989,45.14534,0.0 9.93989,45.14534,0.0 9.93989,45.14533,0.0 9.93989,45.14533,0.0 9.93989,45.14533,0.0 9.93989,45.14532,0.0 9.93989,45.14532,0.0 9.93989,45.14531,0.0 9.93988,45.14531,0.0 9.93988,45.14531,0.0 9.93988,45.14531,0.0 9.93988,45.14531,0.0 9.93988,45.14531,0.0 9.93988,45.14531,0.0 9.93988,45.14531,0.0 9.93988,45.14531,0.0 9.93988,45.14531,0.0 9.93988,45.14531,0.0 9.93988,45.14531,0.0 9.93988,45.14531,0.0 9.93988,45.14531,0.0 9.93988,45.14531,0.0 9.93992,45.14533,0.0 9.93992,45.14534,0.0 9.93991,45.14534,0.0 9.93991,45.14534,0.0 9.93991,45.14534,0.0 9.93991,45.14534,0.0 9.93991,45.14534,0.0 9.9399,45.14532,0.0 9.9399,45.14532,0.0 9.9399,45.14532,0.0 9.93989,45.14531,0.0 9.93989,45.14532,0.0 9.93989,45.14532,0.0 9.93989,45.14532,0.0 9.93989,45.14532,0.0 9.93989,45.14532,0.0 9.93989,45.14532,0.0 9.93989,45.14532,0.0 9.93989,45.14532,0.0 9.93989,45.14532,0.0 9.93989,45.14532,0.0 9.93989,45.14532,0.0 9.93989,45.14532,0.0 9.93989,45.14535,0.0 9.93989,45.14535,0.0 9.93989,45.14535,0.0 9.93988,45.14535,0.0 9.93988,45.14535,0.0 9.93988,45.14535,0.0 9.93988,45.14535,0.0 9.93988,45.14533,0.0 9.93988,45.14533,0.0</coordinates>
                    </LineString>
                </Placemark>
                <Placemark id="253">
                    <name>Rota 17:22</name>
                    <styleUrl>#2</styleUrl>
                    <LineString id="252">
                        <altitudeMode>clampToGround</altitudeMode>
                        <coordinates>9.93988,45.14533,0.0 9.93988,45.14533,0.0 9.93988,45.14533,0.0 9.93988,45.14533,0.0 9.93988,45.14533,0.0 9.93988,45.14533,0.0 9.93988,45.14533,0.0 9.93988,45.14533,0.0 9.93988,45.14533,0.0 9.93988,45.14533,0.0 9.93988,45.14533,0.0 9.93988,45.14533,0.0 9.93989,45.14535,0.0 9.93988,45.14535,0.0 9.93988,45.14535,0.0 9.93987,45.14535,0.0 9.93987,45.14535,0.0 9.93987,45.14534,0.0 9.93987,45.14534,0.0 9.93987,45.14534,0.0 9.93987,45.14533,0.0 9.93987,45.14533,0.0 9.93987,45.14532,0.0 9.93987,45.14532,0.0 9.93987,45.14532,0.0 9.93987,45.14532,0.0 9.93987,45.14532,0.0 9.93987,45.14532,0.0 9.93987,45.14532,0.0 9.93987,45.14532,0.0 9.93987,45.14532,0.0 9.93987,45.14532,0.0 9.93987,45.14532,0.0 9.93987,45.14532,0.0 9.93987,45.14532,0.0 9.9399,45.14534,0.0 9.9399,45.14534,0.0 9.9399,45.14535,0.0 9.9399,45.14535,0.0 9.9399,45.14535,0.0 9.93989,45.14535,0.0 9.93989,45.14535,0.0 9.93989,45.14535,0.0 9.93989,45.14535,0.0 9.93989,45.14535,0.0 9.93989,45.14535,0.0 9.93989,45.14535,0.0 9.93989,45.14535,0.0 9.93989,45.14535,0.0 9.93989,45.14535,0.0 9.93989,45.14535,0.0 9.93989,45.14535,0.0 9.93989,45.14535,0.0 9.93989,45.14535,0.0 9.93989,45.14535,0.0 9.93989,45.14535,0.0 9.93985,45.14531,0.0 9.93985,45.14531,0.0 9.93984,45.14531,0.0 9.93984,45.14531,0.0 9.93984,45.14531,0.0</coordinates>
                    </LineString>
                </Placemark>
                <Placemark id="255">
                    <name>Rota 17:23</name>
                    <styleUrl>#2</styleUrl>
                    <LineString id="254">
                        <altitudeMode>clampToGround</altitudeMode>
                        <coordinates>9.93984,45.14531,0.0 9.93984,45.14531,0.0 9.93984,45.14531,0.0 9.93984,45.14531,0.0 9.93984,45.14531,0.0 9.93984,45.14531,0.0 9.93984,45.14531,0.0 9.93984,45.14531,0.0 9.93984,45.14531,0.0 9.93984,45.14531,0.0 9.93985,45.14534,0.0 9.93985,45.14534,0.0 9.93985,45.14534,0.0 9.93985,45.14534,0.0 9.93985,45.14534,0.0 9.93985,45.14534,0.0 9.93985,45.14534,0.0 9.93985,45.14532,0.0 9.93985,45.14532,0.0 9.93985,45.14532,0.0 9.93985,45.14532,0.0 9.93985,45.14532,0.0 9.93985,45.14532,0.0 9.93985,45.14532,0.0 9.93985,45.14532,0.0 9.93985,45.14532,0.0 9.93985,45.14532,0.0 9.93985,45.14532,0.0 9.93985,45.14532,0.0 9.93985,45.14532,0.0 9.93985,45.14532,0.0 9.93985,45.14532,0.0 9.93985,45.14532,0.0 9.93989,45.14533,0.0 9.93989,45.14534,0.0 9.93988,45.14534,0.0 9.93988,45.14534,0.0 9.93988,45.14534,0.0 9.93988,45.14534,0.0 9.93988,45.14534,0.0 9.93988,45.14534,0.0 9.93988,45.14532,0.0 9.93988,45.14531,0.0 9.93988,45.14531,0.0 9.93988,45.14531,0.0 9.93988,45.14531,0.0 9.93988,45.14531,0.0 9.93988,45.14531,0.0 9.93988,45.14531,0.0 9.93988,45.14531,0.0 9.93988,45.14531,0.0 9.93991,45.14532,0.0 9.93991,45.14532,0.0 9.93991,45.14532,0.0 9.9399,45.14531,0.0 9.9399,45.14531,0.0 9.9399,45.14531,0.0 9.9399,45.14531,0.0 9.93991,45.14532,0.0 9.93991,45.14532,0.0 9.93991,45.14532,0.0</coordinates>
                    </LineString>
                </Placemark>
                <Placemark id="257">
                    <name>Rota 17:24</name>
                    <styleUrl>#2</styleUrl>
                    <LineString id="256">
                        <altitudeMode>clampToGround</altitudeMode>
                        <coordinates>9.93991,45.14532,0.0 9.93991,45.14532,0.0 9.93991,45.14532,0.0 9.93991,45.14532,0.0 9.93991,45.14532,0.0 9.93991,45.14532,0.0 9.93991,45.14532,0.0 9.93991,45.14532,0.0 9.93991,45.14532,0.0 9.93991,45.14532,0.0 9.93991,45.14532,0.0 9.93991,45.14532,0.0 9.93991,45.14532,0.0 9.93991,45.14532,0.0 9.93991,45.14532,0.0 9.93991,45.14532,0.0 9.93991,45.14532,0.0 9.93991,45.14532,0.0 9.93991,45.14532,0.0 9.93991,45.14532,0.0 9.93991,45.14532,0.0 9.93991,45.14532,0.0 9.93991,45.14532,0.0 9.93991,45.14532,0.0 9.93996,45.14533,0.0 9.93996,45.14533,0.0 9.93996,45.14534,0.0 9.93994,45.14534,0.0 9.93994,45.14534,0.0 9.93994,45.14534,0.0 9.93994,45.14534,0.0 9.93994,45.14534,0.0 9.93994,45.14534,0.0 9.93994,45.14534,0.0 9.93994,45.14534,0.0 9.93994,45.14534,0.0 9.93994,45.14534,0.0 9.93994,45.14534,0.0 9.93994,45.14534,0.0 9.93994,45.14534,0.0 9.93994,45.14534,0.0 9.93994,45.14534,0.0 9.93994,45.14534,0.0 9.93994,45.14534,0.0 9.93994,45.14534,0.0 9.93994,45.14534,0.0 9.93994,45.14534,0.0 9.93994,45.14534,0.0 9.93994,45.14534,0.0 9.93994,45.14534,0.0 9.93994,45.14534,0.0 9.93994,45.14534,0.0 9.93994,45.14534,0.0 9.93994,45.14534,0.0 9.93994,45.14534,0.0 9.93994,45.14534,0.0 9.93994,45.14534,0.0 9.93994,45.14534,0.0 9.93994,45.14534,0.0 9.93994,45.14534,0.0 9.93994,45.14534,0.0</coordinates>
                    </LineString>
                </Placemark>
                <Placemark id="259">
                    <name>Rota 17:25</name>
                    <styleUrl>#2</styleUrl>
                    <LineString id="258">
                        <altitudeMode>clampToGround</altitudeMode>
                        <coordinates>9.93994,45.14534,0.0 9.93994,45.14534,0.0 9.93994,45.14534,0.0 9.93994,45.14534,0.0 9.93994,45.14534,0.0 9.93994,45.14534,0.0 9.93994,45.14534,0.0 9.93994,45.14534,0.0 9.93994,45.14534,0.0 9.93994,45.14534,0.0 9.93994,45.14534,0.0 9.93994,45.14534,0.0 9.93994,45.14534,0.0 9.93994,45.14534,0.0 9.93994,45.14534,0.0 9.93994,45.14534,0.0 9.93994,45.14534,0.0 9.93994,45.14534,0.0 9.93994,45.14534,0.0 9.93994,45.14534,0.0 9.93994,45.14534,0.0 9.93994,45.14534,0.0 9.93994,45.14534,0.0 9.93994,45.14534,0.0 9.93994,45.14534,0.0 9.93994,45.14534,0.0 9.93994,45.14534,0.0 9.93994,45.14534,0.0 9.93994,45.14534,0.0 9.93994,45.14534,0.0 9.93994,45.14534,0.0 9.93994,45.14534,0.0 9.93994,45.14534,0.0 9.93994,45.14534,0.0 9.93994,45.14534,0.0 9.93994,45.14534,0.0 9.93994,45.14534,0.0 9.93994,45.14534,0.0 9.93994,45.14534,0.0 9.93994,45.14534,0.0 9.93994,45.14534,0.0 9.93994,45.14534,0.0 9.93994,45.14534,0.0 9.93994,45.14534,0.0 9.93994,45.14534,0.0 9.93994,45.14534,0.0 9.93994,45.14534,0.0 9.93994,45.14534,0.0 9.93994,45.14534,0.0 9.93994,45.14534,0.0 9.93994,45.14534,0.0 9.93994,45.14534,0.0 9.93994,45.14534,0.0 9.93994,45.14534,0.0 9.93994,45.14534,0.0 9.93994,45.14534,0.0 9.93994,45.14534,0.0 9.93994,45.14534,0.0 9.93994,45.14534,0.0 9.93994,45.14534,0.0 9.93994,45.14534,0.0</coordinates>
                    </LineString>
                </Placemark>
                <Placemark id="261">
                    <name>Rota 17:26</name>
                    <styleUrl>#2</styleUrl>
                    <LineString id="260">
                        <altitudeMode>clampToGround</altitudeMode>
                        <coordinates>9.93994,45.14534,0.0 9.93994,45.14534,0.0 9.93994,45.14534,0.0 9.93994,45.14534,0.0 9.93994,45.14534,0.0 9.93994,45.14534,0.0 9.93994,45.14534,0.0 9.93994,45.14534,0.0 9.93994,45.14534,0.0 9.93994,45.14534,0.0 9.93994,45.14534,0.0 9.93994,45.14534,0.0 9.93994,45.14534,0.0 9.93994,45.14534,0.0 9.93994,45.14534,0.0 9.93994,45.14534,0.0 9.93994,45.14534,0.0 9.93994,45.14534,0.0 9.93994,45.14534,0.0 9.93994,45.14534,0.0 9.93994,45.14534,0.0 9.93994,45.14534,0.0 9.93994,45.14534,0.0 9.93994,45.14534,0.0 9.93991,45.1453,0.0 9.93992,45.1453,0.0 9.93992,45.1453,0.0 9.93993,45.14531,0.0 9.93993,45.14531,0.0 9.93993,45.14531,0.0 9.93993,45.14531,0.0 9.93993,45.14531,0.0 9.93993,45.14531,0.0 9.93993,45.14531,0.0 9.93993,45.14531,0.0 9.93993,45.14531,0.0 9.93993,45.14531,0.0 9.93993,45.14531,0.0 9.93993,45.14531,0.0 9.93993,45.14531,0.0 9.93993,45.14531,0.0 9.93991,45.14535,0.0 9.9399,45.14535,0.0 9.9399,45.14534,0.0 9.9399,45.14534,0.0 9.9399,45.14534,0.0 9.9399,45.14534,0.0 9.9399,45.14534,0.0 9.9399,45.14534,0.0 9.9399,45.14534,0.0 9.9399,45.14534,0.0 9.9399,45.14534,0.0 9.9399,45.14534,0.0 9.9399,45.14534,0.0 9.9399,45.14534,0.0 9.9399,45.14534,0.0 9.9399,45.14534,0.0 9.9399,45.14534,0.0 9.9399,45.14534,0.0 9.9399,45.14534,0.0 9.93988,45.14534,0.0</coordinates>
                    </LineString>
                </Placemark>
                <Placemark id="263">
                    <name>Rota 17:27</name>
                    <styleUrl>#2</styleUrl>
                    <LineString id="262">
                        <altitudeMode>clampToGround</altitudeMode>
                        <coordinates>9.93988,45.14534,0.0 9.93987,45.14534,0.0 9.93987,45.14534,0.0 9.93987,45.14533,0.0 9.93987,45.14533,0.0 9.93987,45.14533,0.0 9.93986,45.14532,0.0 9.93986,45.14532,0.0 9.93986,45.14532,0.0 9.93986,45.14532,0.0 9.93986,45.14532,0.0 9.93986,45.14532,0.0 9.93986,45.14532,0.0 9.93986,45.14532,0.0 9.93986,45.14532,0.0 9.93986,45.14532,0.0 9.93986,45.14532,0.0 9.93986,45.14532,0.0 9.93986,45.14532,0.0 9.93986,45.14532,0.0 9.93986,45.14532,0.0 9.93986,45.14532,0.0 9.93986,45.14532,0.0 9.93985,45.14531,0.0 9.93985,45.14531,0.0 9.93985,45.14531,0.0 9.93985,45.14532,0.0 9.93985,45.14532,0.0 9.93985,45.14532,0.0 9.93985,45.14532,0.0 9.93985,45.14532,0.0 9.93985,45.14532,0.0 9.93985,45.14532,0.0 9.93985,45.14532,0.0 9.93985,45.14532,0.0 9.93985,45.14532,0.0 9.93985,45.14532,0.0 9.93985,45.14532,0.0 9.93985,45.14532,0.0 9.93985,45.14532,0.0 9.93985,45.14532,0.0 9.93985,45.14532,0.0 9.93988,45.14534,0.0 9.93988,45.14534,0.0 9.93988,45.14534,0.0 9.93987,45.14533,0.0 9.93987,45.14533,0.0 9.93987,45.14533,0.0 9.93987,45.14533,0.0 9.93987,45.14533,0.0 9.93987,45.14533,0.0 9.93987,45.14533,0.0 9.93987,45.14533,0.0 9.93987,45.14533,0.0 9.93987,45.14533,0.0 9.93987,45.14533,0.0 9.93987,45.14533,0.0 9.93987,45.14533,0.0 9.93987,45.14533,0.0 9.93987,45.14533,0.0 9.93987,45.14533,0.0</coordinates>
                    </LineString>
                </Placemark>
                <Placemark id="265">
                    <name>Rota 17:28</name>
                    <styleUrl>#2</styleUrl>
                    <LineString id="264">
                        <altitudeMode>clampToGround</altitudeMode>
                        <coordinates>9.93987,45.14533,0.0 9.93987,45.14533,0.0 9.93987,45.14533,0.0 9.93987,45.14533,0.0 9.93987,45.14533,0.0 9.93987,45.14533,0.0 9.93987,45.14533,0.0 9.93987,45.14533,0.0 9.93987,45.14533,0.0 9.93987,45.14533,0.0 9.93987,45.14533,0.0 9.93987,45.14533,0.0 9.93987,45.14533,0.0 9.93987,45.14533,0.0 9.93987,45.14533,0.0 9.93987,45.14533,0.0 9.93987,45.14533,0.0 9.93987,45.14533,0.0 9.93987,45.14533,0.0 9.93987,45.14533,0.0 9.93987,45.14533,0.0 9.93987,45.14533,0.0 9.93987,45.14533,0.0 9.93987,45.14533,0.0 9.93987,45.14533,0.0 9.93987,45.14533,0.0 9.93987,45.14533,0.0 9.9399,45.14533,0.0 9.9399,45.14533,0.0 9.93989,45.14532,0.0 9.93989,45.14532,0.0 9.93989,45.14532,0.0 9.93989,45.14532,0.0 9.93989,45.14532,0.0 9.93989,45.14532,0.0 9.93989,45.14532,0.0 9.93989,45.14532,0.0 9.93989,45.14533,0.0 9.93989,45.14533,0.0 9.93988,45.14533,0.0 9.93988,45.14533,0.0 9.93988,45.14533,0.0 9.93988,45.14533,0.0 9.93988,45.14533,0.0 9.93988,45.14533,0.0 9.93988,45.14533,0.0 9.93988,45.14533,0.0 9.93988,45.14533,0.0 9.93988,45.14533,0.0 9.93987,45.14533,0.0 9.93986,45.14533,0.0 9.93986,45.14533,0.0 9.93986,45.14533,0.0 9.93986,45.14533,0.0 9.93986,45.14533,0.0 9.93986,45.14533,0.0 9.93986,45.14533,0.0 9.93986,45.14533,0.0 9.93986,45.14533,0.0 9.93986,45.14533,0.0 9.93986,45.14533,0.0</coordinates>
                    </LineString>
                </Placemark>
                <Placemark id="267">
                    <name>Rota 17:29</name>
                    <styleUrl>#2</styleUrl>
                    <LineString id="266">
                        <altitudeMode>clampToGround</altitudeMode>
                        <coordinates>9.93986,45.14533,0.0 9.93986,45.14533,0.0 9.93986,45.14533,0.0 9.93986,45.14533,0.0 9.93986,45.14533,0.0 9.93986,45.14533,0.0 9.93986,45.14533,0.0 9.93986,45.14533,0.0 9.93986,45.14533,0.0 9.93986,45.14533,0.0 9.93986,45.14533,0.0 9.93986,45.14533,0.0 9.93986,45.14533,0.0 9.93986,45.14533,0.0 9.93986,45.14533,0.0 9.93986,45.14533,0.0 9.93986,45.14533,0.0 9.93986,45.14533,0.0 9.93986,45.14533,0.0 9.93986,45.14533,0.0 9.93987,45.14532,0.0 9.93987,45.14532,0.0 9.93986,45.14533,0.0 9.93986,45.14533,0.0 9.93986,45.14532,0.0 9.93986,45.14532,0.0 9.93986,45.14532,0.0 9.93986,45.14531,0.0 9.93985,45.14531,0.0 9.93985,45.14531,0.0 9.93985,45.14531,0.0 9.93986,45.14531,0.0 9.93986,45.14531,0.0 9.93986,45.14531,0.0 9.93986,45.14531,0.0 9.93986,45.14531,0.0 9.93986,45.14531,0.0 9.93986,45.14531,0.0 9.93989,45.14532,0.0 9.93989,45.14533,0.0 9.93988,45.14533,0.0 9.93988,45.14533,0.0 9.93988,45.14533,0.0 9.93988,45.14532,0.0 9.93988,45.14532,0.0 9.93988,45.14531,0.0 9.93987,45.14531,0.0 9.93987,45.14531,0.0 9.93987,45.14531,0.0 9.93988,45.14531,0.0 9.93988,45.14531,0.0 9.93988,45.14531,0.0 9.93988,45.14531,0.0 9.93988,45.14531,0.0 9.93988,45.14531,0.0 9.93988,45.14531,0.0 9.93988,45.14531,0.0 9.93988,45.14531,0.0 9.93988,45.14531,0.0 9.93988,45.14531,0.0 9.93988,45.14531,0.0</coordinates>
                    </LineString>
                </Placemark>
            </Folder>
            <Folder id="268">
                <name>17:30 – 17:39</name>
                <Placemark id="270">
                    <name>Rota 17:30</name>
                    <styleUrl>#2</styleUrl>
                    <LineString id="269">
                        <altitudeMode>clampToGround</altitudeMode>
                        <coordinates>9.93988,45.14531,0.0 9.93988,45.14531,0.0 9.93988,45.14531,0.0 9.93991,45.14532,0.0 9.93991,45.14532,0.0 9.9399,45.14531,0.0 9.9399,45.14531,0.0 9.9399,45.14531,0.0 9.9399,45.14531,0.0 9.9399,45.14531,0.0 9.9399,45.14531,0.0 9.9399,45.14531,0.0 9.93988,45.14533,0.0 9.93987,45.14532,0.0 9.93987,45.14532,0.0 9.93987,45.14532,0.0 9.93987,45.14532,0.0 9.93987,45.14532,0.0 9.93987,45.14532,0.0 9.93987,45.14532,0.0 9.93987,45.14532,0.0 9.93987,45.14532,0.0 9.93987,45.14532,0.0 9.93987,45.14532,0.0 9.93987,45.14532,0.0 9.93987,45.14532,0.0 9.93987,45.14532,0.0 9.93987,45.14532,0.0 9.93987,45.14532,0.0 9.93987,45.14532,0.0 9.93987,45.14532,0.0 9.93987,45.14532,0.0 9.93987,45.14532,0.0 9.93987,45.14532,0.0 9.93987,45.14532,0.0 9.93986,45.14533,0.0 9.93986,45.14533,0.0 9.93986,45.14533,0.0 9.93985,45.14533,0.0 9.93986,45.14532,0.0 9.93986,45.14532,0.0 9.93986,45.14531,0.0 9.93986,45.14531,0.0 9.93986,45.14531,0.0 9.93986,45.14531,0.0 9.93986,45.14531,0.0 9.93986,45.14531,0.0 9.93987,45.14532,0.0 9.93987,45.14532,0.0 9.93987,45.14533,0.0 9.93986,45.14533,0.0 9.93986,45.14532,0.0 9.93986,45.14532,0.0 9.93986,45.14532,0.0 9.93986,45.14532,0.0 9.93986,45.14531,0.0 9.93986,45.14531,0.0 9.93986,45.14531,0.0 9.93986,45.14531,0.0 9.93986,45.14531,0.0 9.93986,45.14531,0.0</coordinates>
                    </LineString>
                </Placemark>
                <Placemark id="272">
                    <name>Rota 17:31</name>
                    <styleUrl>#2</styleUrl>
                    <LineString id="271">
                        <altitudeMode>clampToGround</altitudeMode>
                        <coordinates>9.93986,45.14531,0.0 9.93986,45.14531,0.0 9.93986,45.14531,0.0 9.93986,45.14531,0.0 9.93986,45.14531,0.0 9.93986,45.14531,0.0 9.93986,45.14531,0.0 9.93986,45.14531,0.0 9.93986,45.14531,0.0 9.93986,45.14531,0.0 9.93986,45.14531,0.0 9.93986,45.14531,0.0 9.93986,45.14531,0.0 9.93986,45.14531,0.0 9.93986,45.14531,0.0 9.93986,45.14531,0.0 9.93986,45.14531,0.0 9.93986,45.14531,0.0 9.93986,45.14531,0.0 9.93986,45.14531,0.0 9.93986,45.14531,0.0 9.93986,45.14531,0.0 9.93988,45.14532,0.0 9.93988,45.14532,0.0 9.93987,45.14533,0.0 9.93987,45.14533,0.0 9.93987,45.14532,0.0 9.93987,45.14532,0.0 9.93987,45.14532,0.0 9.93987,45.14532,0.0 9.93987,45.14531,0.0 9.93987,45.14531,0.0 9.93987,45.14531,0.0 9.93988,45.14531,0.0 9.93988,45.14531,0.0 9.93988,45.14531,0.0 9.93988,45.14531,0.0 9.93988,45.14531,0.0 9.93988,45.14531,0.0 9.93989,45.14532,0.0 9.93989,45.14533,0.0 9.93989,45.14533,0.0 9.93988,45.14533,0.0 9.93988,45.14533,0.0 9.93988,45.14533,0.0 9.93988,45.14533,0.0 9.93988,45.14533,0.0 9.93988,45.14533,0.0 9.93988,45.14533,0.0 9.93988,45.14533,0.0 9.93988,45.14533,0.0 9.93988,45.14533,0.0 9.93988,45.14533,0.0 9.93988,45.14533,0.0 9.93988,45.14533,0.0 9.93988,45.14533,0.0 9.93988,45.14533,0.0 9.93988,45.14533,0.0 9.93988,45.14533,0.0 9.93988,45.14533,0.0 9.93988,45.14533,0.0</coordinates>
                    </LineString>
                </Placemark>
                <Placemark id="274">
                    <name>Rota 17:32</name>
                    <styleUrl>#2</styleUrl>
                    <LineString id="273">
                        <altitudeMode>clampToGround</altitudeMode>
                        <coordinates>9.93988,45.14533,0.0 9.93988,45.14533,0.0 9.93988,45.14533,0.0 9.93988,45.14533,0.0 9.93988,45.14533,0.0 9.93988,45.14533,0.0 9.93988,45.14533,0.0 9.93988,45.14533,0.0 9.93988,45.14533,0.0 9.93989,45.14531,0.0 9.93989,45.14531,0.0 9.93989,45.14531,0.0 9.93989,45.14531,0.0 9.93989,45.14531,0.0 9.93989,45.14531,0.0 9.93989,45.14531,0.0 9.93989,45.14531,0.0 9.93989,45.14531,0.0 9.93989,45.14531,0.0 9.93989,45.14531,0.0 9.93989,45.14531,0.0 9.93989,45.14531,0.0 9.93989,45.14531,0.0 9.93989,45.14531,0.0 9.93989,45.14531,0.0 9.93989,45.14531,0.0 9.93989,45.14531,0.0 9.93989,45.14531,0.0 9.93989,45.14531,0.0 9.93989,45.14531,0.0 9.93989,45.14531,0.0 9.93989,45.14531,0.0 9.93989,45.14531,0.0 9.93989,45.14531,0.0 9.93989,45.14531,0.0 9.93989,45.14531,0.0 9.93989,45.14531,0.0 9.93989,45.14531,0.0 9.93989,45.14531,0.0 9.93989,45.14531,0.0 9.93989,45.14531,0.0 9.93989,45.14531,0.0 9.93989,45.14531,0.0 9.93989,45.14531,0.0 9.93989,45.14531,0.0 9.93989,45.14531,0.0 9.93989,45.14531,0.0 9.93989,45.14531,0.0 9.93989,45.14531,0.0 9.93989,45.14531,0.0 9.93989,45.14531,0.0 9.93989,45.14531,0.0 9.93989,45.14531,0.0 9.93989,45.14531,0.0 9.93989,45.14531,0.0 9.93989,45.14531,0.0 9.93989,45.14531,0.0 9.93989,45.14531,0.0 9.93989,45.14531,0.0 9.93989,45.14531,0.0 9.93989,45.14531,0.0</coordinates>
                    </LineString>
                </Placemark>
                <Placemark id="276">
                    <name>Rota 17:33</name>
                    <styleUrl>#2</styleUrl>
                    <LineString id="275">
                        <altitudeMode>clampToGround</altitudeMode>
                        <coordinates>9.93989,45.14531,0.0 9.93989,45.14531,0.0 9.93989,45.14531,0.0 9.93989,45.14531,0.0 9.93989,45.14531,0.0 9.93985,45.1453,0.0 9.93985,45.1453,0.0 9.93985,45.1453,0.0 9.93986,45.1453,0.0 9.93987,45.1453,0.0 9.93987,45.1453,0.0 9.93987,45.1453,0.0 9.93987,45.1453,0.0 9.93987,45.1453,0.0 9.93987,45.1453,0.0 9.93987,45.1453,0.0 9.93987,45.1453,0.0 9.93987,45.1453,0.0 9.93987,45.1453,0.0 9.93987,45.1453,0.0 9.93987,45.1453,0.0 9.93987,45.1453,0.0 9.93987,45.1453,0.0 9.93987,45.1453,0.0 9.93987,45.1453,0.0 9.93987,45.1453,0.0 9.93987,45.1453,0.0 9.93987,45.1453,0.0 9.93987,45.1453,0.0 9.93987,45.1453,0.0 9.93987,45.1453,0.0 9.93987,45.1453,0.0 9.93987,45.1453,0.0 9.93987,45.1453,0.0 9.93987,45.1453,0.0 9.93987,45.1453,0.0 9.93987,45.1453,0.0 9.93987,45.1453,0.0 9.93987,45.1453,0.0 9.93987,45.1453,0.0 9.93987,45.1453,0.0 9.93987,45.1453,0.0 9.93987,45.1453,0.0 9.9399,45.14533,0.0 9.93989,45.14533,0.0 9.93989,45.14533,0.0 9.93989,45.14533,0.0 9.93989,45.14533,0.0 9.93989,45.14533,0.0 9.93989,45.14533,0.0 9.93989,45.14533,0.0 9.93989,45.14533,0.0 9.93989,45.14533,0.0 9.93989,45.14533,0.0 9.93989,45.14533,0.0 9.93989,45.14533,0.0 9.93989,45.14533,0.0 9.93988,45.14533,0.0 9.93987,45.14533,0.0 9.93987,45.14533,0.0 9.93987,45.14532,0.0</coordinates>
                    </LineString>
                </Placemark>
                <Placemark id="278">
                    <name>Rota 17:34</name>
                    <styleUrl>#2</styleUrl>
                    <LineString id="277">
                        <altitudeMode>clampToGround</altitudeMode>
                        <coordinates>9.93987,45.14532,0.0 9.93987,45.14532,0.0 9.93988,45.14531,0.0 9.93987,45.14531,0.0 9.93987,45.14531,0.0 9.93987,45.14531,0.0 9.93987,45.14531,0.0 9.93987,45.14531,0.0 9.93987,45.14531,0.0 9.93987,45.14531,0.0 9.93987,45.14531,0.0 9.93987,45.14531,0.0 9.93987,45.14531,0.0 9.93987,45.14531,0.0 9.93987,45.14531,0.0 9.93987,45.14532,0.0 9.93987,45.14532,0.0 9.93987,45.14532,0.0 9.93987,45.14532,0.0 9.93987,45.14532,0.0 9.93987,45.14532,0.0 9.93987,45.14532,0.0 9.93987,45.14532,0.0 9.93987,45.14532,0.0 9.93987,45.14532,0.0 9.93987,45.14532,0.0 9.93987,45.14532,0.0 9.93987,45.14532,0.0 9.93987,45.14532,0.0 9.93987,45.14532,0.0 9.93987,45.14532,0.0 9.93987,45.14532,0.0 9.93987,45.14532,0.0 9.93987,45.14532,0.0 9.93987,45.14532,0.0 9.93987,45.14532,0.0 9.93987,45.14532,0.0 9.93987,45.14532,0.0 9.93987,45.14532,0.0 9.93987,45.14532,0.0 9.93987,45.14532,0.0 9.93987,45.14532,0.0 9.93986,45.14531,0.0 9.93986,45.14531,0.0 9.93986,45.14531,0.0 9.93987,45.14531,0.0 9.93987,45.14531,0.0 9.93987,45.14531,0.0 9.93987,45.14531,0.0 9.93987,45.14531,0.0 9.93987,45.14531,0.0 9.93987,45.14531,0.0 9.93987,45.14531,0.0 9.93987,45.14531,0.0 9.93987,45.14531,0.0 9.93987,45.14531,0.0 9.93987,45.14531,0.0 9.93986,45.14531,0.0 9.93986,45.1453,0.0 9.93986,45.1453,0.0 9.93986,45.1453,0.0</coordinates>
                    </LineString>
                </Placemark>
                <Placemark id="280">
                    <name>Rota 17:35</name>
                    <styleUrl>#2</styleUrl>
                    <LineString id="279">
                        <altitudeMode>clampToGround</altitudeMode>
                        <coordinates>9.93986,45.1453,0.0 9.93986,45.1453,0.0 9.93986,45.1453,0.0 9.93986,45.1453,0.0 9.93986,45.1453,0.0 9.93986,45.1453,0.0 9.93986,45.1453,0.0 9.93986,45.1453,0.0 9.93986,45.1453,0.0 9.93986,45.1453,0.0 9.93986,45.1453,0.0 9.93986,45.1453,0.0 9.93986,45.1453,0.0 9.93986,45.1453,0.0 9.93986,45.1453,0.0 9.93986,45.1453,0.0 9.93986,45.1453,0.0 9.93986,45.1453,0.0 9.93986,45.1453,0.0 9.93986,45.1453,0.0 9.93986,45.14532,0.0 9.93986,45.14532,0.0 9.93986,45.14532,0.0 9.93986,45.14531,0.0 9.93986,45.14531,0.0 9.93986,45.14531,0.0 9.93986,45.1453,0.0 9.93986,45.1453,0.0 9.93987,45.1453,0.0 9.93987,45.1453,0.0 9.93987,45.1453,0.0 9.93987,45.1453,0.0 9.93987,45.1453,0.0 9.93987,45.1453,0.0 9.93989,45.14532,0.0 9.93989,45.14532,0.0 9.93988,45.14532,0.0 9.93988,45.14532,0.0 9.93988,45.14532,0.0 9.93988,45.14532,0.0 9.93988,45.14532,0.0 9.93988,45.1453,0.0 9.93988,45.1453,0.0 9.93988,45.1453,0.0 9.93988,45.1453,0.0 9.93988,45.1453,0.0 9.93988,45.1453,0.0 9.93988,45.1453,0.0 9.93988,45.1453,0.0 9.93988,45.1453,0.0 9.93988,45.1453,0.0 9.93988,45.1453,0.0 9.93988,45.1453,0.0 9.93988,45.1453,0.0 9.93988,45.1453,0.0 9.93988,45.1453,0.0 9.93988,45.1453,0.0 9.93988,45.1453,0.0 9.93988,45.1453,0.0 9.93988,45.1453,0.0 9.93988,45.1453,0.0</coordinates>
                    </LineString>
                </Placemark>
                <Placemark id="282">
                    <name>Rota 17:36</name>
                    <styleUrl>#2</styleUrl>
                    <LineString id="281">
                        <altitudeMode>clampToGround</altitudeMode>
                        <coordinates>9.93988,45.1453,0.0 9.93988,45.1453,0.0 9.93988,45.1453,0.0 9.93988,45.1453,0.0 9.93988,45.1453,0.0 9.93988,45.1453,0.0 9.93988,45.1453,0.0 9.93988,45.1453,0.0 9.93988,45.1453,0.0 9.93988,45.1453,0.0 9.93988,45.1453,0.0 9.93988,45.1453,0.0 9.93988,45.1453,0.0 9.93988,45.1453,0.0 9.93988,45.1453,0.0 9.93988,45.1453,0.0 9.93988,45.1453,0.0 9.93988,45.1453,0.0 9.93988,45.1453,0.0 9.93988,45.1453,0.0 9.93988,45.1453,0.0 9.93988,45.1453,0.0 9.93988,45.1453,0.0 9.93988,45.1453,0.0 9.93988,45.1453,0.0 9.93988,45.1453,0.0 9.93988,45.1453,0.0 9.93988,45.1453,0.0 9.93988,45.1453,0.0 9.93988,45.1453,0.0 9.93988,45.1453,0.0 9.93988,45.1453,0.0 9.93988,45.1453,0.0 9.93988,45.1453,0.0 9.93988,45.1453,0.0 9.93988,45.1453,0.0 9.93988,45.1453,0.0 9.93988,45.1453,0.0 9.93988,45.1453,0.0 9.93988,45.1453,0.0 9.93988,45.1453,0.0 9.93988,45.1453,0.0 9.93988,45.1453,0.0 9.93988,45.1453,0.0 9.93988,45.1453,0.0 9.93988,45.1453,0.0 9.93988,45.1453,0.0 9.93988,45.1453,0.0 9.93988,45.1453,0.0 9.93988,45.1453,0.0 9.93988,45.1453,0.0 9.93988,45.1453,0.0 9.93988,45.1453,0.0 9.93988,45.1453,0.0 9.93988,45.1453,0.0 9.93988,45.1453,0.0 9.93988,45.1453,0.0 9.93988,45.1453,0.0 9.93988,45.1453,0.0 9.93988,45.1453,0.0 9.93988,45.1453,0.0</coordinates>
                    </LineString>
                </Placemark>
                <Placemark id="284">
                    <name>Rota 17:37</name>
                    <styleUrl>#2</styleUrl>
                    <LineString id="283">
                        <altitudeMode>clampToGround</altitudeMode>
                        <coordinates>9.93988,45.1453,0.0 9.93994,45.14532,0.0 9.93994,45.14532,0.0 9.93995,45.14532,0.0 9.93995,45.14532,0.0 9.93995,45.14532,0.0 9.93995,45.14532,0.0 9.93995,45.14532,0.0 9.93995,45.14532,0.0 9.93995,45.14532,0.0 9.93995,45.14532,0.0 9.93995,45.14532,0.0 9.93995,45.14532,0.0 9.93995,45.14532,0.0 9.93995,45.14532,0.0 9.93995,45.14532,0.0 9.93995,45.14532,0.0 9.93995,45.14532,0.0 9.93995,45.14532,0.0 9.93995,45.14532,0.0 9.93995,45.14532,0.0 9.93995,45.14532,0.0 9.93995,45.14532,0.0 9.93995,45.14532,0.0 9.93995,45.14532,0.0 9.93995,45.14532,0.0 9.93995,45.14532,0.0 9.93994,45.14533,0.0 9.93993,45.14533,0.0 9.93993,45.14533,0.0 9.93992,45.14533,0.0 9.93992,45.14533,0.0 9.93992,45.14533,0.0 9.93992,45.14533,0.0 9.93992,45.14533,0.0 9.93992,45.14533,0.0 9.93992,45.14533,0.0 9.93992,45.14533,0.0 9.93992,45.14533,0.0 9.93992,45.14533,0.0 9.93992,45.14533,0.0 9.93992,45.14533,0.0 9.93992,45.14533,0.0 9.93992,45.14533,0.0 9.93992,45.14533,0.0 9.93992,45.14533,0.0 9.93992,45.14533,0.0 9.93992,45.14533,0.0 9.93992,45.14533,0.0 9.93992,45.14533,0.0 9.93992,45.14533,0.0 9.93992,45.14533,0.0 9.93992,45.14533,0.0 9.93992,45.14533,0.0 9.93992,45.14533,0.0 9.93992,45.14533,0.0 9.93992,45.14533,0.0 9.93992,45.14533,0.0 9.93992,45.14533,0.0 9.93992,45.14533,0.0 9.93992,45.14533,0.0</coordinates>
                    </LineString>
                </Placemark>
                <Placemark id="286">
                    <name>Rota 17:38</name>
                    <styleUrl>#2</styleUrl>
                    <LineString id="285">
                        <altitudeMode>clampToGround</altitudeMode>
                        <coordinates>9.93992,45.14533,0.0 9.93992,45.14533,0.0 9.93992,45.14533,0.0 9.93992,45.14533,0.0 9.93992,45.14533,0.0 9.93992,45.14533,0.0 9.93992,45.14533,0.0 9.93992,45.14533,0.0 9.93992,45.14533,0.0 9.93992,45.14533,0.0 9.93992,45.14533,0.0 9.93992,45.14533,0.0 9.93992,45.14533,0.0 9.93992,45.14533,0.0 9.93992,45.14533,0.0 9.93992,45.14533,0.0 9.93992,45.14533,0.0 9.93992,45.14533,0.0 9.93992,45.14533,0.0 9.93992,45.14533,0.0 9.93992,45.14533,0.0 9.93992,45.14533,0.0 9.93992,45.14533,0.0 9.93992,45.14533,0.0 9.93992,45.14533,0.0 9.93992,45.14533,0.0 9.93992,45.14533,0.0 9.93992,45.14533,0.0 9.93992,45.14533,0.0 9.93992,45.14533,0.0 9.93992,45.14533,0.0 9.93992,45.14533,0.0 9.93992,45.14533,0.0 9.93992,45.14533,0.0 9.93992,45.14533,0.0 9.93992,45.14533,0.0 9.93992,45.14533,0.0 9.93992,45.14533,0.0 9.93992,45.14533,0.0 9.93992,45.14533,0.0 9.93992,45.14533,0.0 9.93992,45.14533,0.0 9.93992,45.14533,0.0 9.93992,45.14533,0.0 9.93992,45.14533,0.0 9.93992,45.14533,0.0 9.93992,45.14533,0.0 9.93992,45.14533,0.0 9.93992,45.14533,0.0 9.93992,45.14533,0.0 9.93992,45.14533,0.0 9.93992,45.14533,0.0 9.93992,45.14533,0.0 9.93992,45.14533,0.0 9.93992,45.14533,0.0 9.93992,45.14533,0.0 9.93992,45.14533,0.0 9.93992,45.14533,0.0 9.93992,45.14533,0.0 9.93992,45.14533,0.0 9.93992,45.14533,0.0</coordinates>
                    </LineString>
                </Placemark>
                <Placemark id="288">
                    <name>Rota 17:39</name>
                    <styleUrl>#2</styleUrl>
                    <LineString id="287">
                        <altitudeMode>clampToGround</altitudeMode>
                        <coordinates>9.93992,45.14533,0.0 9.93992,45.14533,0.0 9.93992,45.14533,0.0 9.93992,45.14533,0.0 9.93992,45.14533,0.0 9.93992,45.14533,0.0 9.93992,45.14533,0.0 9.93992,45.14533,0.0 9.93992,45.14533,0.0 9.93992,45.14533,0.0 9.93992,45.14533,0.0 9.93992,45.14533,0.0 9.93992,45.14533,0.0 9.93992,45.14533,0.0 9.93992,45.14533,0.0 9.93992,45.14533,0.0 9.93992,45.14533,0.0 9.93992,45.14533,0.0 9.93992,45.14533,0.0 9.93992,45.14533,0.0 9.93992,45.14533,0.0 9.93992,45.14533,0.0 9.93992,45.14533,0.0 9.93992,45.14533,0.0 9.93992,45.14533,0.0 9.93992,45.14533,0.0 9.93992,45.14533,0.0 9.93992,45.14533,0.0 9.93992,45.14533,0.0 9.93992,45.14533,0.0 9.93992,45.14533,0.0 9.93992,45.14533,0.0 9.93992,45.14533,0.0 9.93992,45.14533,0.0 9.93992,45.14533,0.0 9.93992,45.14533,0.0 9.93992,45.14533,0.0 9.93992,45.14533,0.0 9.93992,45.14533,0.0 9.93992,45.14533,0.0 9.93992,45.14533,0.0 9.93992,45.14533,0.0 9.93992,45.14533,0.0 9.93992,45.14533,0.0 9.93992,45.14533,0.0 9.93992,45.14533,0.0 9.93992,45.14533,0.0 9.93992,45.14533,0.0 9.93992,45.14533,0.0 9.93992,45.14533,0.0 9.93992,45.14533,0.0 9.93992,45.14533,0.0 9.93992,45.14533,0.0 9.93992,45.14533,0.0 9.93992,45.14533,0.0 9.93992,45.14533,0.0 9.93992,45.14533,0.0 9.93992,45.14533,0.0 9.93992,45.14533,0.0 9.93992,45.14533,0.0 9.93992,45.14533,0.0</coordinates>
                    </LineString>
                </Placemark>
            </Folder>
            <Folder id="289">
                <name>17:40 – 17:49</name>
                <Placemark id="291">
                    <name>Rota 17:40</name>
                    <styleUrl>#2</styleUrl>
                    <LineString id="290">
                        <altitudeMode>clampToGround</altitudeMode>
                        <coordinates>9.93992,45.14533,0.0 9.93992,45.14533,0.0 9.93992,45.14533,0.0 9.93992,45.14533,0.0 9.93992,45.14533,0.0 9.93992,45.14533,0.0 9.93992,45.14533,0.0 9.93992,45.14533,0.0 9.93992,45.14533,0.0 9.93992,45.14533,0.0 9.93992,45.14533,0.0 9.93992,45.14533,0.0 9.93992,45.14533,0.0 9.93992,45.14533,0.0 9.93992,45.14533,0.0 9.93992,45.14533,0.0 9.93992,45.14533,0.0 9.93992,45.14533,0.0 9.93992,45.14533,0.0 9.93992,45.14533,0.0 9.93992,45.14533,0.0 9.93992,45.14533,0.0 9.93992,45.14533,0.0 9.93992,45.14533,0.0 9.93992,45.14533,0.0 9.93992,45.14533,0.0 9.93992,45.14533,0.0 9.93992,45.14533,0.0 9.93992,45.14533,0.0 9.93992,45.14533,0.0 9.93992,45.14533,0.0 9.93992,45.14533,0.0 9.93992,45.14533,0.0 9.93992,45.14533,0.0 9.93992,45.14533,0.0 9.93992,45.14533,0.0 9.93992,45.14533,0.0 9.93992,45.14533,0.0 9.93992,45.14533,0.0 9.93992,45.14533,0.0 9.93992,45.14533,0.0 9.93992,45.14533,0.0 9.93992,45.14533,0.0 9.93992,45.14533,0.0 9.93992,45.14533,0.0 9.93992,45.14533,0.0 9.93992,45.14533,0.0 9.93992,45.14533,0.0 9.93992,45.14533,0.0 9.93992,45.14533,0.0 9.93992,45.14533,0.0 9.93992,45.14533,0.0 9.93992,45.14533,0.0 9.93992,45.14533,0.0 9.93992,45.14533,0.0 9.93992,45.14533,0.0 9.93992,45.14533,0.0 9.93992,45.14533,0.0 9.93992,45.14533,0.0 9.93992,45.14533,0.0 9.93992,45.14533,0.0</coordinates>
                    </LineString>
                </Placemark>
                <Placemark id="293">
                    <name>Rota 17:41</name>
                    <styleUrl>#2</styleUrl>
                    <LineString id="292">
                        <altitudeMode>clampToGround</altitudeMode>
                        <coordinates>9.93992,45.14533,0.0 9.93992,45.14533,0.0 9.93992,45.14533,0.0 9.93992,45.14533,0.0 9.93992,45.14533,0.0 9.93992,45.14533,0.0 9.93992,45.14533,0.0 9.93992,45.14533,0.0 9.93992,45.14533,0.0 9.93992,45.14533,0.0 9.93992,45.14533,0.0 9.93992,45.14533,0.0 9.93992,45.14533,0.0 9.93992,45.14533,0.0 9.93992,45.14533,0.0 9.93992,45.14533,0.0 9.93992,45.14533,0.0 9.93992,45.14533,0.0 9.93992,45.14533,0.0 9.93992,45.14533,0.0 9.93992,45.14533,0.0 9.93992,45.14533,0.0 9.93992,45.14533,0.0 9.93992,45.14533,0.0 9.93992,45.14533,0.0 9.93992,45.14533,0.0 9.93992,45.14533,0.0 9.93992,45.14533,0.0 9.93992,45.14533,0.0 9.93992,45.14533,0.0 9.93992,45.14533,0.0 9.93992,45.14533,0.0 9.93992,45.14533,0.0 9.93992,45.14533,0.0 9.93992,45.14533,0.0 9.93992,45.14533,0.0 9.93992,45.14533,0.0 9.93992,45.14533,0.0 9.93992,45.14533,0.0 9.93992,45.14533,0.0 9.93992,45.14533,0.0 9.93992,45.14533,0.0 9.93992,45.14533,0.0 9.93992,45.14533,0.0 9.93992,45.14533,0.0 9.93992,45.14533,0.0 9.93992,45.14533,0.0 9.93992,45.14533,0.0 9.93992,45.14533,0.0 9.93992,45.14533,0.0 9.93992,45.14533,0.0 9.93992,45.14533,0.0 9.93992,45.14533,0.0 9.93992,45.14533,0.0 9.93992,45.14533,0.0 9.93992,45.14533,0.0 9.93992,45.14533,0.0 9.93992,45.14533,0.0 9.93992,45.14533,0.0 9.93992,45.14533,0.0 9.93992,45.14533,0.0</coordinates>
                    </LineString>
                </Placemark>
                <Placemark id="295">
                    <name>Rota 17:42</name>
                    <styleUrl>#2</styleUrl>
                    <LineString id="294">
                        <altitudeMode>clampToGround</altitudeMode>
                        <coordinates>9.93992,45.14533,0.0 9.93992,45.14533,0.0 9.93992,45.14533,0.0 9.93992,45.14533,0.0 9.93992,45.14533,0.0 9.9398,45.14532,0.0 9.93979,45.14532,0.0 9.93979,45.14532,0.0 9.93979,45.14532,0.0 9.93979,45.14532,0.0 9.93979,45.14532,0.0 9.93979,45.14532,0.0 9.93979,45.14532,0.0 9.93979,45.14532,0.0 9.93979,45.14532,0.0 9.93979,45.14532,0.0 9.93979,45.14532,0.0 9.93979,45.14532,0.0 9.93979,45.14532,0.0 9.93979,45.14532,0.0 9.93979,45.14532,0.0 9.93979,45.14532,0.0 9.93979,45.14532,0.0 9.93979,45.14532,0.0 9.93979,45.14532,0.0 9.93979,45.14532,0.0 9.93979,45.14532,0.0 9.93979,45.14532,0.0 9.93979,45.14532,0.0 9.93979,45.14532,0.0 9.93979,45.14532,0.0 9.93979,45.14532,0.0 9.93979,45.14532,0.0 9.93979,45.14532,0.0 9.93979,45.14532,0.0 9.93979,45.14532,0.0 9.93979,45.14532,0.0 9.93979,45.14532,0.0 9.93979,45.14532,0.0 9.93979,45.14532,0.0 9.93979,45.14532,0.0 9.93979,45.14532,0.0 9.93979,45.14532,0.0 9.93979,45.14532,0.0 9.93979,45.14532,0.0 9.93979,45.14532,0.0 9.93979,45.14532,0.0 9.93979,45.14532,0.0 9.93979,45.14532,0.0 9.93979,45.14532,0.0 9.93979,45.14532,0.0 9.93979,45.14532,0.0 9.93979,45.14532,0.0 9.93979,45.14532,0.0 9.93979,45.14532,0.0 9.93979,45.14532,0.0 9.93979,45.14532,0.0 9.93979,45.14532,0.0 9.93979,45.14532,0.0 9.93979,45.14532,0.0 9.93979,45.14532,0.0</coordinates>
                    </LineString>
                </Placemark>
                <Placemark id="297">
                    <name>Rota 17:43</name>
                    <styleUrl>#2</styleUrl>
                    <LineString id="296">
                        <altitudeMode>clampToGround</altitudeMode>
                        <coordinates>9.93979,45.14532,0.0 9.93979,45.14532,0.0 9.93979,45.14532,0.0 9.93979,45.14532,0.0 9.93979,45.14532,0.0 9.93979,45.14532,0.0 9.93979,45.14532,0.0 9.93979,45.14532,0.0 9.93979,45.14532,0.0 9.93979,45.14532,0.0 9.93979,45.14532,0.0 9.93979,45.14532,0.0 9.93979,45.14532,0.0 9.93979,45.14532,0.0 9.93979,45.14532,0.0 9.93979,45.14532,0.0 9.93979,45.14532,0.0 9.93979,45.14532,0.0 9.93979,45.14532,0.0 9.93979,45.14532,0.0 9.93979,45.14532,0.0 9.93979,45.14532,0.0 9.93979,45.14532,0.0 9.93979,45.14532,0.0 9.93979,45.14532,0.0 9.93979,45.14532,0.0 9.93979,45.14532,0.0 9.93979,45.14532,0.0 9.93979,45.14532,0.0 9.93979,45.14532,0.0 9.93979,45.14532,0.0 9.93979,45.14532,0.0 9.93979,45.14532,0.0 9.93979,45.14532,0.0 9.93979,45.14532,0.0 9.93979,45.14532,0.0 9.93979,45.14532,0.0 9.93979,45.14532,0.0 9.93979,45.14532,0.0 9.93979,45.14532,0.0 9.93979,45.14532,0.0 9.93979,45.14532,0.0 9.93979,45.14532,0.0 9.93979,45.14532,0.0 9.93979,45.14532,0.0 9.93979,45.14532,0.0 9.93979,45.14532,0.0 9.93979,45.14532,0.0 9.93979,45.14532,0.0 9.93979,45.14532,0.0 9.93979,45.14532,0.0 9.93979,45.14532,0.0 9.93979,45.14532,0.0 9.93979,45.14532,0.0 9.93979,45.14532,0.0 9.93979,45.14532,0.0 9.93979,45.14532,0.0 9.93979,45.14532,0.0 9.93979,45.14532,0.0 9.93979,45.14532,0.0 9.93979,45.14532,0.0</coordinates>
                    </LineString>
                </Placemark>
                <Placemark id="299">
                    <name>Rota 17:44</name>
                    <styleUrl>#2</styleUrl>
                    <LineString id="298">
                        <altitudeMode>clampToGround</altitudeMode>
                        <coordinates>9.93979,45.14532,0.0 9.93979,45.14532,0.0 9.93979,45.14532,0.0 9.93979,45.14532,0.0 9.93979,45.14532,0.0 9.93979,45.14532,0.0 9.93979,45.14532,0.0 9.93979,45.14532,0.0 9.93979,45.14532,0.0 9.93979,45.14532,0.0 9.93979,45.14532,0.0 9.93979,45.14532,0.0 9.93979,45.14532,0.0 9.93979,45.14532,0.0 9.93979,45.14532,0.0 9.93979,45.14532,0.0 9.93979,45.14532,0.0 9.93979,45.14532,0.0 9.93979,45.14532,0.0 9.93979,45.14532,0.0 9.93979,45.14532,0.0 9.93979,45.14532,0.0 9.93979,45.14532,0.0 9.93979,45.14532,0.0 9.93979,45.14532,0.0 9.93979,45.14532,0.0 9.93979,45.14532,0.0 9.93979,45.14532,0.0 9.93979,45.14532,0.0 9.93979,45.14532,0.0 9.93979,45.14532,0.0 9.93979,45.14532,0.0 9.93979,45.14532,0.0 9.93979,45.14532,0.0 9.93979,45.14532,0.0 9.93979,45.14532,0.0 9.93979,45.14532,0.0 9.93979,45.14532,0.0 9.93979,45.14532,0.0 9.93979,45.14532,0.0 9.93979,45.14532,0.0 9.93979,45.14532,0.0 9.93979,45.14532,0.0 9.93979,45.14532,0.0 9.93979,45.14532,0.0 9.93987,45.14533,0.0 9.93987,45.14533,0.0 9.93987,45.14533,0.0 9.93987,45.14533,0.0 9.93986,45.14533,0.0 9.93986,45.14533,0.0 9.93986,45.14533,0.0 9.93986,45.14533,0.0 9.93986,45.14533,0.0 9.93986,45.14533,0.0 9.93986,45.14533,0.0 9.93986,45.14533,0.0 9.93986,45.14533,0.0 9.93986,45.14533,0.0 9.93986,45.14533,0.0 9.93986,45.14533,0.0</coordinates>
                    </LineString>
                </Placemark>
                <Placemark id="301">
                    <name>Rota 17:45</name>
                    <styleUrl>#2</styleUrl>
                    <LineString id="300">
                        <altitudeMode>clampToGround</altitudeMode>
                        <coordinates>9.93986,45.14533,0.0 9.93986,45.14533,0.0 9.93986,45.14533,0.0 9.93986,45.14533,0.0 9.93986,45.14533,0.0 9.93986,45.14533,0.0 9.93986,45.14533,0.0 9.93986,45.14533,0.0 9.93986,45.14533,0.0 9.93986,45.14533,0.0 9.93986,45.14533,0.0 9.93986,45.14533,0.0 9.93986,45.14533,0.0 9.93986,45.14533,0.0 9.93986,45.14533,0.0 9.93986,45.14533,0.0 9.93986,45.14533,0.0 9.93986,45.14533,0.0 9.93986,45.14533,0.0 9.93986,45.14533,0.0 9.93986,45.14533,0.0 9.93986,45.14533,0.0 9.93986,45.14533,0.0 9.93986,45.14533,0.0 9.93986,45.14533,0.0 9.93986,45.14533,0.0 9.93986,45.14533,0.0 9.93986,45.14533,0.0 9.93986,45.14533,0.0 9.93986,45.14533,0.0 9.93986,45.14533,0.0 9.93986,45.14533,0.0 9.93986,45.14533,0.0 9.93986,45.14533,0.0 9.93986,45.14533,0.0 9.93986,45.14533,0.0 9.93987,45.14534,0.0 9.93987,45.14535,0.0 9.93987,45.14535,0.0 9.93986,45.14534,0.0 9.93986,45.14534,0.0 9.93986,45.14534,0.0 9.93986,45.14532,0.0 9.93986,45.14532,0.0 9.93986,45.14532,0.0 9.93987,45.14532,0.0 9.93987,45.14532,0.0 9.93987,45.14532,0.0 9.93987,45.14532,0.0 9.93987,45.14532,0.0 9.93987,45.14532,0.0 9.93986,45.14534,0.0 9.93986,45.14533,0.0 9.93986,45.14533,0.0 9.93986,45.14533,0.0 9.93986,45.14533,0.0 9.93986,45.14532,0.0 9.93986,45.14532,0.0 9.93987,45.14532,0.0 9.93987,45.14532,0.0 9.93987,45.14532,0.0</coordinates>
                    </LineString>
                </Placemark>
                <Placemark id="303">
                    <name>Rota 17:46</name>
                    <styleUrl>#2</styleUrl>
                    <LineString id="302">
                        <altitudeMode>clampToGround</altitudeMode>
                        <coordinates>9.93987,45.14532,0.0 9.93987,45.14532,0.0 9.93987,45.14532,0.0 9.93987,45.14532,0.0 9.93988,45.14533,0.0 9.93988,45.14533,0.0 9.93987,45.14533,0.0 9.93986,45.14533,0.0 9.93987,45.14533,0.0 9.93987,45.14533,0.0 9.93987,45.14532,0.0 9.93987,45.14532,0.0 9.93987,45.14532,0.0 9.93987,45.14532,0.0 9.93987,45.14532,0.0 9.93987,45.14532,0.0 9.93987,45.14532,0.0 9.93987,45.14532,0.0 9.93987,45.14532,0.0 9.93988,45.14533,0.0 9.93988,45.14533,0.0 9.93988,45.14533,0.0 9.93987,45.14533,0.0 9.93987,45.14533,0.0 9.93987,45.14533,0.0 9.93987,45.14533,0.0 9.93987,45.14533,0.0 9.93987,45.14533,0.0 9.93987,45.14533,0.0 9.93987,45.14533,0.0 9.93987,45.14533,0.0 9.93987,45.14533,0.0 9.93987,45.14533,0.0 9.93987,45.14533,0.0 9.93987,45.14533,0.0 9.93987,45.14533,0.0 9.93987,45.14533,0.0 9.93987,45.14533,0.0 9.93987,45.14533,0.0 9.93987,45.14533,0.0 9.93988,45.14532,0.0 9.93988,45.14531,0.0 9.93988,45.14531,0.0 9.93988,45.14531,0.0 9.93988,45.14531,0.0 9.93988,45.14531,0.0 9.93988,45.14531,0.0 9.93988,45.14531,0.0 9.93988,45.14531,0.0 9.93988,45.14531,0.0 9.93988,45.14531,0.0 9.93988,45.14531,0.0 9.93988,45.14531,0.0 9.93988,45.14531,0.0 9.93988,45.14531,0.0 9.93988,45.14531,0.0 9.93988,45.14531,0.0 9.93988,45.14531,0.0 9.93988,45.14531,0.0 9.93988,45.14531,0.0 9.93988,45.14531,0.0</coordinates>
                    </LineString>
                </Placemark>
                <Placemark id="305">
                    <name>Rota 17:47</name>
                    <styleUrl>#2</styleUrl>
                    <LineString id="304">
                        <altitudeMode>clampToGround</altitudeMode>
                        <coordinates>9.93988,45.14531,0.0 9.93988,45.14531,0.0 9.93988,45.14531,0.0 9.93988,45.14531,0.0 9.93988,45.14531,0.0 9.93988,45.14531,0.0 9.93988,45.14531,0.0 9.93988,45.14531,0.0 9.93988,45.14531,0.0 9.93988,45.14531,0.0 9.93988,45.14531,0.0 9.93988,45.14531,0.0 9.93988,45.14531,0.0 9.93988,45.14531,0.0 9.93988,45.14531,0.0 9.93988,45.14531,0.0 9.93988,45.14531,0.0 9.93988,45.14531,0.0 9.93988,45.14531,0.0 9.93988,45.14531,0.0 9.93988,45.14531,0.0 9.93988,45.14531,0.0 9.93988,45.14531,0.0 9.93988,45.14531,0.0 9.93988,45.14531,0.0 9.93988,45.14531,0.0 9.93988,45.14531,0.0 9.93988,45.14531,0.0 9.93988,45.14531,0.0 9.93988,45.14531,0.0 9.93988,45.14531,0.0 9.93988,45.14531,0.0 9.93988,45.14531,0.0 9.93988,45.14531,0.0 9.93988,45.14531,0.0 9.93988,45.14531,0.0 9.93988,45.14531,0.0 9.93988,45.14531,0.0 9.93988,45.14531,0.0 9.93988,45.14531,0.0 9.93988,45.14531,0.0 9.93988,45.14534,0.0 9.93988,45.14533,0.0 9.93988,45.14533,0.0 9.93988,45.14533,0.0 9.93988,45.14533,0.0 9.93988,45.14533,0.0 9.93988,45.14533,0.0 9.93988,45.14533,0.0 9.93988,45.14533,0.0 9.93988,45.14533,0.0 9.93988,45.14533,0.0 9.93988,45.14533,0.0 9.93988,45.14533,0.0 9.93988,45.14533,0.0 9.93988,45.14533,0.0 9.93988,45.14532,0.0 9.93987,45.14532,0.0 9.93987,45.14532,0.0 9.93987,45.14532,0.0 9.93987,45.14532,0.0</coordinates>
                    </LineString>
                </Placemark>
                <Placemark id="307">
                    <name>Rota 17:48</name>
                    <styleUrl>#2</styleUrl>
                    <LineString id="306">
                        <altitudeMode>clampToGround</altitudeMode>
                        <coordinates>9.93987,45.14532,0.0 9.93987,45.14532,0.0 9.93987,45.14532,0.0 9.93987,45.14532,0.0 9.93989,45.14532,0.0 9.93988,45.14533,0.0 9.93988,45.14533,0.0 9.93988,45.14532,0.0 9.93988,45.14532,0.0 9.93988,45.14532,0.0 9.93988,45.14531,0.0 9.93988,45.14531,0.0 9.93988,45.14531,0.0 9.93988,45.1453,0.0 9.93989,45.14531,0.0 9.93989,45.14531,0.0 9.93989,45.14531,0.0 9.93989,45.14531,0.0 9.93989,45.14531,0.0 9.93989,45.14531,0.0 9.93989,45.14531,0.0 9.93989,45.14532,0.0 9.93989,45.14532,0.0 9.93989,45.14532,0.0 9.93988,45.14532,0.0 9.93988,45.14532,0.0 9.93988,45.14532,0.0 9.93988,45.14532,0.0 9.93988,45.14532,0.0 9.93988,45.14532,0.0 9.93988,45.14532,0.0 9.93988,45.14532,0.0 9.93988,45.14532,0.0 9.93988,45.14532,0.0 9.93988,45.14532,0.0 9.93988,45.14532,0.0 9.93988,45.14532,0.0 9.93988,45.14532,0.0 9.93988,45.14532,0.0 9.93988,45.14532,0.0 9.93988,45.14532,0.0 9.93988,45.14532,0.0 9.93988,45.14532,0.0 9.93988,45.14532,0.0 9.93988,45.14532,0.0 9.93988,45.1453,0.0 9.93988,45.1453,0.0 9.93988,45.1453,0.0 9.93988,45.1453,0.0 9.93988,45.1453,0.0 9.93988,45.1453,0.0 9.93988,45.1453,0.0 9.93988,45.1453,0.0 9.93988,45.1453,0.0 9.93988,45.1453,0.0 9.93988,45.1453,0.0 9.93988,45.1453,0.0 9.93988,45.1453,0.0 9.93988,45.1453,0.0 9.93988,45.1453,0.0 9.93991,45.14532,0.0</coordinates>
                    </LineString>
                </Placemark>
                <Placemark id="309">
                    <name>Rota 17:49</name>
                    <styleUrl>#2</styleUrl>
                    <LineString id="308">
                        <altitudeMode>clampToGround</altitudeMode>
                        <coordinates>9.93991,45.14532,0.0 9.9399,45.14533,0.0 9.93989,45.14533,0.0 9.93989,45.14532,0.0 9.93989,45.14532,0.0 9.93989,45.14532,0.0 9.93989,45.14532,0.0 9.93989,45.14532,0.0 9.93989,45.14532,0.0 9.93989,45.14532,0.0 9.93989,45.14532,0.0 9.93989,45.14532,0.0 9.93989,45.14532,0.0 9.93989,45.14532,0.0 9.93989,45.14532,0.0 9.93989,45.14532,0.0 9.93989,45.14532,0.0 9.93989,45.14532,0.0 9.93989,45.14532,0.0 9.93989,45.14532,0.0 9.93989,45.14532,0.0 9.93989,45.14532,0.0 9.93989,45.14532,0.0 9.93987,45.14531,0.0 9.93987,45.14531,0.0 9.93987,45.14531,0.0 9.93988,45.14531,0.0 9.93988,45.14531,0.0 9.93988,45.14531,0.0 9.93988,45.14531,0.0 9.93988,45.14531,0.0 9.93988,45.14531,0.0 9.93989,45.14532,0.0 9.93989,45.14532,0.0 9.93988,45.14533,0.0 9.93988,45.14533,0.0 9.93988,45.14533,0.0 9.93988,45.14533,0.0 9.93988,45.14533,0.0 9.93988,45.14533,0.0 9.93988,45.14533,0.0 9.93987,45.14531,0.0 9.93987,45.14531,0.0 9.93987,45.14532,0.0 9.93987,45.14532,0.0 9.93987,45.14532,0.0 9.93987,45.14532,0.0 9.93987,45.14532,0.0 9.93987,45.14532,0.0 9.93987,45.14532,0.0 9.93987,45.14532,0.0 9.93987,45.14532,0.0 9.93987,45.14532,0.0 9.93987,45.14532,0.0 9.93987,45.14532,0.0 9.93987,45.14532,0.0 9.93987,45.14532,0.0 9.93987,45.14532,0.0 9.93987,45.14532,0.0 9.93987,45.14532,0.0 9.93987,45.14532,0.0</coordinates>
                    </LineString>
                </Placemark>
            </Folder>
            <Folder id="310">
                <name>17:50 – 17:59</name>
                <Placemark id="312">
                    <name>Rota 17:50</name>
                    <styleUrl>#2</styleUrl>
                    <LineString id="311">
                        <altitudeMode>clampToGround</altitudeMode>
                        <coordinates>9.93987,45.14532,0.0 9.93988,45.14532,0.0 9.93988,45.14531,0.0 9.93988,45.14531,0.0 9.93988,45.14531,0.0 9.93988,45.14531,0.0 9.93988,45.14531,0.0 9.93988,45.14531,0.0 9.93989,45.14532,0.0 9.93989,45.14533,0.0 9.93989,45.14533,0.0 9.93989,45.14533,0.0 9.93988,45.14533,0.0 9.93988,45.14533,0.0 9.93988,45.14533,0.0 9.93988,45.14531,0.0 9.93988,45.14531,0.0 9.93988,45.14531,0.0 9.93988,45.14531,0.0 9.93988,45.14531,0.0 9.93988,45.14531,0.0 9.93988,45.14531,0.0 9.93988,45.14531,0.0 9.93988,45.14531,0.0 9.93988,45.14531,0.0 9.93988,45.14531,0.0 9.93988,45.14531,0.0 9.93988,45.14531,0.0 9.93988,45.14531,0.0 9.93988,45.14531,0.0 9.93988,45.14531,0.0 9.93988,45.14531,0.0 9.93988,45.14531,0.0 9.93988,45.14531,0.0 9.93988,45.14531,0.0 9.93988,45.14531,0.0 9.93988,45.14531,0.0 9.93988,45.14531,0.0 9.93988,45.14531,0.0 9.93988,45.14531,0.0 9.93988,45.14531,0.0 9.93988,45.14531,0.0 9.93988,45.14531,0.0 9.93988,45.14531,0.0 9.93988,45.14531,0.0 9.93988,45.14531,0.0 9.93988,45.14531,0.0 9.93988,45.14531,0.0 9.93988,45.14531,0.0 9.93988,45.14531,0.0 9.93988,45.14531,0.0 9.93988,45.14531,0.0 9.93988,45.14531,0.0 9.93988,45.14531,0.0 9.93988,45.14531,0.0 9.93988,45.14531,0.0 9.93988,45.14531,0.0 9.93988,45.14531,0.0 9.93988,45.14531,0.0 9.93988,45.14531,0.0 9.93988,45.14531,0.0</coordinates>
                    </LineString>
                </Placemark>
                <Placemark id="314">
                    <name>Rota 17:51</name>
                    <styleUrl>#2</styleUrl>
                    <LineString id="313">
                        <altitudeMode>clampToGround</altitudeMode>
                        <coordinates>9.93988,45.14531,0.0 9.93988,45.14531,0.0 9.93988,45.14531,0.0 9.93988,45.14531,0.0 9.93988,45.14531,0.0 9.93988,45.14531,0.0 9.93988,45.14531,0.0 9.93988,45.14531,0.0 9.93988,45.14531,0.0 9.93988,45.14531,0.0 9.93988,45.14531,0.0 9.93988,45.14531,0.0 9.93988,45.14531,0.0 9.93988,45.14531,0.0 9.93988,45.14531,0.0 9.93988,45.14531,0.0 9.93988,45.14531,0.0 9.93988,45.14531,0.0 9.93988,45.14531,0.0 9.93988,45.14531,0.0 9.93988,45.14531,0.0 9.93988,45.14531,0.0 9.93988,45.14531,0.0 9.93988,45.14531,0.0 9.93988,45.14531,0.0 9.93988,45.14531,0.0 9.93988,45.14531,0.0 9.93988,45.14531,0.0 9.93988,45.14531,0.0 9.93988,45.14531,0.0 9.93988,45.14531,0.0 9.93988,45.14531,0.0 9.93988,45.14531,0.0 9.93988,45.14531,0.0 9.93988,45.14531,0.0 9.93988,45.14531,0.0 9.93988,45.14531,0.0 9.93988,45.14531,0.0 9.93988,45.14531,0.0 9.93988,45.14531,0.0 9.93988,45.14531,0.0 9.93988,45.14531,0.0 9.93988,45.14531,0.0 9.93988,45.14531,0.0 9.93988,45.14531,0.0 9.93988,45.14531,0.0 9.93988,45.14531,0.0 9.93988,45.14531,0.0 9.93988,45.14531,0.0 9.93988,45.14531,0.0 9.93988,45.14531,0.0 9.93988,45.14531,0.0 9.93988,45.14531,0.0 9.93988,45.14531,0.0 9.93988,45.14531,0.0 9.93988,45.14531,0.0 9.93988,45.14531,0.0 9.93988,45.14531,0.0 9.93988,45.14531,0.0 9.93988,45.14531,0.0 9.93988,45.14531,0.0</coordinates>
                    </LineString>
                </Placemark>
                <Placemark id="316">
                    <name>Rota 17:52</name>
                    <styleUrl>#2</styleUrl>
                    <LineString id="315">
                        <altitudeMode>clampToGround</altitudeMode>
                        <coordinates>9.93988,45.14531,0.0 9.93988,45.14531,0.0 9.93988,45.14531,0.0 9.93988,45.14531,0.0 9.93988,45.14531,0.0 9.93988,45.14531,0.0 9.93988,45.14531,0.0 9.93988,45.14531,0.0 9.93988,45.14531,0.0 9.93988,45.14531,0.0 9.93988,45.14531,0.0 9.93988,45.14531,0.0 9.93988,45.14531,0.0 9.93988,45.14531,0.0 9.93988,45.14531,0.0 9.93988,45.14531,0.0 9.93988,45.14531,0.0 9.93988,45.14531,0.0 9.93988,45.14531,0.0 9.93988,45.14531,0.0 9.93988,45.14531,0.0 9.93988,45.14531,0.0 9.93988,45.14531,0.0 9.93988,45.14531,0.0 9.93988,45.14531,0.0 9.93988,45.14531,0.0 9.93988,45.14531,0.0 9.93988,45.14531,0.0 9.93988,45.14531,0.0 9.93988,45.14531,0.0 9.93988,45.14531,0.0 9.93988,45.14531,0.0 9.93988,45.14531,0.0 9.93988,45.14531,0.0 9.93988,45.14531,0.0 9.93988,45.14531,0.0 9.93988,45.14531,0.0 9.93988,45.14531,0.0 9.93988,45.14531,0.0 9.93988,45.14531,0.0 9.93988,45.14531,0.0 9.93988,45.14531,0.0 9.93988,45.14531,0.0 9.93988,45.14531,0.0 9.93988,45.14531,0.0 9.93988,45.14531,0.0 9.93988,45.14531,0.0 9.93988,45.14531,0.0 9.93988,45.14531,0.0 9.93988,45.14531,0.0 9.93988,45.14531,0.0 9.93988,45.14531,0.0 9.93988,45.14531,0.0 9.93988,45.14531,0.0 9.93988,45.14531,0.0 9.93988,45.14531,0.0 9.93988,45.14531,0.0 9.93988,45.14531,0.0 9.93988,45.14531,0.0 9.93988,45.14531,0.0 9.93988,45.14531,0.0</coordinates>
                    </LineString>
                </Placemark>
                <Placemark id="318">
                    <name>Rota 17:53</name>
                    <styleUrl>#2</styleUrl>
                    <LineString id="317">
                        <altitudeMode>clampToGround</altitudeMode>
                        <coordinates>9.93988,45.14531,0.0 9.93988,45.14531,0.0 9.93988,45.14531,0.0 9.93988,45.14531,0.0 9.93988,45.14531,0.0 9.93988,45.14531,0.0 9.93988,45.14531,0.0 9.93988,45.14531,0.0 9.93988,45.14531,0.0 9.93988,45.14531,0.0 9.93988,45.14531,0.0 9.93988,45.14531,0.0 9.93988,45.14531,0.0 9.93988,45.14531,0.0 9.93988,45.14531,0.0 9.93988,45.14531,0.0 9.93988,45.14531,0.0 9.93988,45.14531,0.0 9.93988,45.14531,0.0 9.93988,45.14531,0.0 9.93988,45.14531,0.0 9.93988,45.14531,0.0 9.93988,45.14531,0.0 9.93988,45.14531,0.0 9.93988,45.14531,0.0 9.93988,45.14531,0.0 9.93988,45.14531,0.0 9.93988,45.14531,0.0 9.93988,45.14531,0.0 9.93988,45.14531,0.0 9.93988,45.14531,0.0 9.93988,45.14531,0.0 9.93988,45.14531,0.0 9.93988,45.14531,0.0 9.93988,45.14531,0.0 9.93988,45.14531,0.0 9.93988,45.14531,0.0 9.93988,45.14531,0.0 9.93988,45.14531,0.0 9.93988,45.14531,0.0 9.93988,45.14531,0.0 9.93988,45.14531,0.0 9.93988,45.14531,0.0 9.93988,45.14531,0.0 9.93988,45.14531,0.0 9.93988,45.14531,0.0 9.93988,45.14531,0.0 9.93988,45.14531,0.0 9.93988,45.14531,0.0 9.93988,45.14531,0.0 9.93988,45.14531,0.0 9.93988,45.14531,0.0 9.93988,45.14531,0.0 9.93988,45.14531,0.0 9.93988,45.14531,0.0 9.93988,45.14531,0.0 9.93988,45.14531,0.0 9.93988,45.14531,0.0 9.93988,45.14531,0.0 9.93988,45.14531,0.0 9.93988,45.14531,0.0</coordinates>
                    </LineString>
                </Placemark>
                <Placemark id="320">
                    <name>Rota 17:54</name>
                    <styleUrl>#2</styleUrl>
                    <LineString id="319">
                        <altitudeMode>clampToGround</altitudeMode>
                        <coordinates>9.93988,45.14531,0.0 9.93988,45.14531,0.0 9.93988,45.14531,0.0 9.93988,45.14531,0.0 9.93988,45.14531,0.0 9.93988,45.14531,0.0 9.93988,45.14531,0.0 9.93988,45.14531,0.0 9.93988,45.14531,0.0 9.93988,45.14531,0.0 9.93988,45.14531,0.0 9.93988,45.14531,0.0 9.93988,45.14531,0.0 9.93988,45.14531,0.0 9.93988,45.14531,0.0 9.93988,45.14531,0.0 9.93988,45.14531,0.0 9.93988,45.14531,0.0 9.93988,45.14531,0.0 9.93988,45.14531,0.0 9.93988,45.14531,0.0 9.93988,45.14531,0.0 9.93988,45.14531,0.0 9.93988,45.14531,0.0 9.93988,45.14531,0.0 9.93988,45.14531,0.0 9.93988,45.14531,0.0 9.93988,45.14531,0.0 9.93988,45.14531,0.0 9.93988,45.14531,0.0 9.93988,45.14531,0.0 9.93988,45.14531,0.0 9.93988,45.14531,0.0 9.93985,45.14532,0.0 9.93985,45.14532,0.0 9.93985,45.14532,0.0 9.93985,45.14531,0.0 9.93984,45.14531,0.0 9.93984,45.14531,0.0 9.93984,45.14531,0.0 9.93984,45.14531,0.0 9.93984,45.14531,0.0 9.93984,45.14531,0.0 9.93984,45.14531,0.0 9.93984,45.14531,0.0 9.93984,45.14531,0.0 9.93984,45.14531,0.0 9.93984,45.14531,0.0 9.93984,45.14529,0.0 9.93985,45.14529,0.0 9.93985,45.14529,0.0 9.93985,45.14529,0.0 9.93985,45.14529,0.0 9.93985,45.14529,0.0 9.93985,45.14529,0.0 9.93985,45.14529,0.0 9.93985,45.14529,0.0 9.93985,45.14529,0.0 9.93985,45.14529,0.0 9.93985,45.14529,0.0 9.93985,45.14529,0.0</coordinates>
                    </LineString>
                </Placemark>
                <Placemark id="322">
                    <name>Rota 17:55</name>
                    <styleUrl>#2</styleUrl>
                    <LineString id="321">
                        <altitudeMode>clampToGround</altitudeMode>
                        <coordinates>9.93985,45.14529,0.0 9.93985,45.14529,0.0 9.93985,45.14529,0.0 9.93985,45.14529,0.0 9.93985,45.14529,0.0 9.93985,45.14529,0.0 9.93985,45.14529,0.0 9.93985,45.14529,0.0 9.93985,45.14529,0.0 9.93985,45.14529,0.0 9.93985,45.14529,0.0 9.93985,45.14529,0.0 9.93985,45.14529,0.0 9.93985,45.14529,0.0 9.93985,45.14529,0.0 9.93985,45.14529,0.0 9.93985,45.14529,0.0 9.93985,45.14529,0.0 9.93985,45.14529,0.0 9.93985,45.14529,0.0 9.93985,45.14529,0.0 9.93985,45.14529,0.0 9.93985,45.14529,0.0 9.93985,45.14529,0.0 9.93985,45.14529,0.0 9.93985,45.14529,0.0 9.93985,45.14529,0.0 9.93985,45.14529,0.0 9.93985,45.14529,0.0 9.93985,45.14529,0.0 9.93985,45.14529,0.0 9.93985,45.14529,0.0 9.93985,45.14529,0.0 9.93985,45.14529,0.0 9.93985,45.14529,0.0 9.93985,45.14529,0.0 9.93985,45.14529,0.0 9.93985,45.14529,0.0 9.93985,45.14529,0.0 9.93985,45.14529,0.0 9.93985,45.14529,0.0 9.93985,45.14529,0.0 9.93985,45.14529,0.0 9.93985,45.14529,0.0 9.93985,45.14529,0.0 9.93985,45.14529,0.0 9.93985,45.14529,0.0 9.93985,45.14529,0.0 9.93985,45.14529,0.0 9.93985,45.14529,0.0 9.93985,45.14529,0.0 9.93985,45.14529,0.0 9.93985,45.14529,0.0 9.93985,45.14529,0.0 9.93985,45.14529,0.0 9.93985,45.14529,0.0 9.93985,45.14529,0.0 9.93985,45.14529,0.0 9.93985,45.14529,0.0 9.93985,45.14529,0.0 9.93985,45.14529,0.0</coordinates>
                    </LineString>
                </Placemark>
                <Placemark id="324">
                    <name>Rota 17:56</name>
                    <styleUrl>#2</styleUrl>
                    <LineString id="323">
                        <altitudeMode>clampToGround</altitudeMode>
                        <coordinates>9.93985,45.14529,0.0 9.93985,45.14529,0.0 9.93985,45.14529,0.0 9.93985,45.14529,0.0 9.93985,45.14529,0.0 9.93985,45.14529,0.0 9.93985,45.14529,0.0 9.93985,45.14529,0.0 9.93985,45.14529,0.0 9.93985,45.14529,0.0 9.93985,45.14529,0.0 9.93985,45.14529,0.0 9.93985,45.14529,0.0 9.93985,45.14529,0.0 9.93985,45.14529,0.0 9.93985,45.14529,0.0 9.93985,45.14529,0.0 9.93985,45.14529,0.0 9.93985,45.14529,0.0 9.93985,45.14529,0.0 9.93985,45.14529,0.0 9.93985,45.14529,0.0 9.93985,45.14529,0.0 9.93985,45.14529,0.0 9.93985,45.14529,0.0 9.93988,45.14532,0.0 9.93988,45.14533,0.0 9.93987,45.14533,0.0 9.93987,45.14532,0.0 9.93987,45.14532,0.0 9.93987,45.14532,0.0 9.93987,45.14532,0.0 9.93987,45.14532,0.0 9.93987,45.14532,0.0 9.93987,45.14532,0.0 9.93987,45.14532,0.0 9.93987,45.14532,0.0 9.93987,45.14532,0.0 9.93987,45.14532,0.0 9.93987,45.14532,0.0 9.93987,45.14532,0.0 9.93987,45.14532,0.0 9.93987,45.14532,0.0 9.93987,45.14532,0.0 9.93987,45.14532,0.0 9.93987,45.14532,0.0 9.93987,45.14532,0.0 9.93987,45.14532,0.0 9.93987,45.14532,0.0 9.93987,45.14532,0.0 9.93987,45.14532,0.0 9.93987,45.14532,0.0 9.93987,45.14532,0.0 9.93987,45.14532,0.0 9.93987,45.14532,0.0 9.93987,45.14532,0.0 9.93987,45.14532,0.0 9.93987,45.14532,0.0 9.93987,45.14532,0.0 9.93987,45.14532,0.0 9.93987,45.14532,0.0</coordinates>
                    </LineString>
                </Placemark>
                <Placemark id="326">
                    <name>Rota 17:57</name>
                    <styleUrl>#2</styleUrl>
                    <LineString id="325">
                        <altitudeMode>clampToGround</altitudeMode>
                        <coordinates>9.93987,45.14532,0.0 9.93987,45.14532,0.0 9.93987,45.14532,0.0 9.93987,45.14532,0.0 9.93987,45.14532,0.0 9.93987,45.14532,0.0 9.93987,45.14532,0.0 9.93987,45.14532,0.0 9.93987,45.14532,0.0 9.93987,45.14532,0.0 9.93987,45.14532,0.0 9.93987,45.14532,0.0 9.93987,45.14532,0.0 9.93987,45.14532,0.0 9.93987,45.14532,0.0 9.93987,45.14532,0.0 9.93987,45.14532,0.0 9.93987,45.14532,0.0 9.93987,45.14532,0.0 9.93987,45.14532,0.0 9.93987,45.14532,0.0 9.93987,45.14532,0.0 9.93987,45.14532,0.0 9.93987,45.14532,0.0 9.93987,45.14532,0.0 9.93987,45.14532,0.0 9.93987,45.14532,0.0 9.93987,45.14532,0.0 9.93987,45.14532,0.0 9.93987,45.14532,0.0 9.93987,45.14532,0.0 9.93987,45.14532,0.0 9.93987,45.14532,0.0 9.93987,45.14532,0.0 9.93987,45.14532,0.0 9.93987,45.14532,0.0 9.93987,45.14532,0.0 9.93987,45.14532,0.0 9.93987,45.14532,0.0 9.93987,45.14532,0.0 9.93987,45.14532,0.0 9.93987,45.14532,0.0 9.93987,45.14532,0.0 9.93987,45.14532,0.0 9.93987,45.14532,0.0 9.93987,45.14532,0.0 9.93987,45.14532,0.0 9.93987,45.14532,0.0 9.93987,45.14532,0.0 9.93987,45.14532,0.0 9.93987,45.14532,0.0 9.93987,45.14532,0.0 9.93987,45.14532,0.0 9.93987,45.14532,0.0 9.93985,45.14531,0.0 9.93986,45.1453,0.0 9.93986,45.1453,0.0 9.93986,45.1453,0.0 9.93986,45.14531,0.0 9.93986,45.14531,0.0 9.93986,45.14531,0.0</coordinates>
                    </LineString>
                </Placemark>
                <Placemark id="328">
                    <name>Rota 17:58</name>
                    <styleUrl>#2</styleUrl>
                    <LineString id="327">
                        <altitudeMode>clampToGround</altitudeMode>
                        <coordinates>9.93986,45.14531,0.0 9.93986,45.14531,0.0 9.93986,45.14531,0.0 9.93986,45.14531,0.0 9.93986,45.14531,0.0 9.93986,45.14531,0.0 9.93986,45.14531,0.0 9.93986,45.14531,0.0 9.93986,45.14531,0.0 9.93986,45.14531,0.0 9.93986,45.14531,0.0 9.93986,45.14531,0.0 9.93986,45.14531,0.0 9.93986,45.14531,0.0 9.93986,45.14531,0.0 9.93986,45.14531,0.0 9.93986,45.14531,0.0 9.93986,45.14531,0.0 9.93986,45.14531,0.0 9.93986,45.14531,0.0 9.93986,45.14531,0.0 9.93986,45.14531,0.0 9.93986,45.14531,0.0 9.93986,45.14531,0.0 9.93986,45.14531,0.0 9.93986,45.14531,0.0 9.93986,45.14531,0.0 9.93986,45.14531,0.0 9.93986,45.14531,0.0 9.93986,45.14531,0.0 9.93986,45.14531,0.0 9.93986,45.14531,0.0 9.93986,45.14531,0.0 9.93986,45.14531,0.0 9.93986,45.14531,0.0 9.93986,45.14531,0.0 9.93986,45.14531,0.0 9.93986,45.14531,0.0 9.93986,45.14531,0.0 9.93986,45.14531,0.0 9.93986,45.14531,0.0 9.93986,45.14531,0.0 9.93986,45.14531,0.0 9.93986,45.14531,0.0 9.93986,45.14531,0.0 9.93986,45.14531,0.0 9.93986,45.14531,0.0 9.93986,45.14531,0.0 9.93986,45.14531,0.0 9.93986,45.14531,0.0 9.93986,45.14531,0.0 9.93986,45.14531,0.0 9.93986,45.14531,0.0 9.93986,45.14531,0.0 9.93986,45.14531,0.0 9.93986,45.14531,0.0 9.93986,45.14531,0.0 9.93986,45.14531,0.0 9.93986,45.14531,0.0 9.93986,45.14531,0.0 9.93986,45.14531,0.0</coordinates>
                    </LineString>
                </Placemark>
                <Placemark id="330">
                    <name>Rota 17:59</name>
                    <styleUrl>#2</styleUrl>
                    <LineString id="329">
                        <altitudeMode>clampToGround</altitudeMode>
                        <coordinates>9.93986,45.14531,0.0 9.93986,45.14531,0.0 9.93986,45.14531,0.0 9.93986,45.14531,0.0 9.93986,45.14531,0.0 9.93986,45.14531,0.0 9.93986,45.14531,0.0 9.93986,45.14531,0.0 9.93986,45.14531,0.0 9.93986,45.14531,0.0 9.93986,45.14531,0.0 9.93986,45.14531,0.0 9.93986,45.14531,0.0 9.93986,45.14531,0.0 9.93986,45.14531,0.0 9.93986,45.14531,0.0 9.93986,45.14531,0.0 9.93986,45.14531,0.0 9.93986,45.14531,0.0 9.93986,45.14531,0.0 9.93986,45.14531,0.0 9.93986,45.14531,0.0 9.93986,45.14531,0.0 9.93986,45.14531,0.0 9.93986,45.14531,0.0 9.93986,45.14531,0.0 9.93986,45.14531,0.0 9.93986,45.14531,0.0 9.93986,45.14531,0.0 9.93986,45.14531,0.0 9.93986,45.14531,0.0 9.93986,45.14531,0.0 9.93986,45.14531,0.0 9.93986,45.14531,0.0 9.93986,45.14531,0.0 9.93986,45.14531,0.0 9.93986,45.14531,0.0 9.93986,45.14531,0.0 9.93986,45.14531,0.0 9.93986,45.14531,0.0 9.93986,45.14531,0.0 9.93986,45.14531,0.0 9.93986,45.14531,0.0 9.93986,45.14531,0.0 9.93986,45.14531,0.0 9.93986,45.14531,0.0 9.93986,45.14531,0.0 9.93986,45.14531,0.0 9.93986,45.14531,0.0 9.93986,45.14531,0.0 9.93986,45.14531,0.0 9.93986,45.14531,0.0 9.93986,45.14531,0.0 9.93986,45.14531,0.0 9.93986,45.14531,0.0 9.93986,45.14531,0.0 9.93986,45.14531,0.0 9.93986,45.14531,0.0 9.93986,45.14531,0.0 9.93986,45.14531,0.0 9.93986,45.14531,0.0</coordinates>
                    </LineString>
                </Placemark>
            </Folder>
        </Folder>
        <Folder id="331">
            <name>2026-09-24 18:00</name>
            <Folder id="332">
                <name>18:00 – 18:09</name>
                <Placemark id="334">
                    <name>Rota 18:00</name>
                    <styleUrl>#2</styleUrl>
                    <LineString id="333">
                        <altitudeMode>clampToGround</altitudeMode>
                        <coordinates>9.93986,45.14531,0.0 9.93986,45.14531,0.0 9.93986,45.14531,0.0 9.93986,45.14531,0.0 9.93986,45.14531,0.0 9.93986,45.14531,0.0 9.93986,45.14531,0.0 9.93986,45.14531,0.0 9.93986,45.14531,0.0 9.93986,45.14531,0.0 9.93986,45.14531,0.0 9.93986,45.14531,0.0 9.93986,45.14531,0.0 9.93986,45.14531,0.0 9.93986,45.14531,0.0 9.93986,45.14531,0.0 9.93986,45.14531,0.0 9.93986,45.14531,0.0 9.93986,45.14531,0.0 9.93986,45.14531,0.0 9.93986,45.14531,0.0 9.93986,45.14531,0.0 9.93986,45.14531,0.0 9.93986,45.14531,0.0 9.93986,45.14531,0.0 9.93986,45.14531,0.0 9.93986,45.14531,0.0 9.93987,45.14531,0.0 9.93987,45.14531,0.0 9.93987,45.14531,0.0 9.93987,45.14531,0.0 9.93987,45.14531,0.0 9.93987,45.14531,0.0 9.93987,45.14531,0.0 9.93987,45.14531,0.0 9.93987,45.14531,0.0 9.93987,45.14531,0.0 9.93987,45.14531,0.0 9.93987,45.14531,0.0 9.93987,45.14531,0.0 9.93987,45.14531,0.0 9.93987,45.14531,0.0 9.93987,45.14531,0.0 9.93987,45.14531,0.0 9.93987,45.14531,0.0 9.93987,45.14531,0.0 9.93987,45.14531,0.0 9.93987,45.14531,0.0 9.93987,45.14531,0.0 9.93987,45.14531,0.0 9.93987,45.14531,0.0 9.93987,45.14531,0.0 9.93987,45.14531,0.0 9.93987,45.14531,0.0 9.93987,45.14531,0.0 9.93987,45.14531,0.0 9.93987,45.14531,0.0 9.93987,45.14531,0.0 9.93987,45.14531,0.0 9.93987,45.14531,0.0 9.93987,45.14531,0.0</coordinates>
                    </LineString>
                </Placemark>
                <Placemark id="336">
                    <name>Rota 18:01</name>
                    <styleUrl>#2</styleUrl>
                    <LineString id="335">
                        <altitudeMode>clampToGround</altitudeMode>
                        <coordinates>9.93987,45.14531,0.0 9.93987,45.14531,0.0 9.93987,45.14531,0.0 9.93987,45.14531,0.0 9.93987,45.14531,0.0 9.93987,45.14531,0.0 9.93987,45.14531,0.0 9.93987,45.14531,0.0 9.93987,45.14531,0.0 9.93987,45.14531,0.0 9.93987,45.14531,0.0 9.93987,45.14531,0.0 9.93987,45.14531,0.0 9.93987,45.14531,0.0 9.93987,45.14531,0.0 9.93987,45.14531,0.0 9.93987,45.14531,0.0 9.93987,45.14531,0.0 9.93987,45.14531,0.0 9.93987,45.14531,0.0 9.93987,45.14531,0.0 9.93987,45.14531,0.0 9.93987,45.14531,0.0 9.93987,45.14531,0.0 9.93987,45.14531,0.0 9.93987,45.14531,0.0 9.93987,45.14531,0.0 9.93987,45.14531,0.0 9.93986,45.14532,0.0 9.93986,45.14532,0.0 9.93987,45.14532,0.0 9.93987,45.14532,0.0 9.93987,45.14532,0.0 9.93987,45.14532,0.0 9.93987,45.14532,0.0 9.93987,45.14532,0.0 9.93987,45.14532,0.0 9.93987,45.14532,0.0 9.93987,45.14532,0.0 9.93987,45.14532,0.0 9.93987,45.14532,0.0 9.93987,45.14532,0.0 9.93987,45.14532,0.0 9.93987,45.14532,0.0 9.93987,45.14532,0.0 9.93987,45.14532,0.0 9.93987,45.14532,0.0 9.93987,45.14532,0.0 9.93987,45.14532,0.0 9.93987,45.14532,0.0 9.93987,45.14532,0.0 9.93987,45.14532,0.0 9.93987,45.14532,0.0 9.93987,45.14532,0.0 9.93987,45.14532,0.0 9.93987,45.14532,0.0 9.93987,45.14532,0.0 9.93987,45.14532,0.0 9.93987,45.14532,0.0 9.93987,45.14532,0.0 9.93987,45.14532,0.0</coordinates>
                    </LineString>
                </Placemark>
                <Placemark id="338">
                    <name>Rota 18:02</name>
                    <styleUrl>#2</styleUrl>
                    <LineString id="337">
                        <altitudeMode>clampToGround</altitudeMode>
                        <coordinates>9.93987,45.14532,0.0 9.93987,45.14532,0.0 9.93987,45.14532,0.0 9.93987,45.14532,0.0 9.93987,45.14532,0.0 9.93987,45.14532,0.0 9.93987,45.14532,0.0 9.93987,45.14532,0.0 9.93987,45.14532,0.0 9.93987,45.14532,0.0 9.93987,45.14532,0.0 9.93987,45.14532,0.0 9.93987,45.14532,0.0 9.93987,45.14532,0.0 9.93987,45.14532,0.0 9.93987,45.14532,0.0 9.93987,45.14532,0.0 9.93987,45.14532,0.0 9.93987,45.14532,0.0 9.93987,45.14532,0.0 9.93987,45.14532,0.0 9.93987,45.14532,0.0 9.93987,45.14532,0.0 9.93987,45.14532,0.0 9.93987,45.14532,0.0 9.93987,45.14532,0.0 9.93987,45.14532,0.0 9.93987,45.14532,0.0 9.93987,45.14532,0.0 9.93987,45.14532,0.0 9.93987,45.14532,0.0 9.93987,45.14532,0.0 9.93987,45.14532,0.0 9.93987,45.14532,0.0 9.93987,45.14532,0.0 9.93987,45.14532,0.0 9.93986,45.14531,0.0 9.93986,45.14531,0.0 9.93986,45.1453,0.0 9.93986,45.1453,0.0 9.93987,45.1453,0.0 9.93987,45.1453,0.0 9.93987,45.1453,0.0 9.93987,45.1453,0.0 9.93987,45.1453,0.0 9.93987,45.1453,0.0 9.93987,45.1453,0.0 9.93987,45.1453,0.0 9.93987,45.1453,0.0 9.93987,45.1453,0.0 9.93987,45.1453,0.0 9.93987,45.1453,0.0 9.93987,45.1453,0.0 9.93987,45.1453,0.0 9.93987,45.1453,0.0 9.93987,45.1453,0.0 9.93987,45.1453,0.0 9.93987,45.1453,0.0 9.93987,45.1453,0.0 9.93987,45.1453,0.0 9.93987,45.1453,0.0</coordinates>
                    </LineString>
                </Placemark>
                <Placemark id="340">
                    <name>Rota 18:03</name>
                    <styleUrl>#2</styleUrl>
                    <LineString id="339">
                        <altitudeMode>clampToGround</altitudeMode>
                        <coordinates>9.93987,45.1453,0.0 9.93987,45.1453,0.0 9.93987,45.1453,0.0 9.93987,45.1453,0.0 9.93987,45.1453,0.0 9.93987,45.1453,0.0 9.93987,45.1453,0.0 9.93987,45.1453,0.0 9.93987,45.1453,0.0 9.93987,45.1453,0.0 9.93987,45.1453,0.0 9.93987,45.1453,0.0 9.93987,45.1453,0.0 9.93987,45.1453,0.0 9.93987,45.1453,0.0 9.93987,45.1453,0.0 9.93987,45.1453,0.0 9.93987,45.1453,0.0 9.93987,45.1453,0.0 9.93987,45.1453,0.0 9.93987,45.1453,0.0 9.93987,45.1453,0.0 9.93987,45.1453,0.0 9.93987,45.1453,0.0 9.93987,45.1453,0.0 9.93987,45.1453,0.0 9.93987,45.1453,0.0 9.93987,45.1453,0.0 9.93987,45.1453,0.0 9.93987,45.1453,0.0 9.93987,45.1453,0.0 9.93987,45.1453,0.0 9.93987,45.1453,0.0 9.93987,45.1453,0.0 9.93987,45.1453,0.0 9.93987,45.1453,0.0 9.93987,45.1453,0.0 9.93987,45.1453,0.0 9.93987,45.1453,0.0 9.93987,45.1453,0.0 9.93987,45.1453,0.0 9.93987,45.1453,0.0 9.93987,45.1453,0.0 9.93987,45.1453,0.0 9.93987,45.1453,0.0 9.93987,45.1453,0.0 9.93987,45.1453,0.0 9.93987,45.1453,0.0 9.93987,45.1453,0.0 9.93987,45.1453,0.0 9.93987,45.1453,0.0 9.93987,45.1453,0.0 9.93987,45.1453,0.0 9.93987,45.1453,0.0 9.93987,45.1453,0.0 9.93987,45.1453,0.0 9.93987,45.1453,0.0 9.93987,45.1453,0.0 9.93987,45.1453,0.0 9.93987,45.1453,0.0 9.93987,45.1453,0.0</coordinates>
                    </LineString>
                </Placemark>
                <Placemark id="342">
                    <name>Rota 18:04</name>
                    <styleUrl>#2</styleUrl>
                    <LineString id="341">
                        <altitudeMode>clampToGround</altitudeMode>
                        <coordinates>9.93987,45.1453,0.0 9.93987,45.1453,0.0 9.93987,45.1453,0.0 9.93987,45.1453,0.0 9.93987,45.1453,0.0 9.93987,45.1453,0.0 9.93987,45.1453,0.0 9.93987,45.1453,0.0 9.93987,45.1453,0.0 9.93987,45.1453,0.0 9.93987,45.1453,0.0 9.93987,45.1453,0.0 9.93987,45.1453,0.0 9.93987,45.1453,0.0 9.93987,45.1453,0.0 9.93987,45.1453,0.0 9.93987,45.1453,0.0 9.93987,45.1453,0.0 9.93987,45.1453,0.0 9.93987,45.1453,0.0 9.93987,45.1453,0.0 9.93987,45.1453,0.0 9.93987,45.1453,0.0 9.93987,45.1453,0.0 9.93987,45.1453,0.0 9.93987,45.1453,0.0 9.93987,45.1453,0.0 9.93987,45.1453,0.0 9.93987,45.1453,0.0 9.93987,45.1453,0.0 9.93987,45.1453,0.0 9.93987,45.1453,0.0 9.93987,45.1453,0.0 9.93987,45.1453,0.0 9.93987,45.1453,0.0 9.93987,45.1453,0.0 9.93987,45.1453,0.0 9.93987,45.1453,0.0 9.93987,45.1453,0.0 9.93987,45.1453,0.0 9.93987,45.1453,0.0 9.93987,45.1453,0.0 9.93987,45.1453,0.0 9.93987,45.1453,0.0 9.93987,45.1453,0.0 9.93987,45.1453,0.0 9.93987,45.1453,0.0 9.93987,45.1453,0.0 9.93987,45.1453,0.0 9.93987,45.1453,0.0 9.93987,45.1453,0.0 9.93987,45.1453,0.0 9.93987,45.1453,0.0 9.93987,45.1453,0.0 9.93987,45.1453,0.0 9.93987,45.1453,0.0 9.93987,45.1453,0.0 9.93987,45.1453,0.0 9.93987,45.1453,0.0 9.93987,45.1453,0.0 9.93987,45.1453,0.0</coordinates>
                    </LineString>
                </Placemark>
                <Placemark id="344">
                    <name>Rota 18:05</name>
                    <styleUrl>#2</styleUrl>
                    <LineString id="343">
                        <altitudeMode>clampToGround</altitudeMode>
                        <coordinates>9.93987,45.1453,0.0 9.93987,45.1453,0.0 9.93987,45.1453,0.0 9.93987,45.1453,0.0 9.93987,45.1453,0.0 9.93987,45.1453,0.0 9.93987,45.1453,0.0 9.93987,45.1453,0.0 9.93987,45.1453,0.0 9.93988,45.14532,0.0 9.93988,45.14532,0.0 9.93988,45.14532,0.0 9.93988,45.14532,0.0 9.93988,45.14532,0.0 9.93988,45.14532,0.0 9.93988,45.14532,0.0 9.93988,45.14532,0.0 9.93988,45.14532,0.0 9.93988,45.14532,0.0 9.93988,45.14532,0.0 9.93988,45.14532,0.0 9.93988,45.14532,0.0 9.93988,45.14532,0.0 9.93988,45.14532,0.0 9.93988,45.14532,0.0 9.93988,45.14532,0.0 9.93988,45.14532,0.0 9.93988,45.14532,0.0 9.93988,45.14532,0.0 9.93988,45.14532,0.0 9.93988,45.14532,0.0 9.93988,45.14532,0.0 9.93988,45.14532,0.0 9.93988,45.14532,0.0 9.93988,45.14532,0.0 9.93988,45.14532,0.0 9.93988,45.14532,0.0 9.93988,45.14532,0.0 9.93988,45.14532,0.0 9.93988,45.14532,0.0 9.93988,45.14532,0.0 9.93988,45.14532,0.0 9.93988,45.14532,0.0 9.93988,45.14532,0.0 9.93988,45.14532,0.0 9.93988,45.14532,0.0 9.93988,45.14532,0.0 9.93988,45.14532,0.0 9.93988,45.14532,0.0 9.93988,45.14532,0.0 9.93988,45.14532,0.0 9.93988,45.14532,0.0 9.93988,45.14532,0.0 9.93988,45.14532,0.0 9.93988,45.14532,0.0 9.93988,45.14532,0.0 9.93988,45.14532,0.0 9.93988,45.14532,0.0 9.93988,45.14532,0.0 9.93988,45.14532,0.0 9.93988,45.14532,0.0</coordinates>
                    </LineString>
                </Placemark>
                <Placemark id="346">
                    <name>Rota 18:06</name>
                    <styleUrl>#2</styleUrl>
                    <LineString id="345">
                        <altitudeMode>clampToGround</altitudeMode>
                        <coordinates>9.93988,45.14532,0.0 9.93988,45.14532,0.0 9.93988,45.14532,0.0 9.93988,45.14532,0.0 9.93988,45.14532,0.0 9.93988,45.14532,0.0 9.93988,45.14532,0.0 9.93988,45.14532,0.0 9.93988,45.14532,0.0 9.93988,45.14532,0.0 9.93988,45.14532,0.0 9.93988,45.14532,0.0 9.93988,45.14532,0.0 9.93988,45.14532,0.0 9.93988,45.14532,0.0 9.93988,45.14532,0.0 9.93988,45.14532,0.0 9.93988,45.14532,0.0 9.93988,45.14532,0.0 9.93988,45.14532,0.0 9.93988,45.14532,0.0 9.93988,45.14532,0.0 9.93988,45.14532,0.0 9.93988,45.14532,0.0 9.93988,45.14532,0.0 9.93988,45.14531,0.0 9.93988,45.14531,0.0 9.93988,45.14531,0.0 9.93989,45.14531,0.0 9.93989,45.14531,0.0 9.93989,45.14531,0.0 9.93989,45.14531,0.0 9.93989,45.14531,0.0 9.93989,45.14531,0.0 9.93989,45.14531,0.0 9.93989,45.14531,0.0 9.93989,45.14531,0.0 9.93989,45.14531,0.0 9.93989,45.14531,0.0 9.93989,45.14531,0.0 9.93989,45.14531,0.0 9.93989,45.14531,0.0 9.93989,45.14531,0.0 9.93989,45.14531,0.0 9.93989,45.14531,0.0 9.93989,45.14531,0.0 9.93989,45.14531,0.0 9.93989,45.14531,0.0 9.93989,45.14531,0.0 9.93989,45.14531,0.0 9.93989,45.14531,0.0 9.93989,45.14531,0.0 9.93989,45.14531,0.0 9.93991,45.14533,0.0 9.93991,45.14533,0.0 9.93991,45.14533,0.0 9.93991,45.14533,0.0 9.93991,45.14533,0.0 9.93991,45.14533,0.0 9.93991,45.14533,0.0 9.93991,45.14533,0.0</coordinates>
                    </LineString>
                </Placemark>
                <Placemark id="348">
                    <name>Rota 18:07</name>
                    <styleUrl>#2</styleUrl>
                    <LineString id="347">
                        <altitudeMode>clampToGround</altitudeMode>
                        <coordinates>9.93991,45.14533,0.0 9.93991,45.14533,0.0 9.93991,45.14533,0.0 9.93991,45.14533,0.0 9.93991,45.14533,0.0 9.93991,45.14533,0.0 9.93993,45.14534,0.0 9.93993,45.14534,0.0 9.93993,45.14535,0.0 9.93993,45.14535,0.0 9.93992,45.14535,0.0 9.93992,45.14535,0.0 9.93992,45.14535,0.0 9.93992,45.14535,0.0 9.93992,45.14535,0.0 9.93992,45.14535,0.0 9.93992,45.14535,0.0 9.93992,45.14535,0.0 9.93992,45.14535,0.0 9.93992,45.14535,0.0 9.93992,45.14535,0.0 9.93992,45.14535,0.0 9.93992,45.14535,0.0 9.93992,45.14535,0.0 9.93992,45.14535,0.0 9.93992,45.14535,0.0 9.93992,45.14535,0.0 9.93992,45.14535,0.0 9.93992,45.14535,0.0 9.93992,45.14535,0.0 9.93992,45.14535,0.0 9.93992,45.14535,0.0 9.93992,45.14535,0.0 9.93992,45.14535,0.0 9.93992,45.14535,0.0 9.93992,45.14535,0.0 9.93992,45.14535,0.0 9.93992,45.14535,0.0 9.93992,45.14535,0.0 9.93992,45.14535,0.0 9.93992,45.14535,0.0 9.93992,45.14535,0.0 9.93992,45.14535,0.0 9.93992,45.14535,0.0 9.93992,45.14535,0.0 9.93992,45.14535,0.0 9.93992,45.14535,0.0 9.93992,45.14535,0.0 9.93992,45.14535,0.0 9.93992,45.14535,0.0 9.93992,45.14535,0.0 9.93992,45.14535,0.0 9.93992,45.14535,0.0 9.93992,45.14535,0.0 9.93992,45.14535,0.0 9.93992,45.14535,0.0 9.93992,45.14535,0.0 9.93992,45.14535,0.0 9.93992,45.14535,0.0 9.93992,45.14535,0.0 9.93992,45.14535,0.0</coordinates>
                    </LineString>
                </Placemark>
                <Placemark id="350">
                    <name>Rota 18:08</name>
                    <styleUrl>#2</styleUrl>
                    <LineString id="349">
                        <altitudeMode>clampToGround</altitudeMode>
                        <coordinates>9.93992,45.14535,0.0 9.93992,45.14535,0.0 9.93992,45.14535,0.0 9.93989,45.14533,0.0 9.93989,45.14532,0.0 9.93989,45.14532,0.0 9.93989,45.14533,0.0 9.93989,45.14533,0.0 9.93989,45.14533,0.0 9.93989,45.14533,0.0 9.93989,45.14533,0.0 9.93989,45.14533,0.0 9.93989,45.14533,0.0 9.93989,45.14533,0.0 9.93989,45.14533,0.0 9.93989,45.14533,0.0 9.93989,45.14533,0.0 9.93989,45.14533,0.0 9.93989,45.14533,0.0 9.93989,45.14533,0.0 9.93989,45.14533,0.0 9.9399,45.14534,0.0 9.9399,45.14534,0.0 9.93989,45.14533,0.0 9.93989,45.14533,0.0 9.93989,45.14533,0.0 9.9399,45.14532,0.0 9.93989,45.14532,0.0 9.93989,45.14532,0.0 9.9399,45.14532,0.0 9.9399,45.14532,0.0 9.9399,45.14532,0.0 9.9399,45.14532,0.0 9.93989,45.14534,0.0 9.93989,45.14534,0.0 9.93989,45.14534,0.0 9.93989,45.14534,0.0 9.93989,45.14533,0.0 9.93989,45.14533,0.0 9.93989,45.14532,0.0 9.93989,45.14532,0.0 9.93989,45.14532,0.0 9.93989,45.14532,0.0 9.93989,45.14532,0.0 9.93989,45.14532,0.0 9.93989,45.14532,0.0 9.93989,45.14532,0.0 9.93989,45.14532,0.0 9.93989,45.14532,0.0 9.93989,45.14532,0.0 9.93989,45.14532,0.0 9.93989,45.14532,0.0 9.93989,45.14532,0.0 9.93989,45.14532,0.0 9.93989,45.14532,0.0 9.93989,45.14532,0.0 9.93989,45.14532,0.0 9.93989,45.14532,0.0 9.93989,45.14532,0.0 9.93989,45.14532,0.0 9.93989,45.14532,0.0</coordinates>
                    </LineString>
                </Placemark>
                <Placemark id="352">
                    <name>Rota 18:09</name>
                    <styleUrl>#2</styleUrl>
                    <LineString id="351">
                        <altitudeMode>clampToGround</altitudeMode>
                        <coordinates>9.93989,45.14532,0.0 9.93989,45.14532,0.0 9.93989,45.14532,0.0 9.93989,45.14532,0.0 9.93989,45.14532,0.0 9.93989,45.14532,0.0 9.93989,45.14532,0.0 9.93989,45.14532,0.0 9.93989,45.14532,0.0 9.93989,45.14532,0.0 9.93989,45.14532,0.0 9.93989,45.14532,0.0 9.93989,45.14532,0.0 9.93989,45.14532,0.0 9.93989,45.14532,0.0 9.93989,45.14532,0.0 9.93989,45.14532,0.0 9.93989,45.14532,0.0 9.93989,45.14532,0.0 9.93989,45.14532,0.0 9.93989,45.14532,0.0 9.93989,45.14532,0.0 9.93989,45.14532,0.0 9.93989,45.14532,0.0 9.93989,45.14532,0.0 9.93989,45.14532,0.0 9.93989,45.14532,0.0 9.93989,45.14532,0.0 9.93989,45.14532,0.0 9.93989,45.14532,0.0 9.93989,45.14532,0.0 9.93989,45.14532,0.0 9.93989,45.14532,0.0 9.93989,45.14532,0.0 9.93989,45.14532,0.0 9.93989,45.14532,0.0 9.93989,45.14532,0.0 9.93989,45.14532,0.0 9.93989,45.14532,0.0 9.93989,45.14532,0.0 9.93989,45.14532,0.0 9.93989,45.14532,0.0 9.93989,45.14532,0.0 9.93989,45.14532,0.0 9.93989,45.14532,0.0 9.93989,45.14532,0.0 9.93989,45.14532,0.0 9.93989,45.14532,0.0 9.93986,45.14533,0.0 9.93985,45.14534,0.0 9.93985,45.14533,0.0 9.93985,45.14533,0.0 9.93985,45.14533,0.0 9.93985,45.14533,0.0 9.93985,45.14533,0.0 9.93985,45.14533,0.0 9.93985,45.14533,0.0 9.93985,45.14533,0.0 9.93985,45.14533,0.0 9.93985,45.14533,0.0 9.93985,45.14533,0.0</coordinates>
                    </LineString>
                </Placemark>
            </Folder>
            <Folder id="353">
                <name>18:10 – 18:19</name>
                <Placemark id="355">
                    <name>Rota 18:10</name>
                    <styleUrl>#2</styleUrl>
                    <LineString id="354">
                        <altitudeMode>clampToGround</altitudeMode>
                        <coordinates>9.93985,45.14533,0.0 9.93985,45.14533,0.0 9.93985,45.14533,0.0 9.93985,45.14533,0.0 9.93985,45.14533,0.0 9.93985,45.14533,0.0 9.93985,45.14533,0.0 9.93985,45.14533,0.0 9.93985,45.14533,0.0 9.93985,45.14533,0.0 9.93985,45.14533,0.0 9.93985,45.14533,0.0 9.93985,45.14533,0.0 9.93985,45.14533,0.0 9.93985,45.14533,0.0 9.93985,45.14533,0.0 9.93985,45.14533,0.0 9.93985,45.14533,0.0 9.93986,45.14532,0.0 9.93986,45.14531,0.0 9.93986,45.14531,0.0 9.93986,45.14531,0.0 9.93987,45.14531,0.0 9.93987,45.14531,0.0 9.93987,45.14531,0.0 9.93987,45.14531,0.0 9.93987,45.14531,0.0 9.93987,45.14531,0.0 9.93987,45.14531,0.0 9.93987,45.14531,0.0 9.93987,45.14531,0.0 9.93987,45.14531,0.0 9.93987,45.14531,0.0 9.93987,45.14531,0.0 9.93987,45.14531,0.0 9.93987,45.14531,0.0 9.93987,45.14531,0.0 9.93987,45.14531,0.0 9.93987,45.14531,0.0 9.93987,45.14531,0.0 9.93987,45.14534,0.0 9.93987,45.14534,0.0 9.93987,45.14534,0.0 9.93987,45.14534,0.0 9.93987,45.14534,0.0 9.93987,45.14534,0.0 9.93987,45.14534,0.0 9.93987,45.14534,0.0 9.93987,45.14534,0.0 9.93987,45.14534,0.0 9.93987,45.14534,0.0 9.93987,45.14534,0.0 9.93987,45.14534,0.0 9.93988,45.14533,0.0 9.93988,45.14534,0.0 9.93988,45.14534,0.0 9.93987,45.14534,0.0 9.93987,45.14533,0.0 9.93987,45.14533,0.0 9.93987,45.14533,0.0 9.93987,45.14533,0.0</coordinates>
                    </LineString>
                </Placemark>
                <Placemark id="357">
                    <name>Rota 18:11</name>
                    <styleUrl>#2</styleUrl>
                    <LineString id="356">
                        <altitudeMode>clampToGround</altitudeMode>
                        <coordinates>9.93987,45.14533,0.0 9.93988,45.14532,0.0 9.93988,45.14532,0.0 9.93988,45.14532,0.0 9.93988,45.14532,0.0 9.93988,45.14532,0.0 9.93988,45.14532,0.0 9.93988,45.14532,0.0 9.93988,45.14532,0.0 9.93988,45.14532,0.0 9.93988,45.14532,0.0 9.93988,45.14532,0.0 9.93988,45.14532,0.0 9.93988,45.14532,0.0 9.93988,45.14532,0.0 9.93989,45.14533,0.0 9.93989,45.14532,0.0 9.93989,45.14532,0.0 9.93989,45.14532,0.0 9.93989,45.14532,0.0 9.93989,45.14532,0.0 9.93989,45.14532,0.0 9.93989,45.14532,0.0 9.93989,45.14532,0.0 9.93989,45.14532,0.0 9.9399,45.14533,0.0 9.9399,45.14534,0.0 9.9399,45.14533,0.0 9.9399,45.14533,0.0 9.9399,45.14533,0.0 9.9399,45.14533,0.0 9.9399,45.14533,0.0 9.9399,45.14533,0.0 9.9399,45.14533,0.0 9.9399,45.14533,0.0 9.9399,45.14533,0.0 9.9399,45.14533,0.0 9.93989,45.14532,0.0 9.93989,45.14532,0.0 9.93989,45.14532,0.0 9.93989,45.14532,0.0 9.93989,45.14532,0.0 9.93989,45.14532,0.0 9.93989,45.14532,0.0 9.93989,45.14532,0.0 9.93989,45.14532,0.0 9.93989,45.14532,0.0 9.93989,45.14532,0.0 9.93992,45.14534,0.0 9.93992,45.14534,0.0 9.93992,45.14534,0.0 9.93992,45.14534,0.0 9.93992,45.14534,0.0 9.93992,45.14534,0.0 9.93992,45.14534,0.0 9.93992,45.14534,0.0 9.93992,45.14534,0.0 9.93992,45.14534,0.0 9.93992,45.14534,0.0 9.93992,45.14534,0.0 9.93992,45.14534,0.0</coordinates>
                    </LineString>
                </Placemark>
                <Placemark id="359">
                    <name>Rota 18:12</name>
                    <styleUrl>#2</styleUrl>
                    <LineString id="358">
                        <altitudeMode>clampToGround</altitudeMode>
                        <coordinates>9.93992,45.14534,0.0 9.93992,45.14534,0.0 9.93992,45.14534,0.0 9.93992,45.14534,0.0 9.93992,45.14534,0.0 9.93992,45.14534,0.0 9.93992,45.14534,0.0 9.93992,45.14534,0.0 9.93992,45.14534,0.0 9.93992,45.14534,0.0 9.93992,45.14534,0.0 9.93992,45.14534,0.0 9.93992,45.14534,0.0 9.93992,45.14534,0.0 9.93987,45.14534,0.0 9.93987,45.14534,0.0 9.93987,45.14534,0.0 9.93987,45.14534,0.0 9.93987,45.14533,0.0 9.93987,45.14532,0.0 9.93987,45.14532,0.0 9.93987,45.14532,0.0 9.93987,45.14532,0.0 9.93987,45.14532,0.0 9.93987,45.14532,0.0 9.93987,45.14532,0.0 9.93987,45.14532,0.0 9.93987,45.14532,0.0 9.93987,45.14532,0.0 9.93987,45.14532,0.0 9.93987,45.14532,0.0 9.93987,45.14532,0.0 9.93987,45.14532,0.0 9.93987,45.14532,0.0 9.93987,45.14532,0.0 9.93987,45.14532,0.0 9.93987,45.14532,0.0 9.93987,45.14532,0.0 9.93987,45.14532,0.0 9.93987,45.14532,0.0 9.93987,45.14532,0.0 9.93987,45.14532,0.0 9.93987,45.14532,0.0 9.93987,45.14532,0.0 9.93987,45.14532,0.0 9.93987,45.14532,0.0 9.93994,45.14535,0.0 9.93994,45.14536,0.0 9.93993,45.14536,0.0 9.93992,45.14536,0.0 9.93992,45.14536,0.0 9.93992,45.14536,0.0 9.93992,45.14536,0.0 9.93992,45.14536,0.0 9.93991,45.14534,0.0 9.93991,45.14533,0.0 9.93991,45.14533,0.0 9.93991,45.14533,0.0 9.93991,45.14533,0.0 9.93991,45.14533,0.0 9.93991,45.14533,0.0</coordinates>
                    </LineString>
                </Placemark>
                <Placemark id="361">
                    <name>Rota 18:13</name>
                    <styleUrl>#2</styleUrl>
                    <LineString id="360">
                        <altitudeMode>clampToGround</altitudeMode>
                        <coordinates>9.93991,45.14533,0.0 9.93991,45.14533,0.0 9.93991,45.14533,0.0 9.93991,45.14533,0.0 9.93991,45.14533,0.0 9.93991,45.14533,0.0 9.93991,45.14533,0.0 9.93991,45.14533,0.0 9.93991,45.14533,0.0 9.93991,45.14533,0.0 9.93991,45.14533,0.0 9.93991,45.14533,0.0 9.93991,45.14533,0.0 9.93991,45.14533,0.0 9.93991,45.14533,0.0 9.93988,45.14532,0.0 9.93988,45.14532,0.0 9.93988,45.14532,0.0 9.93988,45.14532,0.0 9.93988,45.14532,0.0 9.93988,45.14532,0.0 9.93988,45.14532,0.0 9.93988,45.14532,0.0 9.93988,45.14532,0.0 9.93989,45.14534,0.0 9.93989,45.14534,0.0 9.93989,45.14534,0.0 9.93988,45.14535,0.0 9.93988,45.14534,0.0 9.93988,45.14534,0.0 9.93988,45.14534,0.0 9.93988,45.14534,0.0 9.93988,45.14533,0.0 9.93988,45.14532,0.0 9.93988,45.14532,0.0 9.93988,45.14532,0.0 9.93988,45.14532,0.0 9.93988,45.14532,0.0 9.93988,45.14532,0.0 9.93988,45.14532,0.0 9.93988,45.14532,0.0 9.93988,45.14532,0.0 9.93988,45.14532,0.0 9.93988,45.14532,0.0 9.93988,45.14532,0.0 9.93988,45.14532,0.0 9.93988,45.14532,0.0 9.93988,45.14532,0.0 9.93988,45.14532,0.0 9.93988,45.14532,0.0 9.93988,45.14532,0.0 9.93986,45.14534,0.0 9.93986,45.14534,0.0 9.93986,45.14534,0.0 9.93986,45.14534,0.0 9.93985,45.14534,0.0 9.93985,45.14534,0.0 9.93985,45.14534,0.0 9.93986,45.14533,0.0 9.93986,45.14533,0.0 9.93986,45.14533,0.0</coordinates>
                    </LineString>
                </Placemark>
                <Placemark id="363">
                    <name>Rota 18:14</name>
                    <styleUrl>#2</styleUrl>
                    <LineString id="362">
                        <altitudeMode>clampToGround</altitudeMode>
                        <coordinates>9.93986,45.14533,0.0 9.93986,45.14533,0.0 9.93986,45.14533,0.0 9.93986,45.14533,0.0 9.93986,45.14533,0.0 9.93986,45.14533,0.0 9.93986,45.14533,0.0 9.93986,45.14533,0.0 9.93987,45.14534,0.0 9.93987,45.14534,0.0 9.93987,45.14534,0.0 9.93987,45.14534,0.0 9.93988,45.14534,0.0 9.93988,45.14534,0.0 9.93988,45.14535,0.0 9.93988,45.14535,0.0 9.93988,45.14535,0.0 9.93988,45.14535,0.0 9.93988,45.14534,0.0 9.93988,45.14534,0.0 9.93988,45.14534,0.0 9.93988,45.14534,0.0 9.93988,45.14534,0.0 9.93988,45.14534,0.0 9.93988,45.14534,0.0 9.93989,45.14536,0.0 9.93989,45.14536,0.0 9.93989,45.14536,0.0 9.93989,45.14536,0.0 9.93989,45.14536,0.0 9.93989,45.14536,0.0 9.93989,45.14536,0.0 9.93989,45.14536,0.0 9.93989,45.14536,0.0 9.93989,45.14536,0.0 9.93989,45.14536,0.0 9.93989,45.14536,0.0 9.93989,45.14536,0.0 9.93989,45.14536,0.0 9.93989,45.14536,0.0 9.93989,45.14536,0.0 9.93989,45.14536,0.0 9.93989,45.14536,0.0 9.93989,45.14536,0.0 9.93989,45.14536,0.0 9.93989,45.14536,0.0 9.93989,45.14536,0.0 9.93989,45.14536,0.0 9.93989,45.14536,0.0 9.93989,45.14536,0.0 9.93989,45.14536,0.0 9.93989,45.14536,0.0 9.93989,45.14536,0.0 9.93989,45.14536,0.0 9.93989,45.14536,0.0 9.93989,45.14536,0.0 9.93989,45.14536,0.0 9.93989,45.14536,0.0 9.93989,45.14536,0.0 9.93989,45.14536,0.0 9.93989,45.14536,0.0</coordinates>
                    </LineString>
                </Placemark>
                <Placemark id="365">
                    <name>Rota 18:15</name>
                    <styleUrl>#2</styleUrl>
                    <LineString id="364">
                        <altitudeMode>clampToGround</altitudeMode>
                        <coordinates>9.93989,45.14536,0.0 9.93989,45.14536,0.0 9.93989,45.14536,0.0 9.93989,45.14536,0.0 9.93988,45.14535,0.0 9.93988,45.14535,0.0 9.93988,45.14535,0.0 9.93988,45.14535,0.0 9.93988,45.14535,0.0 9.93988,45.14535,0.0 9.93988,45.14535,0.0 9.93988,45.14535,0.0 9.93988,45.14535,0.0 9.93988,45.14535,0.0 9.93988,45.14535,0.0 9.93988,45.14535,0.0 9.93988,45.14535,0.0 9.93988,45.14535,0.0 9.93988,45.14535,0.0 9.93988,45.14535,0.0 9.93988,45.14535,0.0 9.93988,45.14535,0.0 9.93988,45.14535,0.0 9.93988,45.14535,0.0 9.93988,45.14535,0.0 9.93988,45.14535,0.0 9.93987,45.14534,0.0 9.93986,45.14534,0.0 9.93986,45.14534,0.0 9.93986,45.14534,0.0 9.93986,45.14533,0.0 9.93986,45.14533,0.0 9.93986,45.14533,0.0 9.93987,45.14533,0.0 9.93987,45.14533,0.0 9.93987,45.14533,0.0 9.93987,45.14533,0.0 9.93987,45.14533,0.0 9.93986,45.14534,0.0 9.93986,45.14535,0.0 9.93986,45.14534,0.0 9.93986,45.14534,0.0 9.93986,45.14534,0.0 9.93986,45.14534,0.0 9.93986,45.14534,0.0 9.93986,45.14534,0.0 9.93986,45.14534,0.0 9.93986,45.14534,0.0 9.93986,45.14534,0.0 9.93986,45.14534,0.0 9.93986,45.14534,0.0 9.93986,45.14534,0.0 9.93986,45.14534,0.0 9.93986,45.14534,0.0 9.93986,45.14534,0.0 9.93986,45.14534,0.0 9.93986,45.14534,0.0 9.93986,45.14534,0.0 9.93987,45.14533,0.0 9.93987,45.14533,0.0 9.93987,45.14532,0.0</coordinates>
                    </LineString>
                </Placemark>
                <Placemark id="367">
                    <name>Rota 18:16</name>
                    <styleUrl>#2</styleUrl>
                    <LineString id="366">
                        <altitudeMode>clampToGround</altitudeMode>
                        <coordinates>9.93987,45.14532,0.0 9.93987,45.14532,0.0 9.93987,45.14532,0.0 9.93987,45.14532,0.0 9.93987,45.14532,0.0 9.93987,45.14532,0.0 9.93987,45.14532,0.0 9.93987,45.14532,0.0 9.93987,45.14532,0.0 9.93987,45.14532,0.0 9.93987,45.14532,0.0 9.93987,45.14532,0.0 9.93987,45.14532,0.0 9.93987,45.14532,0.0 9.93987,45.14532,0.0 9.93987,45.14532,0.0 9.93987,45.14532,0.0 9.93987,45.14532,0.0 9.93987,45.14532,0.0 9.93987,45.14532,0.0 9.93987,45.14532,0.0 9.93987,45.14532,0.0 9.93987,45.14532,0.0 9.93987,45.14532,0.0 9.93987,45.14532,0.0 9.93987,45.14532,0.0 9.93987,45.14532,0.0 9.93987,45.14532,0.0 9.93987,45.14532,0.0 9.93987,45.14532,0.0 9.93987,45.14532,0.0 9.93987,45.14532,0.0 9.93987,45.14532,0.0 9.93987,45.14532,0.0 9.93987,45.14532,0.0 9.93987,45.14532,0.0 9.93987,45.14532,0.0 9.93989,45.14533,0.0 9.93989,45.14533,0.0 9.93989,45.14533,0.0 9.93989,45.14532,0.0 9.93989,45.14532,0.0 9.93989,45.14532,0.0 9.93989,45.14532,0.0 9.93989,45.14532,0.0 9.93989,45.14532,0.0 9.93989,45.14532,0.0 9.93989,45.14532,0.0 9.93989,45.14532,0.0 9.93989,45.14532,0.0 9.93987,45.14532,0.0 9.93987,45.14531,0.0 9.93987,45.14531,0.0 9.93987,45.14531,0.0 9.93987,45.14531,0.0 9.93987,45.14531,0.0 9.93987,45.14531,0.0 9.93987,45.14531,0.0 9.93987,45.14531,0.0 9.93988,45.14533,0.0 9.93988,45.14533,0.0</coordinates>
                    </LineString>
                </Placemark>
                <Placemark id="369">
                    <name>Rota 18:17</name>
                    <styleUrl>#2</styleUrl>
                    <LineString id="368">
                        <altitudeMode>clampToGround</altitudeMode>
                        <coordinates>9.93988,45.14533,0.0 9.93989,45.14533,0.0 9.93989,45.14532,0.0 9.93989,45.14532,0.0 9.93989,45.14532,0.0 9.93989,45.14532,0.0 9.93989,45.14532,0.0 9.93989,45.14532,0.0 9.93989,45.14532,0.0 9.93989,45.14532,0.0 9.93989,45.14532,0.0 9.93989,45.14532,0.0 9.93989,45.14532,0.0 9.9399,45.14534,0.0 9.9399,45.14534,0.0 9.9399,45.14533,0.0 9.9399,45.14533,0.0 9.9399,45.14533,0.0 9.9399,45.14533,0.0 9.9399,45.14533,0.0 9.9399,45.14533,0.0 9.9399,45.14533,0.0 9.9399,45.14533,0.0 9.9399,45.14533,0.0 9.9399,45.14533,0.0 9.9399,45.14533,0.0 9.9399,45.14533,0.0 9.9399,45.14533,0.0 9.9399,45.14533,0.0 9.9399,45.14533,0.0 9.9399,45.14533,0.0 9.9399,45.14533,0.0 9.9399,45.14533,0.0 9.9399,45.14533,0.0 9.9399,45.14533,0.0 9.9399,45.14533,0.0 9.9399,45.14533,0.0 9.9399,45.14533,0.0 9.9399,45.14533,0.0 9.9399,45.14533,0.0 9.9399,45.14533,0.0 9.9399,45.14533,0.0 9.9399,45.14533,0.0 9.9399,45.14533,0.0 9.9399,45.14533,0.0 9.93986,45.14532,0.0 9.93986,45.14532,0.0 9.93987,45.14532,0.0 9.93987,45.14532,0.0 9.93987,45.14532,0.0 9.93987,45.14532,0.0 9.93987,45.14532,0.0 9.93987,45.14532,0.0 9.93987,45.14532,0.0 9.93989,45.14534,0.0 9.93988,45.14534,0.0 9.93988,45.14534,0.0 9.93988,45.14535,0.0 9.93987,45.14535,0.0 9.93987,45.14535,0.0 9.93987,45.14534,0.0</coordinates>
                    </LineString>
                </Placemark>
                <Placemark id="371">
                    <name>Rota 18:18</name>
                    <styleUrl>#2</styleUrl>
                    <LineString id="370">
                        <altitudeMode>clampToGround</altitudeMode>
                        <coordinates>9.93987,45.14534,0.0 9.93987,45.14534,0.0 9.93987,45.14533,0.0 9.93988,45.14533,0.0 9.93988,45.14533,0.0 9.93988,45.14533,0.0 9.93988,45.14533,0.0 9.93988,45.14533,0.0 9.93988,45.14533,0.0 9.93988,45.14533,0.0 9.93989,45.14535,0.0 9.93988,45.14535,0.0 9.93988,45.14535,0.0 9.93988,45.14535,0.0 9.93988,45.14535,0.0 9.93988,45.14535,0.0 9.93988,45.14535,0.0 9.93988,45.14535,0.0 9.93988,45.14535,0.0 9.93988,45.14535,0.0 9.93988,45.14535,0.0 9.93985,45.14533,0.0 9.93985,45.14532,0.0 9.93986,45.14532,0.0 9.93986,45.14532,0.0 9.93986,45.14532,0.0 9.93987,45.14532,0.0 9.93987,45.14532,0.0 9.93988,45.14533,0.0 9.93988,45.14534,0.0 9.93988,45.14534,0.0 9.93988,45.14534,0.0 9.93988,45.14534,0.0 9.93988,45.14534,0.0 9.93988,45.14534,0.0 9.93988,45.14533,0.0 9.93988,45.14533,0.0 9.93988,45.14533,0.0 9.93988,45.14533,0.0 9.93988,45.14533,0.0 9.93988,45.14533,0.0 9.93988,45.14533,0.0 9.93988,45.14533,0.0 9.9399,45.14534,0.0 9.93989,45.14535,0.0 9.93989,45.14535,0.0 9.93989,45.14535,0.0 9.93989,45.14534,0.0 9.93989,45.14534,0.0 9.93989,45.14534,0.0 9.93988,45.14533,0.0 9.93988,45.14533,0.0 9.93989,45.14533,0.0 9.93989,45.14533,0.0 9.93989,45.14533,0.0 9.93989,45.14533,0.0 9.93989,45.14533,0.0 9.93989,45.14533,0.0 9.93989,45.14533,0.0 9.93989,45.14533,0.0 9.93989,45.14535,0.0</coordinates>
                    </LineString>
                </Placemark>
                <Placemark id="373">
                    <name>Rota 18:19</name>
                    <styleUrl>#2</styleUrl>
                    <LineString id="372">
                        <altitudeMode>clampToGround</altitudeMode>
                        <coordinates>9.93989,45.14535,0.0 9.93988,45.14535,0.0 9.93988,45.14535,0.0 9.93988,45.14535,0.0 9.93988,45.14535,0.0 9.93988,45.14535,0.0 9.93988,45.14535,0.0 9.93988,45.14533,0.0 9.93988,45.14533,0.0 9.93988,45.14533,0.0 9.93988,45.14533,0.0 9.93988,45.14533,0.0 9.93988,45.14533,0.0 9.93988,45.14533,0.0 9.93988,45.14533,0.0 9.93988,45.14533,0.0 9.93988,45.14533,0.0 9.93988,45.14533,0.0 9.93989,45.14534,0.0 9.93989,45.14534,0.0 9.93988,45.14534,0.0 9.93988,45.14534,0.0 9.93988,45.14534,0.0 9.93988,45.14534,0.0 9.93989,45.14533,0.0 9.93989,45.14533,0.0 9.93988,45.14532,0.0 9.93988,45.14532,0.0 9.93988,45.14532,0.0 9.93988,45.14533,0.0 9.93988,45.14533,0.0 9.93988,45.14533,0.0 9.93988,45.14533,0.0 9.93988,45.14533,0.0 9.93988,45.14533,0.0 9.93988,45.14533,0.0 9.93988,45.14533,0.0 9.93988,45.14533,0.0 9.93988,45.14533,0.0 9.93989,45.14533,0.0 9.93989,45.14533,0.0 9.93989,45.14532,0.0 9.93989,45.14533,0.0 9.93989,45.14533,0.0 9.93989,45.14533,0.0 9.93989,45.14533,0.0 9.93989,45.14533,0.0 9.93989,45.14534,0.0 9.93989,45.14534,0.0 9.93988,45.14534,0.0 9.93988,45.14534,0.0 9.93988,45.14534,0.0 9.93989,45.14533,0.0 9.93988,45.14533,0.0 9.93989,45.14532,0.0 9.93989,45.14532,0.0 9.93989,45.14532,0.0 9.93989,45.14532,0.0 9.93989,45.14532,0.0 9.93989,45.14532,0.0 9.93989,45.14532,0.0</coordinates>
                    </LineString>
                </Placemark>
            </Folder>
            <Folder id="374">
                <name>18:20 – 18:29</name>
                <Placemark id="376">
                    <name>Rota 18:20</name>
                    <styleUrl>#2</styleUrl>
                    <LineString id="375">
                        <altitudeMode>clampToGround</altitudeMode>
                        <coordinates>9.93989,45.14532,0.0 9.93989,45.14532,0.0 9.93989,45.14532,0.0 9.93989,45.14532,0.0 9.9399,45.14534,0.0 9.9399,45.14534,0.0 9.93989,45.14534,0.0 9.93989,45.14534,0.0 9.93989,45.14534,0.0 9.93989,45.14534,0.0 9.93989,45.14533,0.0 9.93989,45.14532,0.0 9.93989,45.14532,0.0 9.93989,45.14532,0.0 9.93989,45.14532,0.0 9.93989,45.14533,0.0 9.93989,45.14533,0.0 9.93989,45.14533,0.0 9.93989,45.14533,0.0 9.93989,45.14533,0.0 9.93989,45.14533,0.0 9.93989,45.14533,0.0 9.93989,45.14533,0.0 9.93989,45.14533,0.0 9.93989,45.14533,0.0 9.93989,45.14533,0.0 9.93989,45.14533,0.0 9.93988,45.14532,0.0 9.93988,45.14532,0.0 9.93988,45.14532,0.0 9.93988,45.14532,0.0 9.93988,45.14532,0.0 9.93989,45.14533,0.0 9.93989,45.14533,0.0 9.93989,45.14534,0.0 9.93988,45.14535,0.0 9.93988,45.14534,0.0 9.93988,45.14534,0.0 9.93988,45.14534,0.0 9.93988,45.14534,0.0 9.93987,45.14533,0.0 9.93988,45.14533,0.0 9.93988,45.14533,0.0 9.93988,45.14533,0.0 9.93988,45.14533,0.0 9.93988,45.14533,0.0 9.93988,45.14533,0.0 9.93989,45.14534,0.0 9.93988,45.14535,0.0 9.93988,45.14535,0.0 9.93988,45.14535,0.0 9.93988,45.14535,0.0 9.93988,45.14535,0.0 9.93988,45.14534,0.0 9.93988,45.14534,0.0 9.93988,45.14534,0.0 9.93989,45.14533,0.0 9.93989,45.14533,0.0 9.93989,45.14533,0.0 9.93989,45.14533,0.0 9.93989,45.14533,0.0</coordinates>
                    </LineString>
                </Placemark>
                <Placemark id="378">
                    <name>Rota 18:21</name>
                    <styleUrl>#2</styleUrl>
                    <LineString id="377">
                        <altitudeMode>clampToGround</altitudeMode>
                        <coordinates>9.93989,45.14533,0.0 9.93989,45.14533,0.0 9.9399,45.14535,0.0 9.93989,45.14535,0.0 9.93989,45.14535,0.0 9.93989,45.14535,0.0 9.93989,45.14535,0.0 9.93989,45.14535,0.0 9.93989,45.14535,0.0 9.93989,45.14534,0.0 9.93989,45.14533,0.0 9.93989,45.14533,0.0 9.93989,45.14533,0.0 9.93989,45.14533,0.0 9.93989,45.14533,0.0 9.93989,45.14535,0.0 9.93989,45.14535,0.0 9.93989,45.14535,0.0 9.93988,45.14536,0.0 9.93988,45.14535,0.0 9.93988,45.14535,0.0 9.93988,45.14535,0.0 9.93988,45.14535,0.0 9.93988,45.14534,0.0 9.93988,45.14534,0.0 9.93988,45.14534,0.0 9.93988,45.14534,0.0 9.93988,45.14534,0.0 9.93988,45.14534,0.0 9.93988,45.14534,0.0 9.93988,45.14535,0.0 9.93988,45.14536,0.0 9.93988,45.14536,0.0 9.93988,45.14536,0.0 9.93988,45.14535,0.0 9.93988,45.14534,0.0 9.93988,45.14534,0.0 9.93988,45.14533,0.0 9.93988,45.14533,0.0 9.93989,45.14533,0.0 9.93989,45.14533,0.0 9.93989,45.14533,0.0 9.93989,45.14533,0.0 9.93989,45.14535,0.0 9.93989,45.14535,0.0 9.93989,45.14535,0.0 9.93988,45.14535,0.0 9.93988,45.14535,0.0 9.93988,45.14535,0.0 9.93988,45.14535,0.0 9.93988,45.14535,0.0 9.93988,45.14533,0.0 9.93988,45.14533,0.0 9.93988,45.14533,0.0 9.93988,45.14533,0.0 9.93988,45.14533,0.0 9.93988,45.14533,0.0 9.93988,45.14533,0.0 9.93988,45.14533,0.0 9.93988,45.14535,0.0 9.93988,45.14535,0.0</coordinates>
                    </LineString>
                </Placemark>
                <Placemark id="380">
                    <name>Rota 18:22</name>
                    <styleUrl>#2</styleUrl>
                    <LineString id="379">
                        <altitudeMode>clampToGround</altitudeMode>
                        <coordinates>9.93988,45.14535,0.0 9.93988,45.14535,0.0 9.93987,45.14536,0.0 9.93986,45.14535,0.0 9.93986,45.14535,0.0 9.93986,45.14534,0.0 9.93986,45.14534,0.0 9.93986,45.14533,0.0 9.93987,45.14533,0.0 9.93987,45.14533,0.0 9.93987,45.14533,0.0 9.93987,45.14533,0.0 9.93987,45.14533,0.0 9.93987,45.14533,0.0 9.93987,45.14533,0.0 9.93987,45.14533,0.0 9.93987,45.14533,0.0 9.93989,45.14534,0.0 9.93989,45.14534,0.0 9.93989,45.14535,0.0 9.93989,45.14535,0.0 9.93989,45.14534,0.0 9.93989,45.14534,0.0 9.93989,45.14534,0.0 9.93989,45.14534,0.0 9.93989,45.14534,0.0 9.93989,45.14534,0.0 9.93989,45.14534,0.0 9.93989,45.14534,0.0 9.93989,45.14534,0.0 9.93989,45.14534,0.0 9.93989,45.14534,0.0 9.93989,45.14534,0.0 9.93989,45.14534,0.0 9.93989,45.14534,0.0 9.93989,45.14534,0.0 9.93989,45.14534,0.0 9.93989,45.14534,0.0 9.93989,45.14534,0.0 9.93989,45.14534,0.0 9.93989,45.14534,0.0 9.93989,45.14534,0.0 9.93989,45.14534,0.0 9.93989,45.14534,0.0 9.93989,45.14534,0.0 9.93989,45.14534,0.0 9.93989,45.14534,0.0 9.93989,45.14534,0.0 9.93988,45.14533,0.0 9.93988,45.14532,0.0 9.93988,45.14533,0.0 9.93988,45.14533,0.0 9.93988,45.14533,0.0 9.93988,45.14533,0.0 9.93989,45.14534,0.0 9.93989,45.14534,0.0 9.93989,45.14534,0.0 9.93988,45.14534,0.0 9.93988,45.14534,0.0 9.93988,45.14534,0.0 9.93988,45.14534,0.0</coordinates>
                    </LineString>
                </Placemark>
                <Placemark id="382">
                    <name>Rota 18:23</name>
                    <styleUrl>#2</styleUrl>
                    <LineString id="381">
                        <altitudeMode>clampToGround</altitudeMode>
                        <coordinates>9.93988,45.14534,0.0 9.93988,45.14534,0.0 9.93988,45.14534,0.0 9.93988,45.14533,0.0 9.93988,45.14533,0.0 9.93988,45.14533,0.0 9.93989,45.14533,0.0 9.93989,45.14533,0.0 9.93989,45.14533,0.0 9.93989,45.14533,0.0 9.93989,45.14533,0.0 9.9399,45.14534,0.0 9.93989,45.14535,0.0 9.93988,45.14535,0.0 9.93988,45.14534,0.0 9.93988,45.14534,0.0 9.93988,45.14534,0.0 9.93988,45.14534,0.0 9.93988,45.14534,0.0 9.93988,45.14534,0.0 9.93988,45.14534,0.0 9.93988,45.14534,0.0 9.93988,45.14534,0.0 9.93987,45.14532,0.0 9.93987,45.14532,0.0 9.93987,45.14531,0.0 9.93987,45.14531,0.0 9.93987,45.14532,0.0 9.93987,45.14532,0.0 9.93987,45.14532,0.0 9.93987,45.14532,0.0 9.93988,45.14533,0.0 9.93988,45.14533,0.0 9.93988,45.14533,0.0 9.93988,45.14533,0.0 9.93989,45.14532,0.0 9.93989,45.14532,0.0 9.93989,45.14532,0.0 9.93989,45.14532,0.0 9.93989,45.14532,0.0 9.93989,45.14532,0.0 9.93989,45.14532,0.0 9.93989,45.14532,0.0 9.93989,45.14532,0.0 9.93989,45.14532,0.0 9.93989,45.14532,0.0 9.93989,45.14532,0.0 9.93989,45.14532,0.0 9.93989,45.14532,0.0 9.93989,45.14532,0.0 9.93989,45.14532,0.0 9.93989,45.14532,0.0 9.93989,45.14532,0.0 9.93989,45.14532,0.0 9.93989,45.14533,0.0 9.93989,45.14532,0.0 9.93989,45.14532,0.0 9.93989,45.14533,0.0 9.93989,45.14533,0.0 9.93989,45.14533,0.0 9.93989,45.14533,0.0</coordinates>
                    </LineString>
                </Placemark>
                <Placemark id="384">
                    <name>Rota 18:24</name>
                    <styleUrl>#2</styleUrl>
                    <LineString id="383">
                        <altitudeMode>clampToGround</altitudeMode>
                        <coordinates>9.93989,45.14533,0.0 9.93989,45.14533,0.0 9.93989,45.14533,0.0 9.93989,45.14533,0.0 9.93989,45.14533,0.0 9.93989,45.14533,0.0 9.93989,45.14533,0.0 9.93991,45.14534,0.0 9.9399,45.14534,0.0 9.9399,45.14535,0.0 9.93989,45.14535,0.0 9.93989,45.14535,0.0 9.93989,45.14534,0.0 9.93989,45.14534,0.0 9.93989,45.14534,0.0 9.93989,45.14534,0.0 9.93989,45.14534,0.0 9.93989,45.14534,0.0 9.93989,45.14534,0.0 9.93989,45.14534,0.0 9.93989,45.14534,0.0 9.93989,45.14534,0.0 9.93986,45.14532,0.0 9.93986,45.14532,0.0 9.93987,45.14532,0.0 9.93987,45.14532,0.0 9.93987,45.14532,0.0 9.93987,45.14532,0.0 9.93987,45.14532,0.0 9.93987,45.14532,0.0 9.93987,45.14532,0.0 9.93987,45.14532,0.0 9.93987,45.14532,0.0 9.93987,45.14532,0.0 9.93987,45.14532,0.0 9.93987,45.14532,0.0 9.93987,45.14532,0.0 9.93987,45.14532,0.0 9.93987,45.14532,0.0 9.93987,45.14532,0.0 9.93987,45.14532,0.0 9.93987,45.14532,0.0 9.93987,45.14532,0.0 9.93987,45.14532,0.0 9.93987,45.14532,0.0 9.93987,45.14532,0.0 9.93987,45.14532,0.0 9.93987,45.14532,0.0 9.93987,45.14532,0.0 9.93987,45.14532,0.0 9.93987,45.14532,0.0 9.93987,45.14532,0.0 9.93987,45.14532,0.0 9.93987,45.14532,0.0 9.93987,45.14532,0.0 9.93987,45.14532,0.0 9.93987,45.14532,0.0 9.93987,45.14532,0.0 9.93987,45.14532,0.0 9.93987,45.14532,0.0 9.93987,45.14532,0.0</coordinates>
                    </LineString>
                </Placemark>
                <Placemark id="386">
                    <name>Rota 18:25</name>
                    <styleUrl>#2</styleUrl>
                    <LineString id="385">
                        <altitudeMode>clampToGround</altitudeMode>
                        <coordinates>9.93987,45.14532,0.0 9.93987,45.14532,0.0 9.93987,45.14532,0.0 9.93987,45.14532,0.0 9.93987,45.14532,0.0 9.93987,45.14532,0.0 9.93987,45.14532,0.0 9.93987,45.14532,0.0 9.93987,45.14532,0.0 9.93987,45.14532,0.0 9.93987,45.14532,0.0 9.93987,45.14532,0.0 9.93987,45.14532,0.0 9.93987,45.14532,0.0 9.93987,45.14532,0.0 9.93987,45.14532,0.0 9.93987,45.14532,0.0 9.93987,45.14532,0.0 9.93987,45.14532,0.0 9.93987,45.14532,0.0 9.93987,45.14532,0.0 9.93987,45.14532,0.0 9.93987,45.14532,0.0 9.93987,45.14532,0.0 9.93987,45.14532,0.0 9.93987,45.14532,0.0 9.93987,45.14532,0.0 9.93987,45.14532,0.0 9.93987,45.14532,0.0 9.93987,45.14532,0.0 9.93987,45.14532,0.0 9.93987,45.14532,0.0 9.93987,45.14532,0.0 9.93987,45.14532,0.0 9.93987,45.14532,0.0 9.93987,45.14532,0.0 9.93987,45.14532,0.0 9.93987,45.14532,0.0 9.93987,45.14532,0.0 9.93987,45.14532,0.0 9.93987,45.14532,0.0 9.93987,45.14532,0.0 9.93987,45.14532,0.0 9.93987,45.14532,0.0 9.93987,45.14532,0.0 9.93987,45.14532,0.0 9.93987,45.14532,0.0 9.93987,45.14532,0.0 9.93987,45.14532,0.0 9.93987,45.14532,0.0 9.93987,45.14532,0.0 9.93987,45.14532,0.0 9.93987,45.14532,0.0 9.93987,45.14532,0.0 9.93987,45.14532,0.0 9.93987,45.14532,0.0 9.93987,45.14532,0.0 9.93987,45.14532,0.0 9.93987,45.14532,0.0 9.93987,45.14532,0.0 9.93987,45.14532,0.0</coordinates>
                    </LineString>
                </Placemark>
                <Placemark id="388">
                    <name>Rota 18:26</name>
                    <styleUrl>#2</styleUrl>
                    <LineString id="387">
                        <altitudeMode>clampToGround</altitudeMode>
                        <coordinates>9.93987,45.14532,0.0 9.93987,45.14532,0.0 9.93987,45.14532,0.0 9.93987,45.14532,0.0 9.93987,45.14532,0.0 9.93987,45.14532,0.0 9.93987,45.14532,0.0 9.93987,45.14532,0.0 9.93987,45.14532,0.0 9.93987,45.14532,0.0 9.93987,45.14532,0.0 9.93987,45.14532,0.0 9.93987,45.14532,0.0 9.93987,45.14532,0.0 9.93987,45.14532,0.0 9.93987,45.14532,0.0 9.93987,45.14532,0.0 9.93987,45.14532,0.0 9.93987,45.14532,0.0 9.93987,45.14532,0.0 9.93987,45.14532,0.0 9.93987,45.14532,0.0 9.93987,45.14532,0.0 9.93987,45.14532,0.0 9.93989,45.14534,0.0 9.93989,45.14534,0.0 9.93989,45.14534,0.0 9.93988,45.14534,0.0 9.93988,45.14534,0.0 9.93988,45.14534,0.0 9.93988,45.14534,0.0 9.93988,45.14534,0.0 9.93989,45.14532,0.0 9.93989,45.14532,0.0 9.93988,45.14532,0.0 9.93989,45.14532,0.0 9.93989,45.14532,0.0 9.93989,45.14532,0.0 9.93989,45.14532,0.0 9.93989,45.14532,0.0 9.93989,45.14532,0.0 9.93989,45.14532,0.0 9.93989,45.14532,0.0 9.93989,45.14532,0.0 9.93989,45.14532,0.0 9.93989,45.14532,0.0 9.93989,45.14532,0.0 9.93989,45.14532,0.0 9.93989,45.14532,0.0 9.93989,45.14532,0.0 9.93989,45.14532,0.0 9.93992,45.14534,0.0 9.93992,45.14534,0.0 9.93991,45.14534,0.0 9.93991,45.14534,0.0 9.93991,45.14534,0.0 9.93991,45.14534,0.0 9.93991,45.14534,0.0 9.93991,45.14534,0.0 9.93991,45.14534,0.0 9.93991,45.14534,0.0</coordinates>
                    </LineString>
                </Placemark>
                <Placemark id="390">
                    <name>Rota 18:27</name>
                    <styleUrl>#2</styleUrl>
                    <LineString id="389">
                        <altitudeMode>clampToGround</altitudeMode>
                        <coordinates>9.93991,45.14534,0.0 9.93991,45.14534,0.0 9.93991,45.14534,0.0 9.93991,45.14534,0.0 9.93991,45.14534,0.0 9.93991,45.14534,0.0 9.93991,45.14534,0.0 9.93991,45.14534,0.0 9.93991,45.14534,0.0 9.93991,45.14534,0.0 9.93991,45.14534,0.0 9.93991,45.14534,0.0 9.93991,45.14534,0.0 9.93991,45.14534,0.0 9.93991,45.14534,0.0 9.93991,45.14534,0.0 9.93991,45.14534,0.0 9.93991,45.14534,0.0 9.93991,45.14534,0.0 9.93991,45.14534,0.0 9.93991,45.14534,0.0 9.93991,45.14534,0.0 9.93992,45.14534,0.0 9.93992,45.14534,0.0 9.93991,45.14535,0.0 9.93991,45.14534,0.0 9.93991,45.14534,0.0 9.93991,45.14533,0.0 9.93991,45.14533,0.0 9.93991,45.14533,0.0 9.93991,45.14533,0.0 9.93991,45.14533,0.0 9.93991,45.14533,0.0 9.93991,45.14533,0.0 9.93991,45.14533,0.0 9.93991,45.14533,0.0 9.93991,45.14533,0.0 9.93991,45.14533,0.0 9.93991,45.14533,0.0 9.93993,45.14535,0.0 9.93993,45.14535,0.0 9.93992,45.14535,0.0 9.93992,45.14535,0.0 9.93992,45.14535,0.0 9.93992,45.14535,0.0 9.93992,45.14535,0.0 9.93992,45.14535,0.0 9.93992,45.14535,0.0 9.93992,45.14535,0.0 9.93992,45.14535,0.0 9.93992,45.14535,0.0 9.93992,45.14535,0.0 9.93992,45.14535,0.0 9.93989,45.14533,0.0 9.93988,45.14532,0.0 9.93989,45.14533,0.0 9.93989,45.14533,0.0 9.93989,45.14533,0.0 9.93989,45.14533,0.0 9.93989,45.14533,0.0 9.93989,45.14533,0.0</coordinates>
                    </LineString>
                </Placemark>
                <Placemark id="392">
                    <name>Rota 18:28</name>
                    <styleUrl>#2</styleUrl>
                    <LineString id="391">
                        <altitudeMode>clampToGround</altitudeMode>
                        <coordinates>9.93989,45.14533,0.0 9.93989,45.14533,0.0 9.93989,45.14533,0.0 9.9399,45.14534,0.0 9.9399,45.14534,0.0 9.93989,45.14534,0.0 9.93989,45.14534,0.0 9.93989,45.14534,0.0 9.93989,45.14534,0.0 9.93989,45.14534,0.0 9.93989,45.14534,0.0 9.93989,45.14534,0.0 9.93989,45.14534,0.0 9.93989,45.14534,0.0 9.93989,45.14534,0.0 9.93989,45.14534,0.0 9.93989,45.14534,0.0 9.93989,45.14534,0.0 9.93989,45.14534,0.0 9.93989,45.14534,0.0 9.93989,45.14534,0.0 9.93989,45.14534,0.0 9.93989,45.14534,0.0 9.93989,45.14534,0.0 9.93989,45.14534,0.0 9.93989,45.14534,0.0 9.93989,45.14534,0.0 9.93989,45.14534,0.0 9.93989,45.14534,0.0 9.93989,45.14534,0.0 9.93989,45.14534,0.0 9.93989,45.14534,0.0 9.93989,45.14534,0.0 9.93989,45.14534,0.0 9.93989,45.14534,0.0 9.93989,45.14534,0.0 9.93989,45.14534,0.0 9.93989,45.14534,0.0 9.93989,45.14534,0.0 9.93989,45.14534,0.0 9.93989,45.14534,0.0 9.93985,45.14531,0.0 9.93985,45.14531,0.0 9.93985,45.14531,0.0 9.93986,45.14531,0.0 9.93986,45.14531,0.0 9.93986,45.14531,0.0 9.93986,45.14531,0.0 9.93986,45.14531,0.0 9.93986,45.14531,0.0 9.93986,45.14531,0.0 9.93986,45.14531,0.0 9.93986,45.14531,0.0 9.93986,45.14531,0.0 9.93986,45.14531,0.0 9.93989,45.14533,0.0 9.93989,45.14533,0.0 9.93989,45.14533,0.0 9.93989,45.14534,0.0 9.93988,45.14534,0.0 9.93989,45.14533,0.0</coordinates>
                    </LineString>
                </Placemark>
                <Placemark id="394">
                    <name>Rota 18:29</name>
                    <styleUrl>#2</styleUrl>
                    <LineString id="393">
                        <altitudeMode>clampToGround</altitudeMode>
                        <coordinates>9.93989,45.14533,0.0 9.93989,45.14533,0.0 9.93989,45.14533,0.0 9.93989,45.14532,0.0 9.93989,45.14532,0.0 9.93989,45.14532,0.0 9.93989,45.14532,0.0 9.93989,45.14532,0.0 9.93989,45.14532,0.0 9.93989,45.14532,0.0 9.93989,45.14532,0.0 9.93989,45.14532,0.0 9.93989,45.14532,0.0 9.93989,45.14532,0.0 9.93989,45.14532,0.0 9.93989,45.14532,0.0 9.93992,45.14533,0.0 9.93992,45.14533,0.0 9.93992,45.14533,0.0 9.93991,45.14534,0.0 9.93991,45.14533,0.0 9.93991,45.14533,0.0 9.93991,45.14533,0.0 9.93991,45.14533,0.0 9.93991,45.14532,0.0 9.9399,45.14531,0.0 9.9399,45.14531,0.0 9.9399,45.14531,0.0 9.9399,45.14531,0.0 9.9399,45.14531,0.0 9.9399,45.14531,0.0 9.9399,45.14531,0.0 9.9399,45.14531,0.0 9.9399,45.14531,0.0 9.9399,45.14531,0.0 9.9399,45.14531,0.0 9.9399,45.14531,0.0 9.9399,45.14531,0.0 9.9399,45.14531,0.0 9.93992,45.14533,0.0 9.93992,45.14533,0.0 9.93992,45.14533,0.0 9.93992,45.14534,0.0 9.93991,45.14534,0.0 9.93991,45.14534,0.0 9.93991,45.14534,0.0 9.93991,45.14534,0.0 9.93991,45.14532,0.0 9.93991,45.14532,0.0 9.9399,45.14532,0.0 9.9399,45.14532,0.0 9.9399,45.14532,0.0 9.9399,45.14532,0.0 9.9399,45.14532,0.0 9.9399,45.14532,0.0 9.9399,45.14532,0.0 9.9399,45.14532,0.0 9.9399,45.14532,0.0 9.9399,45.14532,0.0 9.9399,45.14532,0.0 9.9399,45.14532,0.0</coordinates>
                    </LineString>
                </Placemark>
            </Folder>
            <Folder id="395">
                <name>18:30 – 18:39</name>
                <Placemark id="397">
                    <name>Rota 18:30</name>
                    <styleUrl>#2</styleUrl>
                    <LineString id="396">
                        <altitudeMode>clampToGround</altitudeMode>
                        <coordinates>9.9399,45.14532,0.0 9.9399,45.14532,0.0 9.9399,45.14532,0.0 9.93992,45.14533,0.0 9.93992,45.14533,0.0 9.93992,45.14533,0.0 9.93991,45.14534,0.0 9.93991,45.14534,0.0 9.93991,45.14534,0.0 9.93991,45.14534,0.0 9.93991,45.14534,0.0 9.93991,45.14534,0.0 9.93991,45.14534,0.0 9.93991,45.14534,0.0 9.93991,45.14534,0.0 9.93991,45.14534,0.0 9.93991,45.14534,0.0 9.93991,45.14534,0.0 9.93988,45.14532,0.0 9.93988,45.14531,0.0 9.93988,45.14531,0.0 9.93988,45.14531,0.0 9.93988,45.14531,0.0 9.93988,45.14531,0.0 9.93989,45.14531,0.0 9.93989,45.14531,0.0 9.93989,45.14531,0.0 9.93989,45.14531,0.0 9.93989,45.14531,0.0 9.93989,45.14531,0.0 9.93989,45.14531,0.0 9.93989,45.14531,0.0 9.93989,45.14531,0.0 9.93989,45.14531,0.0 9.93989,45.14531,0.0 9.93989,45.14531,0.0 9.93989,45.14531,0.0 9.93992,45.14532,0.0 9.93992,45.14532,0.0 9.93992,45.14532,0.0 9.93992,45.14532,0.0 9.93992,45.14533,0.0 9.93992,45.14533,0.0 9.93992,45.14533,0.0 9.93992,45.14533,0.0 9.93992,45.14533,0.0 9.93992,45.14533,0.0 9.93992,45.14533,0.0 9.93992,45.14533,0.0 9.93992,45.14533,0.0 9.93992,45.14533,0.0 9.93989,45.14533,0.0 9.93989,45.14533,0.0 9.93989,45.14533,0.0 9.93989,45.14532,0.0 9.93989,45.14532,0.0 9.93989,45.14532,0.0 9.93989,45.14532,0.0 9.93989,45.14532,0.0 9.93989,45.14532,0.0 9.93988,45.14534,0.0</coordinates>
                    </LineString>
                </Placemark>
                <Placemark id="399">
                    <name>Rota 18:31</name>
                    <styleUrl>#2</styleUrl>
                    <LineString id="398">
                        <altitudeMode>clampToGround</altitudeMode>
                        <coordinates>9.93988,45.14534,0.0 9.93988,45.14534,0.0 9.93987,45.14534,0.0 9.93987,45.14534,0.0 9.93987,45.14534,0.0 9.93987,45.14534,0.0 9.93987,45.14534,0.0 9.93988,45.14532,0.0 9.93988,45.14532,0.0 9.93988,45.14532,0.0 9.93988,45.14532,0.0 9.93988,45.14532,0.0 9.93988,45.14532,0.0 9.93988,45.14532,0.0 9.93988,45.14532,0.0 9.93988,45.14532,0.0 9.93988,45.14532,0.0 9.93988,45.14532,0.0 9.93988,45.14532,0.0 9.93988,45.14532,0.0 9.93988,45.14532,0.0 9.93992,45.14533,0.0 9.93992,45.14533,0.0 9.93992,45.14534,0.0 9.93991,45.14534,0.0 9.9399,45.14534,0.0 9.9399,45.14534,0.0 9.9399,45.14534,0.0 9.9399,45.14534,0.0 9.9399,45.14534,0.0 9.9399,45.14532,0.0 9.93989,45.14531,0.0 9.93989,45.14531,0.0 9.93989,45.14531,0.0 9.93989,45.14531,0.0 9.93989,45.14531,0.0 9.93989,45.14531,0.0 9.93989,45.14531,0.0 9.93989,45.14531,0.0 9.93989,45.14531,0.0 9.93989,45.14531,0.0 9.93989,45.14531,0.0 9.93989,45.14531,0.0 9.93989,45.14531,0.0 9.93989,45.14531,0.0 9.93989,45.14531,0.0 9.93989,45.14531,0.0 9.93989,45.14531,0.0 9.93992,45.14533,0.0 9.93992,45.14534,0.0 9.93991,45.14534,0.0 9.93991,45.14534,0.0 9.93991,45.14534,0.0 9.93991,45.14534,0.0 9.93991,45.14534,0.0 9.93991,45.14534,0.0 9.93991,45.14534,0.0 9.93991,45.14534,0.0 9.93991,45.14534,0.0 9.93989,45.14531,0.0 9.93989,45.14531,0.0</coordinates>
                    </LineString>
                </Placemark>
                <Placemark id="401">
                    <name>Rota 18:32</name>
                    <styleUrl>#2</styleUrl>
                    <LineString id="400">
                        <altitudeMode>clampToGround</altitudeMode>
                        <coordinates>9.93989,45.14531,0.0 9.93989,45.14531,0.0 9.93989,45.14531,0.0 9.93989,45.14531,0.0 9.93989,45.14531,0.0 9.93989,45.14531,0.0 9.93989,45.14531,0.0 9.93989,45.14531,0.0 9.93989,45.14531,0.0 9.93989,45.14531,0.0 9.93989,45.14531,0.0 9.93989,45.14531,0.0 9.93989,45.14531,0.0 9.93989,45.14531,0.0 9.93989,45.14531,0.0 9.93989,45.14531,0.0 9.93989,45.14531,0.0 9.93989,45.14531,0.0 9.93989,45.14531,0.0 9.93989,45.14531,0.0 9.93989,45.14531,0.0 9.93989,45.14531,0.0 9.93989,45.14531,0.0 9.93989,45.14531,0.0 9.93989,45.14531,0.0 9.93989,45.14531,0.0 9.93989,45.14531,0.0 9.93989,45.14531,0.0 9.93989,45.14531,0.0 9.93989,45.14531,0.0 9.93989,45.14531,0.0 9.93989,45.14531,0.0 9.93989,45.14531,0.0 9.93989,45.14531,0.0 9.93989,45.14531,0.0 9.93989,45.14531,0.0 9.93989,45.14531,0.0 9.93989,45.14531,0.0 9.93989,45.14531,0.0 9.93989,45.14531,0.0 9.93989,45.14531,0.0 9.93989,45.14531,0.0 9.93989,45.14531,0.0 9.93989,45.14531,0.0 9.93989,45.14531,0.0 9.93989,45.14531,0.0 9.93989,45.14531,0.0 9.93989,45.14531,0.0 9.93989,45.14531,0.0 9.93989,45.14531,0.0 9.93989,45.14531,0.0 9.93989,45.14531,0.0 9.93989,45.14531,0.0 9.93989,45.14531,0.0 9.93989,45.14531,0.0 9.93989,45.14531,0.0 9.93989,45.14531,0.0 9.93989,45.14531,0.0 9.93988,45.14532,0.0 9.93988,45.14531,0.0 9.93988,45.14531,0.0</coordinates>
                    </LineString>
                </Placemark>
                <Placemark id="403">
                    <name>Rota 18:33</name>
                    <styleUrl>#2</styleUrl>
                    <LineString id="402">
                        <altitudeMode>clampToGround</altitudeMode>
                        <coordinates>9.93988,45.14531,0.0 9.93988,45.14531,0.0 9.93987,45.14531,0.0 9.93988,45.14531,0.0 9.93988,45.14531,0.0 9.93988,45.14531,0.0 9.93988,45.14531,0.0 9.93988,45.14531,0.0 9.93988,45.14531,0.0 9.93988,45.14531,0.0 9.93988,45.14531,0.0 9.93988,45.14531,0.0 9.93988,45.14531,0.0 9.93988,45.14531,0.0 9.93988,45.14531,0.0 9.93988,45.14531,0.0 9.93988,45.14531,0.0 9.93988,45.14531,0.0 9.93988,45.14531,0.0 9.93988,45.14531,0.0 9.93988,45.14531,0.0 9.93988,45.14531,0.0 9.93988,45.14531,0.0 9.93988,45.14531,0.0 9.93988,45.14531,0.0 9.93995,45.14532,0.0 9.93994,45.14533,0.0 9.93993,45.14533,0.0 9.93993,45.14533,0.0 9.93993,45.14533,0.0 9.93992,45.14533,0.0 9.93992,45.14533,0.0 9.93992,45.14533,0.0 9.93992,45.14533,0.0 9.93992,45.14533,0.0 9.93992,45.14533,0.0 9.93992,45.14533,0.0 9.93992,45.14533,0.0 9.93992,45.14533,0.0 9.93992,45.14533,0.0 9.93992,45.14533,0.0 9.93992,45.14533,0.0 9.93989,45.14531,0.0 9.93989,45.1453,0.0 9.93989,45.1453,0.0 9.93989,45.1453,0.0 9.93989,45.1453,0.0 9.93989,45.1453,0.0 9.93989,45.1453,0.0 9.93989,45.1453,0.0 9.93989,45.1453,0.0 9.93989,45.1453,0.0 9.93989,45.1453,0.0 9.93989,45.1453,0.0 9.93989,45.1453,0.0 9.93989,45.1453,0.0 9.93989,45.1453,0.0 9.93989,45.1453,0.0 9.93989,45.1453,0.0 9.93993,45.14531,0.0 9.93993,45.14532,0.0</coordinates>
                    </LineString>
                </Placemark>
                <Placemark id="405">
                    <name>Rota 18:34</name>
                    <styleUrl>#2</styleUrl>
                    <LineString id="404">
                        <altitudeMode>clampToGround</altitudeMode>
                        <coordinates>9.93993,45.14532,0.0 9.93993,45.14532,0.0 9.93992,45.14532,0.0 9.93992,45.14532,0.0 9.93992,45.14532,0.0 9.93991,45.14532,0.0 9.93991,45.14532,0.0 9.93991,45.14532,0.0 9.93991,45.14532,0.0 9.93991,45.14532,0.0 9.93991,45.14532,0.0 9.93991,45.14532,0.0 9.93991,45.14532,0.0 9.93989,45.14531,0.0 9.93989,45.14531,0.0 9.93989,45.14531,0.0 9.93989,45.14531,0.0 9.93989,45.14531,0.0 9.93989,45.14531,0.0 9.93989,45.14531,0.0 9.93989,45.14531,0.0 9.93989,45.14531,0.0 9.93989,45.14531,0.0 9.93989,45.14531,0.0 9.93989,45.14531,0.0 9.93989,45.14531,0.0 9.93989,45.14531,0.0 9.93989,45.14531,0.0 9.93989,45.14531,0.0 9.93989,45.14531,0.0 9.93989,45.14531,0.0 9.93989,45.14531,0.0 9.93989,45.14531,0.0 9.93993,45.14532,0.0 9.93992,45.14533,0.0 9.93992,45.14533,0.0 9.93992,45.14533,0.0 9.93991,45.14533,0.0 9.9399,45.14533,0.0 9.9399,45.14533,0.0 9.9399,45.14533,0.0 9.9399,45.14533,0.0 9.9399,45.14533,0.0 9.9399,45.14533,0.0 9.9399,45.14533,0.0 9.9399,45.14533,0.0 9.9399,45.14533,0.0 9.9399,45.14533,0.0 9.9399,45.14533,0.0 9.9399,45.14533,0.0 9.9399,45.14533,0.0 9.9399,45.14533,0.0 9.9399,45.14533,0.0 9.9399,45.14533,0.0 9.93988,45.1453,0.0 9.93988,45.1453,0.0 9.93988,45.1453,0.0 9.93988,45.1453,0.0 9.93988,45.1453,0.0 9.93988,45.1453,0.0 9.93988,45.1453,0.0</coordinates>
                    </LineString>
                </Placemark>
                <Placemark id="407">
                    <name>Rota 18:35</name>
                    <styleUrl>#2</styleUrl>
                    <LineString id="406">
                        <altitudeMode>clampToGround</altitudeMode>
                        <coordinates>9.93988,45.1453,0.0 9.93988,45.1453,0.0 9.93988,45.1453,0.0 9.93988,45.1453,0.0 9.93988,45.1453,0.0 9.93988,45.1453,0.0 9.93988,45.1453,0.0 9.93988,45.1453,0.0 9.93988,45.1453,0.0 9.93988,45.1453,0.0 9.93988,45.1453,0.0 9.93988,45.1453,0.0 9.93988,45.1453,0.0 9.93988,45.1453,0.0 9.93988,45.1453,0.0 9.93988,45.1453,0.0 9.93988,45.1453,0.0 9.93988,45.1453,0.0 9.93988,45.1453,0.0 9.93988,45.1453,0.0 9.93988,45.1453,0.0 9.93988,45.1453,0.0 9.93993,45.14532,0.0 9.93992,45.14532,0.0 9.93992,45.14532,0.0 9.93992,45.14532,0.0 9.93991,45.14532,0.0 9.93991,45.14532,0.0 9.93991,45.14532,0.0 9.9399,45.14531,0.0 9.9399,45.14531,0.0 9.9399,45.1453,0.0 9.93989,45.1453,0.0 9.93989,45.1453,0.0 9.93989,45.14529,0.0 9.9399,45.14529,0.0 9.9399,45.14529,0.0 9.9399,45.14529,0.0 9.9399,45.14529,0.0 9.9399,45.14529,0.0 9.9399,45.14529,0.0 9.9399,45.14529,0.0 9.9399,45.14529,0.0 9.9399,45.14529,0.0 9.9399,45.14529,0.0 9.9399,45.14529,0.0 9.9399,45.14529,0.0 9.9399,45.14529,0.0 9.93994,45.1453,0.0 9.93994,45.1453,0.0 9.93994,45.14531,0.0 9.93994,45.14531,0.0 9.93994,45.14531,0.0 9.93993,45.14532,0.0 9.93993,45.14532,0.0 9.93993,45.14532,0.0 9.93993,45.14532,0.0 9.93993,45.14532,0.0 9.93993,45.14532,0.0 9.93993,45.14532,0.0 9.93993,45.14532,0.0</coordinates>
                    </LineString>
                </Placemark>
                <Placemark id="409">
                    <name>Rota 18:36</name>
                    <styleUrl>#2</styleUrl>
                    <LineString id="408">
                        <altitudeMode>clampToGround</altitudeMode>
                        <coordinates>9.93993,45.14532,0.0 9.93993,45.14532,0.0 9.93993,45.14532,0.0 9.93993,45.14532,0.0 9.93993,45.14532,0.0 9.93993,45.14532,0.0 9.93993,45.14532,0.0 9.93993,45.14532,0.0 9.93993,45.14532,0.0 9.93993,45.14532,0.0 9.93993,45.14532,0.0 9.93993,45.14532,0.0 9.93993,45.14532,0.0 9.93993,45.14532,0.0 9.93988,45.14531,0.0 9.93987,45.1453,0.0 9.93986,45.1453,0.0 9.93987,45.1453,0.0 9.93987,45.1453,0.0 9.93987,45.1453,0.0 9.93988,45.1453,0.0 9.93988,45.1453,0.0 9.93988,45.1453,0.0 9.93988,45.1453,0.0 9.93988,45.1453,0.0 9.93988,45.1453,0.0 9.93988,45.1453,0.0 9.93988,45.1453,0.0 9.93988,45.1453,0.0 9.93988,45.1453,0.0 9.93988,45.1453,0.0 9.93988,45.1453,0.0 9.93988,45.1453,0.0 9.93988,45.1453,0.0 9.93988,45.1453,0.0 9.93988,45.1453,0.0 9.93988,45.1453,0.0 9.93993,45.14531,0.0 9.93993,45.14531,0.0 9.93992,45.14532,0.0 9.93992,45.14532,0.0 9.93992,45.14532,0.0 9.93991,45.14532,0.0 9.93991,45.14532,0.0 9.93991,45.14532,0.0 9.93991,45.14532,0.0 9.93991,45.14532,0.0 9.93991,45.14532,0.0 9.93991,45.14532,0.0 9.93991,45.14532,0.0 9.93991,45.14532,0.0 9.93991,45.14532,0.0 9.93991,45.14532,0.0 9.93991,45.14532,0.0 9.93988,45.1453,0.0 9.93988,45.1453,0.0 9.93988,45.1453,0.0 9.93988,45.1453,0.0 9.93988,45.1453,0.0 9.93988,45.1453,0.0 9.93988,45.1453,0.0</coordinates>
                    </LineString>
                </Placemark>
                <Placemark id="411">
                    <name>Rota 18:37</name>
                    <styleUrl>#2</styleUrl>
                    <LineString id="410">
                        <altitudeMode>clampToGround</altitudeMode>
                        <coordinates>9.93988,45.1453,0.0 9.93988,45.1453,0.0 9.93988,45.1453,0.0 9.93988,45.1453,0.0 9.93988,45.1453,0.0 9.93988,45.1453,0.0 9.93988,45.1453,0.0 9.93988,45.1453,0.0 9.93988,45.1453,0.0 9.93988,45.1453,0.0 9.93992,45.14531,0.0 9.93992,45.14531,0.0 9.93992,45.14532,0.0 9.93992,45.14532,0.0 9.93991,45.14533,0.0 9.9399,45.14533,0.0 9.9399,45.14532,0.0 9.9399,45.14532,0.0 9.9399,45.14532,0.0 9.9399,45.14532,0.0 9.9399,45.14532,0.0 9.9399,45.14532,0.0 9.9399,45.14532,0.0 9.9399,45.14532,0.0 9.9399,45.14532,0.0 9.9399,45.14532,0.0 9.9399,45.14532,0.0 9.9399,45.14532,0.0 9.9399,45.14532,0.0 9.9399,45.14532,0.0 9.9399,45.14532,0.0 9.9399,45.14532,0.0 9.9399,45.14532,0.0 9.9399,45.14532,0.0 9.9399,45.14532,0.0 9.93985,45.14531,0.0 9.93985,45.14531,0.0 9.93985,45.14531,0.0 9.93985,45.14531,0.0 9.93985,45.14531,0.0 9.93985,45.14531,0.0 9.93985,45.14531,0.0 9.93985,45.14531,0.0 9.93985,45.14531,0.0 9.93985,45.14531,0.0 9.93985,45.14531,0.0 9.93985,45.14531,0.0 9.93985,45.14531,0.0 9.93985,45.14531,0.0 9.93985,45.14531,0.0 9.93985,45.14531,0.0 9.93985,45.14531,0.0 9.93984,45.14529,0.0 9.93983,45.14529,0.0 9.93983,45.14529,0.0 9.93983,45.14529,0.0 9.93983,45.14529,0.0 9.93985,45.14529,0.0 9.93985,45.14529,0.0 9.93985,45.14529,0.0 9.93985,45.14529,0.0</coordinates>
                    </LineString>
                </Placemark>
                <Placemark id="413">
                    <name>Rota 18:38</name>
                    <styleUrl>#2</styleUrl>
                    <LineString id="412">
                        <altitudeMode>clampToGround</altitudeMode>
                        <coordinates>9.93985,45.14529,0.0 9.93985,45.14529,0.0 9.93985,45.14529,0.0 9.93988,45.14529,0.0 9.93989,45.1453,0.0 9.93989,45.1453,0.0 9.93989,45.1453,0.0 9.93989,45.1453,0.0 9.93989,45.1453,0.0 9.93989,45.1453,0.0 9.93989,45.1453,0.0 9.93989,45.1453,0.0 9.93989,45.14532,0.0 9.93989,45.14532,0.0 9.93989,45.14532,0.0 9.93989,45.14532,0.0 9.93989,45.14532,0.0 9.93989,45.14532,0.0 9.93989,45.14532,0.0 9.93989,45.14532,0.0 9.93989,45.14532,0.0 9.93989,45.14532,0.0 9.93989,45.14532,0.0 9.93989,45.14532,0.0 9.93989,45.14532,0.0 9.93989,45.14532,0.0 9.93989,45.14532,0.0 9.93989,45.14532,0.0 9.93989,45.14532,0.0 9.93989,45.14532,0.0 9.93989,45.14532,0.0 9.93989,45.14532,0.0 9.93989,45.14532,0.0 9.93989,45.14532,0.0 9.93989,45.14532,0.0 9.93989,45.14532,0.0 9.93989,45.14532,0.0 9.93989,45.14532,0.0 9.93989,45.14532,0.0 9.93985,45.14531,0.0 9.93984,45.1453,0.0 9.93984,45.1453,0.0 9.93983,45.14529,0.0 9.93983,45.1453,0.0 9.93983,45.1453,0.0 9.93984,45.1453,0.0 9.93984,45.1453,0.0 9.93984,45.1453,0.0 9.93984,45.1453,0.0 9.93984,45.1453,0.0 9.93984,45.1453,0.0 9.93984,45.1453,0.0 9.93984,45.1453,0.0 9.93984,45.1453,0.0 9.93984,45.1453,0.0 9.93984,45.1453,0.0 9.93984,45.1453,0.0 9.93984,45.1453,0.0 9.93989,45.14532,0.0 9.93989,45.14532,0.0 9.93989,45.14532,0.0</coordinates>
                    </LineString>
                </Placemark>
                <Placemark id="415">
                    <name>Rota 18:39</name>
                    <styleUrl>#2</styleUrl>
                    <LineString id="414">
                        <altitudeMode>clampToGround</altitudeMode>
                        <coordinates>9.93989,45.14532,0.0 9.93988,45.14533,0.0 9.93988,45.14533,0.0 9.93988,45.14533,0.0 9.93988,45.14533,0.0 9.93988,45.14533,0.0 9.93988,45.14533,0.0 9.93988,45.14533,0.0 9.93988,45.14533,0.0 9.93988,45.14533,0.0 9.93988,45.14533,0.0 9.93988,45.14533,0.0 9.93988,45.14533,0.0 9.93988,45.14533,0.0 9.93988,45.14533,0.0 9.93988,45.14533,0.0 9.93988,45.14533,0.0 9.93988,45.14533,0.0 9.93988,45.14533,0.0 9.93988,45.14533,0.0 9.93988,45.14533,0.0 9.93988,45.14533,0.0 9.93988,45.14533,0.0 9.93988,45.14533,0.0 9.93988,45.14533,0.0 9.93988,45.14533,0.0 9.93988,45.14533,0.0 9.93988,45.14533,0.0 9.93988,45.14533,0.0 9.93988,45.14533,0.0 9.93988,45.14533,0.0 9.93988,45.14533,0.0 9.93988,45.14533,0.0 9.93988,45.14533,0.0 9.93988,45.14533,0.0 9.93988,45.14533,0.0 9.93984,45.14532,0.0 9.93984,45.14532,0.0 9.93984,45.14531,0.0 9.93984,45.14531,0.0 9.93984,45.14531,0.0 9.93984,45.14531,0.0 9.93984,45.14531,0.0 9.93984,45.14531,0.0 9.93984,45.14531,0.0 9.93984,45.14531,0.0 9.93984,45.14531,0.0 9.93984,45.14531,0.0 9.93984,45.14531,0.0 9.93984,45.14531,0.0 9.93984,45.14531,0.0 9.93984,45.14531,0.0 9.93989,45.14532,0.0 9.93989,45.14533,0.0 9.93988,45.14533,0.0 9.93988,45.14533,0.0 9.93988,45.14533,0.0 9.93987,45.14533,0.0 9.93987,45.14533,0.0 9.93987,45.14532,0.0 9.93987,45.14532,0.0</coordinates>
                    </LineString>
                </Placemark>
            </Folder>
            <Folder id="416">
                <name>18:40 – 18:49</name>
                <Placemark id="418">
                    <name>Rota 18:40</name>
                    <styleUrl>#2</styleUrl>
                    <LineString id="417">
                        <altitudeMode>clampToGround</altitudeMode>
                        <coordinates>9.93987,45.14532,0.0 9.93987,45.14532,0.0 9.93987,45.14531,0.0 9.93986,45.14531,0.0 9.93986,45.14531,0.0 9.93987,45.14531,0.0 9.93987,45.14531,0.0 9.93987,45.14531,0.0 9.93987,45.14531,0.0 9.93987,45.14531,0.0 9.93987,45.14531,0.0 9.93987,45.14531,0.0 9.93987,45.14531,0.0 9.93987,45.14531,0.0 9.93987,45.14531,0.0 9.93987,45.14531,0.0 9.93987,45.14531,0.0 9.93987,45.14531,0.0 9.93987,45.14531,0.0 9.93987,45.14531,0.0 9.93987,45.14531,0.0 9.93992,45.14531,0.0 9.93991,45.14532,0.0 9.93991,45.14532,0.0 9.93991,45.14532,0.0 9.9399,45.14532,0.0 9.9399,45.14532,0.0 9.9399,45.14532,0.0 9.9399,45.14532,0.0 9.93989,45.14531,0.0 9.93989,45.14531,0.0 9.93989,45.1453,0.0 9.93988,45.1453,0.0 9.93989,45.1453,0.0 9.93989,45.1453,0.0 9.93989,45.1453,0.0 9.93989,45.1453,0.0 9.93989,45.1453,0.0 9.93989,45.1453,0.0 9.93989,45.1453,0.0 9.93989,45.1453,0.0 9.93989,45.1453,0.0 9.93989,45.1453,0.0 9.93989,45.1453,0.0 9.93989,45.1453,0.0 9.93989,45.1453,0.0 9.93989,45.1453,0.0 9.93989,45.1453,0.0 9.93989,45.1453,0.0 9.93989,45.1453,0.0 9.93989,45.1453,0.0 9.93989,45.1453,0.0 9.93989,45.1453,0.0 9.93989,45.1453,0.0 9.93989,45.1453,0.0 9.93989,45.1453,0.0 9.93989,45.1453,0.0 9.93989,45.1453,0.0 9.93989,45.1453,0.0 9.93989,45.1453,0.0 9.93989,45.1453,0.0</coordinates>
                    </LineString>
                </Placemark>
                <Placemark id="420">
                    <name>Rota 18:41</name>
                    <styleUrl>#2</styleUrl>
                    <LineString id="419">
                        <altitudeMode>clampToGround</altitudeMode>
                        <coordinates>9.93989,45.1453,0.0 9.93989,45.1453,0.0 9.93989,45.1453,0.0 9.93989,45.1453,0.0 9.93989,45.1453,0.0 9.93993,45.14531,0.0 9.93993,45.14531,0.0 9.93992,45.14531,0.0 9.93992,45.14532,0.0 9.93992,45.14532,0.0 9.93991,45.14532,0.0 9.93991,45.14532,0.0 9.93991,45.14532,0.0 9.9399,45.14531,0.0 9.9399,45.14531,0.0 9.9399,45.14531,0.0 9.93989,45.14531,0.0 9.93989,45.14531,0.0 9.93989,45.14531,0.0 9.93989,45.14531,0.0 9.93989,45.14531,0.0 9.93989,45.14531,0.0 9.93989,45.14531,0.0 9.93989,45.14531,0.0 9.93989,45.14531,0.0 9.93989,45.14531,0.0 9.93989,45.14531,0.0 9.93989,45.14531,0.0 9.93989,45.14531,0.0 9.93986,45.1453,0.0 9.93985,45.1453,0.0 9.93985,45.1453,0.0 9.93985,45.1453,0.0 9.93985,45.1453,0.0 9.93985,45.1453,0.0 9.93985,45.1453,0.0 9.93985,45.1453,0.0 9.93985,45.1453,0.0 9.93985,45.1453,0.0 9.93985,45.1453,0.0 9.93985,45.1453,0.0 9.93985,45.1453,0.0 9.93985,45.1453,0.0 9.93989,45.14531,0.0 9.93989,45.14532,0.0 9.93989,45.14532,0.0 9.93988,45.14533,0.0 9.93988,45.14533,0.0 9.93988,45.14533,0.0 9.93988,45.14533,0.0 9.93988,45.14533,0.0 9.93988,45.14533,0.0 9.93988,45.14533,0.0 9.93988,45.14533,0.0 9.93988,45.14533,0.0 9.93988,45.14533,0.0 9.93988,45.14533,0.0 9.93988,45.14533,0.0 9.93988,45.14533,0.0 9.93988,45.14533,0.0 9.93988,45.14533,0.0</coordinates>
                    </LineString>
                </Placemark>
                <Placemark id="422">
                    <name>Rota 18:42</name>
                    <styleUrl>#2</styleUrl>
                    <LineString id="421">
                        <altitudeMode>clampToGround</altitudeMode>
                        <coordinates>9.93988,45.14533,0.0 9.93988,45.14533,0.0 9.93988,45.14533,0.0 9.93988,45.14533,0.0 9.93988,45.14533,0.0 9.93988,45.14533,0.0 9.93988,45.14533,0.0 9.93988,45.14533,0.0 9.93988,45.14533,0.0 9.93988,45.14533,0.0 9.93988,45.14533,0.0 9.93988,45.14533,0.0 9.93988,45.14533,0.0 9.93988,45.14533,0.0 9.93988,45.14533,0.0 9.93988,45.14533,0.0 9.93988,45.14533,0.0 9.93988,45.14533,0.0 9.93988,45.14533,0.0 9.93988,45.14533,0.0 9.93988,45.14533,0.0 9.93988,45.14533,0.0 9.93988,45.14533,0.0 9.93988,45.14533,0.0 9.93988,45.14533,0.0 9.93988,45.14533,0.0 9.93988,45.14533,0.0 9.93988,45.14533,0.0 9.93988,45.14533,0.0 9.93988,45.14533,0.0 9.93988,45.14533,0.0 9.93988,45.14533,0.0 9.93988,45.14533,0.0 9.93988,45.14533,0.0 9.93988,45.14533,0.0 9.93988,45.14533,0.0 9.93988,45.14533,0.0 9.93988,45.14533,0.0 9.93988,45.14533,0.0 9.93988,45.14533,0.0 9.93988,45.14533,0.0 9.93988,45.14533,0.0 9.93988,45.14533,0.0 9.93988,45.14533,0.0 9.93984,45.14531,0.0 9.93984,45.14531,0.0 9.93984,45.14531,0.0 9.93985,45.14531,0.0 9.93985,45.14531,0.0 9.93985,45.14531,0.0 9.93985,45.14531,0.0 9.93985,45.14531,0.0 9.93985,45.14531,0.0 9.93985,45.14531,0.0 9.93985,45.14531,0.0 9.93985,45.14531,0.0 9.93987,45.14533,0.0 9.93987,45.14533,0.0 9.93986,45.14533,0.0 9.93986,45.14533,0.0 9.93986,45.14533,0.0</coordinates>
                    </LineString>
                </Placemark>
                <Placemark id="424">
                    <name>Rota 18:43</name>
                    <styleUrl>#2</styleUrl>
                    <LineString id="423">
                        <altitudeMode>clampToGround</altitudeMode>
                        <coordinates>9.93986,45.14533,0.0 9.93986,45.14532,0.0 9.93986,45.14532,0.0 9.93986,45.14532,0.0 9.93986,45.14532,0.0 9.93986,45.14532,0.0 9.93986,45.14532,0.0 9.93986,45.14532,0.0 9.93986,45.14532,0.0 9.93986,45.14532,0.0 9.93986,45.14532,0.0 9.93986,45.14532,0.0 9.93986,45.14532,0.0 9.93986,45.14532,0.0 9.93986,45.14532,0.0 9.93986,45.14532,0.0 9.93986,45.14532,0.0 9.93986,45.14532,0.0 9.93986,45.14532,0.0 9.93986,45.14532,0.0 9.93986,45.14532,0.0 9.93986,45.14532,0.0 9.93988,45.14533,0.0 9.93988,45.14534,0.0 9.93988,45.14534,0.0 9.93988,45.14533,0.0 9.93988,45.14533,0.0 9.93987,45.14533,0.0 9.93987,45.14533,0.0 9.93987,45.14533,0.0 9.93987,45.14531,0.0 9.93986,45.14531,0.0 9.93986,45.14531,0.0 9.93986,45.14531,0.0 9.93986,45.14531,0.0 9.93986,45.14531,0.0 9.93986,45.14531,0.0 9.93986,45.14531,0.0 9.93986,45.14531,0.0 9.93986,45.14531,0.0 9.93986,45.14531,0.0 9.93986,45.14531,0.0 9.93986,45.14531,0.0 9.93986,45.14531,0.0 9.93986,45.14531,0.0 9.93989,45.14533,0.0 9.93989,45.14533,0.0 9.93988,45.14533,0.0 9.93988,45.14533,0.0 9.93988,45.14533,0.0 9.93988,45.14532,0.0 9.93988,45.14532,0.0 9.93988,45.14532,0.0 9.93988,45.14532,0.0 9.93988,45.14532,0.0 9.93988,45.14532,0.0 9.93988,45.14532,0.0 9.93988,45.14532,0.0 9.93988,45.14532,0.0 9.93988,45.14532,0.0 9.93988,45.14532,0.0</coordinates>
                    </LineString>
                </Placemark>
                <Placemark id="426">
                    <name>Rota 18:44</name>
                    <styleUrl>#2</styleUrl>
                    <LineString id="425">
                        <altitudeMode>clampToGround</altitudeMode>
                        <coordinates>9.93988,45.14532,0.0 9.93988,45.14532,0.0 9.93988,45.14532,0.0 9.93988,45.14532,0.0 9.93988,45.14532,0.0 9.93988,45.14532,0.0 9.93988,45.14532,0.0 9.93988,45.14532,0.0 9.93988,45.14532,0.0 9.93988,45.14532,0.0 9.93988,45.14532,0.0 9.93988,45.14532,0.0 9.93988,45.14532,0.0 9.93988,45.14532,0.0 9.93988,45.14532,0.0 9.93988,45.14532,0.0 9.93988,45.14532,0.0 9.93988,45.14532,0.0 9.93988,45.14532,0.0 9.93988,45.14532,0.0 9.93988,45.14532,0.0 9.93988,45.14532,0.0 9.93988,45.14532,0.0 9.93988,45.14532,0.0 9.93988,45.14532,0.0 9.93988,45.14532,0.0 9.93988,45.14532,0.0 9.93988,45.14532,0.0 9.93988,45.14532,0.0 9.93988,45.14532,0.0 9.93988,45.14532,0.0 9.93988,45.14532,0.0 9.93988,45.14532,0.0 9.93983,45.14531,0.0 9.93983,45.14531,0.0 9.93983,45.14531,0.0 9.93983,45.14531,0.0 9.93983,45.14531,0.0 9.93983,45.14531,0.0 9.93983,45.14531,0.0 9.93983,45.14531,0.0 9.93983,45.14531,0.0 9.93983,45.14531,0.0 9.93983,45.14531,0.0 9.93983,45.14531,0.0 9.93983,45.14531,0.0 9.93983,45.14531,0.0 9.93983,45.14531,0.0 9.93983,45.14531,0.0 9.93983,45.14531,0.0 9.93983,45.14531,0.0 9.93983,45.14531,0.0 9.93983,45.14531,0.0 9.93983,45.14531,0.0 9.93983,45.14531,0.0 9.93983,45.14531,0.0 9.93983,45.14531,0.0 9.93983,45.14531,0.0 9.93983,45.14531,0.0 9.93983,45.14531,0.0 9.93983,45.14531,0.0</coordinates>
                    </LineString>
                </Placemark>
                <Placemark id="428">
                    <name>Rota 18:45</name>
                    <styleUrl>#2</styleUrl>
                    <LineString id="427">
                        <altitudeMode>clampToGround</altitudeMode>
                        <coordinates>9.93983,45.14531,0.0 9.93983,45.14531,0.0 9.93983,45.14531,0.0 9.93983,45.14531,0.0 9.93983,45.14531,0.0 9.93983,45.14531,0.0 9.93983,45.14531,0.0 9.93983,45.14531,0.0 9.93983,45.14531,0.0 9.93983,45.14531,0.0 9.93983,45.14531,0.0 9.93983,45.14531,0.0 9.93983,45.14531,0.0 9.93983,45.14531,0.0 9.93983,45.14531,0.0 9.93983,45.14531,0.0 9.93983,45.14531,0.0 9.93983,45.14531,0.0 9.93983,45.14531,0.0 9.93983,45.14531,0.0 9.93983,45.14531,0.0 9.93983,45.14531,0.0 9.93983,45.14531,0.0 9.93983,45.14531,0.0 9.93983,45.14531,0.0 9.93983,45.14531,0.0 9.93983,45.14531,0.0 9.93983,45.14531,0.0 9.93983,45.14531,0.0 9.93983,45.14531,0.0 9.93983,45.14531,0.0 9.93983,45.14531,0.0 9.93983,45.14531,0.0 9.93983,45.14531,0.0 9.93983,45.14531,0.0 9.93983,45.14531,0.0 9.93983,45.14531,0.0 9.93983,45.14531,0.0 9.93983,45.14531,0.0 9.93983,45.14531,0.0 9.93983,45.14531,0.0 9.93983,45.14531,0.0 9.93983,45.14531,0.0 9.93983,45.14531,0.0 9.93983,45.14531,0.0 9.93983,45.14531,0.0 9.93983,45.14531,0.0 9.93983,45.14531,0.0 9.93983,45.14531,0.0 9.93983,45.14531,0.0 9.93983,45.14531,0.0 9.93983,45.14531,0.0 9.93983,45.14531,0.0 9.93983,45.14531,0.0 9.93983,45.14531,0.0 9.93983,45.14531,0.0 9.93983,45.14531,0.0 9.93983,45.14531,0.0 9.93983,45.14531,0.0 9.93983,45.14531,0.0 9.93983,45.14531,0.0</coordinates>
                    </LineString>
                </Placemark>
                <Placemark id="430">
                    <name>Rota 18:46</name>
                    <styleUrl>#2</styleUrl>
                    <LineString id="429">
                        <altitudeMode>clampToGround</altitudeMode>
                        <coordinates>9.93983,45.14531,0.0 9.93983,45.14531,0.0 9.93983,45.14531,0.0 9.93983,45.14531,0.0 9.93983,45.14531,0.0 9.93983,45.14531,0.0 9.93983,45.14531,0.0 9.93983,45.14531,0.0 9.93983,45.14531,0.0 9.93983,45.14531,0.0 9.93983,45.14531,0.0 9.93983,45.14531,0.0 9.93983,45.14531,0.0 9.93983,45.14531,0.0 9.93983,45.14531,0.0 9.93983,45.14531,0.0 9.93983,45.14531,0.0 9.93983,45.14531,0.0 9.93983,45.14531,0.0 9.93983,45.14531,0.0 9.93983,45.14531,0.0 9.93983,45.14531,0.0 9.93983,45.14531,0.0 9.93983,45.14531,0.0 9.93983,45.14531,0.0 9.93983,45.14531,0.0 9.93983,45.14531,0.0 9.93983,45.14531,0.0 9.93983,45.14531,0.0 9.93983,45.14531,0.0 9.93983,45.14531,0.0 9.93983,45.14531,0.0 9.93983,45.14531,0.0 9.93983,45.14531,0.0 9.93983,45.14531,0.0 9.93983,45.14531,0.0 9.93983,45.14531,0.0 9.93983,45.14531,0.0 9.93983,45.14531,0.0 9.93983,45.14531,0.0 9.93983,45.14531,0.0 9.93983,45.14531,0.0 9.93983,45.14531,0.0 9.93983,45.14531,0.0 9.93983,45.14531,0.0 9.93983,45.14531,0.0 9.93983,45.14531,0.0 9.93983,45.14531,0.0 9.93983,45.14531,0.0 9.93983,45.14531,0.0 9.93983,45.14531,0.0 9.93983,45.14531,0.0 9.93983,45.14531,0.0 9.93983,45.14531,0.0 9.93983,45.14531,0.0 9.93983,45.14531,0.0 9.93983,45.14531,0.0 9.93983,45.14531,0.0 9.93983,45.14531,0.0 9.93983,45.14531,0.0 9.93984,45.1453,0.0</coordinates>
                    </LineString>
                </Placemark>
                <Placemark id="432">
                    <name>Rota 18:47</name>
                    <styleUrl>#2</styleUrl>
                    <LineString id="431">
                        <altitudeMode>clampToGround</altitudeMode>
                        <coordinates>9.93984,45.1453,0.0 9.93984,45.1453,0.0 9.93984,45.1453,0.0 9.93985,45.1453,0.0 9.93985,45.1453,0.0 9.93985,45.1453,0.0 9.93985,45.1453,0.0 9.93985,45.1453,0.0 9.93984,45.14532,0.0 9.93984,45.14532,0.0 9.93983,45.14532,0.0 9.93983,45.14532,0.0 9.93984,45.14531,0.0 9.93984,45.14531,0.0 9.93984,45.14531,0.0 9.93984,45.14531,0.0 9.93984,45.14531,0.0 9.93984,45.14531,0.0 9.93984,45.14531,0.0 9.93984,45.14531,0.0 9.93984,45.14531,0.0 9.93984,45.14531,0.0 9.93984,45.14531,0.0 9.93984,45.14531,0.0 9.93984,45.14531,0.0 9.93984,45.14531,0.0 9.93984,45.14531,0.0 9.93984,45.14531,0.0 9.93984,45.14531,0.0 9.93984,45.14531,0.0 9.93984,45.14531,0.0 9.93984,45.14531,0.0 9.93984,45.14531,0.0 9.93985,45.14531,0.0 9.93985,45.14531,0.0 9.93985,45.14531,0.0 9.93985,45.14531,0.0 9.93985,45.14531,0.0 9.93985,45.14531,0.0 9.93985,45.14531,0.0 9.93985,45.14531,0.0 9.93985,45.14531,0.0 9.93985,45.14531,0.0 9.93985,45.14531,0.0 9.93985,45.14531,0.0 9.93985,45.14531,0.0 9.93985,45.14531,0.0 9.93985,45.14531,0.0 9.93985,45.14531,0.0 9.93985,45.14531,0.0 9.93985,45.14531,0.0 9.93985,45.14531,0.0 9.93985,45.14531,0.0 9.93985,45.14531,0.0 9.93985,45.14531,0.0 9.93985,45.14531,0.0 9.93985,45.14531,0.0 9.93985,45.14531,0.0 9.93985,45.14531,0.0 9.93985,45.14531,0.0 9.93985,45.14531,0.0</coordinates>
                    </LineString>
                </Placemark>
                <Placemark id="434">
                    <name>Rota 18:48</name>
                    <styleUrl>#2</styleUrl>
                    <LineString id="433">
                        <altitudeMode>clampToGround</altitudeMode>
                        <coordinates>9.93985,45.14531,0.0 9.93985,45.14531,0.0 9.93984,45.14534,0.0 9.93984,45.14534,0.0 9.93984,45.14534,0.0 9.93983,45.14534,0.0 9.93983,45.14534,0.0 9.93983,45.14534,0.0 9.93983,45.14534,0.0 9.93983,45.14534,0.0 9.93983,45.14534,0.0 9.93983,45.14534,0.0 9.93983,45.14534,0.0 9.93983,45.14534,0.0 9.93983,45.14534,0.0 9.93983,45.14534,0.0 9.93983,45.14534,0.0 9.93983,45.14534,0.0 9.93983,45.14534,0.0 9.93983,45.14534,0.0 9.93983,45.14534,0.0 9.93983,45.14534,0.0 9.93983,45.14534,0.0 9.93983,45.14534,0.0 9.93983,45.14534,0.0 9.93983,45.14534,0.0 9.93983,45.14534,0.0 9.93983,45.14534,0.0 9.93983,45.14534,0.0 9.93983,45.14534,0.0 9.93983,45.14534,0.0 9.93983,45.14534,0.0 9.93983,45.14534,0.0 9.93983,45.14534,0.0 9.93983,45.14534,0.0 9.93983,45.14534,0.0 9.93983,45.14534,0.0 9.93983,45.14534,0.0 9.93983,45.14534,0.0 9.93983,45.14534,0.0 9.93983,45.14534,0.0 9.93983,45.14534,0.0 9.93983,45.14534,0.0 9.93983,45.14534,0.0 9.93983,45.14534,0.0 9.93983,45.14534,0.0 9.93983,45.14534,0.0 9.93983,45.14534,0.0 9.93983,45.14534,0.0 9.93983,45.14534,0.0 9.93983,45.14534,0.0 9.93983,45.14534,0.0 9.93983,45.14534,0.0 9.93983,45.14534,0.0 9.93983,45.14534,0.0 9.93983,45.14534,0.0 9.93983,45.14534,0.0 9.93983,45.14534,0.0 9.93983,45.14534,0.0 9.93983,45.14534,0.0 9.93983,45.14534,0.0</coordinates>
                    </LineString>
                </Placemark>
                <Placemark id="436">
                    <name>Rota 18:49</name>
                    <styleUrl>#2</styleUrl>
                    <LineString id="435">
                        <altitudeMode>clampToGround</altitudeMode>
                        <coordinates>9.93983,45.14534,0.0 9.93983,45.14534,0.0 9.93983,45.14534,0.0 9.93983,45.14534,0.0 9.93983,45.14534,0.0 9.93983,45.14534,0.0 9.93983,45.14534,0.0 9.93983,45.14534,0.0 9.93983,45.14534,0.0 9.93983,45.14534,0.0 9.93983,45.14534,0.0 9.93983,45.14534,0.0 9.93983,45.14534,0.0 9.93983,45.14534,0.0 9.93983,45.14534,0.0 9.93983,45.14534,0.0 9.93983,45.14534,0.0 9.93983,45.14534,0.0 9.93983,45.14534,0.0 9.93983,45.14534,0.0 9.93983,45.14534,0.0 9.93983,45.14534,0.0 9.93983,45.14534,0.0 9.93983,45.14534,0.0 9.93983,45.14534,0.0 9.93983,45.14534,0.0 9.93983,45.14534,0.0 9.93983,45.14534,0.0 9.93983,45.14534,0.0 9.93983,45.14534,0.0 9.93983,45.14534,0.0 9.93983,45.14534,0.0 9.93983,45.14534,0.0 9.93983,45.14534,0.0 9.93983,45.14534,0.0 9.93983,45.14531,0.0 9.93983,45.1453,0.0 9.93982,45.1453,0.0 9.93983,45.1453,0.0 9.93983,45.1453,0.0 9.93983,45.1453,0.0 9.93983,45.1453,0.0 9.93983,45.1453,0.0 9.93987,45.1453,0.0 9.93987,45.1453,0.0 9.93988,45.1453,0.0 9.93988,45.14531,0.0 9.93988,45.14531,0.0 9.93988,45.14531,0.0 9.93988,45.14531,0.0 9.93988,45.14531,0.0 9.93988,45.14531,0.0 9.93988,45.14531,0.0 9.93988,45.14531,0.0 9.93988,45.14531,0.0 9.93988,45.14531,0.0 9.93988,45.14531,0.0 9.93988,45.14531,0.0 9.93988,45.14531,0.0 9.93988,45.14531,0.0 9.93988,45.14531,0.0</coordinates>
                    </LineString>
                </Placemark>
            </Folder>
            <Folder id="437">
                <name>18:50 – 18:59</name>
                <Placemark id="439">
                    <name>Rota 18:50</name>
                    <styleUrl>#2</styleUrl>
                    <LineString id="438">
                        <altitudeMode>clampToGround</altitudeMode>
                        <coordinates>9.93988,45.14531,0.0 9.93988,45.14531,0.0 9.93988,45.14531,0.0 9.93988,45.14531,0.0 9.93988,45.14531,0.0 9.93988,45.14531,0.0 9.93988,45.14531,0.0 9.93988,45.14531,0.0 9.93988,45.14531,0.0 9.93988,45.14531,0.0 9.93988,45.14531,0.0 9.93988,45.14531,0.0 9.93988,45.14531,0.0 9.93988,45.14531,0.0 9.93988,45.14531,0.0 9.93988,45.14531,0.0 9.93988,45.14531,0.0 9.93988,45.14531,0.0 9.93988,45.14531,0.0 9.93988,45.14531,0.0 9.93988,45.14531,0.0 9.93988,45.14531,0.0 9.93988,45.14531,0.0 9.93988,45.14531,0.0 9.93988,45.14531,0.0 9.93988,45.14531,0.0 9.93988,45.14531,0.0 9.93988,45.14531,0.0 9.93988,45.14531,0.0 9.93988,45.14531,0.0 9.93988,45.14531,0.0 9.93988,45.14531,0.0 9.93988,45.14531,0.0 9.93988,45.14531,0.0 9.93988,45.14531,0.0 9.93988,45.14531,0.0 9.93988,45.14531,0.0 9.93988,45.14531,0.0 9.93988,45.14531,0.0 9.93988,45.14531,0.0 9.93988,45.14531,0.0 9.93988,45.14531,0.0 9.93988,45.14531,0.0 9.93988,45.14531,0.0 9.93988,45.14531,0.0 9.93988,45.14531,0.0 9.93988,45.14531,0.0 9.93988,45.14531,0.0 9.93988,45.14531,0.0 9.93988,45.14531,0.0 9.93988,45.14531,0.0 9.93988,45.14531,0.0 9.93988,45.14531,0.0 9.93988,45.14531,0.0 9.93988,45.14531,0.0 9.93988,45.14531,0.0 9.93988,45.14531,0.0 9.93988,45.14531,0.0 9.93988,45.14531,0.0 9.93988,45.14531,0.0 9.93988,45.14531,0.0</coordinates>
                    </LineString>
                </Placemark>
                <Placemark id="441">
                    <name>Rota 18:51</name>
                    <styleUrl>#2</styleUrl>
                    <LineString id="440">
                        <altitudeMode>clampToGround</altitudeMode>
                        <coordinates>9.93988,45.14531,0.0 9.93988,45.14531,0.0 9.93988,45.14531,0.0 9.93988,45.14531,0.0 9.93988,45.14531,0.0 9.93988,45.14531,0.0 9.93988,45.14531,0.0 9.93988,45.14531,0.0 9.93988,45.14531,0.0 9.93988,45.14531,0.0 9.93988,45.14531,0.0 9.93988,45.14531,0.0 9.93988,45.14531,0.0 9.93988,45.14531,0.0 9.93983,45.14532,0.0 9.93983,45.14532,0.0 9.93983,45.14532,0.0 9.93983,45.14532,0.0 9.93983,45.14531,0.0 9.93983,45.14531,0.0 9.93983,45.14531,0.0 9.93983,45.14531,0.0 9.93983,45.14531,0.0 9.93983,45.14531,0.0 9.93983,45.14531,0.0 9.93983,45.14531,0.0 9.93983,45.14531,0.0 9.93983,45.14531,0.0 9.93983,45.14531,0.0 9.93983,45.14531,0.0 9.93983,45.14531,0.0 9.93983,45.14531,0.0 9.93983,45.14531,0.0 9.93983,45.14531,0.0 9.93983,45.14531,0.0 9.93983,45.14531,0.0 9.93983,45.14531,0.0 9.93983,45.14531,0.0 9.93983,45.14531,0.0 9.93983,45.14531,0.0 9.93983,45.14531,0.0 9.93983,45.14531,0.0 9.93983,45.14531,0.0 9.93983,45.14531,0.0 9.93983,45.14531,0.0 9.93983,45.14531,0.0 9.93983,45.14531,0.0 9.93983,45.14531,0.0 9.93983,45.14531,0.0 9.93983,45.14531,0.0 9.93983,45.14531,0.0 9.93983,45.14531,0.0 9.93983,45.14531,0.0 9.93983,45.14531,0.0 9.93983,45.14531,0.0 9.93983,45.14531,0.0 9.93983,45.14531,0.0 9.93983,45.14531,0.0 9.93983,45.14531,0.0 9.93983,45.14531,0.0 9.93983,45.14531,0.0</coordinates>
                    </LineString>
                </Placemark>
                <Placemark id="443">
                    <name>Rota 18:52</name>
                    <styleUrl>#2</styleUrl>
                    <LineString id="442">
                        <altitudeMode>clampToGround</altitudeMode>
                        <coordinates>9.93983,45.14531,0.0 9.93983,45.14531,0.0 9.93983,45.14531,0.0 9.93983,45.14531,0.0 9.93983,45.14531,0.0 9.93983,45.14531,0.0 9.93983,45.14531,0.0 9.93983,45.14531,0.0 9.93983,45.14531,0.0 9.93983,45.14531,0.0 9.93983,45.14531,0.0 9.93983,45.14531,0.0 9.93983,45.14531,0.0 9.93983,45.14531,0.0 9.93983,45.14531,0.0 9.93983,45.14531,0.0 9.93983,45.14531,0.0 9.93983,45.14531,0.0 9.93983,45.14531,0.0 9.93983,45.14531,0.0 9.93983,45.14531,0.0 9.93983,45.14531,0.0 9.93983,45.14531,0.0 9.93983,45.14531,0.0 9.93983,45.14531,0.0 9.93983,45.14531,0.0 9.93983,45.14531,0.0 9.93983,45.14531,0.0 9.93983,45.14531,0.0 9.93983,45.14531,0.0 9.93983,45.14531,0.0 9.93983,45.14531,0.0 9.93983,45.14531,0.0 9.93983,45.14531,0.0 9.93983,45.14531,0.0 9.93983,45.14531,0.0 9.93983,45.14531,0.0 9.93983,45.14531,0.0 9.93983,45.14531,0.0 9.93983,45.14531,0.0 9.93983,45.14531,0.0 9.93983,45.14531,0.0 9.93983,45.14531,0.0 9.93983,45.14531,0.0 9.93983,45.14531,0.0 9.93983,45.14531,0.0 9.93983,45.14531,0.0 9.93983,45.14531,0.0 9.93983,45.14531,0.0 9.93983,45.14531,0.0 9.93983,45.14531,0.0 9.93983,45.14531,0.0 9.93983,45.14531,0.0 9.93982,45.1453,0.0 9.93981,45.1453,0.0 9.93981,45.1453,0.0 9.93981,45.1453,0.0 9.93982,45.14529,0.0 9.93982,45.14529,0.0 9.93982,45.14529,0.0 9.93982,45.14529,0.0</coordinates>
                    </LineString>
                </Placemark>
                <Placemark id="445">
                    <name>Rota 18:53</name>
                    <styleUrl>#2</styleUrl>
                    <LineString id="444">
                        <altitudeMode>clampToGround</altitudeMode>
                        <coordinates>9.93982,45.14529,0.0 9.93982,45.14529,0.0 9.93982,45.14529,0.0 9.93982,45.14529,0.0 9.93982,45.14529,0.0 9.93982,45.14529,0.0 9.93982,45.14529,0.0 9.93982,45.14529,0.0 9.93982,45.14529,0.0 9.93982,45.14529,0.0 9.93982,45.14529,0.0 9.93982,45.14529,0.0 9.93982,45.14529,0.0 9.93982,45.14529,0.0 9.93982,45.14529,0.0 9.93982,45.14529,0.0 9.93982,45.14529,0.0 9.93982,45.14529,0.0 9.93982,45.14529,0.0 9.93982,45.14529,0.0 9.93982,45.14529,0.0 9.93982,45.14529,0.0 9.93982,45.14529,0.0 9.93982,45.14529,0.0 9.93982,45.14529,0.0 9.93982,45.14529,0.0 9.93982,45.14529,0.0 9.93982,45.14529,0.0 9.93982,45.14529,0.0 9.93982,45.14529,0.0 9.93982,45.14529,0.0 9.93982,45.14529,0.0 9.93982,45.14529,0.0 9.93982,45.14529,0.0 9.93982,45.14529,0.0 9.93982,45.14529,0.0 9.93982,45.14529,0.0 9.93982,45.14529,0.0 9.93982,45.14529,0.0 9.93982,45.14529,0.0 9.93982,45.14529,0.0 9.93982,45.14529,0.0 9.93982,45.14529,0.0 9.93982,45.14529,0.0 9.93982,45.14529,0.0 9.93982,45.14529,0.0 9.93982,45.14529,0.0 9.93982,45.14529,0.0 9.93982,45.14529,0.0 9.93982,45.14529,0.0 9.93982,45.14529,0.0 9.93982,45.14529,0.0 9.93982,45.14529,0.0 9.93982,45.14529,0.0 9.93982,45.14529,0.0 9.93983,45.14529,0.0 9.93983,45.14529,0.0 9.93983,45.14529,0.0 9.93983,45.14529,0.0 9.93985,45.1453,0.0 9.93985,45.1453,0.0</coordinates>
                    </LineString>
                </Placemark>
                <Placemark id="447">
                    <name>Rota 18:54</name>
                    <styleUrl>#2</styleUrl>
                    <LineString id="446">
                        <altitudeMode>clampToGround</altitudeMode>
                        <coordinates>9.93985,45.1453,0.0 9.93985,45.14531,0.0 9.93985,45.14531,0.0 9.93985,45.14532,0.0 9.93985,45.14532,0.0 9.93985,45.14532,0.0 9.93985,45.14532,0.0 9.93985,45.14532,0.0 9.93985,45.14532,0.0 9.93985,45.14532,0.0 9.93985,45.14532,0.0 9.93983,45.1453,0.0 9.93983,45.1453,0.0 9.93984,45.1453,0.0 9.93984,45.1453,0.0 9.93984,45.1453,0.0 9.93984,45.1453,0.0 9.93984,45.1453,0.0 9.93984,45.1453,0.0 9.93986,45.14532,0.0 9.93986,45.14532,0.0 9.93986,45.14532,0.0 9.93986,45.14533,0.0 9.93986,45.14533,0.0 9.93986,45.14533,0.0 9.93986,45.14533,0.0 9.93986,45.14533,0.0 9.93986,45.14533,0.0 9.93986,45.14533,0.0 9.93986,45.14533,0.0 9.93986,45.14533,0.0 9.93984,45.14531,0.0 9.93984,45.14531,0.0 9.93984,45.14531,0.0 9.93983,45.1453,0.0 9.93984,45.1453,0.0 9.93984,45.1453,0.0 9.93985,45.1453,0.0 9.93985,45.1453,0.0 9.93985,45.1453,0.0 9.93985,45.1453,0.0 9.93985,45.1453,0.0 9.93985,45.1453,0.0 9.93985,45.1453,0.0 9.93985,45.1453,0.0 9.93985,45.1453,0.0 9.93985,45.1453,0.0 9.93985,45.1453,0.0 9.93985,45.1453,0.0 9.93985,45.1453,0.0 9.93985,45.1453,0.0 9.93985,45.1453,0.0 9.93985,45.1453,0.0 9.93985,45.1453,0.0 9.93985,45.1453,0.0 9.93985,45.1453,0.0 9.93985,45.1453,0.0 9.93985,45.1453,0.0 9.93987,45.14532,0.0 9.93987,45.14531,0.0 9.93986,45.14531,0.0</coordinates>
                    </LineString>
                </Placemark>
                <Placemark id="449">
                    <name>Rota 18:55</name>
                    <styleUrl>#2</styleUrl>
                    <LineString id="448">
                        <altitudeMode>clampToGround</altitudeMode>
                        <coordinates>9.93986,45.14531,0.0 9.93986,45.14531,0.0 9.93986,45.14531,0.0 9.93986,45.14531,0.0 9.93986,45.14531,0.0 9.93986,45.14531,0.0 9.93986,45.14531,0.0 9.93986,45.14531,0.0 9.93986,45.14531,0.0 9.93986,45.14531,0.0 9.93986,45.14531,0.0 9.93986,45.14531,0.0 9.93986,45.14531,0.0 9.93988,45.14532,0.0 9.93988,45.14532,0.0 9.93988,45.14533,0.0 9.93988,45.14533,0.0 9.93988,45.14533,0.0 9.93988,45.14533,0.0 9.93988,45.14533,0.0 9.93988,45.14533,0.0 9.93988,45.14533,0.0 9.93988,45.14533,0.0 9.93988,45.14533,0.0 9.93988,45.14533,0.0 9.93988,45.14533,0.0 9.93988,45.14533,0.0 9.93986,45.14531,0.0 9.93985,45.1453,0.0 9.93985,45.1453,0.0 9.93985,45.1453,0.0 9.93985,45.1453,0.0 9.93985,45.1453,0.0 9.93985,45.1453,0.0 9.93985,45.1453,0.0 9.93985,45.1453,0.0 9.93985,45.1453,0.0 9.93985,45.1453,0.0 9.93985,45.1453,0.0 9.93985,45.1453,0.0 9.93988,45.14531,0.0 9.93989,45.14532,0.0 9.93988,45.14532,0.0 9.93988,45.14533,0.0 9.93988,45.14533,0.0 9.93987,45.14533,0.0 9.93987,45.14532,0.0 9.93987,45.14532,0.0 9.93987,45.14531,0.0 9.93987,45.14531,0.0 9.93987,45.14531,0.0 9.93986,45.1453,0.0 9.93986,45.1453,0.0 9.93986,45.1453,0.0 9.93986,45.1453,0.0 9.93986,45.1453,0.0 9.93986,45.1453,0.0 9.93986,45.1453,0.0 9.93986,45.1453,0.0 9.93988,45.14531,0.0 9.93988,45.14531,0.0</coordinates>
                    </LineString>
                </Placemark>
                <Placemark id="451">
                    <name>Rota 18:56</name>
                    <styleUrl>#2</styleUrl>
                    <LineString id="450">
                        <altitudeMode>clampToGround</altitudeMode>
                        <coordinates>9.93988,45.14531,0.0 9.93989,45.14532,0.0 9.93988,45.14532,0.0 9.93988,45.14532,0.0 9.93988,45.14532,0.0 9.93988,45.14532,0.0 9.93988,45.14532,0.0 9.93988,45.14532,0.0 9.93988,45.14532,0.0 9.93988,45.14532,0.0 9.93988,45.14532,0.0 9.93988,45.14532,0.0 9.93986,45.1453,0.0 9.93986,45.1453,0.0 9.93986,45.1453,0.0 9.93985,45.14529,0.0 9.93986,45.14529,0.0 9.93986,45.14529,0.0 9.93986,45.14529,0.0 9.93986,45.14529,0.0 9.93986,45.14529,0.0 9.93986,45.14529,0.0 9.93986,45.14529,0.0 9.93986,45.14529,0.0 9.93986,45.14529,0.0 9.93989,45.14531,0.0 9.93989,45.14531,0.0 9.93989,45.14531,0.0 9.93989,45.14532,0.0 9.93989,45.14532,0.0 9.93989,45.14532,0.0 9.93989,45.14532,0.0 9.93989,45.14532,0.0 9.93989,45.14532,0.0 9.93989,45.14532,0.0 9.93989,45.14532,0.0 9.93989,45.14532,0.0 9.93989,45.14532,0.0 9.93986,45.14531,0.0 9.93985,45.1453,0.0 9.93985,45.1453,0.0 9.93985,45.1453,0.0 9.93985,45.1453,0.0 9.93985,45.1453,0.0 9.93985,45.1453,0.0 9.93985,45.1453,0.0 9.93985,45.1453,0.0 9.93985,45.1453,0.0 9.93985,45.1453,0.0 9.93988,45.14531,0.0 9.93989,45.14531,0.0 9.93989,45.14531,0.0 9.93988,45.14531,0.0 9.93988,45.14531,0.0 9.93988,45.14532,0.0 9.93988,45.14532,0.0 9.93988,45.14532,0.0 9.93988,45.14532,0.0 9.93988,45.14532,0.0 9.93988,45.14532,0.0 9.93988,45.14532,0.0</coordinates>
                    </LineString>
                </Placemark>
                <Placemark id="453">
                    <name>Rota 18:57</name>
                    <styleUrl>#2</styleUrl>
                    <LineString id="452">
                        <altitudeMode>clampToGround</altitudeMode>
                        <coordinates>9.93988,45.14532,0.0 9.93988,45.14532,0.0 9.93988,45.14532,0.0 9.93988,45.14532,0.0 9.93988,45.14532,0.0 9.93988,45.14532,0.0 9.93988,45.14532,0.0 9.93988,45.14532,0.0 9.93988,45.14532,0.0 9.93988,45.14532,0.0 9.93988,45.14532,0.0 9.93988,45.14532,0.0 9.93988,45.14532,0.0 9.93988,45.14532,0.0 9.93988,45.14532,0.0 9.93988,45.14532,0.0 9.93988,45.14532,0.0 9.93988,45.14532,0.0 9.93988,45.14532,0.0 9.93988,45.14532,0.0 9.93988,45.14532,0.0 9.93988,45.14532,0.0 9.93988,45.14532,0.0 9.93988,45.14532,0.0 9.93988,45.14532,0.0 9.93988,45.14532,0.0 9.93988,45.14532,0.0 9.93988,45.14532,0.0 9.93988,45.14532,0.0 9.93988,45.14532,0.0 9.93988,45.14532,0.0 9.93988,45.14532,0.0 9.93988,45.14532,0.0 9.93988,45.14532,0.0 9.93988,45.14532,0.0 9.93988,45.14532,0.0 9.93988,45.14532,0.0 9.93988,45.14532,0.0 9.93988,45.14532,0.0 9.93988,45.14532,0.0 9.93988,45.14532,0.0 9.93988,45.14532,0.0 9.93988,45.14532,0.0 9.93988,45.14532,0.0 9.93988,45.14532,0.0 9.93988,45.14532,0.0 9.93988,45.14532,0.0 9.93988,45.14532,0.0 9.93988,45.14532,0.0 9.93988,45.14532,0.0 9.93988,45.14532,0.0 9.93988,45.14532,0.0 9.93988,45.14532,0.0 9.93988,45.14532,0.0 9.93988,45.14532,0.0 9.93988,45.14532,0.0 9.93988,45.14532,0.0 9.93988,45.14532,0.0 9.93988,45.14532,0.0 9.93988,45.14532,0.0 9.93988,45.14532,0.0</coordinates>
                    </LineString>
                </Placemark>
                <Placemark id="455">
                    <name>Rota 18:58</name>
                    <styleUrl>#2</styleUrl>
                    <LineString id="454">
                        <altitudeMode>clampToGround</altitudeMode>
                        <coordinates>9.93988,45.14532,0.0 9.93988,45.14532,0.0 9.93988,45.14532,0.0 9.93988,45.14532,0.0 9.93988,45.14532,0.0 9.93988,45.14532,0.0 9.93988,45.14532,0.0 9.93988,45.14532,0.0 9.93988,45.14532,0.0 9.93988,45.14532,0.0 9.93989,45.1453,0.0 9.93989,45.1453,0.0 9.93989,45.1453,0.0 9.93989,45.14529,0.0 9.93989,45.14529,0.0 9.93989,45.14529,0.0 9.93989,45.14529,0.0 9.93989,45.14529,0.0 9.93989,45.14529,0.0 9.93989,45.14529,0.0 9.93989,45.14529,0.0 9.93989,45.14529,0.0 9.93989,45.14529,0.0 9.93989,45.14529,0.0 9.93992,45.14526,0.0 9.93992,45.14526,0.0 9.93992,45.14526,0.0 9.9399,45.14524,0.0 9.9399,45.14523,0.0 9.93989,45.14523,0.0 9.93989,45.14522,0.0 9.93989,45.14522,0.0 9.93988,45.14522,0.0 9.93987,45.14521,0.0 9.93986,45.14521,0.0 9.93986,45.14521,0.0 9.93986,45.14521,0.0 9.93986,45.14521,0.0 9.93986,45.14521,0.0 9.93986,45.14521,0.0 9.93986,45.14521,0.0 9.93986,45.14521,0.0 9.93986,45.14521,0.0 9.93986,45.14521,0.0 9.93986,45.14521,0.0 9.93986,45.14521,0.0 9.93986,45.14521,0.0 9.93986,45.14521,0.0 9.93986,45.14521,0.0 9.93986,45.14521,0.0 9.93986,45.14521,0.0 9.93986,45.14521,0.0 9.93986,45.14521,0.0 9.93986,45.14521,0.0 9.93986,45.14521,0.0 9.93986,45.14521,0.0 9.93986,45.14521,0.0 9.93986,45.14521,0.0 9.93986,45.14521,0.0 9.93982,45.14516,0.0 9.93981,45.14515,0.0</coordinates>
                    </LineString>
                </Placemark>
                <Placemark id="457">
                    <name>Rota 18:59</name>
                    <styleUrl>#2</styleUrl>
                    <LineString id="456">
                        <altitudeMode>clampToGround</altitudeMode>
                        <coordinates>9.93981,45.14515,0.0 9.9398,45.14515,0.0 9.9398,45.14514,0.0 9.93979,45.14514,0.0 9.93979,45.14514,0.0 9.93978,45.14513,0.0 9.93977,45.14513,0.0 9.93974,45.14512,0.0 9.93973,45.14512,0.0 9.93971,45.14512,0.0 9.93969,45.14512,0.0 9.93967,45.14512,0.0 9.93967,45.14512,0.0 9.93965,45.14513,0.0 9.93961,45.14514,0.0 9.93959,45.14515,0.0 9.93957,45.14516,0.0 9.93956,45.14516,0.0 9.93956,45.14516,0.0 9.93954,45.14517,0.0 9.93953,45.14518,0.0 9.93952,45.14518,0.0 9.93952,45.14518,0.0 9.93952,45.14518,0.0 9.93952,45.14518,0.0 9.93952,45.14518,0.0 9.93952,45.14518,0.0 9.93952,45.14518,0.0 9.93952,45.14518,0.0 9.93952,45.14518,0.0 9.93952,45.14518,0.0 9.93952,45.14518,0.0 9.93952,45.14518,0.0 9.93952,45.14518,0.0 9.93952,45.14518,0.0 9.93952,45.14518,0.0 9.93952,45.14518,0.0 9.93952,45.14518,0.0 9.93952,45.14518,0.0 9.93952,45.14518,0.0 9.93952,45.14518,0.0 9.93952,45.14518,0.0 9.93952,45.14518,0.0 9.93952,45.14518,0.0 9.93952,45.14518,0.0 9.93952,45.14518,0.0 9.93952,45.14518,0.0 9.93952,45.14518,0.0 9.93952,45.14518,0.0 9.93952,45.14518,0.0 9.93952,45.14518,0.0 9.93952,45.14518,0.0 9.93952,45.14518,0.0 9.93952,45.14518,0.0 9.93943,45.14523,0.0 9.93943,45.14523,0.0 9.93942,45.14523,0.0 9.93942,45.14523,0.0 9.93941,45.14523,0.0 9.9394,45.14524,0.0 9.9394,45.14524,0.0</coordinates>
                    </LineString>
                </Placemark>
            </Folder>
        </Folder>
        <Folder id="458">
            <name>2026-09-24 19:00</name>
            <Folder id="459">
                <name>19:00 – 19:09</name>
                <Placemark id="461">
                    <name>Rota 19:00</name>
                    <styleUrl>#2</styleUrl>
                    <LineString id="460">
                        <altitudeMode>clampToGround</altitudeMode>
                        <coordinates>9.9394,45.14524,0.0 9.9394,45.14524,0.0 9.93939,45.14524,0.0 9.9394,45.14523,0.0 9.9394,45.14523,0.0 9.9394,45.14523,0.0 9.9394,45.14523,0.0 9.9394,45.14523,0.0 9.9394,45.14523,0.0 9.9394,45.14523,0.0 9.9394,45.14523,0.0 9.9394,45.14523,0.0 9.9394,45.14523,0.0 9.9394,45.14523,0.0 9.9394,45.14523,0.0 9.9394,45.14523,0.0 9.9394,45.14523,0.0 9.9394,45.14523,0.0 9.9394,45.14523,0.0 9.9394,45.14523,0.0 9.9394,45.14523,0.0 9.9394,45.14523,0.0 9.9394,45.14523,0.0 9.9394,45.14523,0.0 9.9394,45.14523,0.0 9.9394,45.14523,0.0 9.9394,45.14523,0.0 9.9394,45.14523,0.0 9.9394,45.14523,0.0 9.9394,45.14523,0.0 9.9394,45.14523,0.0 9.9394,45.14523,0.0 9.9394,45.14523,0.0 9.9394,45.14523,0.0 9.9394,45.14523,0.0 9.9394,45.14523,0.0 9.9394,45.14523,0.0 9.9394,45.14523,0.0 9.9394,45.14523,0.0 9.9394,45.14523,0.0 9.9394,45.14523,0.0 9.9394,45.14523,0.0 9.9394,45.14523,0.0 9.9394,45.14523,0.0 9.9394,45.14523,0.0 9.9394,45.14523,0.0 9.9394,45.14523,0.0 9.9394,45.14523,0.0 9.9394,45.14523,0.0 9.9394,45.14523,0.0 9.9394,45.14523,0.0 9.9394,45.14523,0.0 9.9394,45.14523,0.0 9.9394,45.14523,0.0 9.9394,45.14523,0.0 9.9394,45.14523,0.0 9.9394,45.14523,0.0 9.9394,45.14523,0.0 9.9394,45.14523,0.0 9.9394,45.14523,0.0 9.9394,45.14523,0.0</coordinates>
                    </LineString>
                </Placemark>
                <Placemark id="463">
                    <name>Rota 19:01</name>
                    <styleUrl>#2</styleUrl>
                    <LineString id="462">
                        <altitudeMode>clampToGround</altitudeMode>
                        <coordinates>9.9394,45.14523,0.0 9.9394,45.14523,0.0 9.9394,45.14523,0.0 9.9394,45.14523,0.0 9.9394,45.14523,0.0 9.9394,45.14523,0.0 9.9394,45.14523,0.0 9.9394,45.14523,0.0 9.9394,45.14523,0.0 9.9394,45.14523,0.0 9.9394,45.14523,0.0 9.9394,45.14523,0.0 9.9394,45.14523,0.0 9.9394,45.14523,0.0 9.9394,45.14523,0.0 9.9394,45.14523,0.0 9.9394,45.14523,0.0 9.9394,45.14523,0.0 9.9394,45.14523,0.0 9.9394,45.14523,0.0 9.9394,45.14523,0.0 9.9394,45.14523,0.0 9.9394,45.14523,0.0 9.9394,45.14523,0.0 9.9394,45.14523,0.0 9.9394,45.14523,0.0 9.9394,45.14523,0.0 9.9394,45.14523,0.0 9.9394,45.14523,0.0 9.9394,45.14523,0.0 9.9394,45.14523,0.0 9.9394,45.14523,0.0 9.9394,45.14523,0.0 9.9394,45.14523,0.0 9.9394,45.14523,0.0 9.9394,45.14523,0.0 9.9394,45.14523,0.0 9.9394,45.14523,0.0 9.9394,45.14523,0.0 9.9394,45.14523,0.0 9.9394,45.14523,0.0 9.9394,45.14523,0.0 9.9394,45.14523,0.0 9.9394,45.14523,0.0 9.9394,45.14523,0.0 9.9394,45.14523,0.0 9.93948,45.14525,0.0 9.93949,45.14525,0.0 9.93949,45.14525,0.0 9.9395,45.14524,0.0 9.93951,45.14523,0.0 9.93953,45.14522,0.0 9.93954,45.14522,0.0 9.93955,45.14521,0.0 9.93955,45.14521,0.0 9.93955,45.14521,0.0 9.93956,45.14521,0.0 9.93957,45.1452,0.0 9.93958,45.1452,0.0 9.93959,45.1452,0.0 9.9396,45.1452,0.0</coordinates>
                    </LineString>
                </Placemark>
                <Placemark id="465">
                    <name>Rota 19:02</name>
                    <styleUrl>#2</styleUrl>
                    <LineString id="464">
                        <altitudeMode>clampToGround</altitudeMode>
                        <coordinates>9.9396,45.1452,0.0 9.9396,45.1452,0.0 9.93961,45.1452,0.0 9.93962,45.1452,0.0 9.93963,45.1452,0.0 9.93964,45.1452,0.0 9.93965,45.1452,0.0 9.93965,45.1452,0.0 9.93969,45.1452,0.0 9.93971,45.1452,0.0 9.93973,45.1452,0.0 9.93975,45.14521,0.0 9.93975,45.14521,0.0 9.93976,45.14522,0.0 9.93978,45.14524,0.0 9.93979,45.14525,0.0 9.9398,45.14526,0.0 9.9398,45.14526,0.0 9.93982,45.14526,0.0 9.93982,45.14526,0.0 9.93983,45.14527,0.0 9.93986,45.14528,0.0 9.93987,45.14528,0.0 9.93988,45.14528,0.0 9.93989,45.14529,0.0 9.93989,45.14529,0.0 9.9399,45.14529,0.0 9.9399,45.14529,0.0 9.93991,45.14529,0.0 9.9399,45.14529,0.0 9.9399,45.14529,0.0 9.9399,45.14529,0.0 9.9399,45.14529,0.0 9.9399,45.14529,0.0 9.9399,45.14529,0.0 9.93992,45.14528,0.0 9.93992,45.14528,0.0 9.93992,45.14528,0.0 9.93992,45.14528,0.0 9.93992,45.14528,0.0 9.93992,45.14528,0.0 9.93992,45.14528,0.0 9.93992,45.14528,0.0 9.93992,45.14528,0.0 9.93992,45.14528,0.0 9.93992,45.14528,0.0 9.93992,45.14528,0.0 9.93992,45.14528,0.0 9.93992,45.14528,0.0 9.93992,45.14528,0.0 9.93992,45.14528,0.0 9.93992,45.14528,0.0 9.93994,45.14531,0.0 9.93994,45.14531,0.0 9.93994,45.14531,0.0 9.93993,45.14531,0.0 9.93992,45.14532,0.0 9.93992,45.14532,0.0 9.93992,45.14531,0.0 9.93992,45.14531,0.0 9.93992,45.14531,0.0</coordinates>
                    </LineString>
                </Placemark>
                <Placemark id="467">
                    <name>Rota 19:03</name>
                    <styleUrl>#2</styleUrl>
                    <LineString id="466">
                        <altitudeMode>clampToGround</altitudeMode>
                        <coordinates>9.93992,45.14531,0.0 9.93992,45.14531,0.0 9.93992,45.14531,0.0 9.93991,45.14529,0.0 9.93991,45.14529,0.0 9.93991,45.14529,0.0 9.93991,45.14529,0.0 9.93991,45.14529,0.0 9.93991,45.14529,0.0 9.93991,45.14529,0.0 9.93991,45.14529,0.0 9.93991,45.14529,0.0 9.93991,45.14529,0.0 9.93991,45.14529,0.0 9.93991,45.14529,0.0 9.93991,45.14529,0.0 9.93991,45.14529,0.0 9.93991,45.14529,0.0 9.93991,45.14529,0.0 9.93991,45.14529,0.0 9.93991,45.14529,0.0 9.93991,45.14529,0.0 9.93994,45.14533,0.0 9.93993,45.14533,0.0 9.93992,45.14533,0.0 9.93992,45.14533,0.0 9.93992,45.14533,0.0 9.93992,45.14533,0.0 9.93992,45.14533,0.0 9.93992,45.14533,0.0 9.93992,45.14531,0.0 9.93992,45.14531,0.0 9.93992,45.14531,0.0 9.93991,45.1453,0.0 9.93991,45.1453,0.0 9.93991,45.1453,0.0 9.93991,45.1453,0.0 9.93991,45.1453,0.0 9.93991,45.1453,0.0 9.93991,45.1453,0.0 9.93991,45.1453,0.0 9.93991,45.1453,0.0 9.93991,45.1453,0.0 9.93991,45.1453,0.0 9.93991,45.1453,0.0 9.93991,45.1453,0.0 9.93991,45.1453,0.0 9.93991,45.1453,0.0 9.93991,45.1453,0.0 9.93991,45.1453,0.0 9.93994,45.14532,0.0 9.93994,45.14533,0.0 9.93993,45.14533,0.0 9.93993,45.14533,0.0 9.93992,45.14533,0.0 9.93992,45.14533,0.0 9.93992,45.14532,0.0 9.93992,45.14532,0.0 9.93992,45.14531,0.0 9.93992,45.14531,0.0 9.93992,45.14531,0.0</coordinates>
                    </LineString>
                </Placemark>
                <Placemark id="469">
                    <name>Rota 19:04</name>
                    <styleUrl>#2</styleUrl>
                    <LineString id="468">
                        <altitudeMode>clampToGround</altitudeMode>
                        <coordinates>9.93992,45.14531,0.0 9.93992,45.14531,0.0 9.93992,45.14531,0.0 9.93992,45.14531,0.0 9.93992,45.14531,0.0 9.93992,45.14531,0.0 9.93992,45.14531,0.0 9.93992,45.14531,0.0 9.93991,45.14532,0.0 9.9399,45.14533,0.0 9.93989,45.14532,0.0 9.93989,45.14532,0.0 9.93989,45.14532,0.0 9.93989,45.14532,0.0 9.93989,45.14532,0.0 9.93989,45.14532,0.0 9.93989,45.14532,0.0 9.93989,45.14532,0.0 9.93989,45.14532,0.0 9.93989,45.14532,0.0 9.93989,45.14532,0.0 9.93989,45.14532,0.0 9.93989,45.14532,0.0 9.93989,45.14532,0.0 9.93989,45.14532,0.0 9.93989,45.14532,0.0 9.93989,45.14532,0.0 9.93989,45.14532,0.0 9.93989,45.14532,0.0 9.93989,45.14532,0.0 9.93989,45.14532,0.0 9.93989,45.14532,0.0 9.93989,45.14532,0.0 9.93989,45.14532,0.0 9.93989,45.14532,0.0 9.93989,45.14532,0.0 9.93989,45.14532,0.0 9.93989,45.14532,0.0 9.93989,45.14532,0.0 9.93988,45.14527,0.0 9.93988,45.14527,0.0 9.93988,45.14526,0.0 9.93988,45.14526,0.0 9.93988,45.14526,0.0 9.93988,45.14527,0.0 9.93989,45.14527,0.0 9.93989,45.14527,0.0 9.93989,45.14527,0.0 9.93989,45.14527,0.0 9.93989,45.14527,0.0 9.93989,45.14527,0.0 9.93989,45.14527,0.0 9.93989,45.14527,0.0 9.93989,45.14527,0.0 9.93992,45.1453,0.0 9.93992,45.1453,0.0 9.93992,45.14531,0.0 9.93992,45.14531,0.0 9.93991,45.14531,0.0 9.93991,45.14531,0.0 9.93991,45.14531,0.0</coordinates>
                    </LineString>
                </Placemark>
                <Placemark id="471">
                    <name>Rota 19:05</name>
                    <styleUrl>#2</styleUrl>
                    <LineString id="470">
                        <altitudeMode>clampToGround</altitudeMode>
                        <coordinates>9.93991,45.14531,0.0 9.93991,45.14531,0.0 9.93991,45.14531,0.0 9.93991,45.1453,0.0 9.93992,45.1453,0.0 9.93991,45.14529,0.0 9.93991,45.14529,0.0 9.93991,45.14529,0.0 9.93991,45.14529,0.0 9.93991,45.14529,0.0 9.93991,45.14529,0.0 9.93991,45.14529,0.0 9.93991,45.14529,0.0 9.93991,45.14529,0.0 9.93991,45.14529,0.0 9.93991,45.14529,0.0 9.93991,45.14529,0.0 9.93991,45.14529,0.0 9.93991,45.14529,0.0 9.93991,45.14529,0.0 9.93994,45.14532,0.0 9.93994,45.14532,0.0 9.93993,45.14533,0.0 9.93992,45.14533,0.0 9.93992,45.14533,0.0 9.93992,45.14533,0.0 9.93991,45.14532,0.0 9.93991,45.14532,0.0 9.93991,45.14532,0.0 9.93992,45.14531,0.0 9.93992,45.14531,0.0 9.93991,45.1453,0.0 9.93991,45.1453,0.0 9.93991,45.1453,0.0 9.93991,45.1453,0.0 9.93991,45.1453,0.0 9.93991,45.1453,0.0 9.93991,45.1453,0.0 9.93991,45.1453,0.0 9.93991,45.1453,0.0 9.93991,45.1453,0.0 9.93991,45.1453,0.0 9.93991,45.1453,0.0 9.93991,45.1453,0.0 9.93991,45.1453,0.0 9.93995,45.14533,0.0 9.93994,45.14533,0.0 9.93994,45.14533,0.0 9.93994,45.14533,0.0 9.93992,45.14533,0.0 9.93992,45.14533,0.0 9.93992,45.14533,0.0 9.93992,45.14533,0.0 9.93992,45.14531,0.0 9.93992,45.14531,0.0 9.93992,45.14531,0.0 9.93991,45.1453,0.0 9.93991,45.1453,0.0 9.93991,45.1453,0.0 9.93991,45.1453,0.0 9.93991,45.1453,0.0</coordinates>
                    </LineString>
                </Placemark>
                <Placemark id="473">
                    <name>Rota 19:06</name>
                    <styleUrl>#2</styleUrl>
                    <LineString id="472">
                        <altitudeMode>clampToGround</altitudeMode>
                        <coordinates>9.93991,45.1453,0.0 9.93991,45.1453,0.0 9.93991,45.1453,0.0 9.93991,45.1453,0.0 9.93991,45.1453,0.0 9.93991,45.1453,0.0 9.93991,45.1453,0.0 9.93991,45.1453,0.0 9.93991,45.1453,0.0 9.93991,45.1453,0.0 9.93991,45.1453,0.0 9.93994,45.14531,0.0 9.93994,45.14531,0.0 9.93994,45.14532,0.0 9.93993,45.14532,0.0 9.93993,45.14532,0.0 9.93992,45.14532,0.0 9.93992,45.14532,0.0 9.93992,45.14532,0.0 9.93992,45.14532,0.0 9.93993,45.1453,0.0 9.93992,45.14529,0.0 9.93992,45.14528,0.0 9.93992,45.14528,0.0 9.93992,45.14528,0.0 9.93992,45.14529,0.0 9.93992,45.14529,0.0 9.93992,45.14529,0.0 9.93992,45.14529,0.0 9.93992,45.14529,0.0 9.93992,45.14529,0.0 9.93992,45.14529,0.0 9.93992,45.14529,0.0 9.93992,45.14529,0.0 9.93992,45.14529,0.0 9.93992,45.14529,0.0 9.93992,45.14529,0.0 9.93993,45.14531,0.0 9.93992,45.14531,0.0 9.93992,45.14532,0.0 9.93992,45.14532,0.0 9.93992,45.14532,0.0 9.93992,45.14532,0.0 9.93992,45.14532,0.0 9.93992,45.1453,0.0 9.93992,45.14529,0.0 9.93992,45.14529,0.0 9.93992,45.14529,0.0 9.93992,45.14529,0.0 9.93992,45.14529,0.0 9.93992,45.14529,0.0 9.93992,45.14529,0.0 9.93992,45.14529,0.0 9.93992,45.14529,0.0 9.93992,45.14529,0.0 9.93992,45.14529,0.0 9.93992,45.14529,0.0 9.93992,45.14529,0.0 9.93994,45.14531,0.0 9.93994,45.14532,0.0 9.93994,45.14533,0.0</coordinates>
                    </LineString>
                </Placemark>
                <Placemark id="475">
                    <name>Rota 19:07</name>
                    <styleUrl>#2</styleUrl>
                    <LineString id="474">
                        <altitudeMode>clampToGround</altitudeMode>
                        <coordinates>9.93994,45.14533,0.0 9.93994,45.14533,0.0 9.93994,45.14533,0.0 9.93993,45.14533,0.0 9.93992,45.14533,0.0 9.93992,45.14533,0.0 9.93992,45.14533,0.0 9.93992,45.14533,0.0 9.93992,45.14533,0.0 9.93992,45.14533,0.0 9.93992,45.14533,0.0 9.93992,45.14533,0.0 9.93992,45.14533,0.0 9.93992,45.14533,0.0 9.93992,45.14533,0.0 9.93992,45.14533,0.0 9.93992,45.14533,0.0 9.93992,45.14533,0.0 9.93992,45.14533,0.0 9.93992,45.14533,0.0 9.9399,45.14529,0.0 9.93989,45.14528,0.0 9.93989,45.14528,0.0 9.9399,45.14528,0.0 9.9399,45.14529,0.0 9.9399,45.14529,0.0 9.9399,45.14529,0.0 9.9399,45.14529,0.0 9.9399,45.14529,0.0 9.9399,45.14529,0.0 9.9399,45.14529,0.0 9.9399,45.14529,0.0 9.9399,45.14529,0.0 9.9399,45.14529,0.0 9.9399,45.14529,0.0 9.9399,45.14529,0.0 9.9399,45.14529,0.0 9.9399,45.14529,0.0 9.9399,45.14529,0.0 9.9399,45.14529,0.0 9.93994,45.14531,0.0 9.93994,45.14532,0.0 9.93994,45.14532,0.0 9.93993,45.14532,0.0 9.93993,45.14532,0.0 9.93992,45.14532,0.0 9.93992,45.14532,0.0 9.93992,45.14532,0.0 9.93992,45.14532,0.0 9.93992,45.14532,0.0 9.93992,45.14532,0.0 9.93992,45.14532,0.0 9.93991,45.14529,0.0 9.93991,45.14529,0.0 9.93991,45.14529,0.0 9.93991,45.14529,0.0 9.93991,45.14529,0.0 9.93991,45.14529,0.0 9.93991,45.14529,0.0 9.93991,45.14529,0.0 9.93991,45.14529,0.0</coordinates>
                    </LineString>
                </Placemark>
                <Placemark id="477">
                    <name>Rota 19:08</name>
                    <styleUrl>#2</styleUrl>
                    <LineString id="476">
                        <altitudeMode>clampToGround</altitudeMode>
                        <coordinates>9.93991,45.14529,0.0 9.93991,45.14529,0.0 9.93991,45.14529,0.0 9.93991,45.14529,0.0 9.93991,45.14529,0.0 9.93991,45.14529,0.0 9.93993,45.14532,0.0 9.93993,45.14533,0.0 9.93993,45.14533,0.0 9.93993,45.14533,0.0 9.93992,45.14533,0.0 9.93992,45.14533,0.0 9.93991,45.14532,0.0 9.93991,45.14532,0.0 9.93991,45.14532,0.0 9.93991,45.14532,0.0 9.93991,45.14532,0.0 9.93991,45.14532,0.0 9.93991,45.14532,0.0 9.93991,45.14532,0.0 9.93991,45.14532,0.0 9.93991,45.14532,0.0 9.93991,45.14532,0.0 9.93991,45.14532,0.0 9.93991,45.14532,0.0 9.93991,45.14532,0.0 9.93991,45.14532,0.0 9.93989,45.14527,0.0 9.93989,45.14527,0.0 9.93989,45.14527,0.0 9.93989,45.14527,0.0 9.93989,45.14528,0.0 9.93989,45.14528,0.0 9.93989,45.14528,0.0 9.93989,45.14528,0.0 9.93989,45.14528,0.0 9.93989,45.14528,0.0 9.93989,45.14528,0.0 9.93989,45.14528,0.0 9.93989,45.14528,0.0 9.93989,45.14528,0.0 9.93989,45.14528,0.0 9.93992,45.1453,0.0 9.93993,45.14531,0.0 9.93993,45.14532,0.0 9.93993,45.14532,0.0 9.93992,45.14532,0.0 9.93992,45.14532,0.0 9.93992,45.14532,0.0 9.93992,45.14532,0.0 9.93992,45.14532,0.0 9.93992,45.14532,0.0 9.93992,45.14532,0.0 9.93992,45.1453,0.0 9.93991,45.1453,0.0 9.93991,45.14529,0.0 9.93991,45.14529,0.0 9.93991,45.14529,0.0 9.93992,45.14529,0.0 9.93992,45.14529,0.0 9.93992,45.14529,0.0</coordinates>
                    </LineString>
                </Placemark>
                <Placemark id="479">
                    <name>Rota 19:09</name>
                    <styleUrl>#2</styleUrl>
                    <LineString id="478">
                        <altitudeMode>clampToGround</altitudeMode>
                        <coordinates>9.93992,45.14529,0.0 9.93992,45.14529,0.0 9.93992,45.14529,0.0 9.93992,45.14529,0.0 9.93992,45.14529,0.0 9.93992,45.14529,0.0 9.93992,45.14529,0.0 9.93992,45.14529,0.0 9.93992,45.14529,0.0 9.93992,45.14529,0.0 9.93992,45.14529,0.0 9.93994,45.14531,0.0 9.93994,45.14531,0.0 9.93994,45.14532,0.0 9.93993,45.14532,0.0 9.93993,45.14532,0.0 9.93993,45.14532,0.0 9.93993,45.14532,0.0 9.93993,45.14532,0.0 9.93993,45.1453,0.0 9.93993,45.1453,0.0 9.93993,45.1453,0.0 9.93993,45.14529,0.0 9.93993,45.14529,0.0 9.93993,45.14529,0.0 9.93993,45.14529,0.0 9.93993,45.14529,0.0 9.93993,45.14529,0.0 9.93993,45.14529,0.0 9.93993,45.14529,0.0 9.93993,45.14529,0.0 9.93993,45.14529,0.0 9.93993,45.14529,0.0 9.93993,45.14529,0.0 9.93993,45.14529,0.0 9.93993,45.14529,0.0 9.93993,45.14529,0.0 9.93994,45.14532,0.0 9.93994,45.14532,0.0 9.93994,45.14533,0.0 9.93993,45.14533,0.0 9.93992,45.14533,0.0 9.93992,45.14533,0.0 9.93992,45.14533,0.0 9.93992,45.14533,0.0 9.93992,45.14533,0.0 9.93992,45.14531,0.0 9.93992,45.14531,0.0 9.93992,45.14531,0.0 9.93991,45.14531,0.0 9.93992,45.14531,0.0 9.93992,45.14531,0.0 9.93992,45.14531,0.0 9.93992,45.14531,0.0 9.93992,45.14531,0.0 9.93992,45.14531,0.0 9.93992,45.14531,0.0 9.93992,45.14531,0.0 9.93992,45.14531,0.0 9.93992,45.14531,0.0 9.93992,45.14531,0.0</coordinates>
                    </LineString>
                </Placemark>
            </Folder>
            <Folder id="480">
                <name>19:10 – 19:19</name>
                <Placemark id="482">
                    <name>Rota 19:10</name>
                    <styleUrl>#2</styleUrl>
                    <LineString id="481">
                        <altitudeMode>clampToGround</altitudeMode>
                        <coordinates>9.93992,45.14531,0.0 9.93992,45.14531,0.0 9.93992,45.14531,0.0 9.93992,45.14531,0.0 9.93992,45.14531,0.0 9.93992,45.14531,0.0 9.93992,45.14531,0.0 9.93992,45.14531,0.0 9.93992,45.14531,0.0 9.93992,45.14531,0.0 9.93995,45.14532,0.0 9.93994,45.14533,0.0 9.93994,45.14533,0.0 9.93993,45.14532,0.0 9.93993,45.14532,0.0 9.93993,45.14532,0.0 9.93993,45.14532,0.0 9.93993,45.14532,0.0 9.93993,45.14532,0.0 9.93993,45.14532,0.0 9.93993,45.14532,0.0 9.93993,45.14532,0.0 9.93993,45.14532,0.0 9.93993,45.14532,0.0 9.93993,45.14532,0.0 9.93993,45.14532,0.0 9.93993,45.14532,0.0 9.93993,45.14532,0.0 9.93991,45.14529,0.0 9.93991,45.14528,0.0 9.93991,45.14528,0.0 9.93991,45.14528,0.0 9.93991,45.14528,0.0 9.93991,45.14528,0.0 9.93991,45.14528,0.0 9.93991,45.14528,0.0 9.93991,45.14528,0.0 9.93991,45.14528,0.0 9.93991,45.14528,0.0 9.93991,45.14528,0.0 9.93991,45.14528,0.0 9.93991,45.14528,0.0 9.93991,45.14528,0.0 9.93991,45.14528,0.0 9.93991,45.14528,0.0 9.93991,45.14528,0.0 9.93994,45.14531,0.0 9.93994,45.14532,0.0 9.93994,45.14532,0.0 9.93993,45.14532,0.0 9.93992,45.14532,0.0 9.93992,45.14532,0.0 9.93992,45.14532,0.0 9.93992,45.14532,0.0 9.93992,45.14532,0.0 9.93992,45.14532,0.0 9.93992,45.14532,0.0 9.93992,45.14532,0.0 9.93992,45.14532,0.0 9.93992,45.14532,0.0 9.93992,45.14532,0.0</coordinates>
                    </LineString>
                </Placemark>
                <Placemark id="484">
                    <name>Rota 19:11</name>
                    <styleUrl>#2</styleUrl>
                    <LineString id="483">
                        <altitudeMode>clampToGround</altitudeMode>
                        <coordinates>9.93992,45.14532,0.0 9.93992,45.14532,0.0 9.93992,45.14532,0.0 9.93992,45.14532,0.0 9.93992,45.14532,0.0 9.93992,45.14532,0.0 9.93992,45.14532,0.0 9.93992,45.14532,0.0 9.93992,45.14532,0.0 9.93992,45.14532,0.0 9.93992,45.14532,0.0 9.93992,45.14532,0.0 9.93992,45.14532,0.0 9.93992,45.14532,0.0 9.93992,45.14532,0.0 9.93992,45.14532,0.0 9.93992,45.14532,0.0 9.93992,45.14532,0.0 9.93992,45.14532,0.0 9.93992,45.14532,0.0 9.93992,45.14532,0.0 9.93992,45.14532,0.0 9.93992,45.14532,0.0 9.93992,45.14532,0.0 9.93992,45.14532,0.0 9.93992,45.14532,0.0 9.93992,45.14532,0.0 9.93992,45.14532,0.0 9.93989,45.14531,0.0 9.93989,45.14531,0.0 9.93989,45.14531,0.0 9.93989,45.14531,0.0 9.93989,45.14531,0.0 9.93989,45.14531,0.0 9.93989,45.14531,0.0 9.93989,45.14531,0.0 9.93989,45.14531,0.0 9.93989,45.14529,0.0 9.93989,45.14529,0.0 9.93989,45.14528,0.0 9.93989,45.14528,0.0 9.93989,45.14529,0.0 9.93989,45.14529,0.0 9.93989,45.14529,0.0 9.93989,45.14529,0.0 9.93989,45.14529,0.0 9.93989,45.14529,0.0 9.93989,45.14529,0.0 9.93989,45.14529,0.0 9.93989,45.14529,0.0 9.93989,45.14529,0.0 9.93989,45.14529,0.0 9.93989,45.14529,0.0 9.93993,45.14531,0.0 9.93993,45.14532,0.0 9.93992,45.14532,0.0 9.93992,45.14532,0.0 9.93992,45.14533,0.0 9.93991,45.14533,0.0 9.93991,45.14533,0.0 9.93991,45.14533,0.0</coordinates>
                    </LineString>
                </Placemark>
                <Placemark id="486">
                    <name>Rota 19:12</name>
                    <styleUrl>#2</styleUrl>
                    <LineString id="485">
                        <altitudeMode>clampToGround</altitudeMode>
                        <coordinates>9.93991,45.14533,0.0 9.93991,45.14533,0.0 9.93991,45.14531,0.0 9.93991,45.14531,0.0 9.93991,45.1453,0.0 9.9399,45.1453,0.0 9.93991,45.1453,0.0 9.93991,45.1453,0.0 9.93991,45.1453,0.0 9.93991,45.1453,0.0 9.93991,45.1453,0.0 9.93991,45.1453,0.0 9.93991,45.1453,0.0 9.93991,45.1453,0.0 9.93991,45.1453,0.0 9.93991,45.1453,0.0 9.93991,45.1453,0.0 9.93991,45.1453,0.0 9.93994,45.14532,0.0 9.93994,45.14532,0.0 9.93994,45.14533,0.0 9.93993,45.14533,0.0 9.93993,45.14533,0.0 9.93992,45.14533,0.0 9.93992,45.14532,0.0 9.93992,45.14532,0.0 9.93992,45.14532,0.0 9.93992,45.14532,0.0 9.93992,45.14532,0.0 9.93992,45.14532,0.0 9.93992,45.14532,0.0 9.93992,45.14532,0.0 9.93992,45.14532,0.0 9.93992,45.14532,0.0 9.93992,45.14532,0.0 9.93992,45.14532,0.0 9.93992,45.14532,0.0 9.93992,45.14532,0.0 9.93992,45.14532,0.0 9.93992,45.14532,0.0 9.93992,45.14532,0.0 9.93992,45.14532,0.0 9.93992,45.14532,0.0 9.93992,45.14532,0.0 9.93992,45.14532,0.0 9.93992,45.14532,0.0 9.93992,45.14532,0.0 9.93992,45.14532,0.0 9.93992,45.14532,0.0 9.93992,45.14532,0.0 9.93988,45.14528,0.0 9.93988,45.14528,0.0 9.93988,45.14528,0.0 9.93988,45.14528,0.0 9.93988,45.14528,0.0 9.93989,45.14528,0.0 9.93989,45.14528,0.0 9.93989,45.14528,0.0 9.93989,45.14528,0.0 9.93989,45.14528,0.0 9.93989,45.14528,0.0</coordinates>
                    </LineString>
                </Placemark>
                <Placemark id="488">
                    <name>Rota 19:13</name>
                    <styleUrl>#2</styleUrl>
                    <LineString id="487">
                        <altitudeMode>clampToGround</altitudeMode>
                        <coordinates>9.93989,45.14528,0.0 9.93989,45.14528,0.0 9.93989,45.14528,0.0 9.93989,45.14528,0.0 9.93989,45.14528,0.0 9.93992,45.1453,0.0 9.93992,45.1453,0.0 9.93992,45.14531,0.0 9.93992,45.14532,0.0 9.93992,45.14532,0.0 9.93991,45.14532,0.0 9.93991,45.14532,0.0 9.93991,45.14532,0.0 9.93991,45.14532,0.0 9.93991,45.14532,0.0 9.93992,45.1453,0.0 9.93992,45.14529,0.0 9.93992,45.14529,0.0 9.93992,45.14529,0.0 9.93992,45.14528,0.0 9.93992,45.14528,0.0 9.93992,45.14529,0.0 9.93992,45.14529,0.0 9.93992,45.14529,0.0 9.93992,45.14529,0.0 9.93992,45.14529,0.0 9.93992,45.14529,0.0 9.93992,45.14529,0.0 9.93992,45.14529,0.0 9.93992,45.14529,0.0 9.93992,45.14529,0.0 9.93992,45.14529,0.0 9.93992,45.14529,0.0 9.93992,45.14529,0.0 9.93992,45.14529,0.0 9.93992,45.14529,0.0 9.93992,45.14529,0.0 9.93992,45.14529,0.0 9.93997,45.14531,0.0 9.93996,45.14532,0.0 9.93995,45.14532,0.0 9.93995,45.14532,0.0 9.93994,45.14532,0.0 9.93994,45.14532,0.0 9.93994,45.14532,0.0 9.93994,45.14532,0.0 9.93994,45.14532,0.0 9.93994,45.14532,0.0 9.93994,45.14532,0.0 9.93994,45.14532,0.0 9.93994,45.14532,0.0 9.93994,45.14532,0.0 9.93994,45.14532,0.0 9.93994,45.14532,0.0 9.93994,45.14532,0.0 9.93994,45.14532,0.0 9.93994,45.14532,0.0 9.93994,45.14532,0.0 9.93991,45.14529,0.0 9.93991,45.14529,0.0 9.93991,45.14528,0.0</coordinates>
                    </LineString>
                </Placemark>
                <Placemark id="490">
                    <name>Rota 19:14</name>
                    <styleUrl>#2</styleUrl>
                    <LineString id="489">
                        <altitudeMode>clampToGround</altitudeMode>
                        <coordinates>9.93991,45.14528,0.0 9.93992,45.14529,0.0 9.93992,45.14529,0.0 9.93992,45.14529,0.0 9.93992,45.14529,0.0 9.93992,45.14529,0.0 9.93992,45.14529,0.0 9.93992,45.14529,0.0 9.93992,45.14529,0.0 9.93992,45.14529,0.0 9.93992,45.14529,0.0 9.93992,45.14529,0.0 9.93992,45.14529,0.0 9.93992,45.14529,0.0 9.93992,45.14529,0.0 9.93992,45.14529,0.0 9.93992,45.14529,0.0 9.93992,45.14529,0.0 9.93992,45.14529,0.0 9.93992,45.14529,0.0 9.93992,45.14529,0.0 9.93992,45.14529,0.0 9.93994,45.14531,0.0 9.93993,45.14532,0.0 9.93993,45.14532,0.0 9.93993,45.14532,0.0 9.93993,45.14532,0.0 9.93993,45.14532,0.0 9.93993,45.14532,0.0 9.93993,45.1453,0.0 9.93993,45.1453,0.0 9.93992,45.14529,0.0 9.93992,45.14529,0.0 9.93992,45.14529,0.0 9.93993,45.14529,0.0 9.93993,45.14529,0.0 9.93993,45.14529,0.0 9.93993,45.14529,0.0 9.93993,45.14529,0.0 9.93993,45.14529,0.0 9.93993,45.14529,0.0 9.93993,45.14529,0.0 9.93994,45.14532,0.0 9.93993,45.14532,0.0 9.93993,45.14532,0.0 9.93993,45.14532,0.0 9.93992,45.14532,0.0 9.93992,45.14532,0.0 9.93993,45.14531,0.0 9.93993,45.14531,0.0 9.93993,45.14531,0.0 9.93992,45.1453,0.0 9.93992,45.1453,0.0 9.93992,45.1453,0.0 9.93992,45.1453,0.0 9.93992,45.1453,0.0 9.93992,45.1453,0.0 9.93992,45.1453,0.0 9.93992,45.1453,0.0 9.93992,45.1453,0.0 9.93992,45.1453,0.0</coordinates>
                    </LineString>
                </Placemark>
                <Placemark id="492">
                    <name>Rota 19:15</name>
                    <styleUrl>#2</styleUrl>
                    <LineString id="491">
                        <altitudeMode>clampToGround</altitudeMode>
                        <coordinates>9.93992,45.1453,0.0 9.93992,45.1453,0.0 9.93992,45.1453,0.0 9.93992,45.1453,0.0 9.93992,45.1453,0.0 9.93992,45.1453,0.0 9.93992,45.1453,0.0 9.93992,45.1453,0.0 9.93992,45.1453,0.0 9.93992,45.1453,0.0 9.93992,45.1453,0.0 9.93992,45.1453,0.0 9.93994,45.14533,0.0 9.93994,45.14533,0.0 9.93994,45.14533,0.0 9.93993,45.14534,0.0 9.93992,45.14533,0.0 9.93992,45.14533,0.0 9.93992,45.14533,0.0 9.93992,45.14533,0.0 9.93992,45.14533,0.0 9.93992,45.14533,0.0 9.93992,45.14533,0.0 9.93992,45.14533,0.0 9.93992,45.14533,0.0 9.93992,45.14533,0.0 9.93992,45.14533,0.0 9.93992,45.14533,0.0 9.93992,45.14533,0.0 9.93992,45.14533,0.0 9.93992,45.14533,0.0 9.93992,45.14533,0.0 9.93992,45.14533,0.0 9.93992,45.14533,0.0 9.93992,45.14533,0.0 9.93992,45.14533,0.0 9.93992,45.14533,0.0 9.93992,45.14533,0.0 9.93992,45.14533,0.0 9.93992,45.14533,0.0 9.93992,45.14533,0.0 9.93992,45.14533,0.0 9.93992,45.14533,0.0 9.93992,45.14533,0.0 9.93992,45.14533,0.0 9.93992,45.14533,0.0 9.93992,45.14533,0.0 9.93992,45.14533,0.0 9.93989,45.14531,0.0 9.93989,45.14531,0.0 9.93989,45.1453,0.0 9.93989,45.1453,0.0 9.93989,45.1453,0.0 9.93989,45.1453,0.0 9.93989,45.1453,0.0 9.93989,45.1453,0.0 9.93989,45.1453,0.0 9.93989,45.1453,0.0 9.93989,45.1453,0.0 9.93989,45.1453,0.0 9.93989,45.1453,0.0</coordinates>
                    </LineString>
                </Placemark>
                <Placemark id="494">
                    <name>Rota 19:16</name>
                    <styleUrl>#2</styleUrl>
                    <LineString id="493">
                        <altitudeMode>clampToGround</altitudeMode>
                        <coordinates>9.93989,45.1453,0.0 9.93989,45.1453,0.0 9.93989,45.1453,0.0 9.93989,45.1453,0.0 9.93989,45.1453,0.0 9.93989,45.1453,0.0 9.93989,45.1453,0.0 9.93989,45.1453,0.0 9.93989,45.1453,0.0 9.93989,45.14529,0.0 9.93989,45.14529,0.0 9.93989,45.14529,0.0 9.93989,45.14529,0.0 9.93989,45.14529,0.0 9.93989,45.14529,0.0 9.93989,45.14529,0.0 9.93989,45.14529,0.0 9.93989,45.14529,0.0 9.93989,45.14529,0.0 9.93992,45.14531,0.0 9.93992,45.14531,0.0 9.93991,45.14532,0.0 9.93991,45.14532,0.0 9.93991,45.14532,0.0 9.93991,45.14531,0.0 9.93991,45.14531,0.0 9.93991,45.14531,0.0 9.93991,45.1453,0.0 9.93991,45.1453,0.0 9.93991,45.1453,0.0 9.93991,45.1453,0.0 9.93991,45.1453,0.0 9.93991,45.1453,0.0 9.93991,45.1453,0.0 9.93991,45.1453,0.0 9.93991,45.1453,0.0 9.93991,45.1453,0.0 9.93993,45.14531,0.0 9.93993,45.14532,0.0 9.93992,45.14532,0.0 9.93992,45.14532,0.0 9.93991,45.14532,0.0 9.93991,45.14532,0.0 9.93991,45.14531,0.0 9.93991,45.14531,0.0 9.93991,45.1453,0.0 9.93991,45.1453,0.0 9.93991,45.14529,0.0 9.93991,45.14529,0.0 9.93991,45.14529,0.0 9.93991,45.14529,0.0 9.93991,45.14529,0.0 9.93991,45.14529,0.0 9.93991,45.14529,0.0 9.93991,45.14529,0.0 9.93991,45.14529,0.0 9.93991,45.14529,0.0 9.93991,45.14529,0.0 9.93991,45.14529,0.0 9.93991,45.14529,0.0 9.93991,45.14529,0.0</coordinates>
                    </LineString>
                </Placemark>
                <Placemark id="496">
                    <name>Rota 19:17</name>
                    <styleUrl>#2</styleUrl>
                    <LineString id="495">
                        <altitudeMode>clampToGround</altitudeMode>
                        <coordinates>9.93991,45.14529,0.0 9.93991,45.14529,0.0 9.93991,45.14529,0.0 9.93994,45.14533,0.0 9.93994,45.14533,0.0 9.93993,45.14533,0.0 9.93993,45.14533,0.0 9.93993,45.14533,0.0 9.93993,45.14533,0.0 9.93993,45.14533,0.0 9.93993,45.14531,0.0 9.93993,45.1453,0.0 9.93993,45.1453,0.0 9.93993,45.1453,0.0 9.93993,45.1453,0.0 9.93994,45.1453,0.0 9.93994,45.1453,0.0 9.93994,45.1453,0.0 9.93994,45.1453,0.0 9.93994,45.1453,0.0 9.93994,45.1453,0.0 9.93994,45.1453,0.0 9.93995,45.14532,0.0 9.93994,45.14532,0.0 9.93994,45.14532,0.0 9.93994,45.14532,0.0 9.93993,45.14532,0.0 9.93993,45.14532,0.0 9.93993,45.14532,0.0 9.93993,45.14532,0.0 9.93993,45.14532,0.0 9.93993,45.1453,0.0 9.93993,45.14529,0.0 9.93993,45.14529,0.0 9.93993,45.14529,0.0 9.93993,45.14529,0.0 9.93994,45.14529,0.0 9.93994,45.14529,0.0 9.93994,45.14529,0.0 9.93994,45.14529,0.0 9.93994,45.14529,0.0 9.93994,45.14529,0.0 9.93994,45.14529,0.0 9.93995,45.14532,0.0 9.93995,45.14533,0.0 9.93994,45.14533,0.0 9.93994,45.14533,0.0 9.93994,45.14533,0.0 9.93994,45.14533,0.0 9.93993,45.14533,0.0 9.93994,45.14532,0.0 9.93994,45.14531,0.0 9.93994,45.14531,0.0 9.93994,45.14531,0.0 9.93994,45.14531,0.0 9.93994,45.14531,0.0 9.93994,45.14531,0.0 9.93994,45.14531,0.0 9.93994,45.14532,0.0 9.93994,45.14532,0.0 9.93993,45.14533,0.0</coordinates>
                    </LineString>
                </Placemark>
                <Placemark id="498">
                    <name>Rota 19:18</name>
                    <styleUrl>#2</styleUrl>
                    <LineString id="497">
                        <altitudeMode>clampToGround</altitudeMode>
                        <coordinates>9.93993,45.14533,0.0 9.93992,45.14533,0.0 9.93992,45.14532,0.0 9.93992,45.14532,0.0 9.93992,45.14532,0.0 9.93992,45.14531,0.0 9.93992,45.14531,0.0 9.93992,45.1453,0.0 9.93992,45.1453,0.0 9.93992,45.1453,0.0 9.93992,45.1453,0.0 9.93992,45.1453,0.0 9.93992,45.1453,0.0 9.93992,45.1453,0.0 9.93992,45.1453,0.0 9.93992,45.1453,0.0 9.93992,45.1453,0.0 9.93992,45.1453,0.0 9.93992,45.1453,0.0 9.93992,45.1453,0.0 9.93992,45.1453,0.0 9.93992,45.1453,0.0 9.93994,45.14531,0.0 9.93994,45.14532,0.0 9.93994,45.14532,0.0 9.93993,45.14533,0.0 9.93993,45.14533,0.0 9.93993,45.14533,0.0 9.93993,45.14533,0.0 9.93993,45.14533,0.0 9.93993,45.14533,0.0 9.93993,45.14533,0.0 9.93993,45.14533,0.0 9.93993,45.14533,0.0 9.93993,45.14533,0.0 9.93991,45.14531,0.0 9.93991,45.14531,0.0 9.93991,45.1453,0.0 9.93991,45.14531,0.0 9.93991,45.14531,0.0 9.93991,45.14531,0.0 9.93991,45.14531,0.0 9.93991,45.14531,0.0 9.93991,45.14531,0.0 9.93991,45.14531,0.0 9.93992,45.14533,0.0 9.93991,45.14533,0.0 9.93991,45.14533,0.0 9.93991,45.14534,0.0 9.9399,45.14534,0.0 9.9399,45.14533,0.0 9.9399,45.14533,0.0 9.9399,45.14533,0.0 9.9399,45.14533,0.0 9.93991,45.14531,0.0 9.93991,45.14531,0.0 9.93991,45.14531,0.0 9.93992,45.14531,0.0 9.93992,45.14531,0.0 9.93992,45.14531,0.0 9.93992,45.14531,0.0</coordinates>
                    </LineString>
                </Placemark>
                <Placemark id="500">
                    <name>Rota 19:19</name>
                    <styleUrl>#2</styleUrl>
                    <LineString id="499">
                        <altitudeMode>clampToGround</altitudeMode>
                        <coordinates>9.93992,45.14531,0.0 9.93992,45.14531,0.0 9.93992,45.14531,0.0 9.93992,45.14531,0.0 9.93992,45.14531,0.0 9.93992,45.14531,0.0 9.93992,45.14531,0.0 9.93992,45.14531,0.0 9.93992,45.14531,0.0 9.93992,45.14531,0.0 9.93992,45.14531,0.0 9.93992,45.14531,0.0 9.93992,45.14531,0.0 9.93992,45.14531,0.0 9.93992,45.14531,0.0 9.93992,45.14531,0.0 9.93992,45.14531,0.0 9.93992,45.14531,0.0 9.93992,45.14531,0.0 9.93992,45.14531,0.0 9.93992,45.14531,0.0 9.93992,45.14531,0.0 9.93992,45.14531,0.0 9.93992,45.14531,0.0 9.93992,45.14531,0.0 9.93992,45.14531,0.0 9.93992,45.14531,0.0 9.93992,45.14531,0.0 9.93992,45.14531,0.0 9.93992,45.14531,0.0 9.93992,45.14531,0.0 9.93992,45.14531,0.0 9.93992,45.14531,0.0 9.93992,45.14531,0.0 9.93992,45.14531,0.0 9.93992,45.14531,0.0 9.93992,45.14531,0.0 9.93992,45.14531,0.0 9.93992,45.14531,0.0 9.93992,45.14531,0.0 9.93992,45.14531,0.0 9.93992,45.14531,0.0 9.93992,45.14531,0.0 9.93992,45.14531,0.0 9.93992,45.14531,0.0 9.93992,45.14531,0.0 9.93992,45.14531,0.0 9.93992,45.14531,0.0 9.93992,45.14531,0.0 9.93992,45.14531,0.0 9.93992,45.14531,0.0 9.93992,45.14531,0.0 9.93992,45.14531,0.0 9.93992,45.14531,0.0 9.93992,45.14531,0.0 9.9399,45.14532,0.0 9.9399,45.14533,0.0 9.9399,45.14533,0.0 9.93989,45.14533,0.0 9.93989,45.14532,0.0 9.93989,45.14532,0.0</coordinates>
                    </LineString>
                </Placemark>
            </Folder>
            <Folder id="501">
                <name>19:20 – 19:29</name>
                <Placemark id="503">
                    <name>Rota 19:20</name>
                    <styleUrl>#2</styleUrl>
                    <LineString id="502">
                        <altitudeMode>clampToGround</altitudeMode>
                        <coordinates>9.93989,45.14532,0.0 9.9399,45.14531,0.0 9.9399,45.14531,0.0 9.9399,45.14531,0.0 9.9399,45.14531,0.0 9.93991,45.14531,0.0 9.93991,45.14531,0.0 9.93991,45.14531,0.0 9.93991,45.14531,0.0 9.93991,45.14531,0.0 9.93991,45.14531,0.0 9.93991,45.14531,0.0 9.93991,45.14532,0.0 9.93991,45.14533,0.0 9.9399,45.14533,0.0 9.9399,45.14533,0.0 9.9399,45.14533,0.0 9.9399,45.14533,0.0 9.9399,45.14533,0.0 9.9399,45.14533,0.0 9.9399,45.14531,0.0 9.9399,45.14531,0.0 9.9399,45.14531,0.0 9.9399,45.1453,0.0 9.9399,45.1453,0.0 9.9399,45.14531,0.0 9.9399,45.14531,0.0 9.9399,45.14531,0.0 9.9399,45.14531,0.0 9.9399,45.14531,0.0 9.9399,45.14531,0.0 9.9399,45.14533,0.0 9.9399,45.14533,0.0 9.9399,45.14533,0.0 9.9399,45.14533,0.0 9.9399,45.14533,0.0 9.9399,45.14533,0.0 9.9399,45.14533,0.0 9.9399,45.14533,0.0 9.9399,45.14533,0.0 9.9399,45.14533,0.0 9.9399,45.14531,0.0 9.9399,45.1453,0.0 9.9399,45.1453,0.0 9.9399,45.14531,0.0 9.9399,45.14531,0.0 9.9399,45.14531,0.0 9.9399,45.14531,0.0 9.9399,45.14531,0.0 9.9399,45.14531,0.0 9.9399,45.14531,0.0 9.9399,45.14531,0.0 9.93991,45.14532,0.0 9.93991,45.14532,0.0 9.9399,45.14533,0.0 9.9399,45.14533,0.0 9.9399,45.14533,0.0 9.9399,45.14533,0.0 9.9399,45.14533,0.0 9.9399,45.14533,0.0 9.9399,45.14533,0.0</coordinates>
                    </LineString>
                </Placemark>
                <Placemark id="505">
                    <name>Rota 19:21</name>
                    <styleUrl>#2</styleUrl>
                    <LineString id="504">
                        <altitudeMode>clampToGround</altitudeMode>
                        <coordinates>9.9399,45.14533,0.0 9.9399,45.14533,0.0 9.9399,45.14533,0.0 9.9399,45.14533,0.0 9.9399,45.14533,0.0 9.9399,45.14533,0.0 9.9399,45.14533,0.0 9.93989,45.14531,0.0 9.9399,45.14531,0.0 9.9399,45.14531,0.0 9.93989,45.1453,0.0 9.93989,45.1453,0.0 9.9399,45.1453,0.0 9.9399,45.1453,0.0 9.9399,45.1453,0.0 9.9399,45.1453,0.0 9.9399,45.1453,0.0 9.9399,45.1453,0.0 9.93991,45.14532,0.0 9.93991,45.14532,0.0 9.9399,45.14533,0.0 9.9399,45.14533,0.0 9.9399,45.14533,0.0 9.93989,45.14533,0.0 9.9399,45.14532,0.0 9.93991,45.14531,0.0 9.93991,45.14531,0.0 9.93991,45.14531,0.0 9.93991,45.14531,0.0 9.93991,45.14531,0.0 9.93991,45.14531,0.0 9.93991,45.14531,0.0 9.93991,45.14531,0.0 9.93991,45.14531,0.0 9.93991,45.14531,0.0 9.93991,45.14531,0.0 9.93991,45.14531,0.0 9.93991,45.14531,0.0 9.93991,45.14531,0.0 9.93991,45.14531,0.0 9.93991,45.14531,0.0 9.93993,45.14534,0.0 9.93992,45.14535,0.0 9.93992,45.14534,0.0 9.93992,45.14534,0.0 9.93992,45.14534,0.0 9.93992,45.14534,0.0 9.93992,45.14534,0.0 9.93992,45.14534,0.0 9.93992,45.14534,0.0 9.93992,45.14534,0.0 9.93992,45.14534,0.0 9.93992,45.14534,0.0 9.93992,45.14534,0.0 9.93992,45.14534,0.0 9.93992,45.14534,0.0 9.93992,45.14534,0.0 9.93992,45.14534,0.0 9.93992,45.14534,0.0 9.93992,45.14534,0.0 9.93992,45.14534,0.0</coordinates>
                    </LineString>
                </Placemark>
                <Placemark id="507">
                    <name>Rota 19:22</name>
                    <styleUrl>#2</styleUrl>
                    <LineString id="506">
                        <altitudeMode>clampToGround</altitudeMode>
                        <coordinates>9.93992,45.14534,0.0 9.93992,45.14534,0.0 9.93992,45.14534,0.0 9.93992,45.14534,0.0 9.93992,45.14534,0.0 9.93992,45.14534,0.0 9.93992,45.14534,0.0 9.93992,45.14534,0.0 9.93992,45.14534,0.0 9.93992,45.14534,0.0 9.93992,45.14534,0.0 9.93992,45.14534,0.0 9.93992,45.14534,0.0 9.93992,45.14534,0.0 9.93992,45.14534,0.0 9.93992,45.14534,0.0 9.93992,45.14534,0.0 9.93992,45.14534,0.0 9.93992,45.14534,0.0 9.93992,45.14534,0.0 9.93992,45.14534,0.0 9.93992,45.14534,0.0 9.93992,45.14534,0.0 9.93992,45.14534,0.0 9.93992,45.14534,0.0 9.93992,45.14534,0.0 9.93992,45.14534,0.0 9.93992,45.14534,0.0 9.93992,45.14534,0.0 9.93992,45.14534,0.0 9.93992,45.14534,0.0 9.93992,45.14534,0.0 9.93992,45.14534,0.0 9.93989,45.14531,0.0 9.93989,45.14531,0.0 9.93989,45.1453,0.0 9.93989,45.1453,0.0 9.93989,45.1453,0.0 9.93989,45.1453,0.0 9.93989,45.1453,0.0 9.93989,45.1453,0.0 9.93989,45.1453,0.0 9.93989,45.1453,0.0 9.9399,45.14532,0.0 9.93989,45.14532,0.0 9.93989,45.14532,0.0 9.93989,45.14532,0.0 9.93989,45.14532,0.0 9.93989,45.14532,0.0 9.9399,45.14531,0.0 9.93991,45.14531,0.0 9.93991,45.14531,0.0 9.93991,45.1453,0.0 9.93991,45.1453,0.0 9.93991,45.1453,0.0 9.93991,45.1453,0.0 9.93991,45.1453,0.0 9.93991,45.1453,0.0 9.93991,45.1453,0.0 9.93991,45.1453,0.0 9.93991,45.1453,0.0</coordinates>
                    </LineString>
                </Placemark>
                <Placemark id="509">
                    <name>Rota 19:23</name>
                    <styleUrl>#2</styleUrl>
                    <LineString id="508">
                        <altitudeMode>clampToGround</altitudeMode>
                        <coordinates>9.93991,45.1453,0.0 9.93991,45.1453,0.0 9.93991,45.1453,0.0 9.93991,45.1453,0.0 9.93991,45.1453,0.0 9.9399,45.14533,0.0 9.9399,45.14533,0.0 9.9399,45.14533,0.0 9.9399,45.14533,0.0 9.9399,45.14533,0.0 9.9399,45.14533,0.0 9.93991,45.14531,0.0 9.9399,45.14531,0.0 9.9399,45.14531,0.0 9.9399,45.14531,0.0 9.93991,45.14531,0.0 9.93991,45.14531,0.0 9.93991,45.14531,0.0 9.93991,45.14531,0.0 9.93991,45.14531,0.0 9.93991,45.14531,0.0 9.93991,45.14531,0.0 9.93991,45.14531,0.0 9.93991,45.14531,0.0 9.93992,45.14532,0.0 9.93992,45.14532,0.0 9.93991,45.14533,0.0 9.9399,45.14533,0.0 9.9399,45.14533,0.0 9.93991,45.14533,0.0 9.93991,45.14533,0.0 9.93991,45.14533,0.0 9.93991,45.14531,0.0 9.93991,45.14531,0.0 9.93991,45.14531,0.0 9.93991,45.14531,0.0 9.93991,45.14531,0.0 9.93991,45.14531,0.0 9.93991,45.14531,0.0 9.93991,45.14531,0.0 9.93991,45.14531,0.0 9.93991,45.14531,0.0 9.93991,45.14531,0.0 9.93991,45.14531,0.0 9.93991,45.14531,0.0 9.93991,45.14531,0.0 9.93991,45.14531,0.0 9.93991,45.14531,0.0 9.93992,45.14532,0.0 9.93991,45.14533,0.0 9.93991,45.14533,0.0 9.93991,45.14533,0.0 9.93991,45.14533,0.0 9.93991,45.14533,0.0 9.93991,45.14533,0.0 9.93991,45.14531,0.0 9.93991,45.14531,0.0 9.9399,45.14531,0.0 9.9399,45.14531,0.0 9.9399,45.14531,0.0 9.9399,45.14531,0.0</coordinates>
                    </LineString>
                </Placemark>
                <Placemark id="511">
                    <name>Rota 19:24</name>
                    <styleUrl>#2</styleUrl>
                    <LineString id="510">
                        <altitudeMode>clampToGround</altitudeMode>
                        <coordinates>9.9399,45.14531,0.0 9.9399,45.14531,0.0 9.9399,45.14531,0.0 9.9399,45.14531,0.0 9.9399,45.14531,0.0 9.9399,45.14531,0.0 9.9399,45.14531,0.0 9.9399,45.14531,0.0 9.93991,45.14533,0.0 9.9399,45.14533,0.0 9.9399,45.14533,0.0 9.93989,45.14533,0.0 9.93989,45.14533,0.0 9.93989,45.14532,0.0 9.93989,45.14532,0.0 9.9399,45.14531,0.0 9.9399,45.14531,0.0 9.9399,45.1453,0.0 9.9399,45.1453,0.0 9.93991,45.1453,0.0 9.93991,45.1453,0.0 9.93991,45.1453,0.0 9.93991,45.1453,0.0 9.93991,45.1453,0.0 9.93991,45.1453,0.0 9.93991,45.1453,0.0 9.93991,45.14532,0.0 9.93991,45.14533,0.0 9.93991,45.14533,0.0 9.9399,45.14533,0.0 9.9399,45.14533,0.0 9.93991,45.14533,0.0 9.93991,45.14533,0.0 9.93991,45.14531,0.0 9.93991,45.14531,0.0 9.93991,45.14531,0.0 9.93991,45.14531,0.0 9.93992,45.14531,0.0 9.93992,45.14531,0.0 9.93992,45.14531,0.0 9.93992,45.14531,0.0 9.93992,45.14531,0.0 9.93992,45.14531,0.0 9.93992,45.14531,0.0 9.93992,45.14531,0.0 9.93991,45.14532,0.0 9.93991,45.14532,0.0 9.93991,45.14532,0.0 9.93991,45.14532,0.0 9.9399,45.14532,0.0 9.9399,45.14532,0.0 9.9399,45.14532,0.0 9.9399,45.14532,0.0 9.9399,45.14532,0.0 9.9399,45.14532,0.0 9.9399,45.14532,0.0 9.9399,45.14532,0.0 9.9399,45.14532,0.0 9.9399,45.14532,0.0 9.9399,45.14532,0.0 9.9399,45.14532,0.0</coordinates>
                    </LineString>
                </Placemark>
                <Placemark id="513">
                    <name>Rota 19:25</name>
                    <styleUrl>#2</styleUrl>
                    <LineString id="512">
                        <altitudeMode>clampToGround</altitudeMode>
                        <coordinates>9.9399,45.14532,0.0 9.9399,45.14532,0.0 9.9399,45.14532,0.0 9.9399,45.14532,0.0 9.9399,45.14532,0.0 9.93989,45.14529,0.0 9.93989,45.14529,0.0 9.93989,45.14529,0.0 9.93989,45.14529,0.0 9.9399,45.14529,0.0 9.9399,45.14529,0.0 9.9399,45.14529,0.0 9.9399,45.14529,0.0 9.9399,45.14529,0.0 9.9399,45.14529,0.0 9.93992,45.14531,0.0 9.93991,45.14532,0.0 9.93991,45.14532,0.0 9.93991,45.14532,0.0 9.9399,45.14532,0.0 9.9399,45.14532,0.0 9.9399,45.14532,0.0 9.93991,45.14531,0.0 9.93991,45.14531,0.0 9.93991,45.14531,0.0 9.93991,45.1453,0.0 9.93991,45.1453,0.0 9.93991,45.1453,0.0 9.93991,45.1453,0.0 9.93991,45.1453,0.0 9.93991,45.1453,0.0 9.93991,45.1453,0.0 9.93992,45.14532,0.0 9.93992,45.14532,0.0 9.93991,45.14533,0.0 9.93991,45.14533,0.0 9.93991,45.14533,0.0 9.93991,45.14533,0.0 9.93991,45.14533,0.0 9.93991,45.14533,0.0 9.93991,45.14533,0.0 9.93991,45.14531,0.0 9.93991,45.1453,0.0 9.93991,45.1453,0.0 9.93991,45.1453,0.0 9.93992,45.14531,0.0 9.93992,45.14531,0.0 9.93992,45.14531,0.0 9.93992,45.14531,0.0 9.93992,45.14531,0.0 9.93992,45.14531,0.0 9.93992,45.14531,0.0 9.93992,45.14531,0.0 9.93993,45.14533,0.0 9.93993,45.14533,0.0 9.93993,45.14533,0.0 9.93992,45.14534,0.0 9.93992,45.14533,0.0 9.93992,45.14533,0.0 9.93992,45.14533,0.0 9.93992,45.14533,0.0</coordinates>
                    </LineString>
                </Placemark>
                <Placemark id="515">
                    <name>Rota 19:26</name>
                    <styleUrl>#2</styleUrl>
                    <LineString id="514">
                        <altitudeMode>clampToGround</altitudeMode>
                        <coordinates>9.93992,45.14533,0.0 9.93992,45.14533,0.0 9.93992,45.14533,0.0 9.93992,45.14533,0.0 9.93992,45.14533,0.0 9.93992,45.14533,0.0 9.93992,45.14533,0.0 9.93992,45.14533,0.0 9.93992,45.14533,0.0 9.93992,45.14533,0.0 9.93992,45.14533,0.0 9.93992,45.14533,0.0 9.93992,45.14533,0.0 9.93992,45.14533,0.0 9.93992,45.14533,0.0 9.93992,45.14533,0.0 9.93992,45.14533,0.0 9.93992,45.14533,0.0 9.93992,45.14533,0.0 9.93992,45.14533,0.0 9.93992,45.14533,0.0 9.93988,45.1453,0.0 9.93988,45.1453,0.0 9.93988,45.1453,0.0 9.93988,45.1453,0.0 9.93989,45.1453,0.0 9.93989,45.1453,0.0 9.93989,45.1453,0.0 9.93989,45.1453,0.0 9.93989,45.1453,0.0 9.93989,45.1453,0.0 9.93989,45.1453,0.0 9.93989,45.1453,0.0 9.93989,45.1453,0.0 9.93989,45.1453,0.0 9.93989,45.1453,0.0 9.93989,45.1453,0.0 9.93991,45.14533,0.0 9.93991,45.14533,0.0 9.93991,45.14533,0.0 9.9399,45.14532,0.0 9.9399,45.14532,0.0 9.9399,45.14532,0.0 9.9399,45.14532,0.0 9.9399,45.14532,0.0 9.9399,45.14532,0.0 9.9399,45.14532,0.0 9.9399,45.14532,0.0 9.9399,45.14532,0.0 9.9399,45.14532,0.0 9.93988,45.14532,0.0 9.93988,45.14532,0.0 9.93988,45.14532,0.0 9.93988,45.14532,0.0 9.93988,45.14532,0.0 9.93989,45.14531,0.0 9.93989,45.1453,0.0 9.93989,45.1453,0.0 9.93989,45.1453,0.0 9.93989,45.1453,0.0 9.93989,45.1453,0.0</coordinates>
                    </LineString>
                </Placemark>
                <Placemark id="517">
                    <name>Rota 19:27</name>
                    <styleUrl>#2</styleUrl>
                    <LineString id="516">
                        <altitudeMode>clampToGround</altitudeMode>
                        <coordinates>9.93989,45.1453,0.0 9.93989,45.1453,0.0 9.93989,45.1453,0.0 9.93989,45.1453,0.0 9.93989,45.1453,0.0 9.93989,45.1453,0.0 9.93989,45.1453,0.0 9.93989,45.1453,0.0 9.93989,45.1453,0.0 9.93989,45.1453,0.0 9.93989,45.1453,0.0 9.93989,45.1453,0.0 9.93989,45.1453,0.0 9.93989,45.1453,0.0 9.93992,45.14533,0.0 9.93991,45.14534,0.0 9.93991,45.14534,0.0 9.93991,45.14534,0.0 9.9399,45.14534,0.0 9.9399,45.14534,0.0 9.9399,45.14534,0.0 9.9399,45.14534,0.0 9.93991,45.14533,0.0 9.93991,45.14532,0.0 9.93991,45.14532,0.0 9.93991,45.14532,0.0 9.93991,45.14532,0.0 9.93991,45.14532,0.0 9.93991,45.14532,0.0 9.93991,45.14532,0.0 9.93991,45.14532,0.0 9.93991,45.14532,0.0 9.93991,45.14532,0.0 9.93991,45.14532,0.0 9.93991,45.14532,0.0 9.93991,45.14532,0.0 9.93991,45.14532,0.0 9.93991,45.14532,0.0 9.93991,45.14532,0.0 9.93991,45.14532,0.0 9.93994,45.14533,0.0 9.93994,45.14534,0.0 9.93994,45.14534,0.0 9.93994,45.14534,0.0 9.93993,45.14534,0.0 9.93993,45.14534,0.0 9.93993,45.14534,0.0 9.93993,45.14534,0.0 9.93994,45.14532,0.0 9.93993,45.14532,0.0 9.93993,45.14532,0.0 9.93993,45.14532,0.0 9.93993,45.14532,0.0 9.93993,45.14532,0.0 9.93993,45.14532,0.0 9.93993,45.14532,0.0 9.93993,45.14532,0.0 9.93993,45.14532,0.0 9.93993,45.14532,0.0 9.93993,45.14532,0.0 9.93994,45.14533,0.0</coordinates>
                    </LineString>
                </Placemark>
                <Placemark id="519">
                    <name>Rota 19:28</name>
                    <styleUrl>#2</styleUrl>
                    <LineString id="518">
                        <altitudeMode>clampToGround</altitudeMode>
                        <coordinates>9.93994,45.14533,0.0 9.93994,45.14534,0.0 9.93994,45.14534,0.0 9.93993,45.14534,0.0 9.93992,45.14534,0.0 9.93992,45.14534,0.0 9.93992,45.14534,0.0 9.93993,45.14533,0.0 9.93992,45.14532,0.0 9.93992,45.14532,0.0 9.93992,45.14532,0.0 9.93992,45.14532,0.0 9.93992,45.14532,0.0 9.93992,45.14532,0.0 9.93992,45.14532,0.0 9.93992,45.14532,0.0 9.93992,45.14532,0.0 9.93992,45.14532,0.0 9.93992,45.14532,0.0 9.93992,45.14532,0.0 9.93992,45.14532,0.0 9.93992,45.14532,0.0 9.93992,45.14532,0.0 9.93992,45.14532,0.0 9.93992,45.14532,0.0 9.93992,45.14532,0.0 9.93992,45.14532,0.0 9.93992,45.14532,0.0 9.93992,45.14532,0.0 9.93992,45.14532,0.0 9.93992,45.14532,0.0 9.93992,45.14532,0.0 9.93992,45.14532,0.0 9.93992,45.14532,0.0 9.93992,45.14532,0.0 9.93992,45.14532,0.0 9.93992,45.14532,0.0 9.93992,45.14532,0.0 9.93992,45.14532,0.0 9.93992,45.14532,0.0 9.93992,45.14532,0.0 9.93992,45.14532,0.0 9.93992,45.14532,0.0 9.93992,45.14532,0.0 9.93992,45.14532,0.0 9.93992,45.14532,0.0 9.93992,45.14532,0.0 9.93992,45.14532,0.0 9.93992,45.14532,0.0 9.93992,45.14532,0.0 9.93992,45.14532,0.0 9.93992,45.14532,0.0 9.93992,45.14532,0.0 9.93992,45.14532,0.0 9.93992,45.14532,0.0 9.93992,45.14532,0.0 9.93992,45.14532,0.0 9.93992,45.14532,0.0 9.93992,45.14532,0.0 9.93992,45.14532,0.0 9.93992,45.14532,0.0</coordinates>
                    </LineString>
                </Placemark>
                <Placemark id="521">
                    <name>Rota 19:29</name>
                    <styleUrl>#2</styleUrl>
                    <LineString id="520">
                        <altitudeMode>clampToGround</altitudeMode>
                        <coordinates>9.93992,45.14532,0.0 9.93992,45.14532,0.0 9.93992,45.14532,0.0 9.93992,45.14532,0.0 9.93992,45.14532,0.0 9.93992,45.14532,0.0 9.93992,45.14532,0.0 9.93992,45.14532,0.0 9.93992,45.14532,0.0 9.93992,45.14532,0.0 9.93992,45.14532,0.0 9.93992,45.14532,0.0 9.93992,45.14532,0.0 9.93992,45.14532,0.0 9.93992,45.14532,0.0 9.93992,45.14532,0.0 9.93992,45.14532,0.0 9.93992,45.14532,0.0 9.93992,45.14532,0.0 9.93992,45.14532,0.0 9.93989,45.14531,0.0 9.93989,45.1453,0.0 9.93989,45.14531,0.0 9.93989,45.14531,0.0 9.93989,45.14531,0.0 9.93989,45.14531,0.0 9.93989,45.14531,0.0 9.93989,45.14531,0.0 9.93989,45.14531,0.0 9.93989,45.14531,0.0 9.93989,45.14531,0.0 9.93989,45.14531,0.0 9.93989,45.14531,0.0 9.93989,45.14531,0.0 9.93989,45.14531,0.0 9.93991,45.14532,0.0 9.93991,45.14533,0.0 9.9399,45.14532,0.0 9.93991,45.14532,0.0 9.93991,45.14532,0.0 9.93991,45.14531,0.0 9.93991,45.14531,0.0 9.93991,45.14531,0.0 9.93992,45.14531,0.0 9.93992,45.14531,0.0 9.93992,45.14531,0.0 9.93992,45.14531,0.0 9.93992,45.14531,0.0 9.9399,45.14533,0.0 9.93989,45.14533,0.0 9.93989,45.14532,0.0 9.93989,45.14532,0.0 9.93989,45.14531,0.0 9.93989,45.14531,0.0 9.93989,45.14531,0.0 9.93989,45.1453,0.0 9.9399,45.14531,0.0 9.9399,45.14531,0.0 9.9399,45.14531,0.0 9.9399,45.14531,0.0 9.9399,45.14531,0.0</coordinates>
                    </LineString>
                </Placemark>
            </Folder>
            <Folder id="522">
                <name>19:30 – 19:39</name>
                <Placemark id="524">
                    <name>Rota 19:30</name>
                    <styleUrl>#2</styleUrl>
                    <LineString id="523">
                        <altitudeMode>clampToGround</altitudeMode>
                        <coordinates>9.9399,45.14531,0.0 9.9399,45.14531,0.0 9.9399,45.14531,0.0 9.9399,45.14531,0.0 9.9399,45.14531,0.0 9.93992,45.14532,0.0 9.93992,45.14532,0.0 9.93991,45.14533,0.0 9.9399,45.14532,0.0 9.9399,45.14532,0.0 9.9399,45.14532,0.0 9.9399,45.14532,0.0 9.9399,45.14532,0.0 9.9399,45.14532,0.0 9.9399,45.14532,0.0 9.9399,45.14532,0.0 9.9399,45.14532,0.0 9.9399,45.14532,0.0 9.9399,45.14532,0.0 9.9399,45.14532,0.0 9.9399,45.14532,0.0 9.9399,45.14532,0.0 9.9399,45.14532,0.0 9.9399,45.14532,0.0 9.9399,45.14532,0.0 9.9399,45.14532,0.0 9.9399,45.14532,0.0 9.9399,45.14532,0.0 9.9399,45.14532,0.0 9.9399,45.14532,0.0 9.9399,45.14532,0.0 9.9399,45.14532,0.0 9.9399,45.14532,0.0 9.9399,45.14532,0.0 9.9399,45.14532,0.0 9.9399,45.14532,0.0 9.9399,45.14532,0.0 9.9399,45.14532,0.0 9.9399,45.14532,0.0 9.9399,45.14532,0.0 9.9399,45.14532,0.0 9.9399,45.14532,0.0 9.9399,45.14532,0.0 9.9399,45.14532,0.0 9.9399,45.14532,0.0 9.9399,45.14532,0.0 9.93986,45.1453,0.0 9.93987,45.1453,0.0 9.93987,45.1453,0.0 9.93987,45.1453,0.0 9.93987,45.1453,0.0 9.93987,45.1453,0.0 9.93987,45.1453,0.0 9.93987,45.1453,0.0 9.93987,45.1453,0.0 9.93987,45.1453,0.0 9.93987,45.1453,0.0 9.93987,45.1453,0.0 9.93992,45.14532,0.0 9.93992,45.14533,0.0 9.93992,45.14533,0.0</coordinates>
                    </LineString>
                </Placemark>
                <Placemark id="526">
                    <name>Rota 19:31</name>
                    <styleUrl>#2</styleUrl>
                    <LineString id="525">
                        <altitudeMode>clampToGround</altitudeMode>
                        <coordinates>9.93992,45.14533,0.0 9.93992,45.14533,0.0 9.93992,45.14533,0.0 9.93992,45.14533,0.0 9.93992,45.14532,0.0 9.93992,45.14532,0.0 9.93992,45.14532,0.0 9.93992,45.14532,0.0 9.93992,45.14532,0.0 9.93992,45.14532,0.0 9.93992,45.14532,0.0 9.93992,45.14532,0.0 9.93992,45.14532,0.0 9.93992,45.14532,0.0 9.93992,45.14532,0.0 9.93992,45.14532,0.0 9.93992,45.14532,0.0 9.93992,45.14532,0.0 9.93992,45.14532,0.0 9.93992,45.14532,0.0 9.93992,45.14532,0.0 9.93995,45.14536,0.0 9.93995,45.14536,0.0 9.93994,45.14537,0.0 9.93994,45.14537,0.0 9.93994,45.14537,0.0 9.93993,45.14537,0.0 9.93993,45.14537,0.0 9.93993,45.14537,0.0 9.93993,45.14537,0.0 9.93993,45.14537,0.0 9.93993,45.14537,0.0 9.93993,45.14537,0.0 9.93993,45.14537,0.0 9.93993,45.14537,0.0 9.93993,45.14537,0.0 9.93993,45.14537,0.0 9.93993,45.14537,0.0 9.93993,45.14537,0.0 9.93993,45.14537,0.0 9.93993,45.14537,0.0 9.93993,45.14537,0.0 9.93993,45.14537,0.0 9.93993,45.14537,0.0 9.93993,45.14537,0.0 9.93993,45.14537,0.0 9.93989,45.14532,0.0 9.93989,45.14532,0.0 9.93989,45.14532,0.0 9.93989,45.14532,0.0 9.93989,45.14531,0.0 9.9399,45.14531,0.0 9.9399,45.14531,0.0 9.9399,45.14531,0.0 9.9399,45.14531,0.0 9.9399,45.14531,0.0 9.9399,45.14531,0.0 9.9399,45.14531,0.0 9.9399,45.14531,0.0 9.9399,45.14531,0.0 9.93992,45.14533,0.0</coordinates>
                    </LineString>
                </Placemark>
                <Placemark id="528">
                    <name>Rota 19:32</name>
                    <styleUrl>#2</styleUrl>
                    <LineString id="527">
                        <altitudeMode>clampToGround</altitudeMode>
                        <coordinates>9.93992,45.14533,0.0 9.93992,45.14533,0.0 9.93991,45.14534,0.0 9.93991,45.14535,0.0 9.93991,45.14535,0.0 9.93991,45.14534,0.0 9.93991,45.14534,0.0 9.93991,45.14534,0.0 9.93991,45.14534,0.0 9.93991,45.14534,0.0 9.93991,45.14534,0.0 9.93991,45.14534,0.0 9.93991,45.14534,0.0 9.93991,45.14534,0.0 9.93991,45.14534,0.0 9.93991,45.14534,0.0 9.93991,45.14534,0.0 9.93991,45.14534,0.0 9.93991,45.14534,0.0 9.93991,45.14534,0.0 9.93991,45.14534,0.0 9.93991,45.14534,0.0 9.93991,45.14534,0.0 9.93991,45.14534,0.0 9.93991,45.14534,0.0 9.93991,45.14534,0.0 9.93991,45.14534,0.0 9.93991,45.14534,0.0 9.93991,45.14534,0.0 9.93991,45.14534,0.0 9.93991,45.14534,0.0 9.93991,45.14534,0.0 9.93991,45.14534,0.0 9.93991,45.14534,0.0 9.93991,45.14534,0.0 9.93991,45.14534,0.0 9.93991,45.14534,0.0 9.93991,45.14534,0.0 9.93991,45.14534,0.0 9.93991,45.14534,0.0 9.93991,45.14534,0.0 9.93991,45.14534,0.0 9.93991,45.14534,0.0 9.93991,45.14534,0.0 9.93991,45.14534,0.0 9.93991,45.14534,0.0 9.93991,45.14534,0.0 9.93991,45.14534,0.0 9.93991,45.14534,0.0 9.93991,45.14534,0.0 9.93991,45.14534,0.0 9.93991,45.14533,0.0 9.93991,45.14534,0.0 9.9399,45.14534,0.0 9.9399,45.14534,0.0 9.9399,45.14534,0.0 9.9399,45.14534,0.0 9.9399,45.14534,0.0 9.93991,45.14532,0.0 9.93991,45.14532,0.0 9.93991,45.14532,0.0</coordinates>
                    </LineString>
                </Placemark>
                <Placemark id="530">
                    <name>Rota 19:33</name>
                    <styleUrl>#2</styleUrl>
                    <LineString id="529">
                        <altitudeMode>clampToGround</altitudeMode>
                        <coordinates>9.93991,45.14532,0.0 9.93991,45.14531,0.0 9.93991,45.14531,0.0 9.93991,45.14531,0.0 9.93991,45.14531,0.0 9.93991,45.14531,0.0 9.93991,45.14531,0.0 9.93991,45.14531,0.0 9.93991,45.14531,0.0 9.93991,45.14531,0.0 9.93991,45.14531,0.0 9.93991,45.14531,0.0 9.93991,45.14531,0.0 9.93991,45.14531,0.0 9.93992,45.14533,0.0 9.93991,45.14534,0.0 9.93991,45.14534,0.0 9.93991,45.14534,0.0 9.93991,45.14534,0.0 9.93991,45.14534,0.0 9.93991,45.14533,0.0 9.93991,45.14532,0.0 9.93991,45.14532,0.0 9.93991,45.14532,0.0 9.93991,45.14532,0.0 9.93991,45.14532,0.0 9.93991,45.14532,0.0 9.93991,45.14532,0.0 9.93991,45.14532,0.0 9.93991,45.14532,0.0 9.93991,45.14532,0.0 9.93991,45.14532,0.0 9.93991,45.14532,0.0 9.93993,45.14533,0.0 9.93992,45.14534,0.0 9.93992,45.14534,0.0 9.93991,45.14534,0.0 9.93991,45.14534,0.0 9.93991,45.14534,0.0 9.93991,45.14534,0.0 9.93991,45.14534,0.0 9.93991,45.14534,0.0 9.93991,45.14534,0.0 9.93992,45.14532,0.0 9.93992,45.14532,0.0 9.93992,45.14532,0.0 9.93992,45.14532,0.0 9.93992,45.14532,0.0 9.93992,45.14532,0.0 9.93992,45.14532,0.0 9.93992,45.14532,0.0 9.93992,45.14532,0.0 9.93992,45.14532,0.0 9.93992,45.14532,0.0 9.93992,45.14532,0.0 9.93992,45.14532,0.0 9.93994,45.14532,0.0 9.93994,45.14533,0.0 9.93993,45.14533,0.0 9.93993,45.14533,0.0 9.93993,45.14533,0.0</coordinates>
                    </LineString>
                </Placemark>
                <Placemark id="532">
                    <name>Rota 19:34</name>
                    <styleUrl>#2</styleUrl>
                    <LineString id="531">
                        <altitudeMode>clampToGround</altitudeMode>
                        <coordinates>9.93993,45.14533,0.0 9.93993,45.14533,0.0 9.93993,45.14533,0.0 9.93993,45.14533,0.0 9.93993,45.14531,0.0 9.93993,45.14531,0.0 9.93993,45.14531,0.0 9.93993,45.14531,0.0 9.93993,45.14531,0.0 9.93993,45.14531,0.0 9.93993,45.14531,0.0 9.93993,45.14531,0.0 9.93993,45.14531,0.0 9.93993,45.14531,0.0 9.93993,45.14531,0.0 9.93993,45.14531,0.0 9.93993,45.14531,0.0 9.93993,45.14531,0.0 9.93993,45.14531,0.0 9.93993,45.14531,0.0 9.93993,45.14531,0.0 9.93993,45.14531,0.0 9.93993,45.14531,0.0 9.93993,45.14531,0.0 9.93993,45.14531,0.0 9.93993,45.14531,0.0 9.93993,45.14531,0.0 9.93993,45.14531,0.0 9.93993,45.14531,0.0 9.93993,45.14531,0.0 9.93994,45.14532,0.0 9.93994,45.14533,0.0 9.93993,45.14533,0.0 9.93992,45.14533,0.0 9.93992,45.14533,0.0 9.93992,45.14533,0.0 9.93992,45.14533,0.0 9.93992,45.14533,0.0 9.93993,45.14532,0.0 9.93992,45.14531,0.0 9.93992,45.14531,0.0 9.93992,45.14531,0.0 9.93993,45.14531,0.0 9.93993,45.14531,0.0 9.93993,45.14531,0.0 9.93993,45.14531,0.0 9.93993,45.14531,0.0 9.93993,45.14531,0.0 9.93993,45.14532,0.0 9.93992,45.14532,0.0 9.93992,45.14533,0.0 9.93992,45.14532,0.0 9.93992,45.14532,0.0 9.93992,45.14532,0.0 9.93992,45.14532,0.0 9.93992,45.14531,0.0 9.93991,45.14531,0.0 9.93991,45.1453,0.0 9.93991,45.1453,0.0 9.93991,45.1453,0.0 9.93991,45.1453,0.0</coordinates>
                    </LineString>
                </Placemark>
                <Placemark id="534">
                    <name>Rota 19:35</name>
                    <styleUrl>#2</styleUrl>
                    <LineString id="533">
                        <altitudeMode>clampToGround</altitudeMode>
                        <coordinates>9.93991,45.1453,0.0 9.93992,45.1453,0.0 9.93992,45.1453,0.0 9.93992,45.1453,0.0 9.93992,45.1453,0.0 9.93992,45.1453,0.0 9.93992,45.1453,0.0 9.93992,45.1453,0.0 9.93992,45.1453,0.0 9.93993,45.14531,0.0 9.93993,45.14532,0.0 9.93993,45.14532,0.0 9.93993,45.14532,0.0 9.93992,45.14532,0.0 9.93991,45.14533,0.0 9.93991,45.14533,0.0 9.93991,45.14533,0.0 9.93991,45.14533,0.0 9.93991,45.14533,0.0 9.93992,45.14531,0.0 9.93991,45.1453,0.0 9.93991,45.1453,0.0 9.93991,45.1453,0.0 9.93991,45.1453,0.0 9.93991,45.1453,0.0 9.93991,45.1453,0.0 9.93991,45.1453,0.0 9.93991,45.1453,0.0 9.93991,45.1453,0.0 9.93991,45.1453,0.0 9.93991,45.1453,0.0 9.93991,45.1453,0.0 9.93991,45.1453,0.0 9.93991,45.1453,0.0 9.93991,45.1453,0.0 9.93991,45.1453,0.0 9.93991,45.1453,0.0 9.93991,45.1453,0.0 9.93993,45.14532,0.0 9.93992,45.14532,0.0 9.93992,45.14533,0.0 9.93991,45.14533,0.0 9.93991,45.14533,0.0 9.93991,45.14533,0.0 9.93991,45.14532,0.0 9.93991,45.14532,0.0 9.93992,45.14531,0.0 9.93992,45.14531,0.0 9.93992,45.14531,0.0 9.93992,45.14531,0.0 9.93991,45.14531,0.0 9.93991,45.14531,0.0 9.93991,45.14531,0.0 9.93991,45.14531,0.0 9.93991,45.14531,0.0 9.93991,45.14531,0.0 9.93991,45.14531,0.0 9.93991,45.14531,0.0 9.93991,45.14531,0.0 9.93991,45.14531,0.0 9.9399,45.1453,0.0</coordinates>
                    </LineString>
                </Placemark>
                <Placemark id="536">
                    <name>Rota 19:36</name>
                    <styleUrl>#2</styleUrl>
                    <LineString id="535">
                        <altitudeMode>clampToGround</altitudeMode>
                        <coordinates>9.9399,45.1453,0.0 9.9399,45.1453,0.0 9.9399,45.1453,0.0 9.9399,45.14529,0.0 9.9399,45.14529,0.0 9.9399,45.14529,0.0 9.9399,45.14529,0.0 9.9399,45.14529,0.0 9.9399,45.14529,0.0 9.9399,45.14529,0.0 9.9399,45.14529,0.0 9.9399,45.14529,0.0 9.9399,45.14529,0.0 9.9399,45.14529,0.0 9.9399,45.14529,0.0 9.9399,45.14529,0.0 9.9399,45.14529,0.0 9.9399,45.14529,0.0 9.9399,45.14529,0.0 9.93992,45.14531,0.0 9.93992,45.14531,0.0 9.93992,45.14532,0.0 9.93991,45.14532,0.0 9.93991,45.14532,0.0 9.93991,45.14532,0.0 9.93991,45.14532,0.0 9.93991,45.14532,0.0 9.93991,45.14532,0.0 9.93991,45.14532,0.0 9.93991,45.14532,0.0 9.93991,45.14532,0.0 9.93991,45.14532,0.0 9.93991,45.14532,0.0 9.9399,45.14531,0.0 9.9399,45.14531,0.0 9.9399,45.1453,0.0 9.9399,45.1453,0.0 9.9399,45.1453,0.0 9.9399,45.1453,0.0 9.9399,45.1453,0.0 9.9399,45.1453,0.0 9.9399,45.1453,0.0 9.9399,45.1453,0.0 9.9399,45.1453,0.0 9.9399,45.1453,0.0 9.9399,45.1453,0.0 9.9399,45.1453,0.0 9.9399,45.1453,0.0 9.9399,45.1453,0.0 9.9399,45.1453,0.0 9.9399,45.1453,0.0 9.93992,45.14532,0.0 9.93992,45.14533,0.0 9.93992,45.14533,0.0 9.93992,45.14533,0.0 9.93992,45.14533,0.0 9.93992,45.14533,0.0 9.93992,45.14533,0.0 9.93992,45.14533,0.0 9.93992,45.14533,0.0 9.93992,45.14533,0.0</coordinates>
                    </LineString>
                </Placemark>
                <Placemark id="538">
                    <name>Rota 19:37</name>
                    <styleUrl>#2</styleUrl>
                    <LineString id="537">
                        <altitudeMode>clampToGround</altitudeMode>
                        <coordinates>9.93992,45.14533,0.0 9.93992,45.14533,0.0 9.93992,45.14533,0.0 9.93992,45.14533,0.0 9.93992,45.14533,0.0 9.93992,45.14533,0.0 9.93992,45.14533,0.0 9.93992,45.14533,0.0 9.93992,45.14533,0.0 9.93992,45.14533,0.0 9.93992,45.14533,0.0 9.93992,45.14532,0.0 9.93992,45.14532,0.0 9.93992,45.14533,0.0 9.93992,45.14533,0.0 9.93992,45.14533,0.0 9.93991,45.14532,0.0 9.93991,45.14532,0.0 9.93991,45.14532,0.0 9.93991,45.14532,0.0 9.93991,45.14532,0.0 9.93991,45.14532,0.0 9.93991,45.14532,0.0 9.93991,45.14532,0.0 9.93991,45.14532,0.0 9.93991,45.14532,0.0 9.93991,45.14532,0.0 9.93991,45.14532,0.0 9.93991,45.14532,0.0 9.93991,45.14532,0.0 9.93991,45.14532,0.0 9.93991,45.14532,0.0 9.93991,45.14532,0.0 9.93991,45.14532,0.0 9.93991,45.14532,0.0 9.93991,45.14532,0.0 9.93993,45.14533,0.0 9.93993,45.14534,0.0 9.93993,45.14534,0.0 9.93992,45.14534,0.0 9.93992,45.14534,0.0 9.93992,45.14534,0.0 9.93992,45.14534,0.0 9.93992,45.14534,0.0 9.93992,45.14534,0.0 9.93992,45.14534,0.0 9.93992,45.14534,0.0 9.93992,45.14534,0.0 9.93992,45.14534,0.0 9.93992,45.14534,0.0 9.93992,45.14534,0.0 9.93992,45.14534,0.0 9.93991,45.14534,0.0 9.93991,45.14533,0.0 9.93991,45.14533,0.0 9.93991,45.14533,0.0 9.93991,45.14533,0.0 9.93991,45.14533,0.0 9.93991,45.14533,0.0 9.93991,45.14533,0.0 9.93991,45.14533,0.0</coordinates>
                    </LineString>
                </Placemark>
                <Placemark id="540">
                    <name>Rota 19:38</name>
                    <styleUrl>#2</styleUrl>
                    <LineString id="539">
                        <altitudeMode>clampToGround</altitudeMode>
                        <coordinates>9.93991,45.14533,0.0 9.93991,45.14533,0.0 9.93991,45.14533,0.0 9.93991,45.14533,0.0 9.93991,45.14533,0.0 9.93991,45.14533,0.0 9.93991,45.14533,0.0 9.93991,45.14533,0.0 9.93991,45.14533,0.0 9.93991,45.14533,0.0 9.93991,45.14533,0.0 9.93992,45.14533,0.0 9.93992,45.14533,0.0 9.93992,45.14533,0.0 9.93992,45.14533,0.0 9.93992,45.14533,0.0 9.93992,45.14533,0.0 9.93992,45.14533,0.0 9.93992,45.14533,0.0 9.93992,45.14533,0.0 9.93992,45.14533,0.0 9.93992,45.14533,0.0 9.93992,45.14533,0.0 9.93992,45.14533,0.0 9.93992,45.14533,0.0 9.93992,45.14533,0.0 9.93992,45.14533,0.0 9.93992,45.14534,0.0 9.93992,45.14535,0.0 9.93992,45.14535,0.0 9.93992,45.14535,0.0 9.93992,45.14535,0.0 9.93992,45.14535,0.0 9.93992,45.14535,0.0 9.93992,45.14535,0.0 9.93992,45.14535,0.0 9.93992,45.14535,0.0 9.93992,45.14535,0.0 9.93992,45.14535,0.0 9.93992,45.14535,0.0 9.93992,45.14535,0.0 9.93992,45.14535,0.0 9.93992,45.14535,0.0 9.93992,45.14535,0.0 9.93992,45.14535,0.0 9.93992,45.14535,0.0 9.93992,45.14535,0.0 9.93992,45.14535,0.0 9.93992,45.14535,0.0 9.93992,45.14535,0.0 9.93992,45.14535,0.0 9.93992,45.14533,0.0 9.93992,45.14533,0.0 9.93992,45.14532,0.0 9.93992,45.14532,0.0 9.93992,45.14532,0.0 9.93992,45.14532,0.0 9.93992,45.14532,0.0 9.93992,45.14532,0.0 9.93992,45.14532,0.0 9.93992,45.14532,0.0</coordinates>
                    </LineString>
                </Placemark>
                <Placemark id="542">
                    <name>Rota 19:39</name>
                    <styleUrl>#2</styleUrl>
                    <LineString id="541">
                        <altitudeMode>clampToGround</altitudeMode>
                        <coordinates>9.93992,45.14532,0.0 9.93992,45.14532,0.0 9.93992,45.14532,0.0 9.93992,45.14532,0.0 9.93992,45.14532,0.0 9.93992,45.14532,0.0 9.93992,45.14532,0.0 9.93992,45.14532,0.0 9.93992,45.14532,0.0 9.93992,45.14532,0.0 9.93992,45.14532,0.0 9.93992,45.14532,0.0 9.93992,45.14532,0.0 9.93992,45.14533,0.0 9.93992,45.14533,0.0 9.93992,45.14533,0.0 9.93992,45.14533,0.0 9.93992,45.14533,0.0 9.93992,45.14533,0.0 9.93992,45.14533,0.0 9.93992,45.14533,0.0 9.93992,45.14533,0.0 9.93992,45.14533,0.0 9.93992,45.14533,0.0 9.93994,45.14533,0.0 9.93993,45.14534,0.0 9.93993,45.14534,0.0 9.93993,45.14534,0.0 9.93993,45.14535,0.0 9.93993,45.14534,0.0 9.93993,45.14534,0.0 9.93992,45.14533,0.0 9.93992,45.14533,0.0 9.93992,45.14533,0.0 9.93992,45.14533,0.0 9.93992,45.14532,0.0 9.93992,45.14532,0.0 9.93992,45.14532,0.0 9.93992,45.14532,0.0 9.93992,45.14532,0.0 9.93992,45.14532,0.0 9.93992,45.14532,0.0 9.93992,45.14532,0.0 9.93992,45.14532,0.0 9.93992,45.14532,0.0 9.93992,45.14532,0.0 9.93992,45.14532,0.0 9.93994,45.14531,0.0 9.93994,45.14532,0.0 9.93993,45.14533,0.0 9.93992,45.14533,0.0 9.93992,45.14533,0.0 9.93992,45.14533,0.0 9.93992,45.14533,0.0 9.93992,45.14532,0.0 9.93992,45.14532,0.0 9.93992,45.14532,0.0 9.93992,45.14532,0.0 9.93992,45.14532,0.0 9.93992,45.14532,0.0 9.93992,45.14532,0.0</coordinates>
                    </LineString>
                </Placemark>
            </Folder>
            <Folder id="543">
                <name>19:40 – 19:49</name>
                <Placemark id="545">
                    <name>Rota 19:40</name>
                    <styleUrl>#2</styleUrl>
                    <LineString id="544">
                        <altitudeMode>clampToGround</altitudeMode>
                        <coordinates>9.93992,45.14532,0.0 9.93992,45.14532,0.0 9.93992,45.14532,0.0 9.93992,45.14532,0.0 9.93992,45.14532,0.0 9.93992,45.14532,0.0 9.93992,45.14532,0.0 9.93992,45.14532,0.0 9.93992,45.14532,0.0 9.93992,45.14532,0.0 9.93992,45.14532,0.0 9.93992,45.14532,0.0 9.93992,45.14532,0.0 9.93992,45.14532,0.0 9.93992,45.14532,0.0 9.93992,45.14532,0.0 9.93992,45.14532,0.0 9.93992,45.14532,0.0 9.93992,45.14532,0.0 9.93992,45.14532,0.0 9.93992,45.14532,0.0 9.93992,45.14532,0.0 9.93992,45.14532,0.0 9.93992,45.14532,0.0 9.93988,45.14529,0.0 9.93988,45.14529,0.0 9.93988,45.14529,0.0 9.93989,45.14529,0.0 9.93989,45.14529,0.0 9.93989,45.14529,0.0 9.93989,45.14529,0.0 9.93989,45.14529,0.0 9.93989,45.14529,0.0 9.93989,45.14529,0.0 9.93989,45.14529,0.0 9.93989,45.14529,0.0 9.93989,45.14529,0.0 9.93989,45.14529,0.0 9.93989,45.14529,0.0 9.93992,45.14532,0.0 9.93992,45.14532,0.0 9.93991,45.14532,0.0 9.9399,45.14532,0.0 9.9399,45.14532,0.0 9.9399,45.14532,0.0 9.9399,45.14532,0.0 9.93992,45.14531,0.0 9.93992,45.14531,0.0 9.93992,45.1453,0.0 9.93991,45.14529,0.0 9.93991,45.14529,0.0 9.93991,45.14529,0.0 9.93991,45.14529,0.0 9.93991,45.14529,0.0 9.93991,45.14529,0.0 9.93991,45.14529,0.0 9.93991,45.14529,0.0 9.93991,45.14529,0.0 9.93991,45.14529,0.0 9.93991,45.14529,0.0 9.93991,45.14529,0.0</coordinates>
                    </LineString>
                </Placemark>
                <Placemark id="547">
                    <name>Rota 19:41</name>
                    <styleUrl>#2</styleUrl>
                    <LineString id="546">
                        <altitudeMode>clampToGround</altitudeMode>
                        <coordinates>9.93991,45.14529,0.0 9.93991,45.14529,0.0 9.93993,45.14532,0.0 9.93993,45.14532,0.0 9.93992,45.14533,0.0 9.93992,45.14533,0.0 9.93992,45.14533,0.0 9.93991,45.14533,0.0 9.93991,45.14533,0.0 9.93991,45.14533,0.0 9.93992,45.14532,0.0 9.93992,45.14532,0.0 9.93992,45.14531,0.0 9.93992,45.1453,0.0 9.93992,45.1453,0.0 9.93992,45.14531,0.0 9.93992,45.14531,0.0 9.93992,45.14531,0.0 9.93992,45.14531,0.0 9.93992,45.14531,0.0 9.93992,45.14531,0.0 9.93992,45.14531,0.0 9.93992,45.14531,0.0 9.93992,45.14531,0.0 9.93992,45.14531,0.0 9.93993,45.14533,0.0 9.93993,45.14534,0.0 9.93993,45.14534,0.0 9.93992,45.14534,0.0 9.93991,45.14534,0.0 9.93991,45.14534,0.0 9.93991,45.14534,0.0 9.93991,45.14534,0.0 9.93991,45.14534,0.0 9.93991,45.14534,0.0 9.93992,45.14531,0.0 9.93992,45.14531,0.0 9.93992,45.14531,0.0 9.93992,45.14531,0.0 9.93992,45.14531,0.0 9.93992,45.14531,0.0 9.93992,45.14531,0.0 9.93992,45.14531,0.0 9.93992,45.14531,0.0 9.93992,45.14531,0.0 9.93992,45.14531,0.0 9.93992,45.14531,0.0 9.93992,45.14531,0.0 9.93992,45.14531,0.0 9.93992,45.14531,0.0 9.93992,45.14531,0.0 9.93992,45.14531,0.0 9.93995,45.14532,0.0 9.93995,45.14532,0.0 9.93995,45.14532,0.0 9.93994,45.14533,0.0 9.93993,45.14533,0.0 9.93993,45.14533,0.0 9.93992,45.14533,0.0 9.93992,45.14533,0.0 9.93992,45.14533,0.0</coordinates>
                    </LineString>
                </Placemark>
                <Placemark id="549">
                    <name>Rota 19:42</name>
                    <styleUrl>#2</styleUrl>
                    <LineString id="548">
                        <altitudeMode>clampToGround</altitudeMode>
                        <coordinates>9.93992,45.14533,0.0 9.93992,45.14533,0.0 9.93992,45.14533,0.0 9.93992,45.14533,0.0 9.93992,45.14533,0.0 9.93992,45.14533,0.0 9.93992,45.14533,0.0 9.93992,45.14533,0.0 9.93992,45.14533,0.0 9.93992,45.14533,0.0 9.93992,45.14533,0.0 9.93992,45.14533,0.0 9.93992,45.14533,0.0 9.93992,45.14533,0.0 9.93992,45.14533,0.0 9.93992,45.14533,0.0 9.93992,45.14533,0.0 9.93992,45.14533,0.0 9.9399,45.14529,0.0 9.9399,45.14528,0.0 9.9399,45.14528,0.0 9.9399,45.14528,0.0 9.9399,45.14528,0.0 9.9399,45.14528,0.0 9.9399,45.14528,0.0 9.9399,45.14528,0.0 9.9399,45.14528,0.0 9.9399,45.14528,0.0 9.9399,45.14528,0.0 9.9399,45.14528,0.0 9.9399,45.14528,0.0 9.9399,45.14528,0.0 9.9399,45.14528,0.0 9.9399,45.14528,0.0 9.9399,45.14528,0.0 9.9399,45.14528,0.0 9.93995,45.1453,0.0 9.93995,45.1453,0.0 9.93995,45.14531,0.0 9.93995,45.14531,0.0 9.93994,45.14531,0.0 9.93994,45.14531,0.0 9.93994,45.14531,0.0 9.93994,45.14531,0.0 9.93994,45.14531,0.0 9.93994,45.14531,0.0 9.93994,45.14531,0.0 9.93994,45.14529,0.0 9.93994,45.14529,0.0 9.93994,45.14529,0.0 9.93994,45.14529,0.0 9.93994,45.14529,0.0 9.93994,45.14529,0.0 9.93994,45.14529,0.0 9.93994,45.14529,0.0 9.93994,45.14529,0.0 9.93994,45.14529,0.0 9.93994,45.14529,0.0 9.93994,45.14529,0.0 9.93994,45.14529,0.0 9.93994,45.14529,0.0</coordinates>
                    </LineString>
                </Placemark>
                <Placemark id="551">
                    <name>Rota 19:43</name>
                    <styleUrl>#2</styleUrl>
                    <LineString id="550">
                        <altitudeMode>clampToGround</altitudeMode>
                        <coordinates>9.93994,45.14529,0.0 9.93994,45.14529,0.0 9.93994,45.14529,0.0 9.93994,45.14529,0.0 9.93994,45.14529,0.0 9.93994,45.14529,0.0 9.93994,45.14529,0.0 9.93994,45.14529,0.0 9.93994,45.14529,0.0 9.93994,45.14529,0.0 9.93994,45.14529,0.0 9.93995,45.14528,0.0 9.93994,45.14528,0.0 9.93994,45.14528,0.0 9.93994,45.14528,0.0 9.93994,45.14528,0.0 9.93994,45.14528,0.0 9.93994,45.14528,0.0 9.93994,45.14528,0.0 9.93994,45.14528,0.0 9.93994,45.14528,0.0 9.93994,45.14528,0.0 9.93994,45.14528,0.0 9.93994,45.14528,0.0 9.93994,45.14528,0.0 9.93994,45.14528,0.0 9.93995,45.1453,0.0 9.93994,45.14531,0.0 9.93994,45.14531,0.0 9.93994,45.14531,0.0 9.93993,45.14531,0.0 9.93993,45.14531,0.0 9.93993,45.14531,0.0 9.93993,45.14531,0.0 9.93993,45.14531,0.0 9.93993,45.14531,0.0 9.93993,45.14531,0.0 9.93992,45.14529,0.0 9.93992,45.14529,0.0 9.93992,45.14529,0.0 9.93992,45.14529,0.0 9.93992,45.14529,0.0 9.93992,45.14529,0.0 9.93992,45.14529,0.0 9.93992,45.14529,0.0 9.93992,45.14529,0.0 9.93992,45.14529,0.0 9.93992,45.14529,0.0 9.93992,45.14529,0.0 9.93992,45.14529,0.0 9.93992,45.14529,0.0 9.93992,45.14529,0.0 9.93992,45.14529,0.0 9.93992,45.14529,0.0 9.93992,45.14529,0.0 9.93992,45.14529,0.0 9.93993,45.14531,0.0 9.93993,45.14532,0.0 9.93992,45.14533,0.0 9.93992,45.14533,0.0 9.93992,45.14533,0.0</coordinates>
                    </LineString>
                </Placemark>
                <Placemark id="553">
                    <name>Rota 19:44</name>
                    <styleUrl>#2</styleUrl>
                    <LineString id="552">
                        <altitudeMode>clampToGround</altitudeMode>
                        <coordinates>9.93992,45.14533,0.0 9.93991,45.14533,0.0 9.93991,45.14532,0.0 9.93991,45.14532,0.0 9.93991,45.14532,0.0 9.93991,45.14532,0.0 9.93991,45.14531,0.0 9.93991,45.1453,0.0 9.93991,45.1453,0.0 9.93991,45.1453,0.0 9.93991,45.1453,0.0 9.93991,45.1453,0.0 9.93991,45.1453,0.0 9.93991,45.1453,0.0 9.93991,45.1453,0.0 9.93991,45.1453,0.0 9.93991,45.1453,0.0 9.93991,45.1453,0.0 9.93991,45.1453,0.0 9.93991,45.1453,0.0 9.93991,45.1453,0.0 9.93991,45.1453,0.0 9.93993,45.14531,0.0 9.93993,45.14531,0.0 9.93993,45.14531,0.0 9.93992,45.14531,0.0 9.93992,45.14531,0.0 9.93992,45.14531,0.0 9.93992,45.14531,0.0 9.93992,45.14531,0.0 9.93993,45.1453,0.0 9.93992,45.14529,0.0 9.93992,45.14529,0.0 9.93992,45.14529,0.0 9.93992,45.14529,0.0 9.93992,45.14529,0.0 9.93992,45.14529,0.0 9.93992,45.14529,0.0 9.93992,45.14529,0.0 9.93992,45.14529,0.0 9.93992,45.14529,0.0 9.93992,45.14529,0.0 9.93992,45.14529,0.0 9.93992,45.14529,0.0 9.93992,45.14529,0.0 9.93992,45.14529,0.0 9.93992,45.14529,0.0 9.93992,45.14529,0.0 9.93992,45.14529,0.0 9.93994,45.14531,0.0 9.93994,45.14531,0.0 9.93994,45.14532,0.0 9.93993,45.14532,0.0 9.93993,45.14532,0.0 9.93993,45.14532,0.0 9.93993,45.14532,0.0 9.93993,45.14532,0.0 9.93993,45.14532,0.0 9.93993,45.14532,0.0 9.93993,45.14532,0.0 9.93993,45.14532,0.0</coordinates>
                    </LineString>
                </Placemark>
                <Placemark id="555">
                    <name>Rota 19:45</name>
                    <styleUrl>#2</styleUrl>
                    <LineString id="554">
                        <altitudeMode>clampToGround</altitudeMode>
                        <coordinates>9.93993,45.14532,0.0 9.93993,45.14532,0.0 9.93993,45.14532,0.0 9.93993,45.14532,0.0 9.93991,45.14532,0.0 9.93991,45.14532,0.0 9.93991,45.14532,0.0 9.9399,45.14532,0.0 9.9399,45.14532,0.0 9.9399,45.14532,0.0 9.93991,45.14531,0.0 9.93991,45.14531,0.0 9.9399,45.1453,0.0 9.9399,45.1453,0.0 9.9399,45.1453,0.0 9.93991,45.1453,0.0 9.93991,45.1453,0.0 9.93991,45.1453,0.0 9.93991,45.1453,0.0 9.93991,45.1453,0.0 9.93991,45.1453,0.0 9.93991,45.1453,0.0 9.93991,45.1453,0.0 9.93991,45.1453,0.0 9.93991,45.1453,0.0 9.93994,45.14531,0.0 9.93994,45.14532,0.0 9.93994,45.14532,0.0 9.93993,45.14532,0.0 9.93993,45.14532,0.0 9.93993,45.14532,0.0 9.93993,45.14532,0.0 9.93993,45.14532,0.0 9.93993,45.14532,0.0 9.93993,45.14532,0.0 9.93993,45.14532,0.0 9.93993,45.14532,0.0 9.93993,45.14532,0.0 9.93993,45.14532,0.0 9.93993,45.14532,0.0 9.93993,45.14532,0.0 9.93993,45.14532,0.0 9.93993,45.14532,0.0 9.93993,45.14532,0.0 9.93993,45.14532,0.0 9.93993,45.14532,0.0 9.93993,45.14532,0.0 9.93993,45.14532,0.0 9.93991,45.1453,0.0 9.93991,45.1453,0.0 9.93991,45.1453,0.0 9.93991,45.1453,0.0 9.93991,45.1453,0.0 9.93991,45.1453,0.0 9.93991,45.1453,0.0 9.93991,45.1453,0.0 9.93991,45.1453,0.0 9.93991,45.1453,0.0 9.93991,45.1453,0.0 9.93991,45.1453,0.0 9.93991,45.1453,0.0</coordinates>
                    </LineString>
                </Placemark>
                <Placemark id="557">
                    <name>Rota 19:46</name>
                    <styleUrl>#2</styleUrl>
                    <LineString id="556">
                        <altitudeMode>clampToGround</altitudeMode>
                        <coordinates>9.93991,45.1453,0.0 9.93994,45.14531,0.0 9.93994,45.14532,0.0 9.93993,45.14533,0.0 9.93993,45.14533,0.0 9.93992,45.14533,0.0 9.93992,45.14533,0.0 9.93992,45.14533,0.0 9.93992,45.14533,0.0 9.93992,45.14533,0.0 9.93992,45.14532,0.0 9.93992,45.14532,0.0 9.93992,45.14531,0.0 9.93992,45.14531,0.0 9.93992,45.14531,0.0 9.93992,45.14531,0.0 9.93992,45.14531,0.0 9.93992,45.14531,0.0 9.93992,45.14531,0.0 9.93992,45.14531,0.0 9.93992,45.14531,0.0 9.93992,45.14531,0.0 9.93992,45.14531,0.0 9.93992,45.14531,0.0 9.93992,45.14531,0.0 9.93996,45.1453,0.0 9.93996,45.14531,0.0 9.93995,45.14531,0.0 9.93994,45.14531,0.0 9.93994,45.14531,0.0 9.93994,45.14531,0.0 9.93994,45.14531,0.0 9.93994,45.14531,0.0 9.93994,45.14531,0.0 9.93994,45.14531,0.0 9.93994,45.14531,0.0 9.93994,45.14531,0.0 9.93994,45.14531,0.0 9.93994,45.14531,0.0 9.93994,45.14531,0.0 9.93994,45.14531,0.0 9.93994,45.14531,0.0 9.93994,45.14531,0.0 9.93994,45.14531,0.0 9.93994,45.14531,0.0 9.93994,45.14531,0.0 9.93991,45.14531,0.0 9.93991,45.14531,0.0 9.9399,45.1453,0.0 9.9399,45.1453,0.0 9.9399,45.1453,0.0 9.9399,45.1453,0.0 9.9399,45.1453,0.0 9.9399,45.1453,0.0 9.9399,45.1453,0.0 9.9399,45.1453,0.0 9.9399,45.1453,0.0 9.9399,45.1453,0.0 9.9399,45.1453,0.0 9.9399,45.1453,0.0 9.9399,45.1453,0.0</coordinates>
                    </LineString>
                </Placemark>
                <Placemark id="559">
                    <name>Rota 19:47</name>
                    <styleUrl>#2</styleUrl>
                    <LineString id="558">
                        <altitudeMode>clampToGround</altitudeMode>
                        <coordinates>9.9399,45.1453,0.0 9.9399,45.1453,0.0 9.9399,45.1453,0.0 9.9399,45.1453,0.0 9.9399,45.1453,0.0 9.9399,45.1453,0.0 9.9399,45.1453,0.0 9.93993,45.14533,0.0 9.93993,45.14533,0.0 9.93993,45.14533,0.0 9.93993,45.14533,0.0 9.93993,45.14533,0.0 9.93993,45.14533,0.0 9.93993,45.14533,0.0 9.93993,45.14533,0.0 9.93993,45.14533,0.0 9.93993,45.14533,0.0 9.93993,45.14533,0.0 9.93993,45.14533,0.0 9.9399,45.14532,0.0 9.9399,45.14532,0.0 9.9399,45.14532,0.0 9.93991,45.14532,0.0 9.93991,45.14532,0.0 9.93991,45.14531,0.0 9.93991,45.14531,0.0 9.93991,45.14531,0.0 9.93991,45.14531,0.0 9.93991,45.14531,0.0 9.93991,45.14531,0.0 9.93991,45.14531,0.0 9.93991,45.14531,0.0 9.93991,45.14531,0.0 9.93991,45.14531,0.0 9.93991,45.14531,0.0 9.93991,45.14531,0.0 9.93991,45.14531,0.0 9.93991,45.14531,0.0 9.93996,45.14532,0.0 9.93996,45.14532,0.0 9.93995,45.14533,0.0 9.93995,45.14533,0.0 9.93995,45.14533,0.0 9.93995,45.14532,0.0 9.93994,45.14532,0.0 9.93994,45.14531,0.0 9.93994,45.14531,0.0 9.93994,45.14531,0.0 9.93994,45.14531,0.0 9.93994,45.14531,0.0 9.93994,45.1453,0.0 9.93994,45.1453,0.0 9.93994,45.1453,0.0 9.93994,45.1453,0.0 9.93994,45.1453,0.0 9.93994,45.1453,0.0 9.93994,45.1453,0.0 9.93994,45.1453,0.0 9.93994,45.1453,0.0 9.93994,45.1453,0.0 9.93994,45.1453,0.0</coordinates>
                    </LineString>
                </Placemark>
                <Placemark id="561">
                    <name>Rota 19:48</name>
                    <styleUrl>#2</styleUrl>
                    <LineString id="560">
                        <altitudeMode>clampToGround</altitudeMode>
                        <coordinates>9.93994,45.1453,0.0 9.93994,45.1453,0.0 9.93997,45.14532,0.0 9.93996,45.14532,0.0 9.93996,45.14533,0.0 9.93996,45.14533,0.0 9.93996,45.14533,0.0 9.93995,45.14532,0.0 9.93994,45.14531,0.0 9.93994,45.14531,0.0 9.93994,45.14531,0.0 9.93994,45.14531,0.0 9.93994,45.14531,0.0 9.93994,45.14531,0.0 9.93994,45.14531,0.0 9.93994,45.14531,0.0 9.93994,45.14531,0.0 9.93994,45.14531,0.0 9.93994,45.14531,0.0 9.93994,45.14531,0.0 9.93994,45.14531,0.0 9.93994,45.14531,0.0 9.93994,45.14531,0.0 9.93994,45.14531,0.0 9.93994,45.14531,0.0 9.93994,45.14531,0.0 9.93997,45.14533,0.0 9.93997,45.14533,0.0 9.93997,45.14533,0.0 9.93997,45.14533,0.0 9.93997,45.14533,0.0 9.93996,45.14532,0.0 9.93996,45.14531,0.0 9.93995,45.14531,0.0 9.93996,45.14531,0.0 9.93996,45.14531,0.0 9.93996,45.14531,0.0 9.93996,45.14531,0.0 9.93996,45.14531,0.0 9.93996,45.14531,0.0 9.93996,45.14531,0.0 9.93996,45.14531,0.0 9.93996,45.14531,0.0 9.93996,45.14531,0.0 9.93996,45.14531,0.0 9.93996,45.14531,0.0 9.93996,45.14531,0.0 9.93996,45.14531,0.0 9.93996,45.14531,0.0 9.93996,45.14531,0.0 9.93996,45.14531,0.0 9.93996,45.14531,0.0 9.93996,45.14531,0.0 9.93996,45.14531,0.0 9.93999,45.14533,0.0 9.93998,45.14533,0.0 9.93997,45.14533,0.0 9.93997,45.14533,0.0 9.93997,45.14533,0.0 9.93997,45.14532,0.0 9.93996,45.14531,0.0</coordinates>
                    </LineString>
                </Placemark>
                <Placemark id="563">
                    <name>Rota 19:49</name>
                    <styleUrl>#2</styleUrl>
                    <LineString id="562">
                        <altitudeMode>clampToGround</altitudeMode>
                        <coordinates>9.93996,45.14531,0.0 9.93996,45.14531,0.0 9.93995,45.14531,0.0 9.93995,45.14531,0.0 9.93995,45.14531,0.0 9.93995,45.14531,0.0 9.93995,45.14531,0.0 9.93995,45.14531,0.0 9.93995,45.14531,0.0 9.93995,45.14531,0.0 9.93995,45.14531,0.0 9.93995,45.14531,0.0 9.93998,45.14533,0.0 9.93997,45.14534,0.0 9.93996,45.14534,0.0 9.93995,45.14534,0.0 9.93995,45.14534,0.0 9.93994,45.14534,0.0 9.93994,45.14534,0.0 9.93994,45.14534,0.0 9.93994,45.14534,0.0 9.93994,45.14534,0.0 9.93994,45.14532,0.0 9.93994,45.14531,0.0 9.93994,45.14531,0.0 9.93994,45.14531,0.0 9.93993,45.1453,0.0 9.93993,45.1453,0.0 9.93994,45.1453,0.0 9.93994,45.1453,0.0 9.93994,45.1453,0.0 9.93994,45.1453,0.0 9.93994,45.1453,0.0 9.93994,45.1453,0.0 9.93994,45.1453,0.0 9.93994,45.1453,0.0 9.93994,45.1453,0.0 9.93994,45.1453,0.0 9.93994,45.1453,0.0 9.93994,45.1453,0.0 9.93994,45.1453,0.0 9.93994,45.1453,0.0 9.93994,45.1453,0.0 9.93994,45.1453,0.0 9.93999,45.14532,0.0 9.93999,45.14532,0.0 9.93998,45.14533,0.0 9.93998,45.14533,0.0 9.93997,45.14533,0.0 9.93996,45.14533,0.0 9.93996,45.14533,0.0 9.93996,45.14533,0.0 9.93996,45.14533,0.0 9.93996,45.14533,0.0 9.93996,45.14533,0.0 9.93996,45.14533,0.0 9.93996,45.14533,0.0 9.93996,45.14533,0.0 9.93996,45.14533,0.0 9.93996,45.14533,0.0 9.93996,45.14533,0.0</coordinates>
                    </LineString>
                </Placemark>
            </Folder>
            <Folder id="564">
                <name>19:50 – 19:59</name>
                <Placemark id="566">
                    <name>Rota 19:50</name>
                    <styleUrl>#2</styleUrl>
                    <LineString id="565">
                        <altitudeMode>clampToGround</altitudeMode>
                        <coordinates>9.93996,45.14533,0.0 9.93996,45.14533,0.0 9.93996,45.14533,0.0 9.93996,45.14533,0.0 9.93996,45.14533,0.0 9.93996,45.14533,0.0 9.93996,45.14533,0.0 9.93996,45.14533,0.0 9.93996,45.14533,0.0 9.93996,45.14533,0.0 9.93996,45.14533,0.0 9.93996,45.14533,0.0 9.93996,45.14533,0.0 9.93996,45.14533,0.0 9.93996,45.14533,0.0 9.93996,45.14533,0.0 9.93996,45.14533,0.0 9.93996,45.14533,0.0 9.93996,45.14533,0.0 9.93996,45.14533,0.0 9.93996,45.14533,0.0 9.93996,45.14533,0.0 9.93996,45.14533,0.0 9.93991,45.14532,0.0 9.93991,45.14531,0.0 9.93991,45.14531,0.0 9.93991,45.1453,0.0 9.93991,45.1453,0.0 9.93992,45.1453,0.0 9.93992,45.1453,0.0 9.93992,45.1453,0.0 9.93992,45.1453,0.0 9.93992,45.1453,0.0 9.93992,45.1453,0.0 9.93992,45.1453,0.0 9.93992,45.1453,0.0 9.93992,45.1453,0.0 9.93992,45.1453,0.0 9.93995,45.14531,0.0 9.93994,45.14532,0.0 9.93994,45.14532,0.0 9.93993,45.14532,0.0 9.93993,45.14532,0.0 9.93993,45.14532,0.0 9.93993,45.14532,0.0 9.93994,45.14531,0.0 9.93993,45.1453,0.0 9.93993,45.1453,0.0 9.93993,45.1453,0.0 9.93993,45.14529,0.0 9.93993,45.1453,0.0 9.93993,45.1453,0.0 9.93993,45.1453,0.0 9.93993,45.1453,0.0 9.93993,45.1453,0.0 9.93993,45.1453,0.0 9.93993,45.1453,0.0 9.93993,45.1453,0.0 9.93993,45.1453,0.0 9.93993,45.1453,0.0 9.93993,45.1453,0.0</coordinates>
                    </LineString>
                </Placemark>
                <Placemark id="568">
                    <name>Rota 19:51</name>
                    <styleUrl>#2</styleUrl>
                    <LineString id="567">
                        <altitudeMode>clampToGround</altitudeMode>
                        <coordinates>9.93993,45.1453,0.0 9.93993,45.1453,0.0 9.93993,45.1453,0.0 9.93993,45.1453,0.0 9.93996,45.14531,0.0 9.93996,45.14531,0.0 9.93995,45.14532,0.0 9.93994,45.14532,0.0 9.93994,45.14532,0.0 9.93994,45.14532,0.0 9.93994,45.14532,0.0 9.93994,45.14532,0.0 9.93994,45.14532,0.0 9.93994,45.14532,0.0 9.93994,45.14532,0.0 9.93994,45.14532,0.0 9.93994,45.14532,0.0 9.93994,45.14532,0.0 9.93994,45.14532,0.0 9.93994,45.14532,0.0 9.93994,45.14532,0.0 9.93993,45.1453,0.0 9.93993,45.14529,0.0 9.93993,45.14529,0.0 9.93992,45.14529,0.0 9.93992,45.14528,0.0 9.93993,45.14528,0.0 9.93993,45.14528,0.0 9.93993,45.14528,0.0 9.93993,45.14528,0.0 9.93993,45.14528,0.0 9.93993,45.14528,0.0 9.93993,45.14528,0.0 9.93993,45.14528,0.0 9.93993,45.14528,0.0 9.93993,45.14528,0.0 9.93993,45.14528,0.0 9.93993,45.14528,0.0 9.93993,45.14528,0.0 9.93998,45.14531,0.0 9.93998,45.14531,0.0 9.93998,45.14531,0.0 9.93997,45.14532,0.0 9.93996,45.14533,0.0 9.93995,45.14533,0.0 9.93995,45.14533,0.0 9.93995,45.14533,0.0 9.93995,45.14533,0.0 9.93996,45.14532,0.0 9.93995,45.14531,0.0 9.93995,45.14531,0.0 9.93995,45.1453,0.0 9.93995,45.1453,0.0 9.93995,45.1453,0.0 9.93995,45.1453,0.0 9.93995,45.1453,0.0 9.93995,45.1453,0.0 9.93995,45.1453,0.0 9.93995,45.1453,0.0 9.93995,45.1453,0.0 9.93995,45.1453,0.0</coordinates>
                    </LineString>
                </Placemark>
                <Placemark id="570">
                    <name>Rota 19:52</name>
                    <styleUrl>#2</styleUrl>
                    <LineString id="569">
                        <altitudeMode>clampToGround</altitudeMode>
                        <coordinates>9.93995,45.1453,0.0 9.93995,45.1453,0.0 9.93995,45.1453,0.0 9.93995,45.1453,0.0 9.93995,45.1453,0.0 9.93995,45.1453,0.0 9.93995,45.1453,0.0 9.93995,45.1453,0.0 9.93995,45.1453,0.0 9.93999,45.14532,0.0 9.93999,45.14532,0.0 9.93999,45.14532,0.0 9.93998,45.14533,0.0 9.93997,45.14533,0.0 9.93997,45.14533,0.0 9.93997,45.14533,0.0 9.93997,45.14533,0.0 9.93997,45.14533,0.0 9.93997,45.14533,0.0 9.93996,45.14531,0.0 9.93995,45.14531,0.0 9.93995,45.14531,0.0 9.93995,45.14531,0.0 9.93995,45.14531,0.0 9.93995,45.14531,0.0 9.93995,45.14531,0.0 9.93995,45.14531,0.0 9.93995,45.14531,0.0 9.93995,45.14531,0.0 9.93995,45.14531,0.0 9.93995,45.14531,0.0 9.93995,45.14531,0.0 9.93995,45.14531,0.0 9.93995,45.14531,0.0 9.93995,45.14531,0.0 9.93995,45.14531,0.0 9.93995,45.14531,0.0 9.93997,45.14532,0.0 9.93996,45.14533,0.0 9.93995,45.14532,0.0 9.93995,45.14532,0.0 9.93995,45.14532,0.0 9.93995,45.14532,0.0 9.93995,45.14532,0.0 9.93995,45.1453,0.0 9.93994,45.1453,0.0 9.93995,45.1453,0.0 9.93995,45.1453,0.0 9.93995,45.1453,0.0 9.93995,45.1453,0.0 9.93995,45.1453,0.0 9.93995,45.1453,0.0 9.93995,45.1453,0.0 9.93995,45.1453,0.0 9.93995,45.1453,0.0 9.93995,45.1453,0.0 9.93995,45.1453,0.0 9.93995,45.1453,0.0 9.93995,45.1453,0.0 9.93995,45.1453,0.0 9.93995,45.1453,0.0</coordinates>
                    </LineString>
                </Placemark>
                <Placemark id="572">
                    <name>Rota 19:53</name>
                    <styleUrl>#2</styleUrl>
                    <LineString id="571">
                        <altitudeMode>clampToGround</altitudeMode>
                        <coordinates>9.93995,45.1453,0.0 9.93995,45.1453,0.0 9.93995,45.1453,0.0 9.93995,45.1453,0.0 9.93998,45.14531,0.0 9.93998,45.14531,0.0 9.93998,45.14531,0.0 9.93998,45.14531,0.0 9.93997,45.14531,0.0 9.93996,45.1453,0.0 9.93996,45.1453,0.0 9.93996,45.1453,0.0 9.93996,45.1453,0.0 9.93996,45.1453,0.0 9.93996,45.1453,0.0 9.93996,45.1453,0.0 9.93996,45.1453,0.0 9.93996,45.1453,0.0 9.93996,45.1453,0.0 9.93996,45.1453,0.0 9.93996,45.1453,0.0 9.93996,45.1453,0.0 9.93996,45.1453,0.0 9.93996,45.1453,0.0 9.93998,45.14531,0.0 9.93998,45.14531,0.0 9.93998,45.14531,0.0 9.93997,45.14531,0.0 9.93997,45.14531,0.0 9.93997,45.14531,0.0 9.93997,45.14531,0.0 9.93997,45.14531,0.0 9.93995,45.1453,0.0 9.93995,45.1453,0.0 9.93995,45.1453,0.0 9.93995,45.1453,0.0 9.93995,45.1453,0.0 9.93995,45.1453,0.0 9.93995,45.1453,0.0 9.93995,45.1453,0.0 9.93995,45.1453,0.0 9.93995,45.1453,0.0 9.93995,45.1453,0.0 9.93995,45.1453,0.0 9.93995,45.1453,0.0 9.93995,45.1453,0.0 9.93995,45.1453,0.0 9.93995,45.1453,0.0 9.93995,45.1453,0.0 9.93995,45.1453,0.0 9.93998,45.14531,0.0 9.93997,45.14532,0.0 9.93996,45.14532,0.0 9.93996,45.14532,0.0 9.93996,45.14532,0.0 9.93995,45.14532,0.0 9.93995,45.14532,0.0 9.93995,45.14532,0.0 9.93995,45.14532,0.0 9.93995,45.14532,0.0 9.93995,45.14532,0.0</coordinates>
                    </LineString>
                </Placemark>
                <Placemark id="574">
                    <name>Rota 19:54</name>
                    <styleUrl>#2</styleUrl>
                    <LineString id="573">
                        <altitudeMode>clampToGround</altitudeMode>
                        <coordinates>9.93995,45.14532,0.0 9.93995,45.14532,0.0 9.93995,45.14532,0.0 9.93995,45.14532,0.0 9.93995,45.14532,0.0 9.93995,45.14532,0.0 9.93995,45.14532,0.0 9.93995,45.14532,0.0 9.93995,45.14532,0.0 9.93995,45.14532,0.0 9.93995,45.14532,0.0 9.93995,45.14532,0.0 9.93995,45.14532,0.0 9.93995,45.14532,0.0 9.93991,45.14529,0.0 9.93991,45.14529,0.0 9.93991,45.14528,0.0 9.93991,45.14528,0.0 9.93991,45.14528,0.0 9.93991,45.14528,0.0 9.93991,45.14528,0.0 9.93991,45.14528,0.0 9.93991,45.14528,0.0 9.93991,45.14528,0.0 9.93991,45.14528,0.0 9.93991,45.14528,0.0 9.93991,45.14528,0.0 9.93991,45.14528,0.0 9.93991,45.14528,0.0 9.93991,45.14528,0.0 9.93995,45.1453,0.0 9.93994,45.14531,0.0 9.93994,45.14531,0.0 9.93993,45.14531,0.0 9.93993,45.14531,0.0 9.93993,45.14531,0.0 9.93993,45.14531,0.0 9.93994,45.1453,0.0 9.93993,45.14529,0.0 9.93993,45.14528,0.0 9.93993,45.14528,0.0 9.93993,45.14528,0.0 9.93993,45.14528,0.0 9.93993,45.14528,0.0 9.93993,45.14528,0.0 9.93993,45.14528,0.0 9.93993,45.14528,0.0 9.93993,45.14528,0.0 9.93993,45.14528,0.0 9.93993,45.14528,0.0 9.93993,45.14528,0.0 9.93993,45.14528,0.0 9.93993,45.14528,0.0 9.93993,45.14528,0.0 9.93993,45.14528,0.0 9.93993,45.14528,0.0 9.93993,45.14528,0.0 9.93998,45.1453,0.0 9.93998,45.1453,0.0 9.93998,45.14531,0.0 9.93997,45.14532,0.0</coordinates>
                    </LineString>
                </Placemark>
                <Placemark id="576">
                    <name>Rota 19:55</name>
                    <styleUrl>#2</styleUrl>
                    <LineString id="575">
                        <altitudeMode>clampToGround</altitudeMode>
                        <coordinates>9.93997,45.14532,0.0 9.93996,45.14532,0.0 9.93995,45.14532,0.0 9.93995,45.14531,0.0 9.93995,45.14531,0.0 9.93995,45.14531,0.0 9.93995,45.14531,0.0 9.93995,45.14531,0.0 9.93995,45.14531,0.0 9.93995,45.14531,0.0 9.93995,45.14531,0.0 9.93995,45.14531,0.0 9.93994,45.1453,0.0 9.93994,45.14529,0.0 9.93994,45.14529,0.0 9.93994,45.14529,0.0 9.93994,45.14528,0.0 9.93994,45.14528,0.0 9.93994,45.14528,0.0 9.93994,45.14528,0.0 9.93994,45.14528,0.0 9.93994,45.14528,0.0 9.93994,45.14528,0.0 9.93994,45.14528,0.0 9.93994,45.14528,0.0 9.93994,45.14528,0.0 9.93994,45.14528,0.0 9.93994,45.14528,0.0 9.93994,45.14528,0.0 9.93994,45.14528,0.0 9.93994,45.14528,0.0 9.93994,45.14528,0.0 9.93994,45.14528,0.0 9.93994,45.14528,0.0 9.93994,45.14528,0.0 9.93999,45.14531,0.0 9.93998,45.14531,0.0 9.93997,45.14531,0.0 9.93997,45.14531,0.0 9.93997,45.14531,0.0 9.93997,45.14531,0.0 9.93997,45.14531,0.0 9.93997,45.1453,0.0 9.93997,45.14529,0.0 9.93997,45.14529,0.0 9.93997,45.14529,0.0 9.93997,45.14529,0.0 9.93997,45.14528,0.0 9.93997,45.14528,0.0 9.93997,45.14528,0.0 9.93997,45.14528,0.0 9.93997,45.14528,0.0 9.93997,45.14528,0.0 9.93997,45.14528,0.0 9.93997,45.14528,0.0 9.93997,45.14528,0.0 9.93999,45.1453,0.0 9.93999,45.1453,0.0 9.93998,45.14531,0.0 9.93997,45.14532,0.0 9.93997,45.14531,0.0</coordinates>
                    </LineString>
                </Placemark>
                <Placemark id="578">
                    <name>Rota 19:56</name>
                    <styleUrl>#2</styleUrl>
                    <LineString id="577">
                        <altitudeMode>clampToGround</altitudeMode>
                        <coordinates>9.93997,45.14531,0.0 9.93997,45.14531,0.0 9.93997,45.14531,0.0 9.93997,45.14531,0.0 9.93997,45.14531,0.0 9.93995,45.1453,0.0 9.93995,45.1453,0.0 9.93995,45.1453,0.0 9.93995,45.1453,0.0 9.93995,45.1453,0.0 9.93995,45.1453,0.0 9.93995,45.1453,0.0 9.93995,45.1453,0.0 9.93995,45.1453,0.0 9.93995,45.1453,0.0 9.93995,45.1453,0.0 9.93995,45.1453,0.0 9.93995,45.1453,0.0 9.93998,45.1453,0.0 9.93998,45.14531,0.0 9.93998,45.14531,0.0 9.93998,45.14531,0.0 9.93997,45.14531,0.0 9.93997,45.14531,0.0 9.93997,45.14531,0.0 9.93996,45.1453,0.0 9.93996,45.1453,0.0 9.93996,45.1453,0.0 9.93996,45.1453,0.0 9.93996,45.1453,0.0 9.93996,45.1453,0.0 9.93996,45.1453,0.0 9.93996,45.1453,0.0 9.93996,45.1453,0.0 9.93996,45.1453,0.0 9.93996,45.1453,0.0 9.93996,45.1453,0.0 9.93996,45.1453,0.0 9.93996,45.1453,0.0 9.93996,45.1453,0.0 9.93996,45.1453,0.0 9.93998,45.14531,0.0 9.93998,45.14531,0.0 9.93998,45.14531,0.0 9.93998,45.14532,0.0 9.93997,45.14532,0.0 9.93997,45.14531,0.0 9.93997,45.14531,0.0 9.93996,45.14531,0.0 9.93996,45.14531,0.0 9.93996,45.14531,0.0 9.93995,45.1453,0.0 9.93996,45.1453,0.0 9.93996,45.1453,0.0 9.93996,45.1453,0.0 9.93996,45.1453,0.0 9.93996,45.1453,0.0 9.93996,45.1453,0.0 9.93996,45.1453,0.0 9.93996,45.1453,0.0 9.93996,45.1453,0.0</coordinates>
                    </LineString>
                </Placemark>
                <Placemark id="580">
                    <name>Rota 19:57</name>
                    <styleUrl>#2</styleUrl>
                    <LineString id="579">
                        <altitudeMode>clampToGround</altitudeMode>
                        <coordinates>9.93996,45.1453,0.0 9.93996,45.1453,0.0 9.93996,45.1453,0.0 9.93996,45.1453,0.0 9.93996,45.1453,0.0 9.93996,45.1453,0.0 9.93996,45.1453,0.0 9.93996,45.1453,0.0 9.93999,45.1453,0.0 9.93999,45.14531,0.0 9.93998,45.14531,0.0 9.93998,45.14531,0.0 9.93998,45.14531,0.0 9.93997,45.14531,0.0 9.93997,45.14531,0.0 9.93997,45.14531,0.0 9.93997,45.14531,0.0 9.93997,45.14531,0.0 9.93997,45.14531,0.0 9.93997,45.14531,0.0 9.93997,45.14531,0.0 9.93997,45.14531,0.0 9.93997,45.14531,0.0 9.93997,45.14531,0.0 9.93997,45.14531,0.0 9.93997,45.14531,0.0 9.93997,45.14531,0.0 9.93997,45.14531,0.0 9.93997,45.14531,0.0 9.93997,45.14531,0.0 9.93997,45.14531,0.0 9.93997,45.14531,0.0 9.93997,45.14531,0.0 9.93997,45.14531,0.0 9.93997,45.14531,0.0 9.93997,45.14531,0.0 9.93997,45.14531,0.0 9.93997,45.14531,0.0 9.93997,45.14531,0.0 9.93997,45.14531,0.0 9.93997,45.14531,0.0 9.93997,45.14531,0.0 9.93997,45.14531,0.0 9.93997,45.14531,0.0 9.93997,45.14531,0.0 9.93997,45.14531,0.0 9.93997,45.14531,0.0 9.93997,45.14531,0.0 9.93997,45.14531,0.0 9.93997,45.14531,0.0 9.93997,45.14531,0.0 9.93997,45.14531,0.0 9.93997,45.14531,0.0 9.93997,45.14531,0.0 9.93997,45.14531,0.0 9.93997,45.14531,0.0 9.93997,45.14531,0.0 9.93997,45.14531,0.0 9.93997,45.14531,0.0 9.93997,45.14531,0.0 9.93997,45.14531,0.0</coordinates>
                    </LineString>
                </Placemark>
                <Placemark id="582">
                    <name>Rota 19:58</name>
                    <styleUrl>#2</styleUrl>
                    <LineString id="581">
                        <altitudeMode>clampToGround</altitudeMode>
                        <coordinates>9.93997,45.14531,0.0 9.93997,45.14531,0.0 9.93997,45.14531,0.0 9.93997,45.14531,0.0 9.93997,45.14531,0.0 9.93997,45.14531,0.0 9.93989,45.14529,0.0 9.9399,45.14529,0.0 9.9399,45.14529,0.0 9.9399,45.14529,0.0 9.9399,45.14529,0.0 9.9399,45.14529,0.0 9.9399,45.14529,0.0 9.9399,45.14529,0.0 9.9399,45.14529,0.0 9.9399,45.14529,0.0 9.9399,45.14529,0.0 9.9399,45.14529,0.0 9.9399,45.14529,0.0 9.9399,45.14529,0.0 9.9399,45.14529,0.0 9.9399,45.14529,0.0 9.9399,45.14529,0.0 9.9399,45.14529,0.0 9.9399,45.14529,0.0 9.9399,45.14529,0.0 9.9399,45.14529,0.0 9.9399,45.14529,0.0 9.9399,45.14529,0.0 9.9399,45.14529,0.0 9.9399,45.14529,0.0 9.9399,45.14529,0.0 9.9399,45.14529,0.0 9.9399,45.14529,0.0 9.9399,45.14529,0.0 9.9399,45.14529,0.0 9.9399,45.14529,0.0 9.9399,45.14529,0.0 9.93995,45.14531,0.0 9.93994,45.14532,0.0 9.93994,45.14532,0.0 9.93994,45.14532,0.0 9.93994,45.14532,0.0 9.93994,45.14531,0.0 9.93994,45.14531,0.0 9.93994,45.14531,0.0 9.93994,45.14531,0.0 9.93994,45.14531,0.0 9.93994,45.14531,0.0 9.93994,45.14531,0.0 9.93994,45.14531,0.0 9.93994,45.14531,0.0 9.93994,45.14531,0.0 9.93994,45.14531,0.0 9.93992,45.14532,0.0 9.93991,45.14532,0.0 9.93991,45.14532,0.0 9.9399,45.14532,0.0 9.9399,45.14532,0.0 9.9399,45.14532,0.0 9.9399,45.14532,0.0</coordinates>
                    </LineString>
                </Placemark>
                <Placemark id="584">
                    <name>Rota 19:59</name>
                    <styleUrl>#2</styleUrl>
                    <LineString id="583">
                        <altitudeMode>clampToGround</altitudeMode>
                        <coordinates>9.9399,45.14532,0.0 9.93991,45.14531,0.0 9.93991,45.1453,0.0 9.93991,45.1453,0.0 9.93991,45.1453,0.0 9.93991,45.14529,0.0 9.93992,45.14529,0.0 9.93992,45.14529,0.0 9.93992,45.14529,0.0 9.93992,45.14529,0.0 9.93992,45.14529,0.0 9.93992,45.14529,0.0 9.93992,45.14529,0.0 9.93992,45.14529,0.0 9.93992,45.14529,0.0 9.93992,45.14529,0.0 9.93992,45.14529,0.0 9.93992,45.14529,0.0 9.93992,45.14529,0.0 9.93992,45.14529,0.0 9.93992,45.14529,0.0 9.93992,45.14529,0.0 9.93992,45.14529,0.0 9.93992,45.14529,0.0 9.93992,45.14529,0.0 9.93992,45.14529,0.0 9.93992,45.14529,0.0 9.93992,45.14529,0.0 9.93992,45.14529,0.0 9.93992,45.14529,0.0 9.93992,45.14529,0.0 9.93992,45.14529,0.0 9.93998,45.1453,0.0 9.93998,45.14531,0.0 9.93998,45.14531,0.0 9.93997,45.14531,0.0 9.93996,45.14531,0.0 9.93996,45.14531,0.0 9.93996,45.14531,0.0 9.93996,45.14531,0.0 9.93996,45.14531,0.0 9.93996,45.1453,0.0 9.93995,45.14529,0.0 9.93994,45.14529,0.0 9.93994,45.14528,0.0 9.93994,45.14528,0.0 9.93994,45.14528,0.0 9.93995,45.14528,0.0 9.93995,45.14528,0.0 9.93995,45.14528,0.0 9.93995,45.14528,0.0 9.93995,45.14528,0.0 9.93995,45.14528,0.0 9.93995,45.14528,0.0 9.93995,45.14528,0.0 9.93995,45.14528,0.0 9.93995,45.14528,0.0 9.93995,45.14528,0.0 9.93995,45.14528,0.0 9.93995,45.14528,0.0 9.93995,45.14528,0.0</coordinates>
                    </LineString>
                </Placemark>
            </Folder>
        </Folder>
        <Folder id="585">
            <name>2026-09-24 20:00</name>
            <Folder id="586">
                <name>20:00 – 20:09</name>
                <Placemark id="588">
                    <name>Rota 20:00</name>
                    <styleUrl>#2</styleUrl>
                    <LineString id="587">
                        <altitudeMode>clampToGround</altitudeMode>
                        <coordinates>9.93995,45.14528,0.0 9.93995,45.14528,0.0 9.93995,45.14528,0.0 9.93995,45.14528,0.0 9.93995,45.14528,0.0 9.93995,45.14528,0.0 9.93995,45.14528,0.0 9.93995,45.14528,0.0 9.93995,45.14528,0.0 9.93995,45.14528,0.0 9.93995,45.14528,0.0 9.93995,45.14528,0.0 9.93996,45.14532,0.0 9.93996,45.14533,0.0 9.93995,45.14532,0.0 9.93995,45.14532,0.0 9.93995,45.14532,0.0 9.93995,45.14532,0.0 9.93995,45.14532,0.0 9.93994,45.1453,0.0 9.93994,45.14529,0.0 9.93994,45.14529,0.0 9.93994,45.14529,0.0 9.93994,45.14529,0.0 9.93994,45.14529,0.0 9.93994,45.14529,0.0 9.93994,45.14529,0.0 9.93994,45.14529,0.0 9.93994,45.14529,0.0 9.93994,45.14529,0.0 9.93994,45.14529,0.0 9.93994,45.14529,0.0 9.93994,45.14529,0.0 9.93994,45.14529,0.0 9.93994,45.14529,0.0 9.93994,45.14529,0.0 9.93994,45.14529,0.0 9.93994,45.14529,0.0 9.93994,45.14529,0.0 9.93994,45.14529,0.0 9.93994,45.14529,0.0 9.93994,45.14529,0.0 9.93994,45.14529,0.0 9.93996,45.14532,0.0 9.93995,45.14533,0.0 9.93994,45.14533,0.0 9.93994,45.14533,0.0 9.93994,45.14533,0.0 9.93994,45.14532,0.0 9.93994,45.14532,0.0 9.93994,45.14531,0.0 9.93993,45.14531,0.0 9.93993,45.14531,0.0 9.93993,45.14531,0.0 9.93993,45.14531,0.0 9.93993,45.1453,0.0 9.93993,45.1453,0.0 9.93993,45.1453,0.0 9.93993,45.1453,0.0 9.93993,45.1453,0.0 9.93993,45.1453,0.0</coordinates>
                    </LineString>
                </Placemark>
                <Placemark id="590">
                    <name>Rota 20:01</name>
                    <styleUrl>#2</styleUrl>
                    <LineString id="589">
                        <altitudeMode>clampToGround</altitudeMode>
                        <coordinates>9.93993,45.1453,0.0 9.93993,45.1453,0.0 9.93993,45.1453,0.0 9.93993,45.1453,0.0 9.93993,45.1453,0.0 9.93993,45.1453,0.0 9.93993,45.1453,0.0 9.93993,45.1453,0.0 9.93993,45.1453,0.0 9.93998,45.14531,0.0 9.93998,45.14531,0.0 9.93998,45.14532,0.0 9.93996,45.14533,0.0 9.93996,45.14532,0.0 9.93995,45.14532,0.0 9.93995,45.14532,0.0 9.93995,45.14532,0.0 9.93995,45.14532,0.0 9.93995,45.14532,0.0 9.93995,45.14532,0.0 9.93995,45.14532,0.0 9.93995,45.14532,0.0 9.93995,45.14532,0.0 9.93995,45.14532,0.0 9.93995,45.14532,0.0 9.93995,45.14532,0.0 9.93995,45.14532,0.0 9.93992,45.14531,0.0 9.93992,45.14531,0.0 9.93992,45.1453,0.0 9.93992,45.1453,0.0 9.93992,45.14529,0.0 9.93992,45.1453,0.0 9.93992,45.1453,0.0 9.93992,45.1453,0.0 9.93992,45.1453,0.0 9.93992,45.1453,0.0 9.93992,45.1453,0.0 9.93992,45.1453,0.0 9.93992,45.1453,0.0 9.93992,45.1453,0.0 9.93992,45.1453,0.0 9.93992,45.1453,0.0 9.93992,45.1453,0.0 9.93992,45.1453,0.0 9.93992,45.1453,0.0 9.93992,45.1453,0.0 9.93992,45.1453,0.0 9.93993,45.14532,0.0 9.93993,45.14533,0.0 9.93992,45.14533,0.0 9.93992,45.14533,0.0 9.93991,45.14533,0.0 9.93991,45.14533,0.0 9.93991,45.14532,0.0 9.93991,45.14532,0.0 9.93991,45.14531,0.0 9.93991,45.14531,0.0 9.93991,45.14531,0.0 9.93991,45.14531,0.0 9.93991,45.14531,0.0</coordinates>
                    </LineString>
                </Placemark>
                <Placemark id="592">
                    <name>Rota 20:02</name>
                    <styleUrl>#2</styleUrl>
                    <LineString id="591">
                        <altitudeMode>clampToGround</altitudeMode>
                        <coordinates>9.93991,45.14531,0.0 9.93992,45.14531,0.0 9.93992,45.14531,0.0 9.93992,45.14531,0.0 9.93992,45.14531,0.0 9.93992,45.14531,0.0 9.93992,45.14531,0.0 9.93992,45.14531,0.0 9.93992,45.14531,0.0 9.93992,45.14531,0.0 9.93992,45.14531,0.0 9.93992,45.14531,0.0 9.93993,45.14532,0.0 9.93992,45.14532,0.0 9.93992,45.14532,0.0 9.93992,45.14532,0.0 9.93992,45.14532,0.0 9.93992,45.14532,0.0 9.93992,45.14531,0.0 9.93992,45.14531,0.0 9.93992,45.14531,0.0 9.93992,45.14531,0.0 9.93992,45.14531,0.0 9.93992,45.14531,0.0 9.9399,45.14533,0.0 9.93989,45.14533,0.0 9.93989,45.14532,0.0 9.93989,45.14532,0.0 9.93989,45.14532,0.0 9.93989,45.14532,0.0 9.9399,45.14531,0.0 9.9399,45.14531,0.0 9.9399,45.14531,0.0 9.9399,45.14531,0.0 9.9399,45.14531,0.0 9.9399,45.14531,0.0 9.9399,45.14531,0.0 9.9399,45.14531,0.0 9.93989,45.14533,0.0 9.93989,45.14533,0.0 9.93989,45.14533,0.0 9.93989,45.14533,0.0 9.93989,45.14533,0.0 9.93989,45.14533,0.0 9.9399,45.14531,0.0 9.9399,45.14531,0.0 9.9399,45.14531,0.0 9.9399,45.1453,0.0 9.9399,45.1453,0.0 9.93991,45.14529,0.0 9.93991,45.14529,0.0 9.93991,45.14529,0.0 9.93991,45.14529,0.0 9.93991,45.14529,0.0 9.93991,45.14529,0.0 9.93991,45.14529,0.0 9.93991,45.14529,0.0 9.93991,45.14529,0.0 9.93991,45.14529,0.0 9.93991,45.14529,0.0 9.93991,45.14529,0.0</coordinates>
                    </LineString>
                </Placemark>
                <Placemark id="594">
                    <name>Rota 20:03</name>
                    <styleUrl>#2</styleUrl>
                    <LineString id="593">
                        <altitudeMode>clampToGround</altitudeMode>
                        <coordinates>9.93991,45.14529,0.0 9.93991,45.14529,0.0 9.93991,45.14529,0.0 9.93991,45.14529,0.0 9.93991,45.14529,0.0 9.93991,45.14529,0.0 9.93996,45.1453,0.0 9.93995,45.14531,0.0 9.93994,45.14531,0.0 9.93994,45.14531,0.0 9.93994,45.14531,0.0 9.93994,45.14531,0.0 9.93994,45.14531,0.0 9.93994,45.1453,0.0 9.93994,45.1453,0.0 9.93994,45.14529,0.0 9.93994,45.14528,0.0 9.93994,45.14528,0.0 9.93994,45.14528,0.0 9.93994,45.14528,0.0 9.93994,45.14528,0.0 9.93994,45.14528,0.0 9.93994,45.14528,0.0 9.93994,45.14528,0.0 9.93994,45.14528,0.0 9.93994,45.14528,0.0 9.93994,45.14528,0.0 9.93994,45.14528,0.0 9.93994,45.14528,0.0 9.93994,45.14528,0.0 9.93994,45.14528,0.0 9.93994,45.14528,0.0 9.93994,45.14528,0.0 9.93994,45.14528,0.0 9.93994,45.14528,0.0 9.93994,45.14528,0.0 9.93994,45.14528,0.0 9.93994,45.14528,0.0 9.93994,45.14528,0.0 9.93994,45.14528,0.0 9.93994,45.14528,0.0 9.93994,45.14528,0.0 9.93994,45.14528,0.0 9.93994,45.14528,0.0 9.93994,45.14528,0.0 9.93999,45.1453,0.0 9.93999,45.1453,0.0 9.93998,45.14532,0.0 9.93997,45.14532,0.0 9.93996,45.14532,0.0 9.93996,45.14532,0.0 9.93996,45.14532,0.0 9.93996,45.14532,0.0 9.93996,45.14532,0.0 9.93995,45.14531,0.0 9.93995,45.14531,0.0 9.93995,45.14531,0.0 9.93995,45.14531,0.0 9.93995,45.14531,0.0 9.93995,45.14531,0.0 9.93995,45.14531,0.0</coordinates>
                    </LineString>
                </Placemark>
                <Placemark id="596">
                    <name>Rota 20:04</name>
                    <styleUrl>#2</styleUrl>
                    <LineString id="595">
                        <altitudeMode>clampToGround</altitudeMode>
                        <coordinates>9.93995,45.14531,0.0 9.93995,45.14531,0.0 9.93995,45.14531,0.0 9.93995,45.14531,0.0 9.93996,45.14532,0.0 9.93995,45.14533,0.0 9.93994,45.14533,0.0 9.93994,45.14533,0.0 9.93994,45.14533,0.0 9.93994,45.14533,0.0 9.93994,45.14533,0.0 9.93994,45.14533,0.0 9.93994,45.14531,0.0 9.93994,45.1453,0.0 9.93994,45.1453,0.0 9.93994,45.1453,0.0 9.93994,45.1453,0.0 9.93994,45.1453,0.0 9.93994,45.1453,0.0 9.93994,45.1453,0.0 9.93994,45.1453,0.0 9.93994,45.1453,0.0 9.93994,45.1453,0.0 9.93994,45.1453,0.0 9.93994,45.1453,0.0 9.93994,45.1453,0.0 9.93994,45.1453,0.0 9.93994,45.1453,0.0 9.93994,45.1453,0.0 9.93994,45.1453,0.0 9.93997,45.14531,0.0 9.93996,45.14531,0.0 9.93996,45.14532,0.0 9.93995,45.14532,0.0 9.93995,45.14532,0.0 9.93995,45.14531,0.0 9.93995,45.14531,0.0 9.93995,45.14531,0.0 9.93995,45.14531,0.0 9.93995,45.14531,0.0 9.93995,45.14531,0.0 9.93995,45.14531,0.0 9.93995,45.14531,0.0 9.93995,45.14531,0.0 9.93995,45.14531,0.0 9.93995,45.14531,0.0 9.93995,45.14531,0.0 9.93995,45.14531,0.0 9.93995,45.14531,0.0 9.93995,45.14531,0.0 9.93995,45.14531,0.0 9.93995,45.14531,0.0 9.93995,45.14531,0.0 9.93995,45.14531,0.0 9.93991,45.14531,0.0 9.93991,45.14531,0.0 9.93991,45.1453,0.0 9.93991,45.14531,0.0 9.93991,45.14531,0.0 9.93991,45.14531,0.0 9.93991,45.14531,0.0</coordinates>
                    </LineString>
                </Placemark>
                <Placemark id="598">
                    <name>Rota 20:05</name>
                    <styleUrl>#2</styleUrl>
                    <LineString id="597">
                        <altitudeMode>clampToGround</altitudeMode>
                        <coordinates>9.93991,45.14531,0.0 9.93991,45.14531,0.0 9.93991,45.14531,0.0 9.93991,45.14531,0.0 9.93991,45.14531,0.0 9.93991,45.14531,0.0 9.93991,45.14531,0.0 9.93991,45.14531,0.0 9.93991,45.14531,0.0 9.93991,45.14531,0.0 9.93991,45.14531,0.0 9.93991,45.14531,0.0 9.93991,45.14531,0.0 9.93991,45.14531,0.0 9.93991,45.14531,0.0 9.93991,45.14531,0.0 9.93997,45.14531,0.0 9.93997,45.14531,0.0 9.93997,45.14531,0.0 9.93996,45.14532,0.0 9.93995,45.14532,0.0 9.93995,45.14532,0.0 9.93995,45.14532,0.0 9.93995,45.14532,0.0 9.93995,45.14532,0.0 9.93995,45.14532,0.0 9.93994,45.14531,0.0 9.93993,45.14531,0.0 9.93993,45.14531,0.0 9.93994,45.14531,0.0 9.93994,45.14531,0.0 9.93994,45.14531,0.0 9.93994,45.14531,0.0 9.93994,45.14531,0.0 9.93994,45.14531,0.0 9.93994,45.14531,0.0 9.93994,45.14531,0.0 9.93994,45.14531,0.0 9.93994,45.14531,0.0 9.93994,45.14531,0.0 9.93994,45.14531,0.0 9.93994,45.14531,0.0 9.93994,45.14531,0.0 9.93994,45.14531,0.0 9.93994,45.14531,0.0 9.93994,45.14531,0.0 9.93994,45.14531,0.0 9.93994,45.14531,0.0 9.93994,45.14531,0.0 9.93994,45.14531,0.0 9.93994,45.14531,0.0 9.93994,45.14531,0.0 9.93994,45.14531,0.0 9.93994,45.14531,0.0 9.93994,45.14531,0.0 9.93997,45.14532,0.0 9.93996,45.14532,0.0 9.93995,45.14532,0.0 9.93995,45.14532,0.0 9.93995,45.14532,0.0 9.93995,45.14532,0.0</coordinates>
                    </LineString>
                </Placemark>
                <Placemark id="600">
                    <name>Rota 20:06</name>
                    <styleUrl>#2</styleUrl>
                    <LineString id="599">
                        <altitudeMode>clampToGround</altitudeMode>
                        <coordinates>9.93995,45.14532,0.0 9.93995,45.14532,0.0 9.93995,45.14532,0.0 9.93995,45.14532,0.0 9.93995,45.14532,0.0 9.93995,45.14532,0.0 9.93995,45.14532,0.0 9.93995,45.14532,0.0 9.93995,45.14532,0.0 9.93995,45.14532,0.0 9.93995,45.14532,0.0 9.93995,45.14532,0.0 9.93995,45.14532,0.0 9.93995,45.14532,0.0 9.93992,45.14531,0.0 9.93992,45.14531,0.0 9.93991,45.14531,0.0 9.93992,45.1453,0.0 9.93992,45.1453,0.0 9.93992,45.1453,0.0 9.93993,45.1453,0.0 9.93993,45.1453,0.0 9.93993,45.1453,0.0 9.93993,45.1453,0.0 9.93993,45.1453,0.0 9.93993,45.1453,0.0 9.93993,45.1453,0.0 9.93993,45.1453,0.0 9.93998,45.14531,0.0 9.93998,45.14531,0.0 9.93997,45.14531,0.0 9.93997,45.14531,0.0 9.93996,45.14532,0.0 9.93996,45.14532,0.0 9.93996,45.14532,0.0 9.93996,45.14532,0.0 9.93996,45.14532,0.0 9.93996,45.14532,0.0 9.93996,45.14532,0.0 9.93996,45.14532,0.0 9.93996,45.14532,0.0 9.93996,45.14532,0.0 9.93996,45.14532,0.0 9.93994,45.1453,0.0 9.93993,45.1453,0.0 9.93993,45.14529,0.0 9.93993,45.14529,0.0 9.93993,45.14529,0.0 9.93993,45.14529,0.0 9.93993,45.14529,0.0 9.93993,45.14529,0.0 9.93993,45.14529,0.0 9.93993,45.14529,0.0 9.93993,45.14529,0.0 9.93993,45.14529,0.0 9.93993,45.14529,0.0 9.93993,45.14529,0.0 9.93993,45.14529,0.0 9.93993,45.14529,0.0 9.93993,45.14529,0.0 9.93993,45.14529,0.0</coordinates>
                    </LineString>
                </Placemark>
                <Placemark id="602">
                    <name>Rota 20:07</name>
                    <styleUrl>#2</styleUrl>
                    <LineString id="601">
                        <altitudeMode>clampToGround</altitudeMode>
                        <coordinates>9.93993,45.14529,0.0 9.93993,45.14529,0.0 9.93993,45.14529,0.0 9.93993,45.14529,0.0 9.94,45.1453,0.0 9.93999,45.14531,0.0 9.93999,45.14531,0.0 9.93999,45.14531,0.0 9.93998,45.14531,0.0 9.93998,45.14531,0.0 9.93998,45.14531,0.0 9.93998,45.1453,0.0 9.93997,45.1453,0.0 9.93997,45.1453,0.0 9.93997,45.1453,0.0 9.93996,45.1453,0.0 9.93996,45.1453,0.0 9.93996,45.1453,0.0 9.93996,45.1453,0.0 9.93996,45.1453,0.0 9.93996,45.1453,0.0 9.93996,45.1453,0.0 9.93994,45.14531,0.0 9.93994,45.14532,0.0 9.93994,45.14532,0.0 9.93993,45.14531,0.0 9.93993,45.14531,0.0 9.93993,45.14531,0.0 9.93993,45.14531,0.0 9.93993,45.1453,0.0 9.93993,45.1453,0.0 9.93993,45.14529,0.0 9.93993,45.14529,0.0 9.93993,45.14529,0.0 9.93993,45.14529,0.0 9.93993,45.14529,0.0 9.93993,45.14529,0.0 9.93993,45.14529,0.0 9.93993,45.14529,0.0 9.93993,45.14529,0.0 9.93993,45.14529,0.0 9.93993,45.14529,0.0 9.93993,45.14529,0.0 9.93993,45.14529,0.0 9.93993,45.14529,0.0 9.93993,45.14529,0.0 9.93993,45.14529,0.0 9.93993,45.14529,0.0 9.93993,45.14529,0.0 9.93993,45.14529,0.0 9.93993,45.14529,0.0 9.93998,45.14529,0.0 9.93998,45.1453,0.0 9.93998,45.14531,0.0 9.93997,45.14531,0.0 9.93997,45.14531,0.0 9.93997,45.14531,0.0 9.93997,45.14531,0.0 9.93997,45.14531,0.0 9.93997,45.14531,0.0 9.93997,45.14531,0.0</coordinates>
                    </LineString>
                </Placemark>
                <Placemark id="604">
                    <name>Rota 20:08</name>
                    <styleUrl>#2</styleUrl>
                    <LineString id="603">
                        <altitudeMode>clampToGround</altitudeMode>
                        <coordinates>9.93997,45.14531,0.0 9.93997,45.14531,0.0 9.93997,45.14531,0.0 9.93997,45.14531,0.0 9.93995,45.1453,0.0 9.93995,45.14529,0.0 9.93994,45.14529,0.0 9.93994,45.14529,0.0 9.93994,45.14529,0.0 9.93994,45.14529,0.0 9.93994,45.14529,0.0 9.93994,45.14529,0.0 9.93994,45.14529,0.0 9.93994,45.14529,0.0 9.93994,45.14529,0.0 9.93994,45.14529,0.0 9.93994,45.14529,0.0 9.93994,45.14529,0.0 9.93994,45.14529,0.0 9.93994,45.14529,0.0 9.93994,45.14529,0.0 9.93994,45.14529,0.0 9.93999,45.14531,0.0 9.93999,45.14532,0.0 9.93998,45.14532,0.0 9.93998,45.14532,0.0 9.93998,45.14533,0.0 9.93996,45.14533,0.0 9.93996,45.14533,0.0 9.93996,45.14533,0.0 9.93996,45.14533,0.0 9.93996,45.14533,0.0 9.93996,45.14533,0.0 9.93996,45.14533,0.0 9.93996,45.14533,0.0 9.93996,45.14533,0.0 9.93996,45.14533,0.0 9.93996,45.14533,0.0 9.93996,45.14533,0.0 9.93996,45.14533,0.0 9.93996,45.14533,0.0 9.93996,45.14533,0.0 9.93996,45.14533,0.0 9.93996,45.14533,0.0 9.93996,45.14533,0.0 9.93996,45.14533,0.0 9.93992,45.14531,0.0 9.93992,45.1453,0.0 9.93992,45.1453,0.0 9.93992,45.1453,0.0 9.93992,45.1453,0.0 9.93992,45.1453,0.0 9.93992,45.1453,0.0 9.93992,45.1453,0.0 9.93992,45.1453,0.0 9.93992,45.1453,0.0 9.93992,45.1453,0.0 9.93992,45.1453,0.0 9.93992,45.1453,0.0 9.93992,45.1453,0.0 9.93992,45.1453,0.0</coordinates>
                    </LineString>
                </Placemark>
                <Placemark id="606">
                    <name>Rota 20:09</name>
                    <styleUrl>#2</styleUrl>
                    <LineString id="605">
                        <altitudeMode>clampToGround</altitudeMode>
                        <coordinates>9.93992,45.1453,0.0 9.93992,45.1453,0.0 9.93992,45.1453,0.0 9.93992,45.1453,0.0 9.93992,45.1453,0.0 9.93998,45.14532,0.0 9.93998,45.14532,0.0 9.93997,45.14533,0.0 9.93997,45.14533,0.0 9.93997,45.14533,0.0 9.93996,45.14533,0.0 9.93996,45.14532,0.0 9.93996,45.14532,0.0 9.93996,45.14532,0.0 9.93996,45.14532,0.0 9.93996,45.14532,0.0 9.93996,45.14532,0.0 9.93996,45.14532,0.0 9.93996,45.14532,0.0 9.93996,45.14532,0.0 9.93996,45.14532,0.0 9.93996,45.14532,0.0 9.93996,45.14532,0.0 9.93996,45.14532,0.0 9.93996,45.14532,0.0 9.93996,45.14532,0.0 9.93996,45.14532,0.0 9.93996,45.14532,0.0 9.93996,45.14532,0.0 9.93996,45.14532,0.0 9.93996,45.14532,0.0 9.93996,45.14532,0.0 9.93996,45.14532,0.0 9.93996,45.14532,0.0 9.93996,45.14532,0.0 9.9399,45.14531,0.0 9.9399,45.1453,0.0 9.9399,45.1453,0.0 9.9399,45.14529,0.0 9.9399,45.14529,0.0 9.93991,45.14529,0.0 9.93991,45.14529,0.0 9.93991,45.14529,0.0 9.93991,45.14529,0.0 9.93991,45.14529,0.0 9.93991,45.14529,0.0 9.93991,45.14529,0.0 9.93991,45.14529,0.0 9.93991,45.14529,0.0 9.93991,45.14529,0.0 9.93991,45.14529,0.0 9.93991,45.14529,0.0 9.93991,45.14529,0.0 9.93991,45.14529,0.0 9.93991,45.14529,0.0 9.93991,45.14529,0.0 9.93991,45.14529,0.0 9.93991,45.14529,0.0 9.93991,45.14529,0.0 9.93991,45.14529,0.0 9.93991,45.14529,0.0</coordinates>
                    </LineString>
                </Placemark>
            </Folder>
            <Folder id="607">
                <name>20:10 – 20:19</name>
                <Placemark id="609">
                    <name>Rota 20:10</name>
                    <styleUrl>#2</styleUrl>
                    <LineString id="608">
                        <altitudeMode>clampToGround</altitudeMode>
                        <coordinates>9.93991,45.14529,0.0 9.93991,45.14529,0.0 9.93991,45.14529,0.0 9.93991,45.14529,0.0 9.93991,45.14529,0.0 9.93991,45.14529,0.0 9.93991,45.14529,0.0 9.93991,45.14529,0.0 9.93991,45.14529,0.0 9.93991,45.14529,0.0 9.93991,45.14529,0.0 9.93991,45.14529,0.0 9.93991,45.14529,0.0 9.93995,45.14532,0.0 9.93995,45.14532,0.0 9.93994,45.14532,0.0 9.93994,45.14532,0.0 9.93994,45.14532,0.0 9.93994,45.14532,0.0 9.93994,45.14532,0.0 9.93994,45.14532,0.0 9.93994,45.14532,0.0 9.93994,45.14532,0.0 9.93994,45.14532,0.0 9.93994,45.14532,0.0 9.93994,45.14532,0.0 9.93994,45.14532,0.0 9.93994,45.14532,0.0 9.93994,45.14532,0.0 9.93994,45.14532,0.0 9.93992,45.14531,0.0 9.93992,45.1453,0.0 9.93992,45.1453,0.0 9.93992,45.1453,0.0 9.93992,45.1453,0.0 9.93992,45.1453,0.0 9.93992,45.1453,0.0 9.93992,45.1453,0.0 9.93992,45.1453,0.0 9.93992,45.1453,0.0 9.93992,45.1453,0.0 9.93993,45.14532,0.0 9.93992,45.14533,0.0 9.93992,45.14533,0.0 9.93992,45.14533,0.0 9.93992,45.14533,0.0 9.93992,45.14533,0.0 9.93992,45.14533,0.0 9.93992,45.14533,0.0 9.93992,45.14533,0.0 9.93992,45.14533,0.0 9.93992,45.14533,0.0 9.93992,45.14533,0.0 9.93992,45.14533,0.0 9.93992,45.14533,0.0 9.93992,45.14533,0.0 9.93992,45.14533,0.0 9.93992,45.14533,0.0 9.93991,45.14533,0.0 9.93991,45.14533,0.0 9.9399,45.14533,0.0</coordinates>
                    </LineString>
                </Placemark>
                <Placemark id="611">
                    <name>Rota 20:11</name>
                    <styleUrl>#2</styleUrl>
                    <LineString id="610">
                        <altitudeMode>clampToGround</altitudeMode>
                        <coordinates>9.9399,45.14533,0.0 9.93991,45.14533,0.0 9.93991,45.14533,0.0 9.93991,45.14533,0.0 9.93991,45.14532,0.0 9.93991,45.14531,0.0 9.93991,45.14531,0.0 9.93991,45.14531,0.0 9.93991,45.14531,0.0 9.93991,45.14531,0.0 9.93991,45.14531,0.0 9.93991,45.14531,0.0 9.93991,45.14531,0.0 9.93991,45.14531,0.0 9.93991,45.14531,0.0 9.93991,45.14531,0.0 9.93991,45.14531,0.0 9.93991,45.14531,0.0 9.93991,45.14531,0.0 9.93991,45.14531,0.0 9.93991,45.14531,0.0 9.93991,45.14531,0.0 9.93991,45.14531,0.0 9.93991,45.14531,0.0 9.93991,45.14531,0.0 9.93991,45.14531,0.0 9.93991,45.14531,0.0 9.93991,45.14531,0.0 9.93992,45.14531,0.0 9.93992,45.14531,0.0 9.93992,45.14531,0.0 9.93992,45.14531,0.0 9.93992,45.14531,0.0 9.93992,45.14531,0.0 9.93992,45.14531,0.0 9.93992,45.14531,0.0 9.93992,45.14531,0.0 9.93992,45.14531,0.0 9.93992,45.14531,0.0 9.93992,45.14531,0.0 9.93992,45.14531,0.0 9.93992,45.14531,0.0 9.93992,45.14531,0.0 9.93992,45.14531,0.0 9.93994,45.14532,0.0 9.93993,45.14532,0.0 9.93993,45.14532,0.0 9.93993,45.14532,0.0 9.93992,45.14532,0.0 9.93992,45.14532,0.0 9.93992,45.14532,0.0 9.93992,45.14532,0.0 9.93992,45.14532,0.0 9.93992,45.14532,0.0 9.93992,45.14532,0.0 9.93992,45.14532,0.0 9.93991,45.14531,0.0 9.93991,45.1453,0.0 9.93991,45.1453,0.0 9.93991,45.1453,0.0 9.93991,45.1453,0.0</coordinates>
                    </LineString>
                </Placemark>
                <Placemark id="613">
                    <name>Rota 20:12</name>
                    <styleUrl>#2</styleUrl>
                    <LineString id="612">
                        <altitudeMode>clampToGround</altitudeMode>
                        <coordinates>9.93991,45.1453,0.0 9.93991,45.1453,0.0 9.93991,45.1453,0.0 9.93991,45.1453,0.0 9.93991,45.1453,0.0 9.93991,45.1453,0.0 9.93991,45.1453,0.0 9.93991,45.1453,0.0 9.93991,45.1453,0.0 9.93991,45.1453,0.0 9.93991,45.1453,0.0 9.93991,45.1453,0.0 9.93991,45.1453,0.0 9.93991,45.1453,0.0 9.93991,45.1453,0.0 9.93991,45.1453,0.0 9.93991,45.1453,0.0 9.93991,45.1453,0.0 9.93993,45.14533,0.0 9.93993,45.14533,0.0 9.93992,45.14533,0.0 9.93992,45.14533,0.0 9.93992,45.14533,0.0 9.93992,45.14532,0.0 9.93992,45.14532,0.0 9.93992,45.14532,0.0 9.93992,45.14531,0.0 9.93992,45.14531,0.0 9.93992,45.14531,0.0 9.93992,45.14531,0.0 9.93992,45.14531,0.0 9.93992,45.14531,0.0 9.93992,45.14531,0.0 9.93992,45.14531,0.0 9.93992,45.14531,0.0 9.93992,45.14531,0.0 9.93992,45.14531,0.0 9.93992,45.14531,0.0 9.93992,45.14531,0.0 9.93992,45.14531,0.0 9.93992,45.14531,0.0 9.93992,45.14531,0.0 9.93992,45.14531,0.0 9.93992,45.14531,0.0 9.93992,45.14531,0.0 9.93995,45.14533,0.0 9.93994,45.14533,0.0 9.93994,45.14533,0.0 9.93994,45.14533,0.0 9.93994,45.14533,0.0 9.93994,45.14533,0.0 9.93994,45.14533,0.0 9.93993,45.14532,0.0 9.93993,45.14531,0.0 9.93993,45.14531,0.0 9.93993,45.14531,0.0 9.93993,45.14531,0.0 9.93994,45.14531,0.0 9.93994,45.14531,0.0 9.93994,45.14531,0.0 9.93994,45.14531,0.0</coordinates>
                    </LineString>
                </Placemark>
                <Placemark id="615">
                    <name>Rota 20:13</name>
                    <styleUrl>#2</styleUrl>
                    <LineString id="614">
                        <altitudeMode>clampToGround</altitudeMode>
                        <coordinates>9.93994,45.14531,0.0 9.93994,45.14531,0.0 9.93994,45.14531,0.0 9.93994,45.14531,0.0 9.93994,45.14531,0.0 9.93994,45.14531,0.0 9.93994,45.14531,0.0 9.93994,45.14531,0.0 9.93994,45.14531,0.0 9.93994,45.14531,0.0 9.93994,45.14531,0.0 9.93994,45.14531,0.0 9.93995,45.14533,0.0 9.93995,45.14533,0.0 9.93995,45.14533,0.0 9.93994,45.14534,0.0 9.93994,45.14533,0.0 9.93994,45.14533,0.0 9.93994,45.14533,0.0 9.93994,45.14533,0.0 9.93994,45.14533,0.0 9.93994,45.14533,0.0 9.93994,45.14533,0.0 9.93994,45.14533,0.0 9.93994,45.14533,0.0 9.93994,45.14533,0.0 9.93994,45.14533,0.0 9.93994,45.14533,0.0 9.93994,45.14533,0.0 9.93994,45.14533,0.0 9.93994,45.14533,0.0 9.93994,45.14533,0.0 9.93994,45.14533,0.0 9.93994,45.14533,0.0 9.93994,45.14533,0.0 9.93994,45.14533,0.0 9.93994,45.14533,0.0 9.93994,45.14533,0.0 9.93994,45.14533,0.0 9.93994,45.14533,0.0 9.93994,45.14533,0.0 9.93989,45.14532,0.0 9.93989,45.14532,0.0 9.93988,45.14532,0.0 9.93988,45.14532,0.0 9.93988,45.14532,0.0 9.93988,45.14532,0.0 9.93988,45.14532,0.0 9.93988,45.14532,0.0 9.93988,45.14532,0.0 9.93988,45.14532,0.0 9.93988,45.14532,0.0 9.93988,45.14532,0.0 9.93988,45.14532,0.0 9.93988,45.14532,0.0 9.93988,45.14532,0.0 9.93988,45.14532,0.0 9.93988,45.14532,0.0 9.93988,45.14532,0.0 9.93988,45.14532,0.0 9.93989,45.14531,0.0</coordinates>
                    </LineString>
                </Placemark>
                <Placemark id="617">
                    <name>Rota 20:14</name>
                    <styleUrl>#2</styleUrl>
                    <LineString id="616">
                        <altitudeMode>clampToGround</altitudeMode>
                        <coordinates>9.93989,45.14531,0.0 9.93989,45.14531,0.0 9.93989,45.14531,0.0 9.93989,45.14531,0.0 9.93989,45.14531,0.0 9.93989,45.14531,0.0 9.93989,45.14531,0.0 9.93989,45.14531,0.0 9.93989,45.14531,0.0 9.93989,45.14531,0.0 9.93989,45.14531,0.0 9.93989,45.14531,0.0 9.93989,45.14531,0.0 9.93989,45.14531,0.0 9.93989,45.14531,0.0 9.93989,45.14531,0.0 9.93989,45.14531,0.0 9.93989,45.14531,0.0 9.93989,45.14531,0.0 9.93989,45.14531,0.0 9.93989,45.14531,0.0 9.93989,45.14531,0.0 9.93989,45.14531,0.0 9.93989,45.14531,0.0 9.93989,45.14531,0.0 9.93989,45.14531,0.0 9.93989,45.14531,0.0 9.93989,45.14531,0.0 9.93989,45.14531,0.0 9.93989,45.14531,0.0 9.93989,45.14531,0.0 9.93989,45.14531,0.0 9.93989,45.14531,0.0 9.93989,45.14531,0.0 9.93989,45.14531,0.0 9.93989,45.14531,0.0 9.93989,45.14531,0.0 9.93989,45.14531,0.0 9.93992,45.14533,0.0 9.93992,45.14533,0.0 9.93992,45.14533,0.0 9.93992,45.14533,0.0 9.93992,45.14532,0.0 9.93992,45.14532,0.0 9.93992,45.14532,0.0 9.93992,45.14532,0.0 9.93992,45.14531,0.0 9.93992,45.14531,0.0 9.93992,45.14531,0.0 9.93992,45.14531,0.0 9.93992,45.14531,0.0 9.93992,45.14531,0.0 9.93992,45.14531,0.0 9.93992,45.14531,0.0 9.93992,45.14531,0.0 9.93992,45.14531,0.0 9.93992,45.14531,0.0 9.93992,45.14531,0.0 9.93992,45.14531,0.0 9.93992,45.14531,0.0 9.93992,45.14531,0.0</coordinates>
                    </LineString>
                </Placemark>
                <Placemark id="619">
                    <name>Rota 20:15</name>
                    <styleUrl>#2</styleUrl>
                    <LineString id="618">
                        <altitudeMode>clampToGround</altitudeMode>
                        <coordinates>9.93992,45.14531,0.0 9.93992,45.14531,0.0 9.93992,45.14531,0.0 9.93992,45.14531,0.0 9.93992,45.14531,0.0 9.93992,45.14531,0.0 9.93992,45.14531,0.0 9.93992,45.14531,0.0 9.93992,45.14531,0.0 9.93992,45.14531,0.0 9.93992,45.14531,0.0 9.93992,45.14531,0.0 9.93992,45.14531,0.0 9.93992,45.14531,0.0 9.93992,45.14531,0.0 9.93992,45.14531,0.0 9.93992,45.14531,0.0 9.93992,45.14531,0.0 9.93992,45.14531,0.0 9.93992,45.14531,0.0 9.93992,45.14531,0.0 9.93992,45.14531,0.0 9.93992,45.14531,0.0 9.93992,45.14531,0.0 9.93992,45.14531,0.0 9.93992,45.14531,0.0 9.93992,45.14531,0.0 9.93992,45.14531,0.0 9.93992,45.14531,0.0 9.93992,45.14531,0.0 9.93992,45.14531,0.0 9.93992,45.14531,0.0 9.93992,45.14531,0.0 9.93991,45.14533,0.0 9.93991,45.14533,0.0 9.93991,45.14533,0.0 9.93991,45.14533,0.0 9.93991,45.14533,0.0 9.93991,45.14533,0.0 9.93991,45.14532,0.0 9.93992,45.14531,0.0 9.93992,45.14531,0.0 9.93992,45.14531,0.0 9.93992,45.14531,0.0 9.93992,45.14531,0.0 9.93992,45.14531,0.0 9.93992,45.14531,0.0 9.93992,45.14531,0.0 9.93992,45.14531,0.0 9.93992,45.14531,0.0 9.93992,45.14531,0.0 9.93992,45.14531,0.0 9.93992,45.14531,0.0 9.93992,45.14531,0.0 9.93992,45.14531,0.0 9.93992,45.14531,0.0 9.93992,45.14531,0.0 9.93992,45.14531,0.0 9.93992,45.14531,0.0 9.93992,45.14531,0.0 9.93992,45.14531,0.0</coordinates>
                    </LineString>
                </Placemark>
                <Placemark id="621">
                    <name>Rota 20:16</name>
                    <styleUrl>#2</styleUrl>
                    <LineString id="620">
                        <altitudeMode>clampToGround</altitudeMode>
                        <coordinates>9.93992,45.14531,0.0 9.93992,45.14531,0.0 9.93992,45.14531,0.0 9.93992,45.14531,0.0 9.93992,45.14531,0.0 9.93992,45.14531,0.0 9.93992,45.14531,0.0 9.93992,45.14531,0.0 9.93992,45.14531,0.0 9.93992,45.14531,0.0 9.93992,45.14531,0.0 9.93992,45.14531,0.0 9.93992,45.14531,0.0 9.93992,45.14531,0.0 9.93992,45.14531,0.0 9.93992,45.14531,0.0 9.93992,45.14531,0.0 9.93992,45.14531,0.0 9.93992,45.14531,0.0 9.93992,45.14531,0.0 9.93992,45.14531,0.0 9.93992,45.14531,0.0 9.93992,45.14531,0.0 9.93992,45.14534,0.0 9.93992,45.14535,0.0 9.93992,45.14534,0.0 9.93992,45.14534,0.0 9.93992,45.14534,0.0 9.93992,45.14534,0.0 9.93992,45.14534,0.0 9.93992,45.14532,0.0 9.93992,45.14531,0.0 9.93992,45.14531,0.0 9.93992,45.14531,0.0 9.93992,45.14531,0.0 9.93992,45.14531,0.0 9.93992,45.14531,0.0 9.93992,45.14531,0.0 9.93992,45.14531,0.0 9.93992,45.14531,0.0 9.93992,45.14531,0.0 9.93992,45.14531,0.0 9.93992,45.14531,0.0 9.93992,45.14531,0.0 9.93992,45.14531,0.0 9.93992,45.14531,0.0 9.93992,45.14531,0.0 9.93992,45.14531,0.0 9.93992,45.14531,0.0 9.93992,45.14531,0.0 9.93992,45.14531,0.0 9.93992,45.14531,0.0 9.93992,45.14531,0.0 9.93992,45.14531,0.0 9.93992,45.14531,0.0 9.93992,45.14531,0.0 9.93992,45.14531,0.0 9.93992,45.14531,0.0 9.93992,45.14531,0.0 9.93992,45.14531,0.0 9.93994,45.14532,0.0</coordinates>
                    </LineString>
                </Placemark>
                <Placemark id="623">
                    <name>Rota 20:17</name>
                    <styleUrl>#2</styleUrl>
                    <LineString id="622">
                        <altitudeMode>clampToGround</altitudeMode>
                        <coordinates>9.93994,45.14532,0.0 9.93994,45.14532,0.0 9.93994,45.14532,0.0 9.93994,45.14532,0.0 9.93994,45.14532,0.0 9.93994,45.14532,0.0 9.93994,45.14532,0.0 9.93994,45.14532,0.0 9.93992,45.14533,0.0 9.93992,45.14533,0.0 9.93992,45.14532,0.0 9.93993,45.14532,0.0 9.93993,45.14532,0.0 9.93993,45.14532,0.0 9.93993,45.14531,0.0 9.93993,45.14531,0.0 9.93993,45.14531,0.0 9.93993,45.14531,0.0 9.93993,45.14531,0.0 9.93993,45.14531,0.0 9.93993,45.14531,0.0 9.93993,45.14531,0.0 9.93993,45.14531,0.0 9.93993,45.14531,0.0 9.93993,45.14531,0.0 9.93993,45.14531,0.0 9.93993,45.14531,0.0 9.93993,45.14531,0.0 9.93993,45.14531,0.0 9.93993,45.14531,0.0 9.93994,45.14534,0.0 9.93993,45.14534,0.0 9.93993,45.14534,0.0 9.93993,45.14534,0.0 9.93993,45.14534,0.0 9.93993,45.14533,0.0 9.93993,45.14533,0.0 9.93993,45.14533,0.0 9.93993,45.14533,0.0 9.93993,45.14533,0.0 9.93993,45.14533,0.0 9.93993,45.14533,0.0 9.93993,45.14533,0.0 9.93993,45.14533,0.0 9.93993,45.14533,0.0 9.93993,45.14533,0.0 9.93993,45.14533,0.0 9.93993,45.14533,0.0 9.93993,45.14533,0.0 9.93993,45.14533,0.0 9.93993,45.14533,0.0 9.93993,45.14533,0.0 9.93993,45.14533,0.0 9.93993,45.14533,0.0 9.93993,45.14533,0.0 9.93993,45.14533,0.0 9.93993,45.14533,0.0 9.93993,45.14533,0.0 9.93993,45.14533,0.0 9.93993,45.14533,0.0 9.93993,45.14533,0.0</coordinates>
                    </LineString>
                </Placemark>
                <Placemark id="625">
                    <name>Rota 20:18</name>
                    <styleUrl>#2</styleUrl>
                    <LineString id="624">
                        <altitudeMode>clampToGround</altitudeMode>
                        <coordinates>9.93993,45.14533,0.0 9.93993,45.14533,0.0 9.93991,45.14532,0.0 9.93991,45.14532,0.0 9.93991,45.14532,0.0 9.93991,45.14532,0.0 9.93992,45.14531,0.0 9.93992,45.14531,0.0 9.93992,45.14531,0.0 9.93992,45.1453,0.0 9.93993,45.1453,0.0 9.93993,45.1453,0.0 9.93993,45.1453,0.0 9.93993,45.1453,0.0 9.93993,45.1453,0.0 9.93993,45.1453,0.0 9.93993,45.1453,0.0 9.93993,45.1453,0.0 9.93993,45.1453,0.0 9.93993,45.1453,0.0 9.93993,45.1453,0.0 9.93993,45.1453,0.0 9.93992,45.14533,0.0 9.93991,45.14534,0.0 9.93991,45.14534,0.0 9.93991,45.14533,0.0 9.93991,45.14533,0.0 9.93991,45.14533,0.0 9.93991,45.14532,0.0 9.93991,45.14531,0.0 9.93991,45.14531,0.0 9.93991,45.14531,0.0 9.93991,45.14531,0.0 9.93991,45.14531,0.0 9.93991,45.14531,0.0 9.93991,45.14531,0.0 9.93991,45.14531,0.0 9.93991,45.14531,0.0 9.93991,45.14531,0.0 9.93991,45.14531,0.0 9.93991,45.14531,0.0 9.93991,45.14531,0.0 9.93994,45.14532,0.0 9.93993,45.14532,0.0 9.93993,45.14532,0.0 9.93992,45.14533,0.0 9.93992,45.14533,0.0 9.93992,45.14532,0.0 9.93992,45.14532,0.0 9.93992,45.14532,0.0 9.93992,45.14532,0.0 9.93992,45.14531,0.0 9.93992,45.14531,0.0 9.93992,45.14531,0.0 9.93992,45.14531,0.0 9.93992,45.14531,0.0 9.93992,45.14531,0.0 9.93992,45.14531,0.0 9.93992,45.14531,0.0 9.93992,45.14531,0.0 9.93992,45.14531,0.0</coordinates>
                    </LineString>
                </Placemark>
                <Placemark id="627">
                    <name>Rota 20:19</name>
                    <styleUrl>#2</styleUrl>
                    <LineString id="626">
                        <altitudeMode>clampToGround</altitudeMode>
                        <coordinates>9.93992,45.14531,0.0 9.93992,45.14531,0.0 9.93992,45.14531,0.0 9.93992,45.14531,0.0 9.93992,45.14531,0.0 9.93992,45.14531,0.0 9.93992,45.14531,0.0 9.93992,45.14531,0.0 9.93992,45.14531,0.0 9.93992,45.14531,0.0 9.93992,45.14531,0.0 9.93992,45.14531,0.0 9.93992,45.14531,0.0 9.93992,45.14531,0.0 9.93992,45.14531,0.0 9.93992,45.14531,0.0 9.93992,45.14531,0.0 9.93992,45.14531,0.0 9.93992,45.14531,0.0 9.93992,45.14531,0.0 9.93992,45.14531,0.0 9.93991,45.14533,0.0 9.9399,45.14533,0.0 9.9399,45.14533,0.0 9.93989,45.14533,0.0 9.93989,45.14533,0.0 9.9399,45.14533,0.0 9.9399,45.14533,0.0 9.9399,45.14533,0.0 9.9399,45.14533,0.0 9.9399,45.14533,0.0 9.9399,45.14533,0.0 9.9399,45.14533,0.0 9.9399,45.14533,0.0 9.9399,45.14533,0.0 9.9399,45.14533,0.0 9.9399,45.14533,0.0 9.9399,45.14533,0.0 9.9399,45.14533,0.0 9.9399,45.14533,0.0 9.9399,45.14533,0.0 9.9399,45.14533,0.0 9.9399,45.14533,0.0 9.9399,45.14533,0.0 9.9399,45.14533,0.0 9.9399,45.14533,0.0 9.9399,45.14533,0.0 9.9399,45.14533,0.0 9.9399,45.14533,0.0 9.9399,45.14533,0.0 9.9399,45.14533,0.0 9.9399,45.14533,0.0 9.9399,45.14533,0.0 9.9399,45.14533,0.0 9.9399,45.14533,0.0 9.9399,45.14533,0.0 9.9399,45.14533,0.0 9.9399,45.14533,0.0 9.9399,45.14533,0.0 9.9399,45.14533,0.0 9.9399,45.14533,0.0</coordinates>
                    </LineString>
                </Placemark>
            </Folder>
            <Folder id="628">
                <name>20:20 – 20:29</name>
                <Placemark id="630">
                    <name>Rota 20:20</name>
                    <styleUrl>#2</styleUrl>
                    <LineString id="629">
                        <altitudeMode>clampToGround</altitudeMode>
                        <coordinates>9.9399,45.14533,0.0 9.9399,45.14533,0.0 9.9399,45.14533,0.0 9.9399,45.14533,0.0 9.9399,45.14533,0.0 9.9399,45.14533,0.0 9.9399,45.14533,0.0 9.9399,45.14533,0.0 9.9399,45.14533,0.0 9.9399,45.14533,0.0 9.9399,45.14533,0.0 9.9399,45.14533,0.0 9.9399,45.14533,0.0 9.9399,45.14533,0.0 9.9399,45.14533,0.0 9.9399,45.14533,0.0 9.93988,45.14533,0.0 9.93988,45.14533,0.0 9.93988,45.14533,0.0 9.93988,45.14533,0.0 9.93988,45.14533,0.0 9.93988,45.14533,0.0 9.93989,45.14532,0.0 9.93989,45.14532,0.0 9.93989,45.14532,0.0 9.93989,45.14532,0.0 9.93989,45.14532,0.0 9.93989,45.14532,0.0 9.93989,45.14532,0.0 9.93989,45.14532,0.0 9.93989,45.14532,0.0 9.93989,45.14532,0.0 9.9399,45.14534,0.0 9.93989,45.14534,0.0 9.93989,45.14534,0.0 9.93989,45.14534,0.0 9.93989,45.14534,0.0 9.93989,45.14534,0.0 9.93989,45.14534,0.0 9.93989,45.14532,0.0 9.93989,45.14532,0.0 9.93989,45.14532,0.0 9.93989,45.14532,0.0 9.93989,45.14532,0.0 9.93989,45.14532,0.0 9.93989,45.14534,0.0 9.93989,45.14534,0.0 9.93989,45.14534,0.0 9.93988,45.14534,0.0 9.93988,45.14534,0.0 9.93988,45.14534,0.0 9.93989,45.14533,0.0 9.93989,45.14532,0.0 9.93989,45.14532,0.0 9.93989,45.14531,0.0 9.93989,45.14531,0.0 9.93989,45.14531,0.0 9.9399,45.14532,0.0 9.9399,45.14532,0.0 9.9399,45.14532,0.0 9.9399,45.14532,0.0</coordinates>
                    </LineString>
                </Placemark>
                <Placemark id="632">
                    <name>Rota 20:21</name>
                    <styleUrl>#2</styleUrl>
                    <LineString id="631">
                        <altitudeMode>clampToGround</altitudeMode>
                        <coordinates>9.9399,45.14532,0.0 9.9399,45.14532,0.0 9.9399,45.14533,0.0 9.93989,45.14534,0.0 9.93989,45.14534,0.0 9.93989,45.14533,0.0 9.93989,45.14533,0.0 9.93989,45.14533,0.0 9.93989,45.14533,0.0 9.93989,45.14533,0.0 9.93989,45.14533,0.0 9.93989,45.14532,0.0 9.93989,45.14532,0.0 9.93989,45.14532,0.0 9.93989,45.14532,0.0 9.9399,45.14532,0.0 9.9399,45.14532,0.0 9.9399,45.14532,0.0 9.9399,45.14532,0.0 9.9399,45.14532,0.0 9.9399,45.14532,0.0 9.9399,45.14532,0.0 9.9399,45.14532,0.0 9.9399,45.14532,0.0 9.9399,45.14532,0.0 9.9399,45.14532,0.0 9.9399,45.14532,0.0 9.9399,45.14532,0.0 9.9399,45.14532,0.0 9.93991,45.14535,0.0 9.93991,45.14535,0.0 9.93991,45.14535,0.0 9.93991,45.14535,0.0 9.93991,45.14535,0.0 9.93991,45.14535,0.0 9.93991,45.14535,0.0 9.93991,45.14533,0.0 9.93991,45.14533,0.0 9.93991,45.14533,0.0 9.93991,45.14533,0.0 9.93991,45.14533,0.0 9.93991,45.14533,0.0 9.93991,45.14533,0.0 9.93991,45.14533,0.0 9.93991,45.14533,0.0 9.93991,45.14533,0.0 9.93991,45.14533,0.0 9.93992,45.14534,0.0 9.93992,45.14534,0.0 9.93992,45.14534,0.0 9.93992,45.14534,0.0 9.93992,45.14534,0.0 9.93992,45.14534,0.0 9.93992,45.14534,0.0 9.93992,45.14534,0.0 9.93992,45.14534,0.0 9.93992,45.14534,0.0 9.93992,45.14534,0.0 9.93992,45.14534,0.0 9.93992,45.14534,0.0 9.93992,45.14534,0.0</coordinates>
                    </LineString>
                </Placemark>
                <Placemark id="634">
                    <name>Rota 20:22</name>
                    <styleUrl>#2</styleUrl>
                    <LineString id="633">
                        <altitudeMode>clampToGround</altitudeMode>
                        <coordinates>9.93992,45.14534,0.0 9.93992,45.14534,0.0 9.93992,45.14534,0.0 9.93992,45.14534,0.0 9.93992,45.14534,0.0 9.93992,45.14534,0.0 9.93992,45.14534,0.0 9.93992,45.14535,0.0 9.93992,45.14535,0.0 9.93992,45.14535,0.0 9.93992,45.14535,0.0 9.93992,45.14535,0.0 9.93992,45.14535,0.0 9.93992,45.14535,0.0 9.93992,45.14535,0.0 9.93992,45.14535,0.0 9.93992,45.14535,0.0 9.93992,45.14535,0.0 9.93992,45.14535,0.0 9.93992,45.14535,0.0 9.93992,45.14535,0.0 9.93992,45.14535,0.0 9.93992,45.14535,0.0 9.93992,45.14535,0.0 9.93992,45.14534,0.0 9.93992,45.14534,0.0 9.93992,45.14534,0.0 9.93992,45.14534,0.0 9.93992,45.14534,0.0 9.93992,45.14534,0.0 9.93992,45.14534,0.0 9.93991,45.14535,0.0 9.93991,45.14536,0.0 9.93991,45.14536,0.0 9.93991,45.14535,0.0 9.93991,45.14535,0.0 9.93991,45.14534,0.0 9.93991,45.14534,0.0 9.93991,45.14534,0.0 9.93991,45.14535,0.0 9.93991,45.14535,0.0 9.93991,45.14535,0.0 9.93991,45.14535,0.0 9.93991,45.14535,0.0 9.93991,45.14535,0.0 9.93991,45.14535,0.0 9.93991,45.14535,0.0 9.93991,45.14535,0.0 9.93991,45.14535,0.0 9.93991,45.14535,0.0 9.93991,45.14536,0.0 9.93991,45.14536,0.0 9.93991,45.14535,0.0 9.93991,45.14535,0.0 9.93991,45.14535,0.0 9.93991,45.14535,0.0 9.93991,45.14535,0.0 9.93991,45.14535,0.0 9.93991,45.14535,0.0 9.93991,45.14535,0.0 9.93991,45.14535,0.0</coordinates>
                    </LineString>
                </Placemark>
                <Placemark id="636">
                    <name>Rota 20:23</name>
                    <styleUrl>#2</styleUrl>
                    <LineString id="635">
                        <altitudeMode>clampToGround</altitudeMode>
                        <coordinates>9.93991,45.14535,0.0 9.93991,45.14535,0.0 9.93991,45.14535,0.0 9.93991,45.14535,0.0 9.93991,45.14535,0.0 9.93992,45.14535,0.0 9.93992,45.14534,0.0 9.93992,45.14534,0.0 9.93991,45.14534,0.0 9.93991,45.14533,0.0 9.93992,45.14533,0.0 9.93992,45.14533,0.0 9.93992,45.14533,0.0 9.93992,45.14533,0.0 9.93992,45.14533,0.0 9.93992,45.14533,0.0 9.93992,45.14533,0.0 9.93992,45.14533,0.0 9.93992,45.14533,0.0 9.93992,45.14533,0.0 9.93992,45.14533,0.0 9.93992,45.14533,0.0 9.93992,45.14533,0.0 9.93992,45.14533,0.0 9.93992,45.14533,0.0 9.93992,45.14533,0.0 9.93992,45.14533,0.0 9.93992,45.14533,0.0 9.93992,45.14533,0.0 9.93992,45.14533,0.0 9.93992,45.14533,0.0 9.93992,45.14533,0.0 9.93992,45.14533,0.0 9.93992,45.14533,0.0 9.93992,45.14533,0.0 9.93992,45.14533,0.0 9.93992,45.14533,0.0 9.93992,45.14533,0.0 9.93992,45.14534,0.0 9.93992,45.14533,0.0 9.93992,45.14533,0.0 9.93992,45.14533,0.0 9.93992,45.14533,0.0 9.93992,45.14533,0.0 9.93992,45.14533,0.0 9.93992,45.14533,0.0 9.93992,45.14533,0.0 9.93992,45.14533,0.0 9.93992,45.14533,0.0 9.93992,45.14533,0.0 9.93992,45.14533,0.0 9.93992,45.14533,0.0 9.93992,45.14533,0.0 9.93992,45.14533,0.0 9.93992,45.14533,0.0 9.93992,45.14533,0.0 9.93992,45.14533,0.0 9.93992,45.14533,0.0 9.93994,45.14534,0.0 9.93994,45.14534,0.0 9.93993,45.14534,0.0</coordinates>
                    </LineString>
                </Placemark>
                <Placemark id="638">
                    <name>Rota 20:24</name>
                    <styleUrl>#2</styleUrl>
                    <LineString id="637">
                        <altitudeMode>clampToGround</altitudeMode>
                        <coordinates>9.93993,45.14534,0.0 9.93992,45.14533,0.0 9.93992,45.14533,0.0 9.93992,45.14533,0.0 9.93992,45.14533,0.0 9.93992,45.14533,0.0 9.93992,45.14533,0.0 9.93992,45.14533,0.0 9.93992,45.14533,0.0 9.93992,45.14533,0.0 9.93992,45.14533,0.0 9.93992,45.14533,0.0 9.93992,45.14533,0.0 9.93992,45.14533,0.0 9.93992,45.14533,0.0 9.93992,45.14533,0.0 9.93992,45.14533,0.0 9.93992,45.14533,0.0 9.93992,45.14533,0.0 9.93992,45.14533,0.0 9.93992,45.14533,0.0 9.93992,45.14533,0.0 9.93992,45.14533,0.0 9.93992,45.14533,0.0 9.93992,45.14533,0.0 9.93992,45.14533,0.0 9.93992,45.14533,0.0 9.93992,45.14533,0.0 9.93992,45.14533,0.0 9.93989,45.1453,0.0 9.93989,45.1453,0.0 9.93989,45.1453,0.0 9.93989,45.1453,0.0 9.93989,45.1453,0.0 9.93989,45.1453,0.0 9.93989,45.1453,0.0 9.93989,45.1453,0.0 9.93989,45.1453,0.0 9.93989,45.1453,0.0 9.93989,45.1453,0.0 9.93989,45.1453,0.0 9.93989,45.1453,0.0 9.93989,45.1453,0.0 9.93989,45.14533,0.0 9.93989,45.14533,0.0 9.93989,45.14533,0.0 9.93989,45.14533,0.0 9.93989,45.14533,0.0 9.93989,45.14533,0.0 9.93989,45.14533,0.0 9.93989,45.14533,0.0 9.93989,45.14533,0.0 9.93989,45.14533,0.0 9.93989,45.14533,0.0 9.93989,45.14533,0.0 9.93989,45.14533,0.0 9.93989,45.14533,0.0 9.93989,45.14533,0.0 9.93989,45.14533,0.0 9.93989,45.14533,0.0 9.93989,45.14533,0.0</coordinates>
                    </LineString>
                </Placemark>
                <Placemark id="640">
                    <name>Rota 20:25</name>
                    <styleUrl>#2</styleUrl>
                    <LineString id="639">
                        <altitudeMode>clampToGround</altitudeMode>
                        <coordinates>9.93989,45.14533,0.0 9.93989,45.14533,0.0 9.93989,45.14533,0.0 9.93989,45.14533,0.0 9.93989,45.14533,0.0 9.93989,45.14533,0.0 9.93989,45.14528,0.0 9.93989,45.14528,0.0 9.93989,45.14529,0.0 9.93989,45.14529,0.0 9.93989,45.14529,0.0 9.93989,45.14529,0.0 9.93989,45.14529,0.0 9.93989,45.14529,0.0 9.93989,45.14529,0.0 9.93989,45.14529,0.0 9.93989,45.14529,0.0 9.93989,45.14529,0.0 9.93989,45.14529,0.0 9.93989,45.14529,0.0 9.93989,45.14529,0.0 9.93989,45.14529,0.0 9.93989,45.14529,0.0 9.93989,45.14529,0.0 9.93989,45.14529,0.0 9.93989,45.14529,0.0 9.93991,45.14532,0.0 9.93991,45.14533,0.0 9.9399,45.14533,0.0 9.9399,45.14533,0.0 9.9399,45.14533,0.0 9.9399,45.14533,0.0 9.9399,45.14533,0.0 9.9399,45.14533,0.0 9.9399,45.14533,0.0 9.9399,45.14533,0.0 9.93991,45.14531,0.0 9.93991,45.14531,0.0 9.93991,45.14531,0.0 9.93991,45.14531,0.0 9.93991,45.14531,0.0 9.93991,45.14531,0.0 9.93991,45.14531,0.0 9.93991,45.14531,0.0 9.93991,45.14531,0.0 9.93991,45.14531,0.0 9.93991,45.14531,0.0 9.93991,45.14531,0.0 9.93991,45.14531,0.0 9.93991,45.14531,0.0 9.93991,45.14531,0.0 9.93991,45.14531,0.0 9.93991,45.14531,0.0 9.93991,45.14531,0.0 9.93991,45.14534,0.0 9.93991,45.14534,0.0 9.9399,45.14534,0.0 9.9399,45.14534,0.0 9.9399,45.14534,0.0 9.9399,45.14533,0.0 9.9399,45.14533,0.0</coordinates>
                    </LineString>
                </Placemark>
                <Placemark id="642">
                    <name>Rota 20:26</name>
                    <styleUrl>#2</styleUrl>
                    <LineString id="641">
                        <altitudeMode>clampToGround</altitudeMode>
                        <coordinates>9.9399,45.14533,0.0 9.9399,45.14533,0.0 9.9399,45.14533,0.0 9.9399,45.14533,0.0 9.9399,45.14533,0.0 9.9399,45.14533,0.0 9.9399,45.14533,0.0 9.9399,45.14533,0.0 9.9399,45.14533,0.0 9.9399,45.14533,0.0 9.9399,45.14533,0.0 9.9399,45.14533,0.0 9.9399,45.1453,0.0 9.9399,45.1453,0.0 9.9399,45.1453,0.0 9.9399,45.1453,0.0 9.9399,45.1453,0.0 9.9399,45.1453,0.0 9.9399,45.1453,0.0 9.9399,45.1453,0.0 9.9399,45.1453,0.0 9.9399,45.1453,0.0 9.9399,45.1453,0.0 9.9399,45.1453,0.0 9.9399,45.1453,0.0 9.9399,45.1453,0.0 9.9399,45.1453,0.0 9.9399,45.1453,0.0 9.9399,45.1453,0.0 9.9399,45.1453,0.0 9.9399,45.1453,0.0 9.9399,45.1453,0.0 9.9399,45.1453,0.0 9.9399,45.1453,0.0 9.9399,45.1453,0.0 9.93994,45.14533,0.0 9.93994,45.14533,0.0 9.93994,45.14533,0.0 9.93994,45.14533,0.0 9.93994,45.14533,0.0 9.93994,45.14533,0.0 9.93994,45.14533,0.0 9.93994,45.14533,0.0 9.93993,45.14531,0.0 9.93993,45.14531,0.0 9.93992,45.14531,0.0 9.93992,45.14531,0.0 9.93992,45.14531,0.0 9.93992,45.14531,0.0 9.93992,45.14531,0.0 9.93992,45.14531,0.0 9.93992,45.14531,0.0 9.93992,45.14531,0.0 9.93992,45.14531,0.0 9.93992,45.14531,0.0 9.93992,45.14533,0.0 9.93992,45.14533,0.0 9.93991,45.14533,0.0 9.93991,45.14533,0.0 9.93991,45.14533,0.0 9.93991,45.14533,0.0</coordinates>
                    </LineString>
                </Placemark>
                <Placemark id="644">
                    <name>Rota 20:27</name>
                    <styleUrl>#2</styleUrl>
                    <LineString id="643">
                        <altitudeMode>clampToGround</altitudeMode>
                        <coordinates>9.93991,45.14533,0.0 9.93991,45.14533,0.0 9.93991,45.14533,0.0 9.93991,45.14531,0.0 9.93991,45.14531,0.0 9.93991,45.14531,0.0 9.93992,45.14531,0.0 9.93992,45.14531,0.0 9.93992,45.14531,0.0 9.93992,45.14531,0.0 9.93992,45.14531,0.0 9.93992,45.14531,0.0 9.93992,45.14531,0.0 9.93992,45.14531,0.0 9.93992,45.14531,0.0 9.93992,45.14531,0.0 9.93992,45.14531,0.0 9.93992,45.14531,0.0 9.93992,45.14531,0.0 9.93992,45.14531,0.0 9.93992,45.14531,0.0 9.93992,45.14531,0.0 9.93992,45.14531,0.0 9.93992,45.14531,0.0 9.93992,45.14531,0.0 9.93992,45.14531,0.0 9.93992,45.14531,0.0 9.93992,45.14531,0.0 9.93992,45.14531,0.0 9.93992,45.14531,0.0 9.93992,45.14531,0.0 9.93992,45.14531,0.0 9.93992,45.14531,0.0 9.93992,45.14531,0.0 9.93992,45.14531,0.0 9.93992,45.14531,0.0 9.93992,45.14531,0.0 9.93992,45.14531,0.0 9.93992,45.14531,0.0 9.93992,45.14531,0.0 9.93992,45.14531,0.0 9.93992,45.14533,0.0 9.93991,45.14533,0.0 9.93991,45.14533,0.0 9.93991,45.14533,0.0 9.9399,45.14533,0.0 9.9399,45.14533,0.0 9.9399,45.14533,0.0 9.9399,45.14533,0.0 9.9399,45.14533,0.0 9.9399,45.14533,0.0 9.9399,45.14533,0.0 9.9399,45.14533,0.0 9.9399,45.14533,0.0 9.9399,45.14533,0.0 9.9399,45.14533,0.0 9.9399,45.14533,0.0 9.9399,45.14533,0.0 9.9399,45.14533,0.0 9.9399,45.14534,0.0 9.9399,45.14534,0.0</coordinates>
                    </LineString>
                </Placemark>
                <Placemark id="646">
                    <name>Rota 20:28</name>
                    <styleUrl>#2</styleUrl>
                    <LineString id="645">
                        <altitudeMode>clampToGround</altitudeMode>
                        <coordinates>9.9399,45.14534,0.0 9.93989,45.14535,0.0 9.93989,45.14535,0.0 9.93989,45.14534,0.0 9.93989,45.14534,0.0 9.93989,45.14534,0.0 9.93989,45.14534,0.0 9.93989,45.14534,0.0 9.93989,45.14534,0.0 9.93989,45.14534,0.0 9.93989,45.14534,0.0 9.93989,45.14534,0.0 9.93989,45.14534,0.0 9.93989,45.14534,0.0 9.93989,45.14534,0.0 9.93989,45.14534,0.0 9.93989,45.14534,0.0 9.93989,45.14534,0.0 9.93989,45.14534,0.0 9.93989,45.14535,0.0 9.93989,45.14535,0.0 9.93988,45.14535,0.0 9.93988,45.14535,0.0 9.93988,45.14535,0.0 9.93989,45.14535,0.0 9.93989,45.14535,0.0 9.93989,45.14535,0.0 9.93989,45.14535,0.0 9.93989,45.14535,0.0 9.93989,45.14535,0.0 9.93989,45.14535,0.0 9.93989,45.14535,0.0 9.93989,45.14535,0.0 9.93989,45.14535,0.0 9.93989,45.14535,0.0 9.93989,45.14535,0.0 9.93989,45.14535,0.0 9.93989,45.14535,0.0 9.93989,45.14535,0.0 9.93989,45.14535,0.0 9.93989,45.14535,0.0 9.93989,45.14535,0.0 9.93989,45.14535,0.0 9.93989,45.14535,0.0 9.93989,45.14535,0.0 9.93989,45.14535,0.0 9.93989,45.14535,0.0 9.93989,45.14535,0.0 9.93989,45.14535,0.0 9.93989,45.14535,0.0 9.93989,45.14535,0.0 9.93989,45.14535,0.0 9.93989,45.14535,0.0 9.93989,45.14535,0.0 9.93989,45.14536,0.0 9.93989,45.14536,0.0 9.93989,45.14535,0.0 9.93989,45.14535,0.0 9.93989,45.14535,0.0 9.93989,45.14535,0.0 9.93989,45.14535,0.0</coordinates>
                    </LineString>
                </Placemark>
                <Placemark id="648">
                    <name>Rota 20:29</name>
                    <styleUrl>#2</styleUrl>
                    <LineString id="647">
                        <altitudeMode>clampToGround</altitudeMode>
                        <coordinates>9.93989,45.14535,0.0 9.93989,45.14535,0.0 9.93989,45.14535,0.0 9.93989,45.14535,0.0 9.93989,45.14535,0.0 9.93989,45.14535,0.0 9.93989,45.14535,0.0 9.93989,45.14535,0.0 9.93989,45.14535,0.0 9.93989,45.14535,0.0 9.93989,45.14535,0.0 9.93989,45.14535,0.0 9.93989,45.14535,0.0 9.93989,45.14535,0.0 9.93989,45.14535,0.0 9.93989,45.14535,0.0 9.93989,45.14535,0.0 9.93989,45.14535,0.0 9.93989,45.14535,0.0 9.93989,45.14535,0.0 9.93989,45.14535,0.0 9.93989,45.14535,0.0 9.93989,45.14535,0.0 9.93989,45.14535,0.0 9.93989,45.14535,0.0 9.93989,45.14535,0.0 9.93989,45.14535,0.0 9.93989,45.14535,0.0 9.93989,45.14535,0.0 9.93989,45.14535,0.0 9.93987,45.14531,0.0 9.93987,45.14531,0.0 9.93987,45.14531,0.0 9.93988,45.14531,0.0 9.93988,45.14531,0.0 9.93988,45.14531,0.0 9.93988,45.14531,0.0 9.93988,45.14531,0.0 9.93988,45.14531,0.0 9.93988,45.14531,0.0 9.93988,45.14531,0.0 9.93988,45.14531,0.0 9.93988,45.14531,0.0 9.93988,45.14531,0.0 9.93989,45.14533,0.0 9.93989,45.14533,0.0 9.93989,45.14533,0.0 9.93989,45.14533,0.0 9.93989,45.14533,0.0 9.93989,45.14533,0.0 9.93989,45.14532,0.0 9.93989,45.14532,0.0 9.93989,45.14531,0.0 9.93989,45.14532,0.0 9.93989,45.14532,0.0 9.93989,45.14532,0.0 9.93989,45.14532,0.0 9.93989,45.14532,0.0 9.93989,45.14532,0.0 9.93989,45.14532,0.0 9.93989,45.14532,0.0</coordinates>
                    </LineString>
                </Placemark>
            </Folder>
            <Folder id="649">
                <name>20:30 – 20:39</name>
                <Placemark id="651">
                    <name>Rota 20:30</name>
                    <styleUrl>#2</styleUrl>
                    <LineString id="650">
                        <altitudeMode>clampToGround</altitudeMode>
                        <coordinates>9.93989,45.14532,0.0 9.93989,45.14532,0.0 9.93989,45.14532,0.0 9.93989,45.14532,0.0 9.93989,45.14532,0.0 9.93989,45.14532,0.0 9.93991,45.14533,0.0 9.9399,45.14534,0.0 9.9399,45.14534,0.0 9.9399,45.14534,0.0 9.9399,45.14533,0.0 9.9399,45.14533,0.0 9.9399,45.14533,0.0 9.9399,45.14533,0.0 9.9399,45.14533,0.0 9.9399,45.14533,0.0 9.9399,45.14533,0.0 9.9399,45.14533,0.0 9.9399,45.14533,0.0 9.9399,45.14533,0.0 9.9399,45.14533,0.0 9.9399,45.14533,0.0 9.9399,45.14533,0.0 9.9399,45.14533,0.0 9.9399,45.14533,0.0 9.93989,45.14533,0.0 9.93989,45.14534,0.0 9.93989,45.14534,0.0 9.93988,45.14534,0.0 9.93988,45.14534,0.0 9.93988,45.14534,0.0 9.93988,45.14534,0.0 9.93989,45.14532,0.0 9.93989,45.14532,0.0 9.93989,45.14532,0.0 9.93989,45.14533,0.0 9.93989,45.14533,0.0 9.93989,45.14533,0.0 9.93989,45.14533,0.0 9.93989,45.14533,0.0 9.93989,45.14533,0.0 9.93989,45.14533,0.0 9.93989,45.14533,0.0 9.93989,45.14533,0.0 9.93989,45.14533,0.0 9.93989,45.14533,0.0 9.93989,45.14533,0.0 9.93989,45.14533,0.0 9.93989,45.14533,0.0 9.93989,45.14533,0.0 9.93989,45.14533,0.0 9.93989,45.14533,0.0 9.93989,45.14533,0.0 9.93989,45.14533,0.0 9.93989,45.14533,0.0 9.93989,45.14533,0.0 9.93989,45.14533,0.0 9.93989,45.14533,0.0 9.93989,45.14533,0.0 9.93989,45.14533,0.0 9.93989,45.14533,0.0</coordinates>
                    </LineString>
                </Placemark>
                <Placemark id="653">
                    <name>Rota 20:31</name>
                    <styleUrl>#2</styleUrl>
                    <LineString id="652">
                        <altitudeMode>clampToGround</altitudeMode>
                        <coordinates>9.93989,45.14533,0.0 9.93989,45.14533,0.0 9.93989,45.14533,0.0 9.93989,45.14533,0.0 9.93989,45.14533,0.0 9.93989,45.14533,0.0 9.93989,45.14533,0.0 9.93989,45.14533,0.0 9.93989,45.14533,0.0 9.93989,45.14533,0.0 9.93989,45.14533,0.0 9.93989,45.14533,0.0 9.93989,45.14533,0.0 9.93989,45.14533,0.0 9.93989,45.14533,0.0 9.93989,45.14533,0.0 9.93989,45.14533,0.0 9.93989,45.14533,0.0 9.93989,45.14533,0.0 9.93989,45.14533,0.0 9.93989,45.14533,0.0 9.93989,45.14533,0.0 9.93989,45.14533,0.0 9.93989,45.14533,0.0 9.93989,45.14533,0.0 9.93989,45.14533,0.0 9.93989,45.14533,0.0 9.93989,45.14533,0.0 9.93989,45.14533,0.0 9.93989,45.14533,0.0 9.93989,45.14533,0.0 9.93989,45.14533,0.0 9.93989,45.14533,0.0 9.93989,45.14533,0.0 9.93989,45.14533,0.0 9.93989,45.14533,0.0 9.93989,45.14533,0.0 9.93989,45.14533,0.0 9.93989,45.14533,0.0 9.93989,45.14533,0.0 9.93989,45.14533,0.0 9.93989,45.14533,0.0 9.93989,45.14533,0.0 9.93989,45.14533,0.0 9.93989,45.14533,0.0 9.93989,45.14533,0.0 9.93989,45.14533,0.0 9.93989,45.14533,0.0 9.93989,45.14533,0.0 9.93989,45.14533,0.0 9.93989,45.14533,0.0 9.93989,45.14533,0.0 9.93989,45.14533,0.0 9.93989,45.14533,0.0 9.93989,45.14533,0.0 9.93989,45.14533,0.0 9.93989,45.14533,0.0 9.93989,45.14533,0.0 9.93989,45.14533,0.0 9.93989,45.14533,0.0 9.93989,45.14533,0.0</coordinates>
                    </LineString>
                </Placemark>
                <Placemark id="655">
                    <name>Rota 20:32</name>
                    <styleUrl>#2</styleUrl>
                    <LineString id="654">
                        <altitudeMode>clampToGround</altitudeMode>
                        <coordinates>9.93989,45.14533,0.0 9.93989,45.14533,0.0 9.93989,45.14533,0.0 9.93989,45.14533,0.0 9.93989,45.14533,0.0 9.93989,45.14533,0.0 9.93989,45.14533,0.0 9.93989,45.14533,0.0 9.93989,45.14533,0.0 9.93989,45.14533,0.0 9.93989,45.14533,0.0 9.93989,45.14533,0.0 9.93989,45.14533,0.0 9.93989,45.14533,0.0 9.93989,45.14533,0.0 9.93989,45.14533,0.0 9.93989,45.14533,0.0 9.93989,45.14533,0.0 9.93989,45.14533,0.0 9.93989,45.14533,0.0 9.93989,45.14533,0.0 9.93989,45.14533,0.0 9.93989,45.14533,0.0 9.93989,45.14533,0.0 9.93989,45.14533,0.0 9.93989,45.14533,0.0 9.93989,45.14533,0.0 9.93989,45.14533,0.0 9.93989,45.14533,0.0 9.93989,45.14533,0.0 9.93989,45.14533,0.0 9.93989,45.14533,0.0 9.93989,45.14533,0.0 9.93989,45.14533,0.0 9.93989,45.14533,0.0 9.93989,45.14533,0.0 9.93989,45.14533,0.0 9.93989,45.14533,0.0 9.93989,45.14533,0.0 9.93989,45.1453,0.0 9.93989,45.1453,0.0 9.93989,45.1453,0.0 9.93989,45.1453,0.0 9.93989,45.1453,0.0 9.93989,45.1453,0.0 9.93989,45.1453,0.0 9.93989,45.1453,0.0 9.93989,45.1453,0.0 9.93989,45.1453,0.0 9.93989,45.1453,0.0 9.93989,45.1453,0.0 9.93989,45.1453,0.0 9.93989,45.1453,0.0 9.93989,45.1453,0.0 9.93989,45.1453,0.0 9.9399,45.1453,0.0 9.9399,45.1453,0.0 9.9399,45.1453,0.0 9.9399,45.1453,0.0 9.9399,45.1453,0.0 9.9399,45.1453,0.0</coordinates>
                    </LineString>
                </Placemark>
                <Placemark id="657">
                    <name>Rota 20:33</name>
                    <styleUrl>#2</styleUrl>
                    <LineString id="656">
                        <altitudeMode>clampToGround</altitudeMode>
                        <coordinates>9.9399,45.1453,0.0 9.9399,45.1453,0.0 9.9399,45.1453,0.0 9.9399,45.1453,0.0 9.9399,45.1453,0.0 9.9399,45.1453,0.0 9.9399,45.1453,0.0 9.9399,45.1453,0.0 9.9399,45.1453,0.0 9.9399,45.1453,0.0 9.9399,45.1453,0.0 9.9399,45.1453,0.0 9.9399,45.1453,0.0 9.9399,45.1453,0.0 9.9399,45.1453,0.0 9.9399,45.1453,0.0 9.9399,45.1453,0.0 9.9399,45.1453,0.0 9.9399,45.1453,0.0 9.9399,45.1453,0.0 9.9399,45.1453,0.0 9.9399,45.1453,0.0 9.9399,45.1453,0.0 9.9399,45.1453,0.0 9.9399,45.1453,0.0 9.9399,45.1453,0.0 9.9399,45.1453,0.0 9.9399,45.1453,0.0 9.9399,45.1453,0.0 9.9399,45.1453,0.0 9.9399,45.1453,0.0 9.9399,45.1453,0.0 9.9399,45.1453,0.0 9.9399,45.1453,0.0 9.9399,45.1453,0.0 9.9399,45.1453,0.0 9.9399,45.1453,0.0 9.9399,45.1453,0.0 9.9399,45.1453,0.0 9.9399,45.1453,0.0 9.9399,45.1453,0.0 9.9399,45.1453,0.0 9.9399,45.1453,0.0 9.9399,45.1453,0.0 9.9399,45.1453,0.0 9.9399,45.1453,0.0 9.9399,45.1453,0.0 9.9399,45.1453,0.0 9.9399,45.1453,0.0 9.9399,45.1453,0.0 9.9399,45.1453,0.0 9.9399,45.1453,0.0 9.9399,45.1453,0.0 9.9399,45.1453,0.0 9.9399,45.1453,0.0 9.9399,45.1453,0.0 9.9399,45.1453,0.0 9.9399,45.1453,0.0 9.9399,45.1453,0.0 9.9399,45.1453,0.0 9.9399,45.1453,0.0</coordinates>
                    </LineString>
                </Placemark>
                <Placemark id="659">
                    <name>Rota 20:34</name>
                    <styleUrl>#2</styleUrl>
                    <LineString id="658">
                        <altitudeMode>clampToGround</altitudeMode>
                        <coordinates>9.9399,45.1453,0.0 9.9399,45.1453,0.0 9.9399,45.1453,0.0 9.9399,45.1453,0.0 9.9399,45.1453,0.0 9.9399,45.1453,0.0 9.9399,45.1453,0.0 9.9399,45.1453,0.0 9.9399,45.1453,0.0 9.9399,45.1453,0.0 9.9399,45.1453,0.0 9.9399,45.1453,0.0 9.9399,45.1453,0.0 9.9399,45.1453,0.0 9.9399,45.1453,0.0 9.9399,45.1453,0.0 9.9399,45.1453,0.0 9.9399,45.1453,0.0 9.9399,45.1453,0.0 9.9399,45.1453,0.0 9.9399,45.1453,0.0 9.9399,45.1453,0.0 9.9399,45.1453,0.0 9.93988,45.1453,0.0 9.93989,45.1453,0.0 9.93989,45.1453,0.0 9.93989,45.1453,0.0 9.93989,45.1453,0.0 9.93989,45.1453,0.0 9.93989,45.1453,0.0 9.93989,45.1453,0.0 9.93989,45.1453,0.0 9.93989,45.1453,0.0 9.93989,45.1453,0.0 9.93989,45.1453,0.0 9.93989,45.1453,0.0 9.93989,45.1453,0.0 9.93989,45.1453,0.0 9.93989,45.1453,0.0 9.93989,45.1453,0.0 9.93989,45.1453,0.0 9.93988,45.14532,0.0 9.93988,45.14531,0.0 9.93988,45.14531,0.0 9.93988,45.14531,0.0 9.93988,45.14531,0.0 9.93988,45.14531,0.0 9.93988,45.14531,0.0 9.93988,45.14531,0.0 9.93988,45.14531,0.0 9.93988,45.14531,0.0 9.93988,45.14531,0.0 9.93988,45.14531,0.0 9.93988,45.14532,0.0 9.93988,45.14532,0.0 9.93988,45.14531,0.0 9.93988,45.14531,0.0 9.93988,45.14531,0.0 9.93989,45.14531,0.0 9.93989,45.14531,0.0 9.93989,45.14531,0.0</coordinates>
                    </LineString>
                </Placemark>
                <Placemark id="661">
                    <name>Rota 20:35</name>
                    <styleUrl>#2</styleUrl>
                    <LineString id="660">
                        <altitudeMode>clampToGround</altitudeMode>
                        <coordinates>9.93989,45.14531,0.0 9.93989,45.14531,0.0 9.93989,45.14531,0.0 9.93989,45.14531,0.0 9.93989,45.14531,0.0 9.93989,45.14531,0.0 9.93989,45.14531,0.0 9.93989,45.14531,0.0 9.93989,45.14531,0.0 9.93989,45.14531,0.0 9.93989,45.14531,0.0 9.93989,45.14531,0.0 9.93989,45.14531,0.0 9.93989,45.14531,0.0 9.93989,45.14531,0.0 9.93989,45.14531,0.0 9.93989,45.14531,0.0 9.93989,45.14531,0.0 9.93989,45.14531,0.0 9.93989,45.14531,0.0 9.93989,45.14531,0.0 9.93989,45.14531,0.0 9.93989,45.14531,0.0 9.93989,45.14531,0.0 9.93989,45.14531,0.0 9.93989,45.14531,0.0 9.93989,45.14531,0.0 9.93989,45.14531,0.0 9.93989,45.14531,0.0 9.93989,45.14531,0.0 9.93989,45.14531,0.0 9.93989,45.14531,0.0 9.93989,45.14531,0.0 9.93989,45.14531,0.0 9.93989,45.14531,0.0 9.93989,45.14531,0.0 9.93989,45.14531,0.0 9.93989,45.14531,0.0 9.93989,45.14531,0.0 9.93989,45.14531,0.0 9.93989,45.14531,0.0 9.93989,45.14531,0.0 9.93989,45.14531,0.0 9.93989,45.14531,0.0 9.93989,45.14531,0.0 9.93989,45.14531,0.0 9.93989,45.14531,0.0 9.93989,45.14531,0.0 9.93989,45.14531,0.0 9.93989,45.14531,0.0 9.93989,45.14531,0.0 9.93989,45.14531,0.0 9.93989,45.14531,0.0 9.93989,45.14531,0.0 9.93989,45.14531,0.0 9.93989,45.14531,0.0 9.93989,45.14531,0.0 9.93989,45.14531,0.0 9.93989,45.14531,0.0 9.93989,45.14531,0.0 9.93989,45.14531,0.0</coordinates>
                    </LineString>
                </Placemark>
                <Placemark id="663">
                    <name>Rota 20:36</name>
                    <styleUrl>#2</styleUrl>
                    <LineString id="662">
                        <altitudeMode>clampToGround</altitudeMode>
                        <coordinates>9.93989,45.14531,0.0 9.93989,45.14531,0.0 9.93989,45.14531,0.0 9.93989,45.14531,0.0 9.93989,45.14531,0.0 9.93989,45.14531,0.0 9.93989,45.14531,0.0 9.93989,45.14531,0.0 9.93989,45.14531,0.0 9.93989,45.14531,0.0 9.93989,45.14531,0.0 9.93989,45.14531,0.0 9.93989,45.14531,0.0 9.93989,45.14531,0.0 9.93989,45.14531,0.0 9.93989,45.14531,0.0 9.93989,45.14531,0.0 9.93989,45.14531,0.0 9.93989,45.14531,0.0 9.93989,45.14531,0.0 9.93989,45.14531,0.0 9.93989,45.14531,0.0 9.93989,45.14531,0.0 9.93989,45.14531,0.0 9.93989,45.14531,0.0 9.93989,45.14531,0.0 9.93989,45.14531,0.0 9.93989,45.14531,0.0 9.93989,45.14531,0.0 9.93989,45.14531,0.0 9.93989,45.14531,0.0 9.93989,45.14531,0.0 9.93989,45.14531,0.0 9.93989,45.14531,0.0 9.93989,45.14531,0.0 9.93989,45.14531,0.0 9.93989,45.14531,0.0 9.93989,45.14531,0.0 9.93989,45.14531,0.0 9.93989,45.14531,0.0 9.93989,45.14531,0.0 9.93987,45.14533,0.0 9.93986,45.14533,0.0 9.93986,45.14533,0.0 9.93986,45.14533,0.0 9.93986,45.14533,0.0 9.93986,45.14533,0.0 9.93986,45.14533,0.0 9.93986,45.14533,0.0 9.93986,45.14533,0.0 9.93986,45.14533,0.0 9.93986,45.14533,0.0 9.93986,45.14533,0.0 9.93986,45.14533,0.0 9.93988,45.14533,0.0 9.93988,45.14534,0.0 9.93987,45.14534,0.0 9.93987,45.14534,0.0 9.93987,45.14533,0.0 9.93987,45.14533,0.0 9.93988,45.14532,0.0</coordinates>
                    </LineString>
                </Placemark>
                <Placemark id="665">
                    <name>Rota 20:37</name>
                    <styleUrl>#2</styleUrl>
                    <LineString id="664">
                        <altitudeMode>clampToGround</altitudeMode>
                        <coordinates>9.93988,45.14532,0.0 9.93988,45.14531,0.0 9.93988,45.14531,0.0 9.93988,45.14531,0.0 9.93988,45.14531,0.0 9.93988,45.14531,0.0 9.93988,45.14531,0.0 9.93988,45.14531,0.0 9.93988,45.14531,0.0 9.93988,45.14531,0.0 9.93988,45.14531,0.0 9.93988,45.14531,0.0 9.93988,45.14531,0.0 9.93988,45.14531,0.0 9.93988,45.14531,0.0 9.93988,45.14531,0.0 9.93988,45.14532,0.0 9.93989,45.14532,0.0 9.93989,45.14532,0.0 9.93989,45.14532,0.0 9.93989,45.14532,0.0 9.93989,45.14532,0.0 9.93989,45.14532,0.0 9.93989,45.14532,0.0 9.93989,45.14532,0.0 9.93989,45.14532,0.0 9.93989,45.14532,0.0 9.93991,45.14533,0.0 9.9399,45.14534,0.0 9.93989,45.14534,0.0 9.93989,45.14534,0.0 9.93989,45.14534,0.0 9.93989,45.14533,0.0 9.9399,45.14532,0.0 9.9399,45.14532,0.0 9.9399,45.14531,0.0 9.9399,45.14531,0.0 9.9399,45.14531,0.0 9.9399,45.14531,0.0 9.9399,45.14531,0.0 9.9399,45.14531,0.0 9.9399,45.14531,0.0 9.93991,45.14533,0.0 9.93991,45.14533,0.0 9.9399,45.14533,0.0 9.9399,45.14533,0.0 9.9399,45.14533,0.0 9.9399,45.14533,0.0 9.9399,45.14533,0.0 9.9399,45.14533,0.0 9.9399,45.14533,0.0 9.9399,45.14533,0.0 9.9399,45.14533,0.0 9.9399,45.14533,0.0 9.9399,45.14533,0.0 9.93988,45.14532,0.0 9.93988,45.14531,0.0 9.93989,45.14531,0.0 9.93989,45.14531,0.0 9.93989,45.14531,0.0 9.93989,45.14531,0.0</coordinates>
                    </LineString>
                </Placemark>
                <Placemark id="667">
                    <name>Rota 20:38</name>
                    <styleUrl>#2</styleUrl>
                    <LineString id="666">
                        <altitudeMode>clampToGround</altitudeMode>
                        <coordinates>9.93989,45.14531,0.0 9.93989,45.14531,0.0 9.93989,45.14531,0.0 9.93989,45.14531,0.0 9.93989,45.14531,0.0 9.93989,45.14531,0.0 9.93989,45.14531,0.0 9.93989,45.14531,0.0 9.93989,45.14531,0.0 9.93989,45.14531,0.0 9.93989,45.14531,0.0 9.93989,45.14531,0.0 9.93991,45.14533,0.0 9.93991,45.14533,0.0 9.93991,45.14533,0.0 9.9399,45.14533,0.0 9.9399,45.14533,0.0 9.9399,45.14533,0.0 9.93991,45.14532,0.0 9.93991,45.14531,0.0 9.93991,45.14531,0.0 9.93991,45.14531,0.0 9.93991,45.14531,0.0 9.93991,45.14531,0.0 9.93991,45.14531,0.0 9.93991,45.14531,0.0 9.93991,45.14531,0.0 9.93991,45.14531,0.0 9.93991,45.14531,0.0 9.93991,45.14531,0.0 9.93991,45.14531,0.0 9.93991,45.14531,0.0 9.93991,45.14531,0.0 9.93991,45.14531,0.0 9.93991,45.14531,0.0 9.93991,45.14531,0.0 9.93992,45.14534,0.0 9.93992,45.14534,0.0 9.93992,45.14534,0.0 9.93992,45.14534,0.0 9.93991,45.14534,0.0 9.93991,45.14533,0.0 9.93992,45.14532,0.0 9.93992,45.14532,0.0 9.93992,45.14531,0.0 9.93992,45.14531,0.0 9.93992,45.14531,0.0 9.93992,45.14531,0.0 9.93992,45.14531,0.0 9.93992,45.14531,0.0 9.93992,45.14531,0.0 9.93992,45.14531,0.0 9.93992,45.14531,0.0 9.93992,45.14531,0.0 9.93992,45.14531,0.0 9.93992,45.14531,0.0 9.93992,45.14531,0.0 9.93992,45.14531,0.0 9.93992,45.14531,0.0 9.93992,45.14533,0.0 9.93991,45.14533,0.0</coordinates>
                    </LineString>
                </Placemark>
                <Placemark id="669">
                    <name>Rota 20:39</name>
                    <styleUrl>#2</styleUrl>
                    <LineString id="668">
                        <altitudeMode>clampToGround</altitudeMode>
                        <coordinates>9.93991,45.14533,0.0 9.93991,45.14533,0.0 9.93991,45.14533,0.0 9.93991,45.14533,0.0 9.93991,45.14533,0.0 9.93991,45.14532,0.0 9.93991,45.14531,0.0 9.93991,45.14531,0.0 9.93991,45.14531,0.0 9.93991,45.14531,0.0 9.93991,45.14531,0.0 9.93991,45.14531,0.0 9.93991,45.14531,0.0 9.93991,45.14531,0.0 9.93991,45.14531,0.0 9.93991,45.14531,0.0 9.93991,45.14531,0.0 9.93991,45.14531,0.0 9.93991,45.14531,0.0 9.93991,45.14531,0.0 9.93991,45.14531,0.0 9.93991,45.14531,0.0 9.93991,45.14531,0.0 9.93991,45.14531,0.0 9.93993,45.14533,0.0 9.93992,45.14533,0.0 9.93992,45.14533,0.0 9.93992,45.14533,0.0 9.93991,45.14533,0.0 9.93991,45.14533,0.0 9.93991,45.14533,0.0 9.93992,45.14532,0.0 9.93992,45.14531,0.0 9.93992,45.14531,0.0 9.93992,45.14531,0.0 9.93992,45.14531,0.0 9.93992,45.14531,0.0 9.93992,45.14531,0.0 9.93992,45.14531,0.0 9.93992,45.14531,0.0 9.93992,45.14531,0.0 9.93992,45.14531,0.0 9.93992,45.14531,0.0 9.93992,45.14531,0.0 9.93992,45.14531,0.0 9.93992,45.14531,0.0 9.93992,45.14531,0.0 9.93992,45.14531,0.0 9.93992,45.14531,0.0 9.93992,45.14531,0.0 9.93992,45.14531,0.0 9.93992,45.14531,0.0 9.93992,45.14531,0.0 9.93992,45.1453,0.0 9.93992,45.14529,0.0 9.93992,45.14529,0.0 9.93992,45.14529,0.0 9.93992,45.14529,0.0 9.93992,45.14529,0.0 9.93992,45.14529,0.0 9.93992,45.14529,0.0</coordinates>
                    </LineString>
                </Placemark>
            </Folder>
            <Folder id="670">
                <name>20:40 – 20:49</name>
                <Placemark id="672">
                    <name>Rota 20:40</name>
                    <styleUrl>#2</styleUrl>
                    <LineString id="671">
                        <altitudeMode>clampToGround</altitudeMode>
                        <coordinates>9.93992,45.14529,0.0 9.93992,45.14529,0.0 9.93992,45.14529,0.0 9.93992,45.14529,0.0 9.93992,45.14529,0.0 9.93994,45.14531,0.0 9.93994,45.14532,0.0 9.93994,45.14531,0.0 9.93994,45.14531,0.0 9.93993,45.1453,0.0 9.93993,45.1453,0.0 9.93993,45.1453,0.0 9.93994,45.1453,0.0 9.93994,45.1453,0.0 9.93994,45.1453,0.0 9.93994,45.1453,0.0 9.93994,45.1453,0.0 9.93997,45.14531,0.0 9.93997,45.14531,0.0 9.93997,45.14532,0.0 9.93997,45.14532,0.0 9.93997,45.14532,0.0 9.93996,45.14532,0.0 9.93995,45.14532,0.0 9.93995,45.14532,0.0 9.93995,45.14532,0.0 9.93995,45.14532,0.0 9.93995,45.14532,0.0 9.93995,45.14532,0.0 9.93995,45.14531,0.0 9.93994,45.1453,0.0 9.93994,45.1453,0.0 9.93994,45.14531,0.0 9.93994,45.14531,0.0 9.93994,45.14531,0.0 9.93994,45.14531,0.0 9.93994,45.14531,0.0 9.93994,45.14531,0.0 9.93996,45.14532,0.0 9.93996,45.14532,0.0 9.93996,45.14532,0.0 9.93996,45.14533,0.0 9.93996,45.14532,0.0 9.93996,45.14532,0.0 9.93995,45.14531,0.0 9.93995,45.14531,0.0 9.93995,45.14531,0.0 9.93995,45.14531,0.0 9.93996,45.14531,0.0 9.93996,45.14531,0.0 9.93996,45.14531,0.0 9.93996,45.14531,0.0 9.93996,45.14531,0.0 9.93999,45.14532,0.0 9.93999,45.14532,0.0 9.93999,45.14532,0.0 9.93999,45.14533,0.0 9.93999,45.14533,0.0 9.93999,45.14533,0.0 9.93999,45.14533,0.0 9.93999,45.14533,0.0</coordinates>
                    </LineString>
                </Placemark>
                <Placemark id="674">
                    <name>Rota 20:41</name>
                    <styleUrl>#2</styleUrl>
                    <LineString id="673">
                        <altitudeMode>clampToGround</altitudeMode>
                        <coordinates>9.93999,45.14533,0.0 9.93999,45.14533,0.0 9.93999,45.14533,0.0 9.93999,45.14533,0.0 9.93999,45.14533,0.0 9.93999,45.14533,0.0 9.93999,45.14533,0.0 9.93999,45.14533,0.0 9.93999,45.14533,0.0 9.93999,45.14533,0.0 9.93999,45.14533,0.0 9.93999,45.14533,0.0 9.93993,45.1453,0.0 9.93993,45.14529,0.0 9.93992,45.14529,0.0 9.93992,45.14529,0.0 9.93992,45.14529,0.0 9.93992,45.14529,0.0 9.93993,45.14529,0.0 9.93993,45.14529,0.0 9.93993,45.14529,0.0 9.93993,45.14529,0.0 9.93993,45.14529,0.0 9.93993,45.14529,0.0 9.93997,45.14529,0.0 9.93998,45.14529,0.0 9.93998,45.1453,0.0 9.93998,45.1453,0.0 9.93998,45.1453,0.0 9.93998,45.1453,0.0 9.93998,45.1453,0.0 9.93998,45.1453,0.0 9.93997,45.14533,0.0 9.93996,45.14533,0.0 9.93996,45.14533,0.0 9.93995,45.14533,0.0 9.93994,45.14533,0.0 9.93994,45.14533,0.0 9.93994,45.14533,0.0 9.93994,45.14533,0.0 9.93994,45.14533,0.0 9.93993,45.14531,0.0 9.93993,45.14531,0.0 9.93993,45.14531,0.0 9.93994,45.14531,0.0 9.93994,45.14531,0.0 9.93994,45.14531,0.0 9.93994,45.14531,0.0 9.93994,45.14531,0.0 9.93994,45.14531,0.0 9.93994,45.14531,0.0 9.93994,45.14531,0.0 9.93994,45.14531,0.0 9.93994,45.14531,0.0 9.93994,45.14531,0.0 9.93994,45.14531,0.0 9.94,45.14528,0.0 9.94,45.14529,0.0 9.94,45.14529,0.0 9.94,45.14529,0.0 9.93999,45.1453,0.0</coordinates>
                    </LineString>
                </Placemark>
                <Placemark id="676">
                    <name>Rota 20:42</name>
                    <styleUrl>#2</styleUrl>
                    <LineString id="675">
                        <altitudeMode>clampToGround</altitudeMode>
                        <coordinates>9.93999,45.1453,0.0 9.93999,45.1453,0.0 9.93999,45.1453,0.0 9.93997,45.14529,0.0 9.93997,45.14529,0.0 9.93997,45.14529,0.0 9.93997,45.14528,0.0 9.93997,45.14528,0.0 9.93997,45.14528,0.0 9.93997,45.14528,0.0 9.93997,45.14528,0.0 9.93997,45.14528,0.0 9.93997,45.14528,0.0 9.93997,45.14528,0.0 9.93997,45.14528,0.0 9.93997,45.14528,0.0 9.93997,45.14528,0.0 9.93997,45.14528,0.0 9.93997,45.14528,0.0 9.93997,45.14528,0.0 9.93997,45.14528,0.0 9.93997,45.14528,0.0 9.93999,45.14528,0.0 9.93999,45.14528,0.0 9.93999,45.14528,0.0 9.93999,45.14528,0.0 9.93999,45.14528,0.0 9.93999,45.14528,0.0 9.93999,45.14528,0.0 9.93999,45.14528,0.0 9.93999,45.14528,0.0 9.93999,45.14528,0.0 9.93999,45.14528,0.0 9.94001,45.14529,0.0 9.94001,45.14529,0.0 9.94001,45.1453,0.0 9.94001,45.1453,0.0 9.94,45.1453,0.0 9.94,45.1453,0.0 9.94,45.1453,0.0 9.94,45.1453,0.0 9.94,45.1453,0.0 9.94,45.1453,0.0 9.94,45.1453,0.0 9.94,45.1453,0.0 9.94,45.1453,0.0 9.94,45.1453,0.0 9.93994,45.1453,0.0 9.93994,45.14529,0.0 9.93994,45.14529,0.0 9.93993,45.14529,0.0 9.93993,45.14529,0.0 9.93994,45.14529,0.0 9.93994,45.14529,0.0 9.93994,45.14529,0.0 9.93994,45.14529,0.0 9.93994,45.14529,0.0 9.93994,45.14529,0.0 9.93994,45.14529,0.0 9.93994,45.14529,0.0 9.93994,45.14529,0.0</coordinates>
                    </LineString>
                </Placemark>
                <Placemark id="678">
                    <name>Rota 20:43</name>
                    <styleUrl>#2</styleUrl>
                    <LineString id="677">
                        <altitudeMode>clampToGround</altitudeMode>
                        <coordinates>9.93994,45.14529,0.0 9.93994,45.14529,0.0 9.93994,45.14529,0.0 9.93994,45.14529,0.0 9.93998,45.14529,0.0 9.93998,45.1453,0.0 9.93998,45.1453,0.0 9.93998,45.14531,0.0 9.93997,45.14531,0.0 9.93997,45.1453,0.0 9.93996,45.14529,0.0 9.93996,45.14529,0.0 9.93996,45.14529,0.0 9.93995,45.14529,0.0 9.93996,45.14529,0.0 9.93996,45.14529,0.0 9.93996,45.14529,0.0 9.93996,45.14529,0.0 9.93996,45.14529,0.0 9.93996,45.14529,0.0 9.93996,45.14529,0.0 9.93996,45.14529,0.0 9.93996,45.14529,0.0 9.94,45.1453,0.0 9.94,45.1453,0.0 9.94,45.1453,0.0 9.93999,45.1453,0.0 9.93998,45.14531,0.0 9.93998,45.14531,0.0 9.93998,45.14531,0.0 9.93998,45.14531,0.0 9.93998,45.14531,0.0 9.93998,45.14531,0.0 9.93998,45.14531,0.0 9.93998,45.14531,0.0 9.93998,45.14531,0.0 9.93998,45.14531,0.0 9.93998,45.14531,0.0 9.93998,45.14531,0.0 9.93998,45.14531,0.0 9.93998,45.14531,0.0 9.93998,45.14531,0.0 9.93998,45.14531,0.0 9.93998,45.14531,0.0 9.93998,45.14531,0.0 9.93998,45.14531,0.0 9.93998,45.14531,0.0 9.93998,45.14531,0.0 9.93998,45.14531,0.0 9.93998,45.14531,0.0 9.93998,45.14531,0.0 9.93998,45.14531,0.0 9.93998,45.14531,0.0 9.93998,45.14531,0.0 9.93998,45.14531,0.0 9.93998,45.14531,0.0 9.93998,45.14531,0.0 9.93998,45.14531,0.0 9.93998,45.14531,0.0 9.93989,45.1453,0.0 9.9399,45.14528,0.0</coordinates>
                    </LineString>
                </Placemark>
                <Placemark id="680">
                    <name>Rota 20:44</name>
                    <styleUrl>#2</styleUrl>
                    <LineString id="679">
                        <altitudeMode>clampToGround</altitudeMode>
                        <coordinates>9.9399,45.14528,0.0 9.9399,45.14528,0.0 9.93989,45.14528,0.0 9.93989,45.14528,0.0 9.93989,45.14528,0.0 9.9399,45.14528,0.0 9.93991,45.14528,0.0 9.93991,45.14528,0.0 9.93991,45.14528,0.0 9.93991,45.14528,0.0 9.93991,45.14528,0.0 9.93991,45.14528,0.0 9.93991,45.14528,0.0 9.93991,45.14528,0.0 9.93991,45.14528,0.0 9.93991,45.14528,0.0 9.93997,45.14528,0.0 9.93997,45.14528,0.0 9.93997,45.14528,0.0 9.93997,45.14529,0.0 9.93997,45.14529,0.0 9.93997,45.14529,0.0 9.93997,45.14529,0.0 9.93997,45.14529,0.0 9.93997,45.14529,0.0 9.93997,45.14529,0.0 9.93997,45.14529,0.0 9.93997,45.14529,0.0 9.93997,45.14529,0.0 9.93997,45.14529,0.0 9.93997,45.14529,0.0 9.93993,45.14529,0.0 9.93993,45.14529,0.0 9.93992,45.14529,0.0 9.93992,45.14529,0.0 9.93992,45.14529,0.0 9.93993,45.14529,0.0 9.93994,45.14528,0.0 9.93994,45.14528,0.0 9.93994,45.14528,0.0 9.93994,45.14528,0.0 9.93994,45.14528,0.0 9.93994,45.14528,0.0 9.93994,45.14528,0.0 9.93994,45.14528,0.0 9.93994,45.14528,0.0 9.93994,45.14528,0.0 9.93994,45.14528,0.0 9.93994,45.14528,0.0 9.93999,45.14529,0.0 9.93999,45.14529,0.0 9.93998,45.1453,0.0 9.93998,45.1453,0.0 9.93998,45.14529,0.0 9.93998,45.14528,0.0 9.93998,45.14528,0.0 9.93998,45.14528,0.0 9.93998,45.14528,0.0 9.93998,45.14528,0.0 9.93998,45.14528,0.0 9.93998,45.14528,0.0</coordinates>
                    </LineString>
                </Placemark>
                <Placemark id="682">
                    <name>Rota 20:45</name>
                    <styleUrl>#2</styleUrl>
                    <LineString id="681">
                        <altitudeMode>clampToGround</altitudeMode>
                        <coordinates>9.93998,45.14528,0.0 9.93998,45.14528,0.0 9.93998,45.14528,0.0 9.93998,45.14528,0.0 9.93998,45.14528,0.0 9.93998,45.14528,0.0 9.93998,45.14528,0.0 9.93998,45.14528,0.0 9.93998,45.14528,0.0 9.94,45.14529,0.0 9.93999,45.14529,0.0 9.93998,45.1453,0.0 9.93998,45.1453,0.0 9.93998,45.1453,0.0 9.93997,45.1453,0.0 9.93997,45.1453,0.0 9.93997,45.1453,0.0 9.93997,45.1453,0.0 9.93997,45.1453,0.0 9.93997,45.1453,0.0 9.93997,45.1453,0.0 9.93997,45.1453,0.0 9.93997,45.1453,0.0 9.93997,45.1453,0.0 9.93992,45.14528,0.0 9.93992,45.14528,0.0 9.93992,45.14527,0.0 9.93992,45.14526,0.0 9.93992,45.14527,0.0 9.93992,45.14527,0.0 9.93992,45.14527,0.0 9.93992,45.14527,0.0 9.93992,45.14527,0.0 9.93992,45.14527,0.0 9.93992,45.14527,0.0 9.93992,45.14527,0.0 9.93992,45.14527,0.0 9.93992,45.14527,0.0 9.93992,45.14527,0.0 9.93992,45.14527,0.0 9.93992,45.14527,0.0 9.93992,45.14527,0.0 9.93992,45.14527,0.0 9.93992,45.14527,0.0 9.93992,45.14527,0.0 9.93992,45.14527,0.0 9.93992,45.14527,0.0 9.93992,45.14527,0.0 9.93992,45.14527,0.0 9.93992,45.14527,0.0 9.93992,45.14527,0.0 9.93992,45.14527,0.0 9.93992,45.14527,0.0 9.93992,45.14527,0.0 9.93992,45.14527,0.0 9.93992,45.14527,0.0 9.93992,45.14527,0.0 9.93992,45.14527,0.0 9.93992,45.14527,0.0 9.93992,45.14527,0.0 9.93992,45.14527,0.0</coordinates>
                    </LineString>
                </Placemark>
                <Placemark id="684">
                    <name>Rota 20:46</name>
                    <styleUrl>#2</styleUrl>
                    <LineString id="683">
                        <altitudeMode>clampToGround</altitudeMode>
                        <coordinates>9.93992,45.14527,0.0 9.93992,45.14527,0.0 9.93992,45.14527,0.0 9.94002,45.14525,0.0 9.94002,45.14526,0.0 9.94002,45.14526,0.0 9.94001,45.14527,0.0 9.94001,45.14527,0.0 9.94001,45.14527,0.0 9.93999,45.14527,0.0 9.93999,45.14527,0.0 9.93999,45.14527,0.0 9.93999,45.14526,0.0 9.93999,45.14526,0.0 9.93998,45.14526,0.0 9.93998,45.14527,0.0 9.93998,45.14527,0.0 9.93998,45.14527,0.0 9.93998,45.14527,0.0 9.93998,45.14527,0.0 9.93998,45.14527,0.0 9.93998,45.14527,0.0 9.93998,45.14527,0.0 9.93998,45.14527,0.0 9.93998,45.14527,0.0 9.93998,45.14527,0.0 9.93998,45.14527,0.0 9.93998,45.14527,0.0 9.93998,45.14527,0.0 9.93998,45.14527,0.0 9.93998,45.14527,0.0 9.94001,45.14528,0.0 9.94,45.1453,0.0 9.94,45.1453,0.0 9.93999,45.14531,0.0 9.93998,45.1453,0.0 9.93998,45.1453,0.0 9.93998,45.1453,0.0 9.93998,45.1453,0.0 9.93997,45.14529,0.0 9.93997,45.14528,0.0 9.93997,45.14528,0.0 9.93997,45.14528,0.0 9.93997,45.14528,0.0 9.93997,45.14528,0.0 9.93997,45.14527,0.0 9.93997,45.14527,0.0 9.93997,45.14527,0.0 9.93997,45.14527,0.0 9.93997,45.14527,0.0 9.93997,45.14527,0.0 9.93997,45.14527,0.0 9.93997,45.14527,0.0 9.93997,45.14527,0.0 9.93997,45.14527,0.0 9.93997,45.14527,0.0 9.94001,45.14529,0.0 9.94,45.14529,0.0 9.93999,45.1453,0.0 9.93998,45.1453,0.0 9.93998,45.1453,0.0</coordinates>
                    </LineString>
                </Placemark>
                <Placemark id="686">
                    <name>Rota 20:47</name>
                    <styleUrl>#2</styleUrl>
                    <LineString id="685">
                        <altitudeMode>clampToGround</altitudeMode>
                        <coordinates>9.93998,45.1453,0.0 9.93998,45.1453,0.0 9.93998,45.1453,0.0 9.93997,45.14528,0.0 9.93997,45.14528,0.0 9.93997,45.14528,0.0 9.93997,45.14528,0.0 9.93997,45.14528,0.0 9.93997,45.14528,0.0 9.93997,45.14528,0.0 9.93997,45.14528,0.0 9.93997,45.14528,0.0 9.93997,45.14528,0.0 9.93997,45.14528,0.0 9.93997,45.14528,0.0 9.93997,45.14528,0.0 9.93997,45.14528,0.0 9.93997,45.14528,0.0 9.93997,45.14528,0.0 9.93997,45.14528,0.0 9.93997,45.14528,0.0 9.93997,45.14528,0.0 9.93997,45.14528,0.0 9.93997,45.14528,0.0 9.93997,45.14528,0.0 9.93997,45.14528,0.0 9.94002,45.14528,0.0 9.94001,45.14528,0.0 9.94001,45.14528,0.0 9.94,45.14529,0.0 9.94,45.14529,0.0 9.94,45.14529,0.0 9.93999,45.14528,0.0 9.93998,45.14528,0.0 9.93998,45.14528,0.0 9.93998,45.14528,0.0 9.93998,45.14528,0.0 9.93998,45.14528,0.0 9.93998,45.14528,0.0 9.93998,45.14528,0.0 9.93998,45.14528,0.0 9.93998,45.14528,0.0 9.93998,45.14528,0.0 9.93998,45.14528,0.0 9.93998,45.14528,0.0 9.93998,45.14528,0.0 9.94002,45.14529,0.0 9.94002,45.1453,0.0 9.94001,45.1453,0.0 9.94001,45.1453,0.0 9.94001,45.14531,0.0 9.94,45.14531,0.0 9.94,45.1453,0.0 9.93999,45.1453,0.0 9.93998,45.14529,0.0 9.93998,45.14529,0.0 9.93998,45.14529,0.0 9.93997,45.14529,0.0 9.93998,45.14529,0.0 9.93998,45.14529,0.0 9.93998,45.14529,0.0</coordinates>
                    </LineString>
                </Placemark>
                <Placemark id="688">
                    <name>Rota 20:48</name>
                    <styleUrl>#2</styleUrl>
                    <LineString id="687">
                        <altitudeMode>clampToGround</altitudeMode>
                        <coordinates>9.93998,45.14529,0.0 9.93998,45.14529,0.0 9.93998,45.14529,0.0 9.93998,45.14529,0.0 9.93998,45.14529,0.0 9.93998,45.14529,0.0 9.93998,45.14529,0.0 9.93998,45.14529,0.0 9.93998,45.14529,0.0 9.93998,45.14529,0.0 9.93998,45.14529,0.0 9.93998,45.14529,0.0 9.93998,45.14529,0.0 9.93998,45.14529,0.0 9.93998,45.14529,0.0 9.93998,45.14529,0.0 9.94002,45.14528,0.0 9.94001,45.14529,0.0 9.94001,45.1453,0.0 9.94,45.1453,0.0 9.94,45.1453,0.0 9.94,45.1453,0.0 9.94,45.1453,0.0 9.94,45.1453,0.0 9.94,45.1453,0.0 9.94,45.1453,0.0 9.94,45.1453,0.0 9.94,45.1453,0.0 9.94,45.1453,0.0 9.94,45.1453,0.0 9.94,45.1453,0.0 9.94,45.1453,0.0 9.94,45.1453,0.0 9.94,45.1453,0.0 9.94,45.1453,0.0 9.94,45.1453,0.0 9.94,45.1453,0.0 9.94,45.1453,0.0 9.94,45.1453,0.0 9.94,45.1453,0.0 9.94,45.1453,0.0 9.94,45.1453,0.0 9.93989,45.14528,0.0 9.93989,45.14528,0.0 9.93989,45.14528,0.0 9.93989,45.14528,0.0 9.9399,45.14527,0.0 9.93991,45.14528,0.0 9.93991,45.14528,0.0 9.93991,45.14528,0.0 9.93991,45.14528,0.0 9.93991,45.14528,0.0 9.93991,45.14528,0.0 9.93991,45.14528,0.0 9.93991,45.14528,0.0 9.93991,45.14528,0.0 9.93998,45.14529,0.0 9.93998,45.14529,0.0 9.93998,45.1453,0.0 9.93996,45.14531,0.0 9.93996,45.14531,0.0</coordinates>
                    </LineString>
                </Placemark>
                <Placemark id="690">
                    <name>Rota 20:49</name>
                    <styleUrl>#2</styleUrl>
                    <LineString id="689">
                        <altitudeMode>clampToGround</altitudeMode>
                        <coordinates>9.93996,45.14531,0.0 9.93995,45.1453,0.0 9.93995,45.1453,0.0 9.93995,45.1453,0.0 9.93995,45.1453,0.0 9.93995,45.1453,0.0 9.93994,45.14528,0.0 9.93994,45.14528,0.0 9.93994,45.14528,0.0 9.93994,45.14529,0.0 9.93994,45.14529,0.0 9.93994,45.14529,0.0 9.93994,45.14529,0.0 9.93994,45.14529,0.0 9.93994,45.14529,0.0 9.93994,45.14529,0.0 9.93994,45.14529,0.0 9.93994,45.14529,0.0 9.93994,45.14529,0.0 9.93994,45.14529,0.0 9.93994,45.14529,0.0 9.93994,45.14529,0.0 9.93994,45.14529,0.0 9.93994,45.14529,0.0 9.93994,45.14529,0.0 9.93994,45.14529,0.0 9.93994,45.14529,0.0 9.93994,45.14529,0.0 9.93994,45.14529,0.0 9.93994,45.14529,0.0 9.93994,45.14529,0.0 9.93994,45.14529,0.0 9.93994,45.14529,0.0 9.93994,45.14529,0.0 9.93994,45.14529,0.0 9.93994,45.14529,0.0 9.93994,45.14529,0.0 9.93994,45.14529,0.0 9.93994,45.14529,0.0 9.93994,45.14529,0.0 9.93994,45.14529,0.0 9.93994,45.14529,0.0 9.93994,45.14529,0.0 9.93994,45.14529,0.0 9.93994,45.14529,0.0 9.93994,45.14529,0.0 9.93994,45.14529,0.0 9.93994,45.14529,0.0 9.93994,45.14529,0.0 9.93994,45.14529,0.0 9.93994,45.14529,0.0 9.94005,45.14523,0.0 9.94005,45.14523,0.0 9.94005,45.14524,0.0 9.94005,45.14524,0.0 9.94005,45.14524,0.0 9.94005,45.14524,0.0 9.94005,45.14524,0.0 9.94005,45.14524,0.0 9.94005,45.14524,0.0 9.94005,45.14524,0.0</coordinates>
                    </LineString>
                </Placemark>
            </Folder>
            <Folder id="691">
                <name>20:50 – 20:59</name>
                <Placemark id="693">
                    <name>Rota 20:50</name>
                    <styleUrl>#2</styleUrl>
                    <LineString id="692">
                        <altitudeMode>clampToGround</altitudeMode>
                        <coordinates>9.94005,45.14524,0.0 9.94005,45.14524,0.0 9.94005,45.14524,0.0 9.94005,45.14524,0.0 9.94005,45.14524,0.0 9.94005,45.14524,0.0 9.94005,45.14524,0.0 9.94005,45.14524,0.0 9.94005,45.14524,0.0 9.94005,45.14524,0.0 9.94005,45.14524,0.0 9.94005,45.14524,0.0 9.94005,45.14524,0.0 9.94005,45.14524,0.0 9.94005,45.14524,0.0 9.94005,45.14524,0.0 9.94005,45.14524,0.0 9.94005,45.14524,0.0 9.94005,45.14524,0.0 9.94005,45.14524,0.0 9.94006,45.14528,0.0 9.94005,45.14529,0.0 9.94004,45.14529,0.0 9.94003,45.14528,0.0 9.94003,45.14528,0.0 9.94003,45.14528,0.0 9.94003,45.14528,0.0 9.94001,45.14527,0.0 9.94,45.14527,0.0 9.93999,45.14527,0.0 9.93999,45.14527,0.0 9.93999,45.14527,0.0 9.93999,45.14527,0.0 9.93999,45.14527,0.0 9.93999,45.14527,0.0 9.93999,45.14527,0.0 9.93999,45.14527,0.0 9.93999,45.14527,0.0 9.94001,45.14529,0.0 9.94,45.1453,0.0 9.94,45.14531,0.0 9.93999,45.14531,0.0 9.93999,45.14531,0.0 9.93998,45.14531,0.0 9.93997,45.14531,0.0 9.93997,45.1453,0.0 9.93997,45.14529,0.0 9.93997,45.14529,0.0 9.93996,45.14529,0.0 9.93996,45.14529,0.0 9.93996,45.14529,0.0 9.93996,45.14529,0.0 9.93996,45.14529,0.0 9.93996,45.14529,0.0 9.93996,45.14529,0.0 9.93998,45.1453,0.0 9.93997,45.14531,0.0 9.93997,45.14531,0.0 9.93996,45.14531,0.0 9.93996,45.14531,0.0 9.93996,45.14531,0.0</coordinates>
                    </LineString>
                </Placemark>
                <Placemark id="695">
                    <name>Rota 20:51</name>
                    <styleUrl>#2</styleUrl>
                    <LineString id="694">
                        <altitudeMode>clampToGround</altitudeMode>
                        <coordinates>9.93996,45.14531,0.0 9.93995,45.1453,0.0 9.93995,45.1453,0.0 9.93994,45.14529,0.0 9.93994,45.14529,0.0 9.93994,45.14528,0.0 9.93994,45.14528,0.0 9.93995,45.14528,0.0 9.93995,45.14528,0.0 9.93995,45.14528,0.0 9.93995,45.14528,0.0 9.93995,45.14528,0.0 9.93995,45.14528,0.0 9.93995,45.14528,0.0 9.93995,45.14528,0.0 9.93995,45.14528,0.0 9.93995,45.14528,0.0 9.93995,45.14528,0.0 9.93995,45.14528,0.0 9.93995,45.14528,0.0 9.93995,45.14528,0.0 9.93995,45.14528,0.0 9.93995,45.14528,0.0 9.93995,45.14528,0.0 9.93995,45.14528,0.0 9.94001,45.14526,0.0 9.94,45.14527,0.0 9.94,45.14527,0.0 9.93999,45.14528,0.0 9.93999,45.14528,0.0 9.93999,45.14528,0.0 9.93999,45.14528,0.0 9.93999,45.14528,0.0 9.93997,45.14527,0.0 9.93996,45.14526,0.0 9.93995,45.14526,0.0 9.93995,45.14526,0.0 9.93995,45.14526,0.0 9.93995,45.14527,0.0 9.93996,45.14527,0.0 9.93996,45.14527,0.0 9.93996,45.14527,0.0 9.93996,45.14527,0.0 9.93996,45.14527,0.0 9.93996,45.14527,0.0 9.93996,45.14527,0.0 9.93996,45.14527,0.0 9.93996,45.14527,0.0 9.93996,45.14527,0.0 9.93996,45.14527,0.0 9.93996,45.14527,0.0 9.93996,45.14527,0.0 9.93996,45.14527,0.0 9.93996,45.14527,0.0 9.93996,45.14527,0.0 9.93996,45.14527,0.0 9.93996,45.14527,0.0 9.93996,45.14527,0.0 9.93996,45.14527,0.0 9.93996,45.14527,0.0 9.93996,45.14527,0.0</coordinates>
                    </LineString>
                </Placemark>
                <Placemark id="697">
                    <name>Rota 20:52</name>
                    <styleUrl>#2</styleUrl>
                    <LineString id="696">
                        <altitudeMode>clampToGround</altitudeMode>
                        <coordinates>9.93996,45.14527,0.0 9.93996,45.14527,0.0 9.93996,45.14527,0.0 9.93996,45.14527,0.0 9.93996,45.14527,0.0 9.93996,45.14527,0.0 9.93996,45.14527,0.0 9.93996,45.14527,0.0 9.93996,45.14527,0.0 9.93996,45.14527,0.0 9.94006,45.14526,0.0 9.94004,45.14527,0.0 9.94004,45.14527,0.0 9.94003,45.14527,0.0 9.94003,45.14527,0.0 9.94003,45.14527,0.0 9.94003,45.14527,0.0 9.94003,45.14527,0.0 9.94003,45.14527,0.0 9.93999,45.14527,0.0 9.93999,45.14527,0.0 9.93998,45.14527,0.0 9.93998,45.14527,0.0 9.93999,45.14527,0.0 9.93999,45.14527,0.0 9.93999,45.14527,0.0 9.93999,45.14527,0.0 9.93999,45.14527,0.0 9.93999,45.14527,0.0 9.93999,45.14527,0.0 9.94001,45.14528,0.0 9.94001,45.14529,0.0 9.94,45.14529,0.0 9.94,45.14529,0.0 9.94,45.1453,0.0 9.93999,45.1453,0.0 9.93999,45.1453,0.0 9.93999,45.1453,0.0 9.93999,45.1453,0.0 9.93999,45.1453,0.0 9.93999,45.1453,0.0 9.93999,45.1453,0.0 9.93999,45.1453,0.0 9.93999,45.1453,0.0 9.93999,45.1453,0.0 9.93999,45.1453,0.0 9.93994,45.14528,0.0 9.93994,45.14528,0.0 9.93993,45.14528,0.0 9.93993,45.14528,0.0 9.93994,45.14528,0.0 9.93994,45.14528,0.0 9.93995,45.14528,0.0 9.93995,45.14528,0.0 9.93995,45.14528,0.0 9.93995,45.14528,0.0 9.93995,45.14528,0.0 9.93997,45.14531,0.0 9.93997,45.14532,0.0 9.93996,45.14532,0.0 9.93996,45.14532,0.0</coordinates>
                    </LineString>
                </Placemark>
                <Placemark id="699">
                    <name>Rota 20:53</name>
                    <styleUrl>#2</styleUrl>
                    <LineString id="698">
                        <altitudeMode>clampToGround</altitudeMode>
                        <coordinates>9.93996,45.14532,0.0 9.93996,45.14532,0.0 9.93996,45.14532,0.0 9.93996,45.14532,0.0 9.93996,45.14532,0.0 9.93996,45.14532,0.0 9.93996,45.14532,0.0 9.93996,45.14532,0.0 9.93996,45.14532,0.0 9.93996,45.14532,0.0 9.93996,45.14532,0.0 9.93996,45.14532,0.0 9.93996,45.14532,0.0 9.93996,45.14532,0.0 9.93996,45.14532,0.0 9.93996,45.14532,0.0 9.93987,45.14531,0.0 9.93987,45.1453,0.0 9.93987,45.1453,0.0 9.93987,45.1453,0.0 9.93987,45.1453,0.0 9.93987,45.1453,0.0 9.93987,45.1453,0.0 9.93987,45.1453,0.0 9.93987,45.1453,0.0 9.93987,45.1453,0.0 9.93987,45.1453,0.0 9.93987,45.1453,0.0 9.93987,45.1453,0.0 9.93987,45.1453,0.0 9.93987,45.1453,0.0 9.93987,45.1453,0.0 9.93987,45.1453,0.0 9.93987,45.1453,0.0 9.93987,45.1453,0.0 9.93987,45.1453,0.0 9.93987,45.1453,0.0 9.93987,45.1453,0.0 9.93987,45.1453,0.0 9.93987,45.1453,0.0 9.93987,45.1453,0.0 9.93987,45.1453,0.0 9.93987,45.1453,0.0 9.93987,45.1453,0.0 9.93999,45.14527,0.0 9.93999,45.14527,0.0 9.93999,45.14527,0.0 9.93999,45.14527,0.0 9.93999,45.14527,0.0 9.93999,45.14527,0.0 9.93999,45.14527,0.0 9.93999,45.14527,0.0 9.93999,45.14527,0.0 9.93999,45.14527,0.0 9.93999,45.14527,0.0 9.93999,45.14527,0.0 9.93999,45.14527,0.0 9.93999,45.14527,0.0 9.93999,45.14527,0.0 9.93999,45.14527,0.0 9.93999,45.14527,0.0</coordinates>
                    </LineString>
                </Placemark>
                <Placemark id="701">
                    <name>Rota 20:54</name>
                    <styleUrl>#2</styleUrl>
                    <LineString id="700">
                        <altitudeMode>clampToGround</altitudeMode>
                        <coordinates>9.93999,45.14527,0.0 9.93999,45.14527,0.0 9.94,45.14524,0.0 9.93999,45.14524,0.0 9.93999,45.14523,0.0 9.93999,45.14523,0.0 9.93999,45.14523,0.0 9.93999,45.14523,0.0 9.93999,45.14523,0.0 9.93999,45.14523,0.0 9.93999,45.14523,0.0 9.93999,45.14523,0.0 9.93999,45.14523,0.0 9.93999,45.14523,0.0 9.93999,45.14523,0.0 9.93999,45.14523,0.0 9.93999,45.14523,0.0 9.93999,45.14523,0.0 9.93999,45.14523,0.0 9.93999,45.14523,0.0 9.93999,45.14523,0.0 9.93999,45.14525,0.0 9.93999,45.14525,0.0 9.93999,45.14525,0.0 9.93998,45.14525,0.0 9.93998,45.14525,0.0 9.93998,45.14525,0.0 9.93998,45.14525,0.0 9.93998,45.14525,0.0 9.93998,45.14525,0.0 9.93998,45.14525,0.0 9.93998,45.14525,0.0 9.93998,45.14525,0.0 9.93998,45.14525,0.0 9.93998,45.14525,0.0 9.93998,45.14525,0.0 9.93998,45.14525,0.0 9.93998,45.14525,0.0 9.93998,45.14525,0.0 9.93998,45.14525,0.0 9.93998,45.14525,0.0 9.93998,45.14525,0.0 9.93998,45.14525,0.0 9.93998,45.14525,0.0 9.93998,45.14525,0.0 9.93998,45.14525,0.0 9.93998,45.14525,0.0 9.93998,45.14525,0.0 9.93998,45.14525,0.0 9.93998,45.14525,0.0 9.93998,45.14525,0.0 9.93998,45.14525,0.0 9.93998,45.14525,0.0 9.93998,45.14525,0.0 9.93998,45.14525,0.0 9.93998,45.14525,0.0 9.93998,45.14525,0.0 9.93998,45.14525,0.0 9.93998,45.14525,0.0 9.93998,45.14525,0.0 9.93998,45.14525,0.0</coordinates>
                    </LineString>
                </Placemark>
                <Placemark id="703">
                    <name>Rota 20:55</name>
                    <styleUrl>#2</styleUrl>
                    <LineString id="702">
                        <altitudeMode>clampToGround</altitudeMode>
                        <coordinates>9.93998,45.14525,0.0 9.93998,45.14525,0.0 9.93998,45.14525,0.0 9.93998,45.14525,0.0 9.93998,45.14525,0.0 9.93998,45.14525,0.0 9.93998,45.14525,0.0 9.93998,45.14525,0.0 9.93989,45.14531,0.0 9.93988,45.14531,0.0 9.93988,45.14531,0.0 9.93988,45.14531,0.0 9.93988,45.14531,0.0 9.93989,45.1453,0.0 9.93989,45.1453,0.0 9.93989,45.1453,0.0 9.93989,45.1453,0.0 9.93989,45.1453,0.0 9.93989,45.1453,0.0 9.93989,45.1453,0.0 9.93989,45.1453,0.0 9.93989,45.1453,0.0 9.93989,45.1453,0.0 9.93989,45.1453,0.0 9.93989,45.1453,0.0 9.93989,45.1453,0.0 9.93989,45.1453,0.0 9.93989,45.1453,0.0 9.93989,45.1453,0.0 9.93989,45.1453,0.0 9.93989,45.1453,0.0 9.93989,45.1453,0.0 9.93989,45.1453,0.0 9.93989,45.1453,0.0 9.93989,45.1453,0.0 9.93989,45.1453,0.0 9.93987,45.1453,0.0 9.93988,45.14529,0.0 9.93989,45.1453,0.0 9.93989,45.1453,0.0 9.93989,45.1453,0.0 9.93989,45.1453,0.0 9.93989,45.1453,0.0 9.93989,45.1453,0.0 9.93989,45.1453,0.0 9.93989,45.1453,0.0 9.93989,45.1453,0.0 9.93989,45.1453,0.0 9.93989,45.1453,0.0 9.93989,45.1453,0.0 9.93993,45.14532,0.0 9.93993,45.14533,0.0 9.93992,45.14533,0.0 9.93992,45.14533,0.0 9.93992,45.14533,0.0 9.93992,45.14533,0.0 9.93992,45.14532,0.0 9.93992,45.14531,0.0 9.93992,45.1453,0.0 9.93991,45.1453,0.0 9.93991,45.1453,0.0</coordinates>
                    </LineString>
                </Placemark>
                <Placemark id="705">
                    <name>Rota 20:56</name>
                    <styleUrl>#2</styleUrl>
                    <LineString id="704">
                        <altitudeMode>clampToGround</altitudeMode>
                        <coordinates>9.93991,45.1453,0.0 9.93991,45.1453,0.0 9.93992,45.14529,0.0 9.93992,45.14529,0.0 9.93992,45.14529,0.0 9.93992,45.14529,0.0 9.93992,45.14529,0.0 9.93992,45.14529,0.0 9.93992,45.14529,0.0 9.93992,45.14529,0.0 9.93992,45.14529,0.0 9.93992,45.14529,0.0 9.93992,45.14529,0.0 9.93992,45.14529,0.0 9.93995,45.14531,0.0 9.93995,45.14531,0.0 9.93995,45.14531,0.0 9.93995,45.14531,0.0 9.93994,45.14531,0.0 9.93994,45.14531,0.0 9.93994,45.14531,0.0 9.93994,45.14531,0.0 9.93993,45.1453,0.0 9.93993,45.1453,0.0 9.93993,45.14529,0.0 9.93992,45.14529,0.0 9.93992,45.14529,0.0 9.93992,45.1453,0.0 9.93992,45.1453,0.0 9.93992,45.1453,0.0 9.93992,45.1453,0.0 9.93992,45.1453,0.0 9.93992,45.1453,0.0 9.93992,45.1453,0.0 9.93992,45.1453,0.0 9.93992,45.1453,0.0 9.93992,45.1453,0.0 9.93992,45.1453,0.0 9.93995,45.14531,0.0 9.93995,45.14531,0.0 9.93995,45.14531,0.0 9.93994,45.14531,0.0 9.93993,45.14531,0.0 9.93993,45.14531,0.0 9.93993,45.14531,0.0 9.93993,45.14531,0.0 9.93993,45.14531,0.0 9.93993,45.14531,0.0 9.93993,45.14531,0.0 9.93993,45.14531,0.0 9.93993,45.14531,0.0 9.93993,45.14531,0.0 9.93993,45.14531,0.0 9.93993,45.14531,0.0 9.9399,45.14529,0.0 9.9399,45.14529,0.0 9.9399,45.14529,0.0 9.93991,45.14529,0.0 9.93991,45.14529,0.0 9.93991,45.14529,0.0 9.93991,45.14529,0.0</coordinates>
                    </LineString>
                </Placemark>
                <Placemark id="707">
                    <name>Rota 20:57</name>
                    <styleUrl>#2</styleUrl>
                    <LineString id="706">
                        <altitudeMode>clampToGround</altitudeMode>
                        <coordinates>9.93991,45.14529,0.0 9.93991,45.14527,0.0 9.93991,45.14526,0.0 9.93991,45.14525,0.0 9.93989,45.14525,0.0 9.93989,45.14525,0.0 9.93988,45.14524,0.0 9.93986,45.14522,0.0 9.93985,45.14522,0.0 9.93983,45.14521,0.0 9.93983,45.14521,0.0 9.93983,45.14521,0.0 9.93982,45.1452,0.0 9.93981,45.14518,0.0 9.9398,45.14517,0.0 9.9398,45.14516,0.0 9.93979,45.14516,0.0 9.93979,45.14516,0.0 9.93978,45.14515,0.0 9.93976,45.14515,0.0 9.93973,45.14514,0.0 9.93971,45.14514,0.0 9.93969,45.14514,0.0 9.93969,45.14514,0.0 9.93967,45.14514,0.0 9.93963,45.14515,0.0 9.9396,45.14516,0.0 9.93958,45.14516,0.0 9.93956,45.14517,0.0 9.93956,45.14517,0.0 9.93955,45.14518,0.0 9.93952,45.14521,0.0 9.93951,45.14521,0.0 9.93949,45.14522,0.0 9.93949,45.14522,0.0 9.93948,45.14524,0.0 9.93947,45.14525,0.0 9.93945,45.14527,0.0 9.93944,45.14528,0.0 9.93943,45.14529,0.0 9.93943,45.14529,0.0 9.93943,45.14529,0.0 9.93943,45.14529,0.0 9.93942,45.14529,0.0 9.93942,45.14529,0.0 9.93942,45.14529,0.0 9.93941,45.1453,0.0 9.93941,45.1453,0.0 9.9394,45.14531,0.0 9.9394,45.14534,0.0 9.9394,45.14535,0.0 9.93939,45.14536,0.0 9.93939,45.14536,0.0 9.93939,45.14537,0.0 9.93939,45.14539,0.0 9.93939,45.14539,0.0 9.93939,45.1454,0.0 9.93939,45.14541,0.0 9.93939,45.14541,0.0 9.9394,45.14542,0.0 9.9394,45.14545,0.0</coordinates>
                    </LineString>
                </Placemark>
                <Placemark id="709">
                    <name>Rota 20:58</name>
                    <styleUrl>#2</styleUrl>
                    <LineString id="708">
                        <altitudeMode>clampToGround</altitudeMode>
                        <coordinates>9.9394,45.14545,0.0 9.93941,45.14546,0.0 9.93941,45.14548,0.0 9.93941,45.14549,0.0 9.93941,45.14549,0.0 9.93941,45.14551,0.0 9.93941,45.14555,0.0 9.93941,45.14557,0.0 9.93942,45.14558,0.0 9.93944,45.1456,0.0 9.93944,45.1456,0.0 9.93945,45.14561,0.0 9.93947,45.14564,0.0 9.93948,45.14566,0.0 9.93949,45.14568,0.0 9.9395,45.14569,0.0 9.9395,45.14569,0.0 9.93951,45.14571,0.0 9.93954,45.14574,0.0 9.93956,45.14575,0.0 9.93957,45.14576,0.0 9.93957,45.14577,0.0 9.93957,45.14577,0.0 9.93958,45.14578,0.0 9.93961,45.14581,0.0 9.93961,45.14581,0.0 9.93961,45.14581,0.0 9.93961,45.14581,0.0 9.93961,45.14581,0.0 9.93961,45.14581,0.0 9.93962,45.14582,0.0 9.93963,45.14583,0.0 9.93963,45.14584,0.0 9.93964,45.14584,0.0 9.93964,45.14584,0.0 9.93965,45.14585,0.0 9.93965,45.14585,0.0 9.93967,45.14587,0.0 9.93968,45.14587,0.0 9.93969,45.14588,0.0 9.93969,45.14588,0.0 9.93969,45.14588,0.0 9.93969,45.14588,0.0 9.93971,45.14591,0.0 9.93972,45.14592,0.0 9.93973,45.14593,0.0 9.93973,45.14593,0.0 9.93974,45.14595,0.0 9.93977,45.14598,0.0 9.93978,45.146,0.0 9.9398,45.14602,0.0 9.93981,45.14603,0.0 9.93981,45.14603,0.0 9.93982,45.14605,0.0 9.93983,45.14607,0.0 9.93982,45.14608,0.0 9.93982,45.14609,0.0 9.93981,45.1461,0.0 9.93981,45.1461,0.0 9.9398,45.14611,0.0 9.9398,45.14611,0.0</coordinates>
                    </LineString>
                </Placemark>
                <Placemark id="711">
                    <name>Rota 20:59</name>
                    <styleUrl>#2</styleUrl>
                    <LineString id="710">
                        <altitudeMode>clampToGround</altitudeMode>
                        <coordinates>9.9398,45.14611,0.0 9.93978,45.14612,0.0 9.93976,45.14613,0.0 9.93974,45.14614,0.0 9.93972,45.14615,0.0 9.93972,45.14615,0.0 9.9397,45.14616,0.0 9.93965,45.14619,0.0 9.93963,45.14621,0.0 9.93961,45.14622,0.0 9.93959,45.14623,0.0 9.93959,45.14623,0.0 9.93957,45.14625,0.0 9.93954,45.14627,0.0 9.93952,45.14629,0.0 9.9395,45.14631,0.0 9.93948,45.14633,0.0 9.93948,45.14633,0.0 9.93946,45.14634,0.0 9.93943,45.14637,0.0 9.93942,45.14638,0.0 9.9394,45.14638,0.0 9.9394,45.14638,0.0 9.93939,45.14639,0.0 9.93937,45.14641,0.0 9.93936,45.14642,0.0 9.93934,45.14643,0.0 9.93933,45.14644,0.0 9.93933,45.14644,0.0 9.93932,45.14645,0.0 9.9393,45.14648,0.0 9.9393,45.14649,0.0 9.93929,45.1465,0.0 9.93929,45.14652,0.0 9.93929,45.14652,0.0 9.93928,45.14653,0.0 9.93927,45.14655,0.0 9.93927,45.14657,0.0 9.93926,45.14658,0.0 9.93926,45.14658,0.0 9.93926,45.1466,0.0 9.93925,45.14661,0.0 9.93925,45.14664,0.0 9.93924,45.14665,0.0 9.93924,45.14667,0.0 9.93924,45.14668,0.0 9.93924,45.14668,0.0 9.93924,45.1467,0.0 9.93923,45.14672,0.0 9.93923,45.14674,0.0 9.93923,45.14675,0.0 9.93923,45.14677,0.0 9.93923,45.14677,0.0 9.93923,45.14678,0.0 9.93923,45.1468,0.0 9.93923,45.14681,0.0 9.93923,45.14682,0.0 9.93922,45.14683,0.0 9.93922,45.14683,0.0 9.93922,45.14684,0.0 9.93922,45.14688,0.0</coordinates>
                    </LineString>
                </Placemark>
            </Folder>
        </Folder>
        <Folder id="712">
            <name>2026-09-24 21:00</name>
            <Folder id="713">
                <name>21:00 – 21:09</name>
                <Placemark id="715">
                    <name>Rota 21:00</name>
                    <styleUrl>#2</styleUrl>
                    <LineString id="714">
                        <altitudeMode>clampToGround</altitudeMode>
                        <coordinates>9.93922,45.14688,0.0 9.93922,45.14689,0.0 9.93923,45.1469,0.0 9.93923,45.14692,0.0 9.93923,45.14692,0.0 9.93923,45.14693,0.0 9.93923,45.14695,0.0 9.93924,45.14697,0.0 9.93924,45.14697,0.0 9.93925,45.14698,0.0 9.93925,45.14698,0.0 9.93924,45.147,0.0 9.93926,45.14702,0.0 9.93927,45.14703,0.0 9.93929,45.14703,0.0 9.9393,45.14704,0.0 9.9393,45.14704,0.0 9.93931,45.14705,0.0 9.93932,45.14706,0.0 9.93936,45.14708,0.0 9.93937,45.1471,0.0 9.93938,45.14712,0.0 9.9394,45.14713,0.0 9.9394,45.14713,0.0 9.93941,45.14715,0.0 9.93943,45.14716,0.0 9.93946,45.14719,0.0 9.93947,45.14721,0.0 9.93949,45.14722,0.0 9.93951,45.14724,0.0 9.93951,45.14724,0.0 9.93952,45.14725,0.0 9.93956,45.14727,0.0 9.93958,45.14728,0.0 9.93961,45.14729,0.0 9.93963,45.1473,0.0 9.93963,45.1473,0.0 9.93965,45.14731,0.0 9.93966,45.14732,0.0 9.9397,45.14733,0.0 9.93971,45.14734,0.0 9.93972,45.14734,0.0 9.93972,45.14734,0.0 9.93974,45.14735,0.0 9.93976,45.14736,0.0 9.93978,45.14737,0.0 9.9398,45.14737,0.0 9.93982,45.14738,0.0 9.93982,45.14738,0.0 9.93983,45.14738,0.0 9.93985,45.14739,0.0 9.93986,45.14739,0.0 9.93987,45.1474,0.0 9.93987,45.1474,0.0 9.93988,45.1474,0.0 9.93989,45.1474,0.0 9.93991,45.14741,0.0 9.93991,45.14741,0.0 9.93991,45.14741,0.0 9.93991,45.14741,0.0 9.93991,45.14741,0.0</coordinates>
                    </LineString>
                </Placemark>
                <Placemark id="717">
                    <name>Rota 21:01</name>
                    <styleUrl>#2</styleUrl>
                    <LineString id="716">
                        <altitudeMode>clampToGround</altitudeMode>
                        <coordinates>9.93991,45.14741,0.0 9.93991,45.14741,0.0 9.93991,45.14741,0.0 9.93991,45.14741,0.0 9.93991,45.14741,0.0 9.93991,45.14741,0.0 9.93991,45.14741,0.0 9.93991,45.14741,0.0 9.93991,45.14741,0.0 9.93991,45.14741,0.0 9.93991,45.14741,0.0 9.93991,45.14741,0.0 9.93991,45.14741,0.0 9.93991,45.14741,0.0 9.93991,45.14741,0.0 9.93991,45.14741,0.0 9.93991,45.14741,0.0 9.93991,45.14741,0.0 9.93991,45.14741,0.0 9.93991,45.14741,0.0 9.93991,45.14741,0.0 9.93991,45.14741,0.0 9.93991,45.14741,0.0 9.93991,45.14741,0.0 9.93991,45.14741,0.0 9.93991,45.14741,0.0 9.93991,45.14741,0.0 9.93991,45.14741,0.0 9.93991,45.14741,0.0 9.93991,45.14741,0.0 9.93991,45.14741,0.0 9.93991,45.14741,0.0 9.93991,45.14741,0.0 9.93991,45.14741,0.0 9.93991,45.14741,0.0 9.93991,45.14741,0.0 9.93991,45.14741,0.0 9.93991,45.14741,0.0 9.93991,45.14741,0.0 9.93991,45.14741,0.0 9.93991,45.14741,0.0 9.93991,45.14741,0.0 9.93991,45.14741,0.0 9.93991,45.14741,0.0 9.93991,45.14741,0.0 9.93991,45.14741,0.0 9.93991,45.14741,0.0 9.93991,45.14741,0.0 9.93991,45.14741,0.0 9.93991,45.14741,0.0 9.93991,45.14741,0.0 9.93991,45.14741,0.0 9.93991,45.14741,0.0 9.93991,45.14741,0.0 9.93991,45.14741,0.0 9.93991,45.14741,0.0 9.93991,45.14741,0.0 9.93991,45.14741,0.0 9.93991,45.14741,0.0 9.93991,45.14741,0.0 9.93991,45.14741,0.0</coordinates>
                    </LineString>
                </Placemark>
                <Placemark id="719">
                    <name>Rota 21:02</name>
                    <styleUrl>#2</styleUrl>
                    <LineString id="718">
                        <altitudeMode>clampToGround</altitudeMode>
                        <coordinates>9.93991,45.14741,0.0 9.93991,45.14741,0.0 9.93991,45.14741,0.0 9.93991,45.14741,0.0 9.93991,45.14741,0.0 9.93991,45.14741,0.0 9.93991,45.14741,0.0 9.93991,45.14741,0.0 9.93991,45.14741,0.0 9.93991,45.14741,0.0 9.93991,45.14741,0.0 9.93991,45.14741,0.0 9.93991,45.14741,0.0 9.93991,45.14741,0.0 9.93991,45.14741,0.0 9.93991,45.14741,0.0 9.93991,45.14741,0.0 9.93991,45.14741,0.0 9.93991,45.14741,0.0 9.93991,45.14741,0.0 9.93991,45.14741,0.0 9.93991,45.14741,0.0 9.93991,45.14741,0.0 9.93991,45.14741,0.0 9.93991,45.14741,0.0 9.93991,45.14741,0.0 9.93991,45.14741,0.0 9.93991,45.14741,0.0 9.93991,45.14741,0.0 9.93991,45.14741,0.0 9.93991,45.14741,0.0 9.93991,45.14741,0.0 9.93991,45.14741,0.0 9.93991,45.14741,0.0 9.93991,45.14741,0.0 9.93991,45.14741,0.0 9.93991,45.14741,0.0 9.93991,45.14741,0.0 9.93991,45.14741,0.0 9.93991,45.14741,0.0 9.93991,45.14741,0.0 9.93991,45.14741,0.0 9.93991,45.14741,0.0 9.93991,45.14741,0.0 9.93991,45.14741,0.0 9.93991,45.14741,0.0 9.93991,45.14741,0.0 9.93991,45.14741,0.0 9.93991,45.14741,0.0 9.93991,45.14741,0.0 9.93991,45.14741,0.0 9.93991,45.14741,0.0 9.93991,45.14741,0.0 9.93991,45.14741,0.0 9.93991,45.14741,0.0 9.93991,45.14741,0.0 9.93991,45.14741,0.0 9.93991,45.14741,0.0 9.93991,45.14741,0.0 9.93991,45.14741,0.0 9.93991,45.14741,0.0</coordinates>
                    </LineString>
                </Placemark>
                <Placemark id="721">
                    <name>Rota 21:03</name>
                    <styleUrl>#2</styleUrl>
                    <LineString id="720">
                        <altitudeMode>clampToGround</altitudeMode>
                        <coordinates>9.93991,45.14741,0.0 9.93991,45.14741,0.0 9.93991,45.14741,0.0 9.93991,45.14741,0.0 9.93991,45.14741,0.0 9.93991,45.14741,0.0 9.93991,45.14741,0.0 9.93991,45.14741,0.0 9.93991,45.14741,0.0 9.93991,45.14741,0.0 9.93991,45.14741,0.0 9.93991,45.14741,0.0 9.93991,45.14741,0.0 9.93991,45.14741,0.0 9.93991,45.14741,0.0 9.93991,45.14741,0.0 9.93991,45.14741,0.0 9.93991,45.14741,0.0 9.93991,45.14741,0.0 9.93991,45.14741,0.0 9.93991,45.14741,0.0 9.93991,45.14741,0.0 9.93991,45.14741,0.0 9.93991,45.14741,0.0 9.93991,45.14741,0.0 9.93991,45.14741,0.0 9.93991,45.14741,0.0 9.93991,45.14741,0.0 9.93991,45.14741,0.0 9.93991,45.14741,0.0 9.93991,45.14741,0.0 9.93991,45.14741,0.0 9.93991,45.14741,0.0 9.93991,45.14741,0.0 9.93991,45.14741,0.0 9.93991,45.14741,0.0 9.93991,45.14741,0.0 9.93991,45.14741,0.0 9.93991,45.14741,0.0 9.93991,45.14741,0.0 9.93991,45.14741,0.0 9.93991,45.14741,0.0 9.93991,45.14741,0.0 9.93991,45.14741,0.0 9.93991,45.14741,0.0 9.93991,45.14741,0.0 9.93991,45.14741,0.0 9.93991,45.14741,0.0 9.93991,45.14741,0.0 9.93991,45.14741,0.0 9.93991,45.14741,0.0 9.93991,45.14741,0.0 9.93991,45.14741,0.0 9.93991,45.14741,0.0 9.93991,45.14741,0.0 9.93991,45.14741,0.0 9.93991,45.14741,0.0 9.93991,45.14741,0.0 9.93991,45.14741,0.0 9.93991,45.14741,0.0 9.93991,45.14741,0.0</coordinates>
                    </LineString>
                </Placemark>
                <Placemark id="723">
                    <name>Rota 21:04</name>
                    <styleUrl>#2</styleUrl>
                    <LineString id="722">
                        <altitudeMode>clampToGround</altitudeMode>
                        <coordinates>9.93991,45.14741,0.0 9.93991,45.14741,0.0 9.93991,45.14741,0.0 9.93991,45.14741,0.0 9.93991,45.14741,0.0 9.93991,45.14741,0.0 9.93991,45.14741,0.0 9.93991,45.14741,0.0 9.93991,45.14741,0.0 9.93991,45.14741,0.0 9.93991,45.14741,0.0 9.93991,45.14741,0.0 9.93991,45.14741,0.0 9.93991,45.14741,0.0 9.93991,45.14741,0.0 9.93991,45.14741,0.0 9.93991,45.14741,0.0 9.93991,45.14741,0.0 9.93991,45.14741,0.0 9.93991,45.14741,0.0 9.93991,45.14741,0.0 9.93991,45.14741,0.0 9.93991,45.14741,0.0 9.93991,45.14741,0.0 9.93991,45.14741,0.0 9.93991,45.14741,0.0 9.93991,45.14741,0.0 9.93991,45.14741,0.0 9.93991,45.14741,0.0 9.93991,45.14741,0.0 9.93991,45.14741,0.0 9.93991,45.14741,0.0 9.93991,45.14741,0.0 9.93991,45.14741,0.0 9.93991,45.14741,0.0 9.93991,45.14741,0.0 9.93991,45.14741,0.0 9.93991,45.14741,0.0 9.93991,45.14741,0.0 9.93991,45.14741,0.0 9.93991,45.14741,0.0 9.93991,45.14741,0.0 9.93991,45.14741,0.0 9.93991,45.14741,0.0 9.93991,45.14741,0.0 9.93991,45.14741,0.0 9.93991,45.14741,0.0 9.93991,45.14741,0.0 9.93991,45.14741,0.0 9.93991,45.14741,0.0 9.93991,45.14741,0.0 9.93991,45.14741,0.0 9.93991,45.14741,0.0 9.93991,45.14741,0.0 9.93991,45.14741,0.0 9.93991,45.14741,0.0 9.93991,45.14741,0.0 9.93991,45.14741,0.0 9.93991,45.14741,0.0 9.93991,45.14741,0.0 9.93991,45.14741,0.0</coordinates>
                    </LineString>
                </Placemark>
                <Placemark id="725">
                    <name>Rota 21:05</name>
                    <styleUrl>#2</styleUrl>
                    <LineString id="724">
                        <altitudeMode>clampToGround</altitudeMode>
                        <coordinates>9.93991,45.14741,0.0 9.93991,45.14741,0.0 9.93991,45.14741,0.0 9.93991,45.14741,0.0 9.93991,45.14741,0.0 9.93991,45.14741,0.0 9.93991,45.14741,0.0 9.93991,45.14741,0.0 9.93991,45.14741,0.0 9.93991,45.14741,0.0 9.93991,45.14741,0.0 9.93991,45.14741,0.0 9.93991,45.14741,0.0 9.93991,45.14741,0.0 9.93991,45.14741,0.0 9.93991,45.14741,0.0 9.93991,45.14741,0.0 9.93991,45.14741,0.0 9.93991,45.14741,0.0 9.93991,45.14741,0.0 9.93991,45.14741,0.0 9.93991,45.14741,0.0 9.93991,45.14741,0.0 9.93991,45.14741,0.0 9.93991,45.14741,0.0 9.93991,45.14741,0.0 9.93991,45.14741,0.0 9.93991,45.14741,0.0 9.93991,45.14741,0.0 9.93991,45.14741,0.0 9.93991,45.14741,0.0 9.93991,45.14741,0.0 9.93991,45.14741,0.0 9.93991,45.14741,0.0 9.93991,45.14741,0.0 9.93991,45.14741,0.0 9.93991,45.14741,0.0 9.93991,45.14741,0.0 9.93991,45.14741,0.0 9.93991,45.14741,0.0 9.93991,45.14741,0.0 9.93991,45.14741,0.0 9.93991,45.14741,0.0 9.93991,45.14741,0.0 9.93991,45.14741,0.0 9.93991,45.14741,0.0 9.93991,45.14741,0.0 9.93991,45.14741,0.0 9.93991,45.14741,0.0 9.93991,45.14741,0.0 9.93991,45.14741,0.0 9.93991,45.14741,0.0 9.93991,45.14741,0.0 9.93991,45.14741,0.0 9.93991,45.14741,0.0 9.93991,45.14741,0.0 9.93991,45.14741,0.0 9.93991,45.14741,0.0 9.93991,45.14741,0.0 9.93991,45.14741,0.0 9.93991,45.14741,0.0</coordinates>
                    </LineString>
                </Placemark>
                <Placemark id="727">
                    <name>Rota 21:06</name>
                    <styleUrl>#2</styleUrl>
                    <LineString id="726">
                        <altitudeMode>clampToGround</altitudeMode>
                        <coordinates>9.93991,45.14741,0.0 9.93991,45.14741,0.0 9.93991,45.14741,0.0 9.93991,45.14741,0.0 9.93991,45.14741,0.0 9.93991,45.14741,0.0 9.93991,45.14741,0.0 9.93991,45.14741,0.0 9.93991,45.14741,0.0 9.93991,45.14741,0.0 9.93991,45.14741,0.0 9.93991,45.14741,0.0 9.93991,45.14741,0.0 9.93991,45.14741,0.0 9.93991,45.14741,0.0 9.93991,45.14741,0.0 9.93991,45.14741,0.0 9.93991,45.14741,0.0 9.93991,45.14741,0.0 9.93991,45.14741,0.0 9.93991,45.14741,0.0 9.93991,45.14741,0.0 9.93991,45.14741,0.0 9.93991,45.14741,0.0 9.93991,45.14741,0.0 9.93991,45.14741,0.0 9.93991,45.14741,0.0 9.93991,45.14741,0.0 9.93991,45.14741,0.0 9.93991,45.14741,0.0 9.93991,45.14741,0.0 9.93991,45.14741,0.0 9.93991,45.14741,0.0 9.93991,45.14741,0.0 9.93991,45.14741,0.0 9.93991,45.14741,0.0 9.93991,45.14741,0.0 9.93991,45.14741,0.0 9.93991,45.14741,0.0 9.93991,45.14741,0.0 9.93991,45.14741,0.0 9.93991,45.14741,0.0 9.93991,45.14741,0.0 9.93991,45.14741,0.0 9.93991,45.14741,0.0 9.93991,45.14741,0.0 9.93991,45.14741,0.0 9.93991,45.14741,0.0 9.93991,45.14741,0.0 9.93991,45.14741,0.0 9.93991,45.14741,0.0 9.93991,45.14741,0.0 9.93991,45.14741,0.0 9.93991,45.14741,0.0 9.93991,45.14741,0.0 9.93991,45.14741,0.0 9.93991,45.14741,0.0 9.93991,45.14741,0.0 9.93991,45.14741,0.0 9.93991,45.14741,0.0 9.93991,45.14741,0.0</coordinates>
                    </LineString>
                </Placemark>
                <Placemark id="729">
                    <name>Rota 21:07</name>
                    <styleUrl>#2</styleUrl>
                    <LineString id="728">
                        <altitudeMode>clampToGround</altitudeMode>
                        <coordinates>9.93991,45.14741,0.0 9.93991,45.14741,0.0 9.93991,45.14741,0.0 9.93991,45.14741,0.0 9.93991,45.14741,0.0 9.93991,45.14741,0.0 9.93991,45.14741,0.0 9.93991,45.14741,0.0 9.93991,45.14741,0.0 9.93991,45.14741,0.0 9.93991,45.14741,0.0 9.93991,45.14741,0.0 9.93991,45.14741,0.0 9.93991,45.14741,0.0 9.93991,45.14741,0.0 9.93991,45.14741,0.0 9.93991,45.14741,0.0 9.93991,45.14741,0.0 9.93991,45.14741,0.0 9.93991,45.14741,0.0 9.93991,45.14741,0.0 9.93991,45.14741,0.0 9.93991,45.14741,0.0 9.93991,45.14741,0.0 9.93991,45.14741,0.0 9.93991,45.14741,0.0 9.93991,45.14741,0.0 9.93991,45.14741,0.0 9.93991,45.14741,0.0 9.93991,45.14741,0.0 9.93991,45.14741,0.0 9.93991,45.14741,0.0 9.93991,45.14741,0.0 9.93991,45.14741,0.0 9.93991,45.14741,0.0 9.93991,45.14741,0.0 9.93991,45.14741,0.0 9.93991,45.14741,0.0 9.93991,45.14741,0.0 9.93991,45.14741,0.0 9.93991,45.14741,0.0 9.93991,45.14741,0.0 9.93991,45.14741,0.0 9.93991,45.14741,0.0 9.93991,45.14741,0.0 9.93991,45.14741,0.0 9.93991,45.14741,0.0 9.93991,45.14741,0.0 9.93991,45.14741,0.0 9.93991,45.14741,0.0 9.93991,45.14741,0.0 9.93991,45.14741,0.0 9.93991,45.14741,0.0 9.93991,45.14741,0.0 9.93991,45.14741,0.0 9.93991,45.14741,0.0 9.93991,45.14741,0.0 9.93991,45.14741,0.0 9.93991,45.14741,0.0 9.93991,45.14741,0.0 9.93991,45.14741,0.0</coordinates>
                    </LineString>
                </Placemark>
                <Placemark id="731">
                    <name>Rota 21:08</name>
                    <styleUrl>#2</styleUrl>
                    <LineString id="730">
                        <altitudeMode>clampToGround</altitudeMode>
                        <coordinates>9.93991,45.14741,0.0 9.93991,45.14741,0.0 9.93991,45.14741,0.0 9.93991,45.14741,0.0 9.93991,45.14741,0.0 9.93991,45.14741,0.0 9.93991,45.14741,0.0 9.93991,45.14741,0.0 9.93991,45.14741,0.0 9.93991,45.14741,0.0 9.93991,45.14741,0.0 9.93991,45.14741,0.0 9.93991,45.14741,0.0 9.93991,45.14741,0.0 9.93991,45.14741,0.0 9.93991,45.14741,0.0 9.93991,45.14741,0.0 9.93991,45.14741,0.0 9.93991,45.14741,0.0 9.93991,45.14741,0.0 9.93991,45.14741,0.0 9.93991,45.14741,0.0 9.93991,45.14741,0.0 9.93991,45.14741,0.0 9.93991,45.14741,0.0 9.93991,45.14741,0.0 9.93991,45.14741,0.0 9.93991,45.14741,0.0 9.93991,45.14741,0.0 9.93991,45.14741,0.0 9.93991,45.14741,0.0 9.93991,45.14741,0.0 9.93991,45.14741,0.0 9.93991,45.14741,0.0 9.93991,45.14741,0.0 9.93991,45.14741,0.0 9.93991,45.14741,0.0 9.93991,45.14741,0.0 9.93991,45.14741,0.0 9.93991,45.14741,0.0 9.93991,45.14741,0.0 9.93991,45.14741,0.0 9.93991,45.14741,0.0 9.93991,45.14741,0.0 9.93991,45.14741,0.0 9.93991,45.14741,0.0 9.93991,45.14741,0.0 9.93991,45.14741,0.0 9.93991,45.14741,0.0 9.93991,45.14741,0.0 9.93991,45.14741,0.0 9.93991,45.14741,0.0 9.93991,45.14741,0.0 9.93991,45.14741,0.0 9.93991,45.14741,0.0 9.93991,45.14741,0.0 9.93991,45.14741,0.0 9.93991,45.14741,0.0 9.93991,45.14741,0.0 9.93991,45.14741,0.0 9.93991,45.14741,0.0</coordinates>
                    </LineString>
                </Placemark>
                <Placemark id="733">
                    <name>Rota 21:09</name>
                    <styleUrl>#2</styleUrl>
                    <LineString id="732">
                        <altitudeMode>clampToGround</altitudeMode>
                        <coordinates>9.93991,45.14741,0.0 9.93991,45.14741,0.0 9.93991,45.14741,0.0 9.93991,45.14741,0.0 9.93991,45.14741,0.0 9.93991,45.14741,0.0 9.93991,45.14741,0.0 9.93991,45.14741,0.0 9.93991,45.14741,0.0 9.93991,45.14741,0.0 9.93991,45.14741,0.0 9.93991,45.14741,0.0 9.93991,45.14741,0.0 9.93979,45.14741,0.0 9.93978,45.14741,0.0 9.93978,45.14741,0.0 9.93978,45.14741,0.0 9.93977,45.14741,0.0 9.93977,45.14741,0.0 9.93977,45.14741,0.0 9.93977,45.14741,0.0 9.93977,45.14741,0.0 9.93977,45.14741,0.0 9.93977,45.14741,0.0 9.93977,45.14741,0.0 9.93977,45.14741,0.0 9.93977,45.14741,0.0 9.93977,45.14741,0.0 9.93977,45.14741,0.0 9.93977,45.14741,0.0 9.93977,45.14741,0.0 9.93977,45.14741,0.0 9.93977,45.14741,0.0 9.93977,45.14741,0.0 9.93977,45.14741,0.0 9.93977,45.14741,0.0 9.93977,45.14741,0.0 9.93977,45.14741,0.0 9.93977,45.14741,0.0 9.93977,45.14741,0.0 9.93977,45.14741,0.0 9.93977,45.14741,0.0 9.93977,45.14741,0.0 9.93977,45.14741,0.0 9.93977,45.14741,0.0 9.93977,45.14741,0.0 9.93977,45.14741,0.0 9.93977,45.14741,0.0 9.93977,45.14741,0.0 9.93977,45.14741,0.0 9.93977,45.14741,0.0 9.93977,45.14741,0.0 9.93977,45.14741,0.0 9.93977,45.14741,0.0 9.93977,45.14741,0.0 9.93975,45.14738,0.0 9.93974,45.14737,0.0 9.93974,45.14737,0.0 9.93974,45.14737,0.0 9.93974,45.14736,0.0 9.93973,45.14735,0.0</coordinates>
                    </LineString>
                </Placemark>
            </Folder>
            <Folder id="734">
                <name>21:10 – 21:19</name>
                <Placemark id="736">
                    <name>Rota 21:10</name>
                    <styleUrl>#2</styleUrl>
                    <LineString id="735">
                        <altitudeMode>clampToGround</altitudeMode>
                        <coordinates>9.93973,45.14735,0.0 9.93972,45.14735,0.0 9.93972,45.14734,0.0 9.93972,45.14734,0.0 9.93972,45.14734,0.0 9.93972,45.14733,0.0 9.93972,45.14732,0.0 9.93972,45.14732,0.0 9.93972,45.14732,0.0 9.93972,45.14732,0.0 9.93972,45.14732,0.0 9.93972,45.14732,0.0 9.93972,45.14731,0.0 9.93971,45.14731,0.0 9.9397,45.1473,0.0 9.9397,45.1473,0.0 9.93969,45.14729,0.0 9.93967,45.14727,0.0 9.93967,45.14726,0.0 9.93966,45.14725,0.0 9.93965,45.14724,0.0 9.93964,45.14723,0.0 9.93964,45.14723,0.0 9.93963,45.14722,0.0 9.93961,45.1472,0.0 9.9396,45.14719,0.0 9.93959,45.14718,0.0 9.93958,45.14717,0.0 9.93958,45.14717,0.0 9.93957,45.14716,0.0 9.93955,45.14713,0.0 9.93954,45.14713,0.0 9.93953,45.14712,0.0 9.93953,45.14712,0.0 9.93952,45.14711,0.0 9.9395,45.14709,0.0 9.93949,45.14708,0.0 9.93948,45.14707,0.0 9.93947,45.14706,0.0 9.93947,45.14706,0.0 9.93947,45.14705,0.0 9.93944,45.14704,0.0 9.93943,45.14703,0.0 9.93942,45.14702,0.0 9.93941,45.14701,0.0 9.93941,45.14701,0.0 9.9394,45.14699,0.0 9.93939,45.14698,0.0 9.93937,45.14696,0.0 9.93936,45.14695,0.0 9.93936,45.14694,0.0 9.93936,45.14694,0.0 9.93935,45.14693,0.0 9.93935,45.14692,0.0 9.93934,45.14689,0.0 9.93933,45.14688,0.0 9.93933,45.14687,0.0 9.93933,45.14687,0.0 9.93932,45.14686,0.0 9.93931,45.14685,0.0 9.93931,45.14684,0.0</coordinates>
                    </LineString>
                </Placemark>
                <Placemark id="738">
                    <name>Rota 21:11</name>
                    <styleUrl>#2</styleUrl>
                    <LineString id="737">
                        <altitudeMode>clampToGround</altitudeMode>
                        <coordinates>9.93931,45.14684,0.0 9.93931,45.14684,0.0 9.93931,45.14683,0.0 9.93931,45.14683,0.0 9.9393,45.14682,0.0 9.9393,45.14681,0.0 9.93929,45.1468,0.0 9.93929,45.14679,0.0 9.9393,45.14677,0.0 9.9393,45.14677,0.0 9.9393,45.14676,0.0 9.93929,45.14674,0.0 9.93929,45.14672,0.0 9.93929,45.14671,0.0 9.93929,45.14671,0.0 9.93928,45.14671,0.0 9.93929,45.14669,0.0 9.93929,45.14669,0.0 9.93928,45.14669,0.0 9.93928,45.14669,0.0 9.93928,45.14669,0.0 9.93928,45.14667,0.0 9.93928,45.14663,0.0 9.93928,45.14661,0.0 9.93929,45.14659,0.0 9.9393,45.14657,0.0 9.9393,45.14657,0.0 9.9393,45.14655,0.0 9.9393,45.14653,0.0 9.93933,45.1465,0.0 9.93935,45.14649,0.0 9.93937,45.14647,0.0 9.93937,45.14647,0.0 9.93938,45.14647,0.0 9.93939,45.14646,0.0 9.93941,45.14644,0.0 9.93943,45.14642,0.0 9.93945,45.14641,0.0 9.93947,45.14639,0.0 9.93947,45.14639,0.0 9.93949,45.14638,0.0 9.93954,45.14634,0.0 9.93956,45.14633,0.0 9.93958,45.14632,0.0 9.93958,45.14632,0.0 9.9396,45.1463,0.0 9.93965,45.14627,0.0 9.93968,45.14626,0.0 9.9397,45.14626,0.0 9.93973,45.14625,0.0 9.93974,45.14623,0.0 9.93974,45.14623,0.0 9.93976,45.14622,0.0 9.9398,45.1462,0.0 9.93982,45.14619,0.0 9.93984,45.14618,0.0 9.93985,45.14616,0.0 9.93985,45.14616,0.0 9.93986,45.14615,0.0 9.93986,45.14612,0.0 9.93986,45.1461,0.0</coordinates>
                    </LineString>
                </Placemark>
                <Placemark id="740">
                    <name>Rota 21:12</name>
                    <styleUrl>#2</styleUrl>
                    <LineString id="739">
                        <altitudeMode>clampToGround</altitudeMode>
                        <coordinates>9.93986,45.1461,0.0 9.93985,45.14608,0.0 9.93983,45.14606,0.0 9.93983,45.14606,0.0 9.93981,45.14603,0.0 9.93979,45.146,0.0 9.93975,45.14596,0.0 9.93973,45.14593,0.0 9.93971,45.14591,0.0 9.9397,45.14589,0.0 9.9397,45.14589,0.0 9.93967,45.14585,0.0 9.93965,45.14584,0.0 9.93964,45.14581,0.0 9.93962,45.14579,0.0 9.93962,45.14579,0.0 9.9396,45.14578,0.0 9.93958,45.14574,0.0 9.93958,45.14573,0.0 9.93957,45.14572,0.0 9.93956,45.14571,0.0 9.93956,45.14571,0.0 9.93956,45.1457,0.0 9.93954,45.14567,0.0 9.93954,45.14565,0.0 9.93953,45.14563,0.0 9.93952,45.14561,0.0 9.93952,45.14561,0.0 9.93951,45.14559,0.0 9.9395,45.14557,0.0 9.9395,45.14557,0.0 9.9395,45.14556,0.0 9.9395,45.14556,0.0 9.9395,45.14556,0.0 9.93949,45.14554,0.0 9.93948,45.14554,0.0 9.93948,45.14553,0.0 9.93948,45.14553,0.0 9.93948,45.14553,0.0 9.93948,45.14552,0.0 9.93948,45.14549,0.0 9.93949,45.14548,0.0 9.93949,45.14546,0.0 9.93948,45.14545,0.0 9.93948,45.14545,0.0 9.93948,45.14543,0.0 9.93948,45.14539,0.0 9.93948,45.14538,0.0 9.93948,45.14536,0.0 9.93948,45.14534,0.0 9.93948,45.14532,0.0 9.93948,45.14532,0.0 9.93948,45.1453,0.0 9.93949,45.14527,0.0 9.93949,45.14526,0.0 9.9395,45.14525,0.0 9.9395,45.14525,0.0 9.9395,45.14525,0.0 9.93949,45.14525,0.0 9.93949,45.14524,0.0 9.93949,45.14524,0.0</coordinates>
                    </LineString>
                </Placemark>
                <Placemark id="742">
                    <name>Rota 21:13</name>
                    <styleUrl>#2</styleUrl>
                    <LineString id="741">
                        <altitudeMode>clampToGround</altitudeMode>
                        <coordinates>9.93949,45.14524,0.0 9.93949,45.14524,0.0 9.93949,45.14524,0.0 9.93949,45.14524,0.0 9.93949,45.14524,0.0 9.93949,45.14524,0.0 9.93949,45.14524,0.0 9.93949,45.14524,0.0 9.93949,45.14524,0.0 9.93949,45.14524,0.0 9.93949,45.14524,0.0 9.93949,45.14524,0.0 9.93949,45.14524,0.0 9.93949,45.14524,0.0 9.93949,45.14524,0.0 9.93949,45.14524,0.0 9.93949,45.14524,0.0 9.93949,45.14524,0.0 9.93949,45.14524,0.0 9.93949,45.14524,0.0 9.93949,45.14524,0.0 9.93949,45.14524,0.0 9.93949,45.14524,0.0 9.93949,45.14524,0.0 9.93949,45.14524,0.0 9.93949,45.14524,0.0 9.93949,45.14524,0.0 9.93949,45.14524,0.0 9.93945,45.14523,0.0 9.93945,45.14523,0.0 9.93945,45.14523,0.0 9.93945,45.14523,0.0 9.93944,45.14524,0.0 9.93944,45.14524,0.0 9.93943,45.14525,0.0 9.93943,45.14527,0.0 9.93943,45.14527,0.0 9.93943,45.14528,0.0 9.93942,45.14532,0.0 9.93942,45.14534,0.0 9.93941,45.14535,0.0 9.9394,45.14536,0.0 9.9394,45.14536,0.0 9.9394,45.14538,0.0 9.93942,45.14541,0.0 9.93942,45.14542,0.0 9.93942,45.14544,0.0 9.93942,45.14546,0.0 9.93942,45.14546,0.0 9.93943,45.14548,0.0 9.93943,45.14549,0.0 9.93945,45.14553,0.0 9.93946,45.14554,0.0 9.93947,45.14554,0.0 9.93947,45.14554,0.0 9.93947,45.14555,0.0 9.93948,45.14555,0.0 9.93948,45.14555,0.0 9.93948,45.14555,0.0 9.93948,45.14555,0.0 9.93948,45.14555,0.0</coordinates>
                    </LineString>
                </Placemark>
                <Placemark id="744">
                    <name>Rota 21:14</name>
                    <styleUrl>#2</styleUrl>
                    <LineString id="743">
                        <altitudeMode>clampToGround</altitudeMode>
                        <coordinates>9.93948,45.14555,0.0 9.93948,45.14555,0.0 9.93948,45.14555,0.0 9.93948,45.14555,0.0 9.93948,45.14555,0.0 9.93948,45.14555,0.0 9.93948,45.14555,0.0 9.93948,45.14555,0.0 9.93948,45.14555,0.0 9.93948,45.14555,0.0 9.93948,45.14555,0.0 9.93948,45.14555,0.0 9.93948,45.14555,0.0 9.93948,45.14555,0.0 9.93948,45.14555,0.0 9.93948,45.14555,0.0 9.93948,45.14555,0.0 9.93948,45.14555,0.0 9.93948,45.14555,0.0 9.93948,45.14555,0.0 9.93948,45.14555,0.0 9.93948,45.14555,0.0 9.93948,45.14555,0.0 9.93948,45.14555,0.0 9.93948,45.14555,0.0 9.93948,45.14555,0.0 9.93948,45.14555,0.0 9.93948,45.14555,0.0 9.93948,45.14555,0.0 9.93948,45.14555,0.0 9.93948,45.14555,0.0 9.93948,45.14555,0.0 9.93948,45.14555,0.0 9.93948,45.14555,0.0 9.93948,45.14555,0.0 9.93948,45.14555,0.0 9.93948,45.14555,0.0 9.93948,45.14555,0.0 9.93948,45.14555,0.0 9.93948,45.14555,0.0 9.93948,45.14555,0.0 9.93948,45.14555,0.0 9.93948,45.14555,0.0 9.93948,45.14555,0.0 9.93948,45.14555,0.0 9.93948,45.14555,0.0 9.93948,45.14555,0.0 9.93948,45.14555,0.0 9.93948,45.14555,0.0 9.93948,45.14555,0.0 9.93948,45.14555,0.0 9.93948,45.14555,0.0 9.93948,45.14555,0.0 9.93948,45.14555,0.0 9.93948,45.14555,0.0 9.93948,45.14555,0.0 9.93948,45.14555,0.0 9.93948,45.14555,0.0 9.93948,45.14555,0.0 9.93948,45.14555,0.0 9.93948,45.14555,0.0</coordinates>
                    </LineString>
                </Placemark>
                <Placemark id="746">
                    <name>Rota 21:15</name>
                    <styleUrl>#2</styleUrl>
                    <LineString id="745">
                        <altitudeMode>clampToGround</altitudeMode>
                        <coordinates>9.93948,45.14555,0.0 9.93948,45.14555,0.0 9.93948,45.14555,0.0 9.93948,45.14555,0.0 9.93948,45.14555,0.0 9.93948,45.14555,0.0 9.93948,45.14555,0.0 9.93948,45.14555,0.0 9.93948,45.14555,0.0 9.93948,45.14555,0.0 9.93948,45.14555,0.0 9.93948,45.14555,0.0 9.93948,45.14555,0.0 9.93948,45.14555,0.0 9.93948,45.14555,0.0 9.93948,45.14555,0.0 9.93948,45.14555,0.0 9.93948,45.14555,0.0 9.93948,45.14555,0.0 9.93948,45.14555,0.0 9.93948,45.14555,0.0 9.93948,45.14555,0.0 9.93948,45.14555,0.0 9.93948,45.14555,0.0 9.93948,45.14555,0.0 9.93948,45.14555,0.0 9.93948,45.14555,0.0 9.93948,45.14555,0.0 9.93948,45.14555,0.0 9.93948,45.14555,0.0 9.93948,45.14555,0.0 9.93948,45.14555,0.0 9.93948,45.14555,0.0 9.93948,45.14555,0.0 9.93948,45.14555,0.0 9.93948,45.14555,0.0 9.93948,45.14555,0.0 9.93948,45.14555,0.0 9.93948,45.14555,0.0 9.93948,45.14555,0.0 9.93948,45.14555,0.0 9.93948,45.14555,0.0 9.93948,45.14555,0.0 9.93948,45.14555,0.0 9.93948,45.14555,0.0 9.93948,45.14555,0.0 9.93948,45.14555,0.0 9.93948,45.14555,0.0 9.93948,45.14555,0.0 9.93948,45.14555,0.0 9.93948,45.14555,0.0 9.93948,45.14555,0.0 9.93948,45.14555,0.0 9.93948,45.14555,0.0 9.93948,45.14555,0.0 9.93948,45.14555,0.0 9.93948,45.14555,0.0 9.93948,45.14555,0.0 9.93948,45.14555,0.0 9.93948,45.14555,0.0 9.93948,45.14555,0.0</coordinates>
                    </LineString>
                </Placemark>
                <Placemark id="748">
                    <name>Rota 21:16</name>
                    <styleUrl>#2</styleUrl>
                    <LineString id="747">
                        <altitudeMode>clampToGround</altitudeMode>
                        <coordinates>9.93948,45.14555,0.0 9.93948,45.14555,0.0 9.93948,45.14555,0.0 9.93948,45.14555,0.0 9.93948,45.14555,0.0 9.93948,45.14555,0.0 9.93948,45.14555,0.0 9.93948,45.14555,0.0 9.93948,45.14555,0.0 9.93948,45.14555,0.0 9.93948,45.14555,0.0 9.93948,45.14555,0.0 9.93948,45.14555,0.0 9.93948,45.14555,0.0 9.93948,45.14555,0.0 9.93948,45.14555,0.0 9.93948,45.14555,0.0 9.93948,45.14555,0.0 9.93948,45.14555,0.0 9.93948,45.14555,0.0 9.93948,45.14555,0.0 9.93948,45.14555,0.0 9.93948,45.14555,0.0 9.93948,45.14555,0.0 9.93948,45.14555,0.0 9.93948,45.14555,0.0 9.93948,45.14555,0.0 9.93948,45.14555,0.0 9.93948,45.14555,0.0 9.93948,45.14555,0.0 9.93948,45.14555,0.0 9.93948,45.14555,0.0 9.93948,45.14555,0.0 9.93948,45.14555,0.0 9.93948,45.14555,0.0 9.93948,45.14555,0.0 9.93948,45.14555,0.0 9.93948,45.14555,0.0 9.93948,45.14555,0.0 9.93948,45.14555,0.0 9.93948,45.14555,0.0 9.93948,45.14555,0.0 9.93948,45.14555,0.0 9.93948,45.14555,0.0 9.93948,45.14555,0.0 9.93948,45.14555,0.0 9.93948,45.14555,0.0 9.93948,45.14555,0.0 9.93948,45.14555,0.0 9.93948,45.14555,0.0 9.93948,45.14555,0.0 9.93948,45.14555,0.0 9.93948,45.14555,0.0 9.93948,45.14555,0.0 9.93948,45.14555,0.0 9.93948,45.14555,0.0 9.93948,45.14555,0.0 9.93948,45.14555,0.0 9.93948,45.14555,0.0 9.93948,45.14555,0.0 9.93948,45.14555,0.0</coordinates>
                    </LineString>
                </Placemark>
                <Placemark id="750">
                    <name>Rota 21:17</name>
                    <styleUrl>#2</styleUrl>
                    <LineString id="749">
                        <altitudeMode>clampToGround</altitudeMode>
                        <coordinates>9.93948,45.14555,0.0 9.93948,45.14555,0.0 9.93948,45.14555,0.0 9.93948,45.14555,0.0 9.93948,45.14555,0.0 9.93948,45.14555,0.0 9.93948,45.14555,0.0 9.93948,45.14555,0.0 9.93948,45.14555,0.0 9.93948,45.14555,0.0 9.93948,45.14555,0.0 9.93948,45.14555,0.0 9.93948,45.14555,0.0 9.93948,45.14555,0.0 9.93948,45.14555,0.0 9.93948,45.14555,0.0 9.93948,45.14555,0.0 9.93948,45.14555,0.0 9.93948,45.14555,0.0 9.93948,45.14555,0.0 9.93948,45.14555,0.0 9.93948,45.14555,0.0 9.93948,45.14555,0.0 9.93948,45.14555,0.0 9.93948,45.14555,0.0 9.93948,45.14555,0.0 9.93948,45.14555,0.0 9.93948,45.14555,0.0 9.93948,45.14555,0.0 9.93948,45.14555,0.0 9.93948,45.14555,0.0 9.93948,45.14555,0.0 9.93948,45.14555,0.0 9.93948,45.14555,0.0 9.93948,45.14555,0.0 9.93948,45.14555,0.0 9.93948,45.14555,0.0 9.93948,45.14555,0.0 9.93948,45.14555,0.0 9.93948,45.14555,0.0 9.93948,45.14555,0.0 9.93948,45.14555,0.0 9.93948,45.14555,0.0 9.93948,45.14555,0.0 9.93948,45.14555,0.0 9.93948,45.14555,0.0 9.93948,45.14555,0.0 9.93948,45.14555,0.0 9.93948,45.14555,0.0 9.93948,45.14555,0.0 9.93948,45.14555,0.0 9.93948,45.14555,0.0 9.93948,45.14555,0.0 9.93948,45.14555,0.0 9.93948,45.14555,0.0 9.93948,45.14555,0.0 9.93948,45.14555,0.0 9.93948,45.14555,0.0 9.93948,45.14555,0.0 9.93948,45.14555,0.0 9.93948,45.14555,0.0</coordinates>
                    </LineString>
                </Placemark>
                <Placemark id="752">
                    <name>Rota 21:18</name>
                    <styleUrl>#2</styleUrl>
                    <LineString id="751">
                        <altitudeMode>clampToGround</altitudeMode>
                        <coordinates>9.93948,45.14555,0.0 9.93948,45.14555,0.0 9.93948,45.14555,0.0 9.93948,45.14555,0.0 9.93948,45.14555,0.0 9.93948,45.14555,0.0 9.93948,45.14555,0.0 9.93948,45.14555,0.0 9.93948,45.14555,0.0 9.93948,45.14555,0.0 9.93948,45.14555,0.0 9.93948,45.14555,0.0 9.93948,45.14555,0.0 9.93948,45.14555,0.0 9.93948,45.14555,0.0 9.93948,45.14555,0.0 9.93948,45.14555,0.0 9.93948,45.14555,0.0 9.93948,45.14555,0.0 9.93948,45.14555,0.0 9.93948,45.14555,0.0 9.93948,45.14555,0.0 9.93948,45.14555,0.0 9.93948,45.14555,0.0 9.93948,45.14555,0.0 9.93948,45.14555,0.0 9.93948,45.14555,0.0 9.93948,45.14555,0.0 9.93948,45.14555,0.0 9.93948,45.14555,0.0 9.93948,45.14555,0.0 9.93948,45.14555,0.0 9.93948,45.14555,0.0 9.93948,45.14555,0.0 9.93948,45.14555,0.0 9.93948,45.14555,0.0 9.93948,45.14555,0.0 9.93948,45.14555,0.0 9.93948,45.14555,0.0 9.93948,45.14555,0.0 9.93948,45.14555,0.0 9.93948,45.14555,0.0 9.93948,45.14555,0.0 9.93948,45.14555,0.0 9.93948,45.14555,0.0 9.93948,45.14555,0.0 9.93948,45.14555,0.0 9.93948,45.14555,0.0 9.93948,45.14555,0.0 9.93948,45.14555,0.0 9.93948,45.14555,0.0 9.93948,45.14555,0.0 9.93948,45.14555,0.0 9.93948,45.14555,0.0 9.93948,45.14555,0.0 9.93948,45.14555,0.0 9.93948,45.14555,0.0 9.93948,45.14555,0.0 9.93948,45.14555,0.0 9.93948,45.14555,0.0 9.93948,45.14555,0.0</coordinates>
                    </LineString>
                </Placemark>
                <Placemark id="754">
                    <name>Rota 21:19</name>
                    <styleUrl>#2</styleUrl>
                    <LineString id="753">
                        <altitudeMode>clampToGround</altitudeMode>
                        <coordinates>9.93948,45.14555,0.0 9.93948,45.14555,0.0 9.93948,45.14555,0.0 9.93948,45.14555,0.0 9.93948,45.14555,0.0 9.93948,45.14555,0.0 9.93948,45.14555,0.0 9.93948,45.14555,0.0 9.93948,45.14555,0.0 9.93948,45.14555,0.0 9.93948,45.14555,0.0 9.93948,45.14555,0.0 9.93948,45.14555,0.0 9.93948,45.14555,0.0 9.93948,45.14555,0.0 9.93948,45.14555,0.0 9.93948,45.14555,0.0 9.93948,45.14555,0.0 9.93948,45.14555,0.0 9.93948,45.14555,0.0 9.93948,45.14555,0.0 9.93948,45.14555,0.0 9.93948,45.14555,0.0 9.93948,45.14555,0.0 9.93948,45.14555,0.0 9.93948,45.14555,0.0 9.93948,45.14555,0.0 9.93948,45.14555,0.0 9.93948,45.14555,0.0 9.93948,45.14555,0.0 9.93948,45.14555,0.0 9.93948,45.14555,0.0 9.93948,45.14555,0.0 9.93948,45.14555,0.0 9.93948,45.14555,0.0 9.93948,45.14555,0.0 9.93948,45.14555,0.0 9.93948,45.14555,0.0 9.93948,45.14555,0.0 9.93948,45.14555,0.0 9.93948,45.14555,0.0 9.93948,45.14555,0.0 9.93948,45.14555,0.0 9.93948,45.14555,0.0 9.93948,45.14555,0.0 9.93948,45.14555,0.0 9.93948,45.14555,0.0 9.93948,45.14555,0.0 9.93948,45.14555,0.0 9.93948,45.14555,0.0 9.93948,45.14555,0.0 9.93948,45.14555,0.0 9.93948,45.14555,0.0 9.93948,45.14555,0.0 9.93948,45.14555,0.0 9.93948,45.14555,0.0 9.93948,45.14555,0.0 9.93948,45.14555,0.0 9.93948,45.14555,0.0 9.93948,45.14555,0.0 9.93948,45.14555,0.0</coordinates>
                    </LineString>
                </Placemark>
            </Folder>
            <Folder id="755">
                <name>21:20 – 21:29</name>
                <Placemark id="757">
                    <name>Rota 21:20</name>
                    <styleUrl>#2</styleUrl>
                    <LineString id="756">
                        <altitudeMode>clampToGround</altitudeMode>
                        <coordinates>9.93948,45.14555,0.0 9.93948,45.14555,0.0 9.93948,45.14555,0.0 9.93948,45.14555,0.0 9.93948,45.14555,0.0 9.93948,45.14555,0.0 9.93948,45.14555,0.0 9.93948,45.14555,0.0 9.93948,45.14555,0.0 9.93948,45.14555,0.0 9.93948,45.14555,0.0 9.93948,45.14555,0.0 9.93948,45.14555,0.0 9.93948,45.14555,0.0 9.93948,45.14555,0.0 9.93948,45.14555,0.0 9.93948,45.14555,0.0 9.93948,45.14555,0.0 9.93948,45.14555,0.0 9.93948,45.14555,0.0 9.93948,45.14555,0.0 9.93948,45.14555,0.0 9.93948,45.14555,0.0 9.93948,45.14555,0.0 9.93948,45.14555,0.0 9.93948,45.14555,0.0 9.93948,45.14555,0.0 9.93948,45.14555,0.0 9.93948,45.14555,0.0 9.93948,45.14555,0.0 9.93948,45.14555,0.0 9.93948,45.14555,0.0 9.93948,45.14555,0.0 9.93948,45.14555,0.0 9.93948,45.14555,0.0 9.93948,45.14555,0.0 9.93948,45.14555,0.0 9.93948,45.14555,0.0 9.93948,45.14555,0.0 9.93948,45.14555,0.0 9.93948,45.14555,0.0 9.93948,45.14555,0.0 9.93948,45.14555,0.0 9.93948,45.14555,0.0 9.93948,45.14555,0.0 9.93948,45.14555,0.0 9.93948,45.14555,0.0 9.93948,45.14555,0.0 9.93948,45.14555,0.0 9.93948,45.14555,0.0 9.93948,45.14555,0.0 9.93948,45.14555,0.0 9.93948,45.14555,0.0 9.93948,45.14555,0.0 9.93948,45.14555,0.0 9.93948,45.14555,0.0 9.93948,45.14555,0.0 9.93948,45.14555,0.0 9.93948,45.14555,0.0 9.93948,45.14555,0.0 9.93948,45.14555,0.0</coordinates>
                    </LineString>
                </Placemark>
                <Placemark id="759">
                    <name>Rota 21:21</name>
                    <styleUrl>#2</styleUrl>
                    <LineString id="758">
                        <altitudeMode>clampToGround</altitudeMode>
                        <coordinates>9.93948,45.14555,0.0 9.93948,45.14555,0.0 9.93948,45.14555,0.0 9.93948,45.14555,0.0 9.93948,45.14555,0.0 9.93948,45.14555,0.0 9.93948,45.14555,0.0 9.93948,45.14555,0.0 9.93948,45.14555,0.0 9.93948,45.14555,0.0 9.93948,45.14555,0.0 9.93948,45.14555,0.0 9.93948,45.14555,0.0 9.93948,45.14555,0.0 9.93948,45.14555,0.0 9.93948,45.14555,0.0 9.93948,45.14555,0.0 9.93948,45.14555,0.0 9.93948,45.14555,0.0 9.93948,45.14555,0.0 9.93948,45.14555,0.0 9.93948,45.14555,0.0 9.93948,45.14555,0.0 9.93948,45.14555,0.0 9.93948,45.14555,0.0 9.93948,45.14555,0.0 9.93948,45.14555,0.0 9.93948,45.14555,0.0 9.93948,45.14555,0.0 9.93948,45.14555,0.0 9.93948,45.14555,0.0 9.93948,45.14555,0.0 9.93948,45.14555,0.0 9.93948,45.14555,0.0 9.93948,45.14555,0.0 9.93948,45.14555,0.0 9.93948,45.14555,0.0 9.93948,45.14555,0.0 9.93948,45.14555,0.0 9.93948,45.14555,0.0 9.93948,45.14555,0.0 9.93948,45.14555,0.0 9.93948,45.14555,0.0 9.93948,45.14555,0.0 9.93948,45.14555,0.0 9.93948,45.14555,0.0 9.93948,45.14555,0.0 9.93948,45.14555,0.0 9.93948,45.14555,0.0 9.93948,45.14555,0.0 9.93948,45.14555,0.0 9.93948,45.14555,0.0 9.93948,45.14555,0.0 9.93948,45.14555,0.0 9.93948,45.14555,0.0 9.93948,45.14555,0.0 9.93948,45.14555,0.0 9.93948,45.14555,0.0 9.93948,45.14555,0.0 9.93948,45.14555,0.0 9.93948,45.14555,0.0</coordinates>
                    </LineString>
                </Placemark>
                <Placemark id="761">
                    <name>Rota 21:22</name>
                    <styleUrl>#2</styleUrl>
                    <LineString id="760">
                        <altitudeMode>clampToGround</altitudeMode>
                        <coordinates>9.93948,45.14555,0.0 9.93948,45.14555,0.0 9.93948,45.14555,0.0 9.93948,45.14555,0.0 9.93948,45.14555,0.0 9.93948,45.14555,0.0 9.93948,45.14555,0.0 9.93948,45.14555,0.0 9.93948,45.14555,0.0 9.93948,45.14555,0.0 9.93948,45.14555,0.0 9.93948,45.14555,0.0 9.93948,45.14555,0.0 9.93948,45.14555,0.0 9.93948,45.14555,0.0 9.93948,45.14555,0.0 9.93948,45.14555,0.0 9.93948,45.14555,0.0 9.93948,45.14555,0.0 9.93948,45.14555,0.0 9.93948,45.14555,0.0 9.93948,45.14555,0.0 9.93948,45.14555,0.0 9.93948,45.14555,0.0 9.93948,45.14555,0.0 9.93948,45.14555,0.0 9.93948,45.14555,0.0 9.93948,45.14555,0.0 9.93948,45.14555,0.0 9.93948,45.14555,0.0 9.93948,45.14555,0.0 9.93948,45.14555,0.0 9.93948,45.14555,0.0 9.93948,45.14555,0.0 9.93948,45.14555,0.0 9.93948,45.14555,0.0 9.93948,45.14555,0.0 9.93948,45.14555,0.0 9.93948,45.14555,0.0 9.93948,45.14555,0.0 9.93948,45.14555,0.0 9.93948,45.14555,0.0 9.93948,45.14555,0.0 9.93948,45.14555,0.0 9.93948,45.14555,0.0 9.93948,45.14555,0.0 9.93948,45.14555,0.0 9.93948,45.14555,0.0 9.93948,45.14555,0.0 9.93948,45.14555,0.0 9.93948,45.14555,0.0 9.93948,45.14555,0.0 9.93948,45.14555,0.0 9.93948,45.14555,0.0 9.93948,45.14555,0.0 9.93948,45.14555,0.0 9.93948,45.14555,0.0 9.93948,45.14555,0.0 9.93948,45.14555,0.0 9.93948,45.14555,0.0 9.93948,45.14555,0.0</coordinates>
                    </LineString>
                </Placemark>
                <Placemark id="763">
                    <name>Rota 21:23</name>
                    <styleUrl>#2</styleUrl>
                    <LineString id="762">
                        <altitudeMode>clampToGround</altitudeMode>
                        <coordinates>9.93948,45.14555,0.0 9.93948,45.14555,0.0 9.93948,45.14555,0.0 9.93948,45.14555,0.0 9.93948,45.14555,0.0 9.93948,45.14555,0.0 9.93948,45.14555,0.0 9.93948,45.14555,0.0 9.93948,45.14555,0.0 9.93948,45.14555,0.0 9.93948,45.14555,0.0 9.93948,45.14555,0.0 9.93948,45.14555,0.0 9.93948,45.14555,0.0 9.93948,45.14555,0.0 9.93948,45.14555,0.0 9.93948,45.14555,0.0 9.93948,45.14555,0.0 9.93948,45.14555,0.0 9.93948,45.14555,0.0 9.93948,45.14555,0.0 9.93948,45.14555,0.0 9.93948,45.14555,0.0 9.93948,45.14555,0.0 9.93948,45.14555,0.0 9.93948,45.14555,0.0 9.93948,45.14555,0.0 9.93948,45.14555,0.0 9.93948,45.14555,0.0 9.93948,45.14555,0.0 9.93948,45.14555,0.0 9.93948,45.14555,0.0 9.93948,45.14555,0.0 9.93948,45.14555,0.0 9.93948,45.14555,0.0 9.93946,45.14555,0.0 9.93946,45.14555,0.0 9.93947,45.14554,0.0 9.93947,45.14554,0.0 9.93947,45.14554,0.0 9.93948,45.14554,0.0 9.93948,45.14554,0.0 9.93948,45.14554,0.0 9.93948,45.14554,0.0 9.93948,45.14554,0.0 9.93948,45.14554,0.0 9.93948,45.14554,0.0 9.93948,45.14554,0.0 9.9395,45.14551,0.0 9.9395,45.1455,0.0 9.93949,45.14549,0.0 9.93949,45.14549,0.0 9.93949,45.14548,0.0 9.93948,45.14544,0.0 9.93947,45.14542,0.0 9.93947,45.1454,0.0 9.93947,45.14538,0.0 9.93947,45.14538,0.0 9.93947,45.14536,0.0 9.93946,45.14533,0.0 9.93946,45.14532,0.0</coordinates>
                    </LineString>
                </Placemark>
                <Placemark id="765">
                    <name>Rota 21:24</name>
                    <styleUrl>#2</styleUrl>
                    <LineString id="764">
                        <altitudeMode>clampToGround</altitudeMode>
                        <coordinates>9.93946,45.14532,0.0 9.93945,45.1453,0.0 9.93945,45.1453,0.0 9.93944,45.14529,0.0 9.93943,45.14528,0.0 9.93943,45.14528,0.0 9.93943,45.14528,0.0 9.93943,45.14528,0.0 9.93943,45.14528,0.0 9.93943,45.14528,0.0 9.93943,45.14528,0.0 9.93943,45.14528,0.0 9.93943,45.14528,0.0 9.93943,45.14528,0.0 9.93943,45.14528,0.0 9.93943,45.14528,0.0 9.93945,45.14526,0.0 9.93945,45.14527,0.0 9.93945,45.14527,0.0 9.93945,45.14528,0.0 9.93945,45.14528,0.0 9.93945,45.14528,0.0 9.93944,45.14529,0.0 9.93942,45.1453,0.0 9.93942,45.1453,0.0 9.93942,45.14529,0.0 9.93941,45.1453,0.0 9.93941,45.1453,0.0 9.93941,45.1453,0.0 9.93941,45.1453,0.0 9.93941,45.14531,0.0 9.93941,45.14532,0.0 9.93942,45.14532,0.0 9.93942,45.14533,0.0 9.93942,45.14533,0.0 9.93942,45.14534,0.0 9.93942,45.14536,0.0 9.93942,45.14537,0.0 9.93941,45.14538,0.0 9.93941,45.14539,0.0 9.93941,45.14539,0.0 9.93941,45.1454,0.0 9.93942,45.14543,0.0 9.93942,45.14544,0.0 9.93943,45.14545,0.0 9.93944,45.14546,0.0 9.93944,45.14547,0.0 9.93944,45.14547,0.0 9.93945,45.14548,0.0 9.93945,45.14548,0.0 9.93945,45.14548,0.0 9.93945,45.14548,0.0 9.93945,45.14548,0.0 9.93945,45.14548,0.0 9.93944,45.14547,0.0 9.93944,45.14547,0.0 9.93944,45.14548,0.0 9.93944,45.14548,0.0 9.93944,45.14548,0.0 9.93945,45.14548,0.0 9.93946,45.1455,0.0</coordinates>
                    </LineString>
                </Placemark>
                <Placemark id="767">
                    <name>Rota 21:25</name>
                    <styleUrl>#2</styleUrl>
                    <LineString id="766">
                        <altitudeMode>clampToGround</altitudeMode>
                        <coordinates>9.93946,45.1455,0.0 9.93946,45.1455,0.0 9.93946,45.1455,0.0 9.93946,45.1455,0.0 9.93946,45.1455,0.0 9.93946,45.1455,0.0 9.93946,45.1455,0.0 9.93946,45.1455,0.0 9.93946,45.1455,0.0 9.93946,45.1455,0.0 9.93946,45.1455,0.0 9.93946,45.1455,0.0 9.93946,45.1455,0.0 9.93946,45.1455,0.0 9.93946,45.1455,0.0 9.93946,45.1455,0.0 9.93946,45.1455,0.0 9.93946,45.1455,0.0 9.93946,45.1455,0.0 9.93946,45.1455,0.0 9.93948,45.14548,0.0 9.93948,45.14548,0.0 9.93948,45.14548,0.0 9.93948,45.14548,0.0 9.93948,45.14548,0.0 9.93948,45.14548,0.0 9.93948,45.14548,0.0 9.93948,45.14548,0.0 9.93948,45.14548,0.0 9.93948,45.14548,0.0 9.93948,45.14548,0.0 9.93948,45.14548,0.0 9.93948,45.14548,0.0 9.93948,45.14548,0.0 9.93948,45.14548,0.0 9.93948,45.14548,0.0 9.93948,45.14548,0.0 9.93948,45.14548,0.0 9.93948,45.14548,0.0 9.93948,45.14548,0.0 9.93948,45.14548,0.0 9.93948,45.14548,0.0 9.93947,45.14548,0.0 9.93947,45.14548,0.0 9.93947,45.14548,0.0 9.93947,45.14548,0.0 9.93947,45.14548,0.0 9.93947,45.14548,0.0 9.93947,45.14548,0.0 9.93947,45.14548,0.0 9.93947,45.14548,0.0 9.93947,45.14548,0.0 9.93947,45.14548,0.0 9.93947,45.14548,0.0 9.93947,45.14548,0.0 9.93947,45.14548,0.0 9.93947,45.14548,0.0 9.93947,45.14548,0.0 9.93947,45.14548,0.0 9.93947,45.14548,0.0 9.93947,45.14548,0.0</coordinates>
                    </LineString>
                </Placemark>
                <Placemark id="769">
                    <name>Rota 21:26</name>
                    <styleUrl>#2</styleUrl>
                    <LineString id="768">
                        <altitudeMode>clampToGround</altitudeMode>
                        <coordinates>9.93947,45.14548,0.0 9.93947,45.14548,0.0 9.93947,45.14548,0.0 9.93947,45.14548,0.0 9.93947,45.14548,0.0 9.93947,45.14548,0.0 9.93947,45.14548,0.0 9.93947,45.14548,0.0 9.93947,45.14548,0.0 9.93947,45.14548,0.0 9.93947,45.14548,0.0 9.93947,45.14548,0.0 9.93947,45.14548,0.0 9.93947,45.14548,0.0 9.93947,45.14548,0.0 9.93947,45.14548,0.0 9.93947,45.14548,0.0 9.93947,45.14548,0.0 9.93947,45.14548,0.0 9.93947,45.14548,0.0 9.93947,45.14548,0.0 9.93947,45.14548,0.0 9.93947,45.14548,0.0 9.93946,45.14547,0.0 9.93946,45.14547,0.0 9.93946,45.14548,0.0 9.93947,45.14549,0.0 9.93947,45.14549,0.0 9.93947,45.1455,0.0 9.93947,45.14551,0.0 9.93947,45.14553,0.0 9.93946,45.14554,0.0 9.93946,45.14555,0.0 9.93946,45.14555,0.0 9.93946,45.14556,0.0 9.93947,45.14557,0.0 9.93948,45.14559,0.0 9.93948,45.1456,0.0 9.93949,45.1456,0.0 9.93949,45.14561,0.0 9.93949,45.14561,0.0 9.93949,45.14561,0.0 9.93949,45.14561,0.0 9.93949,45.14561,0.0 9.93948,45.14562,0.0 9.93948,45.14562,0.0 9.93948,45.14562,0.0 9.93949,45.14562,0.0 9.9395,45.14562,0.0 9.9395,45.14561,0.0 9.9395,45.14562,0.0 9.9395,45.14562,0.0 9.9395,45.14562,0.0 9.9395,45.14562,0.0 9.93949,45.14563,0.0 9.93949,45.14563,0.0 9.9395,45.14563,0.0 9.9395,45.14563,0.0 9.9395,45.14563,0.0 9.9395,45.14563,0.0 9.9395,45.14563,0.0</coordinates>
                    </LineString>
                </Placemark>
                <Placemark id="771">
                    <name>Rota 21:27</name>
                    <styleUrl>#2</styleUrl>
                    <LineString id="770">
                        <altitudeMode>clampToGround</altitudeMode>
                        <coordinates>9.9395,45.14563,0.0 9.9395,45.14563,0.0 9.9395,45.14563,0.0 9.9395,45.14563,0.0 9.9395,45.14563,0.0 9.9395,45.14563,0.0 9.93951,45.14563,0.0 9.93951,45.14563,0.0 9.93951,45.14563,0.0 9.93951,45.14562,0.0 9.93951,45.14562,0.0 9.93951,45.14562,0.0 9.93952,45.14563,0.0 9.93953,45.14563,0.0 9.93953,45.14563,0.0 9.93953,45.14563,0.0 9.93954,45.14563,0.0 9.93954,45.14563,0.0 9.93954,45.14563,0.0 9.93954,45.14563,0.0 9.93954,45.14563,0.0 9.93954,45.14563,0.0 9.93954,45.14563,0.0 9.93954,45.14563,0.0 9.93954,45.14563,0.0 9.93954,45.14563,0.0 9.93954,45.14563,0.0 9.93954,45.14563,0.0 9.93954,45.14563,0.0 9.93954,45.14563,0.0 9.93954,45.14563,0.0 9.93954,45.14563,0.0 9.93954,45.14563,0.0 9.93954,45.14563,0.0 9.93954,45.14563,0.0 9.93954,45.14563,0.0 9.93954,45.14563,0.0 9.93954,45.14563,0.0 9.93954,45.14563,0.0 9.93954,45.14563,0.0 9.93954,45.14563,0.0 9.93954,45.14563,0.0 9.93954,45.14563,0.0 9.93954,45.14563,0.0 9.93954,45.14563,0.0 9.93954,45.14563,0.0 9.93954,45.14563,0.0 9.93954,45.14563,0.0 9.93954,45.14563,0.0 9.93954,45.14563,0.0 9.93954,45.14563,0.0 9.93954,45.14563,0.0 9.93954,45.14563,0.0 9.93954,45.14563,0.0 9.93954,45.14563,0.0 9.93954,45.14563,0.0 9.93954,45.14563,0.0 9.93954,45.14563,0.0 9.93956,45.14563,0.0 9.93955,45.14562,0.0 9.93955,45.14562,0.0</coordinates>
                    </LineString>
                </Placemark>
                <Placemark id="773">
                    <name>Rota 21:28</name>
                    <styleUrl>#2</styleUrl>
                    <LineString id="772">
                        <altitudeMode>clampToGround</altitudeMode>
                        <coordinates>9.93955,45.14562,0.0 9.93955,45.14562,0.0 9.93955,45.14562,0.0 9.93955,45.14562,0.0 9.93955,45.14562,0.0 9.93956,45.14564,0.0 9.93956,45.14564,0.0 9.93956,45.14564,0.0 9.93956,45.14564,0.0 9.93956,45.14564,0.0 9.93956,45.14562,0.0 9.93957,45.14562,0.0 9.93957,45.14561,0.0 9.93957,45.14561,0.0 9.93957,45.14561,0.0 9.93956,45.14561,0.0 9.93956,45.14561,0.0 9.93956,45.14561,0.0 9.93956,45.14561,0.0 9.93956,45.14561,0.0 9.93956,45.14561,0.0 9.93956,45.14561,0.0 9.93956,45.14561,0.0 9.93956,45.14561,0.0 9.93956,45.14561,0.0 9.93956,45.14561,0.0 9.93956,45.14561,0.0 9.93956,45.14561,0.0 9.93956,45.14561,0.0 9.93956,45.14561,0.0 9.93956,45.14561,0.0 9.93956,45.14561,0.0 9.93956,45.14561,0.0 9.93956,45.14561,0.0 9.93956,45.14561,0.0 9.93956,45.14561,0.0 9.93956,45.14561,0.0 9.93956,45.14561,0.0 9.93956,45.14561,0.0 9.93956,45.14561,0.0 9.93956,45.14561,0.0 9.93956,45.14561,0.0 9.93956,45.14561,0.0 9.93956,45.14561,0.0 9.93956,45.14561,0.0 9.93956,45.14561,0.0 9.93956,45.14561,0.0 9.93956,45.14561,0.0 9.93956,45.14561,0.0 9.93956,45.14561,0.0 9.93956,45.14561,0.0 9.93956,45.14561,0.0 9.93956,45.14561,0.0 9.93956,45.14561,0.0 9.93956,45.14561,0.0 9.93956,45.14561,0.0 9.93956,45.14561,0.0 9.93956,45.14561,0.0 9.93956,45.14561,0.0 9.93956,45.14561,0.0 9.93956,45.14561,0.0</coordinates>
                    </LineString>
                </Placemark>
                <Placemark id="775">
                    <name>Rota 21:29</name>
                    <styleUrl>#2</styleUrl>
                    <LineString id="774">
                        <altitudeMode>clampToGround</altitudeMode>
                        <coordinates>9.93956,45.14561,0.0 9.93956,45.14561,0.0 9.93956,45.14561,0.0 9.93956,45.14561,0.0 9.93956,45.14561,0.0 9.93956,45.14561,0.0 9.93956,45.14561,0.0 9.93956,45.14561,0.0 9.93956,45.14561,0.0 9.93956,45.14561,0.0 9.93956,45.14561,0.0 9.93956,45.14561,0.0 9.93956,45.14561,0.0 9.93956,45.14561,0.0 9.9395,45.14561,0.0 9.9395,45.14561,0.0 9.9395,45.14561,0.0 9.9395,45.14561,0.0 9.9395,45.14561,0.0 9.9395,45.14561,0.0 9.93951,45.14563,0.0 9.93951,45.14563,0.0 9.9395,45.14563,0.0 9.9395,45.14563,0.0 9.9395,45.14563,0.0 9.9395,45.14563,0.0 9.9395,45.14563,0.0 9.9395,45.14563,0.0 9.9395,45.14563,0.0 9.9395,45.14563,0.0 9.9395,45.14563,0.0 9.9395,45.14563,0.0 9.9395,45.14563,0.0 9.9395,45.14563,0.0 9.9395,45.14563,0.0 9.9395,45.14563,0.0 9.9395,45.14563,0.0 9.9395,45.14563,0.0 9.9395,45.14563,0.0 9.9395,45.14563,0.0 9.9395,45.14563,0.0 9.9395,45.14563,0.0 9.9395,45.14563,0.0 9.9395,45.14563,0.0 9.9395,45.14563,0.0 9.9395,45.14563,0.0 9.9395,45.14563,0.0 9.9395,45.14563,0.0 9.9395,45.14563,0.0 9.9395,45.14563,0.0 9.9395,45.14563,0.0 9.9395,45.14563,0.0 9.9395,45.14563,0.0 9.9395,45.14563,0.0 9.9395,45.14563,0.0 9.9395,45.14563,0.0 9.9395,45.14563,0.0 9.9395,45.14563,0.0 9.9395,45.14563,0.0 9.9395,45.14563,0.0 9.9395,45.14563,0.0</coordinates>
                    </LineString>
                </Placemark>
            </Folder>
            <Folder id="776">
                <name>21:30 – 21:39</name>
                <Placemark id="778">
                    <name>Rota 21:30</name>
                    <styleUrl>#2</styleUrl>
                    <LineString id="777">
                        <altitudeMode>clampToGround</altitudeMode>
                        <coordinates>9.9395,45.14563,0.0 9.9395,45.14563,0.0 9.9395,45.14563,0.0 9.9395,45.14563,0.0 9.9395,45.14563,0.0 9.9395,45.14563,0.0 9.9395,45.14563,0.0 9.9395,45.14563,0.0 9.9395,45.14563,0.0 9.9395,45.14563,0.0 9.9395,45.14563,0.0 9.9395,45.14563,0.0 9.9395,45.14563,0.0 9.9395,45.14563,0.0 9.9395,45.14563,0.0 9.9395,45.14563,0.0 9.9395,45.14563,0.0 9.93951,45.14564,0.0 9.93951,45.14564,0.0 9.9395,45.14565,0.0 9.9395,45.14564,0.0 9.9395,45.14564,0.0 9.9395,45.14564,0.0 9.9395,45.14564,0.0 9.9395,45.14564,0.0 9.9395,45.14564,0.0 9.9395,45.14564,0.0 9.9395,45.14564,0.0 9.9395,45.14564,0.0 9.9395,45.14564,0.0 9.9395,45.14564,0.0 9.9395,45.14564,0.0 9.9395,45.14564,0.0 9.9395,45.14564,0.0 9.9395,45.14564,0.0 9.9395,45.14564,0.0 9.9395,45.14564,0.0 9.9395,45.14564,0.0 9.9395,45.14564,0.0 9.9395,45.14564,0.0 9.9395,45.14564,0.0 9.9395,45.14564,0.0 9.9395,45.14564,0.0 9.9395,45.14564,0.0 9.9395,45.14564,0.0 9.9395,45.14564,0.0 9.9395,45.14564,0.0 9.9395,45.14564,0.0 9.9395,45.14564,0.0 9.9395,45.14564,0.0 9.9395,45.14564,0.0 9.9395,45.14564,0.0 9.9395,45.14564,0.0 9.9395,45.14564,0.0 9.9395,45.14564,0.0 9.9395,45.14564,0.0 9.9395,45.14564,0.0 9.9395,45.14564,0.0 9.9395,45.14564,0.0 9.9395,45.14564,0.0 9.9395,45.14564,0.0</coordinates>
                    </LineString>
                </Placemark>
                <Placemark id="780">
                    <name>Rota 21:31</name>
                    <styleUrl>#2</styleUrl>
                    <LineString id="779">
                        <altitudeMode>clampToGround</altitudeMode>
                        <coordinates>9.9395,45.14564,0.0 9.9395,45.14564,0.0 9.9395,45.14564,0.0 9.9395,45.14564,0.0 9.9395,45.14564,0.0 9.9395,45.14564,0.0 9.9395,45.14564,0.0 9.9395,45.14564,0.0 9.9395,45.14564,0.0 9.9395,45.14564,0.0 9.9395,45.14564,0.0 9.9395,45.14564,0.0 9.9395,45.14564,0.0 9.9395,45.14564,0.0 9.9395,45.14564,0.0 9.9395,45.14564,0.0 9.9395,45.14564,0.0 9.9395,45.14564,0.0 9.9395,45.14564,0.0 9.9395,45.14564,0.0 9.9395,45.14564,0.0 9.9395,45.14564,0.0 9.9395,45.14564,0.0 9.9395,45.14564,0.0 9.9395,45.14564,0.0 9.9395,45.14564,0.0 9.9395,45.14564,0.0 9.9395,45.14564,0.0 9.9395,45.14564,0.0 9.9395,45.14564,0.0 9.9395,45.14564,0.0 9.9395,45.14564,0.0 9.9395,45.14564,0.0 9.9395,45.14564,0.0 9.9395,45.14564,0.0 9.9395,45.14564,0.0 9.9395,45.14564,0.0 9.9395,45.14564,0.0 9.9395,45.14564,0.0 9.9395,45.14564,0.0 9.9395,45.14564,0.0 9.9395,45.14564,0.0 9.9395,45.14564,0.0 9.9395,45.14564,0.0 9.9395,45.14564,0.0 9.9395,45.14564,0.0 9.9395,45.14564,0.0 9.9395,45.14564,0.0 9.9395,45.14564,0.0 9.9395,45.14564,0.0 9.9395,45.14564,0.0 9.9395,45.14564,0.0 9.9395,45.14564,0.0 9.9395,45.14564,0.0 9.9395,45.14564,0.0 9.9395,45.14564,0.0 9.9395,45.14564,0.0 9.9395,45.14564,0.0 9.9395,45.14564,0.0 9.9395,45.14564,0.0 9.9395,45.14564,0.0</coordinates>
                    </LineString>
                </Placemark>
                <Placemark id="782">
                    <name>Rota 21:32</name>
                    <styleUrl>#2</styleUrl>
                    <LineString id="781">
                        <altitudeMode>clampToGround</altitudeMode>
                        <coordinates>9.9395,45.14564,0.0 9.9395,45.14564,0.0 9.9395,45.14564,0.0 9.9395,45.14564,0.0 9.9395,45.14564,0.0 9.9395,45.14564,0.0 9.9395,45.14564,0.0 9.9395,45.14564,0.0 9.9395,45.14564,0.0 9.9395,45.14564,0.0 9.9395,45.14564,0.0 9.9395,45.14564,0.0 9.9395,45.14564,0.0 9.9395,45.14564,0.0 9.9395,45.14564,0.0 9.9395,45.14564,0.0 9.9395,45.14564,0.0 9.9395,45.14564,0.0 9.9395,45.14564,0.0 9.9395,45.14564,0.0 9.9395,45.14564,0.0 9.9395,45.14564,0.0 9.9395,45.14564,0.0 9.9395,45.14564,0.0 9.9395,45.14564,0.0 9.9395,45.14564,0.0 9.9395,45.14564,0.0 9.9395,45.14564,0.0 9.9395,45.14564,0.0 9.9395,45.14564,0.0 9.9395,45.14564,0.0 9.9395,45.14564,0.0 9.9395,45.14564,0.0 9.9395,45.14564,0.0 9.9395,45.14564,0.0 9.9395,45.14564,0.0 9.9395,45.14564,0.0 9.9395,45.14564,0.0 9.9395,45.14564,0.0 9.9395,45.14564,0.0 9.9395,45.14564,0.0 9.9395,45.14564,0.0 9.9395,45.14564,0.0 9.9395,45.14564,0.0 9.9395,45.14564,0.0 9.9395,45.14564,0.0 9.9395,45.14564,0.0 9.9395,45.14564,0.0 9.9395,45.14564,0.0 9.9395,45.14564,0.0 9.9395,45.14564,0.0 9.9395,45.14564,0.0 9.9395,45.14564,0.0 9.9395,45.14564,0.0 9.9395,45.14564,0.0 9.9395,45.14564,0.0 9.9395,45.14564,0.0 9.9395,45.14564,0.0 9.9395,45.14564,0.0 9.9395,45.14564,0.0 9.9395,45.14564,0.0</coordinates>
                    </LineString>
                </Placemark>
                <Placemark id="784">
                    <name>Rota 21:33</name>
                    <styleUrl>#2</styleUrl>
                    <LineString id="783">
                        <altitudeMode>clampToGround</altitudeMode>
                        <coordinates>9.9395,45.14564,0.0 9.9395,45.14564,0.0 9.9395,45.14564,0.0 9.9395,45.14564,0.0 9.9395,45.14564,0.0 9.9395,45.14564,0.0 9.9395,45.14564,0.0 9.9395,45.14564,0.0 9.9395,45.14564,0.0 9.9395,45.14564,0.0 9.9395,45.14564,0.0 9.9395,45.14564,0.0 9.9395,45.14564,0.0 9.9395,45.14564,0.0 9.9395,45.14564,0.0 9.9395,45.14564,0.0 9.9395,45.14564,0.0 9.9395,45.14564,0.0 9.9395,45.14564,0.0 9.9395,45.14564,0.0 9.9395,45.14564,0.0 9.9395,45.14564,0.0 9.9395,45.14564,0.0 9.9395,45.14564,0.0 9.9395,45.14564,0.0 9.9395,45.14564,0.0 9.9395,45.14564,0.0 9.9395,45.14564,0.0 9.9395,45.14564,0.0 9.9395,45.14564,0.0 9.9395,45.14564,0.0 9.9395,45.14564,0.0 9.9395,45.14564,0.0 9.9395,45.14564,0.0 9.9395,45.14564,0.0 9.9395,45.14564,0.0 9.9395,45.14564,0.0 9.9395,45.14564,0.0 9.9395,45.14564,0.0 9.9395,45.14564,0.0 9.9395,45.14564,0.0 9.9395,45.14564,0.0 9.9395,45.14564,0.0 9.9395,45.14564,0.0 9.9395,45.14564,0.0 9.9395,45.14564,0.0 9.9395,45.14564,0.0 9.9395,45.14564,0.0 9.9395,45.14564,0.0 9.9395,45.14564,0.0 9.9395,45.14564,0.0 9.9395,45.14564,0.0 9.9395,45.14564,0.0 9.9395,45.14564,0.0 9.9395,45.14564,0.0 9.9395,45.14564,0.0 9.9395,45.14564,0.0 9.9395,45.14564,0.0 9.9395,45.14564,0.0 9.9395,45.14564,0.0 9.9395,45.14564,0.0</coordinates>
                    </LineString>
                </Placemark>
                <Placemark id="786">
                    <name>Rota 21:34</name>
                    <styleUrl>#2</styleUrl>
                    <LineString id="785">
                        <altitudeMode>clampToGround</altitudeMode>
                        <coordinates>9.9395,45.14564,0.0 9.9395,45.14564,0.0 9.9395,45.14564,0.0 9.9395,45.14564,0.0 9.9395,45.14564,0.0 9.9395,45.14564,0.0 9.9395,45.14564,0.0 9.9395,45.14564,0.0 9.9395,45.14564,0.0 9.9395,45.14564,0.0 9.9395,45.14564,0.0 9.9395,45.14564,0.0 9.9395,45.14564,0.0 9.9395,45.14564,0.0 9.9395,45.14564,0.0 9.9395,45.14564,0.0 9.9395,45.14564,0.0 9.9395,45.14564,0.0 9.9395,45.14564,0.0 9.9395,45.14564,0.0 9.9395,45.14564,0.0 9.9395,45.14564,0.0 9.9395,45.14564,0.0 9.9395,45.14564,0.0 9.9395,45.14564,0.0 9.9395,45.14564,0.0 9.9395,45.14564,0.0 9.9395,45.14564,0.0 9.9395,45.14564,0.0 9.9395,45.14564,0.0 9.9395,45.14564,0.0 9.9395,45.14564,0.0 9.9395,45.14564,0.0 9.9395,45.14564,0.0 9.9395,45.14564,0.0 9.9395,45.14564,0.0 9.9395,45.14564,0.0 9.9395,45.14564,0.0 9.9395,45.14564,0.0 9.9395,45.14564,0.0 9.9395,45.14564,0.0 9.9395,45.14564,0.0 9.9395,45.14564,0.0 9.9395,45.14564,0.0 9.9395,45.14564,0.0 9.9395,45.14564,0.0 9.9395,45.14564,0.0 9.9395,45.14564,0.0 9.9395,45.14564,0.0 9.9395,45.14564,0.0 9.9395,45.14564,0.0 9.9395,45.14564,0.0 9.9395,45.14564,0.0 9.9395,45.14564,0.0 9.9395,45.14564,0.0 9.9395,45.14564,0.0 9.9395,45.14564,0.0 9.9395,45.14564,0.0 9.9395,45.14564,0.0 9.9395,45.14564,0.0 9.9395,45.14564,0.0</coordinates>
                    </LineString>
                </Placemark>
                <Placemark id="788">
                    <name>Rota 21:35</name>
                    <styleUrl>#2</styleUrl>
                    <LineString id="787">
                        <altitudeMode>clampToGround</altitudeMode>
                        <coordinates>9.9395,45.14564,0.0 9.9395,45.14564,0.0 9.9395,45.14564,0.0 9.9395,45.14564,0.0 9.9395,45.14564,0.0 9.9395,45.14564,0.0 9.9395,45.14564,0.0 9.9395,45.14564,0.0 9.9395,45.14564,0.0 9.9395,45.14564,0.0 9.9395,45.14564,0.0 9.9395,45.14564,0.0 9.9395,45.14564,0.0 9.9395,45.14564,0.0 9.9395,45.14564,0.0 9.9395,45.14564,0.0 9.9395,45.14564,0.0 9.9395,45.14564,0.0 9.9395,45.14564,0.0 9.9395,45.14564,0.0 9.9395,45.14564,0.0 9.9395,45.14564,0.0 9.9395,45.14564,0.0 9.9395,45.14564,0.0 9.9395,45.14564,0.0 9.9395,45.14564,0.0 9.9395,45.14564,0.0 9.9395,45.14564,0.0 9.9395,45.14564,0.0 9.9395,45.14564,0.0 9.9395,45.14564,0.0 9.9395,45.14564,0.0 9.9395,45.14564,0.0 9.9395,45.14564,0.0 9.9395,45.14564,0.0 9.9395,45.14564,0.0 9.9395,45.14564,0.0 9.9395,45.14564,0.0 9.9395,45.14564,0.0 9.9395,45.14564,0.0 9.9395,45.14564,0.0 9.9395,45.14564,0.0 9.9395,45.14564,0.0 9.9395,45.14564,0.0 9.9395,45.14564,0.0 9.9395,45.14564,0.0 9.9395,45.14564,0.0 9.9395,45.14564,0.0 9.9395,45.14564,0.0 9.9395,45.14564,0.0 9.9395,45.14564,0.0 9.9395,45.14564,0.0 9.9395,45.14564,0.0 9.9395,45.14564,0.0 9.9395,45.14564,0.0 9.9395,45.14564,0.0 9.9395,45.14564,0.0 9.9395,45.14564,0.0 9.9395,45.14564,0.0 9.9395,45.14564,0.0 9.9395,45.14564,0.0</coordinates>
                    </LineString>
                </Placemark>
                <Placemark id="790">
                    <name>Rota 21:36</name>
                    <styleUrl>#2</styleUrl>
                    <LineString id="789">
                        <altitudeMode>clampToGround</altitudeMode>
                        <coordinates>9.9395,45.14564,0.0 9.9395,45.14564,0.0 9.9395,45.14564,0.0 9.9395,45.14564,0.0 9.9395,45.14564,0.0 9.9395,45.14564,0.0 9.9395,45.14564,0.0 9.9395,45.14564,0.0 9.9395,45.14564,0.0 9.9395,45.14564,0.0 9.9395,45.14564,0.0 9.9395,45.14564,0.0 9.9395,45.14564,0.0 9.9395,45.14564,0.0 9.9395,45.14564,0.0 9.9395,45.14564,0.0 9.9395,45.14564,0.0 9.9395,45.14564,0.0 9.9395,45.14564,0.0 9.9395,45.14564,0.0 9.9395,45.14564,0.0 9.9395,45.14564,0.0 9.9395,45.14564,0.0 9.9395,45.14564,0.0 9.9395,45.14564,0.0 9.9395,45.14564,0.0 9.9395,45.14564,0.0 9.9395,45.14564,0.0 9.9395,45.14564,0.0 9.9395,45.14564,0.0 9.9395,45.14564,0.0 9.9395,45.14564,0.0 9.9395,45.14564,0.0 9.9395,45.14564,0.0 9.9395,45.14564,0.0 9.9395,45.14564,0.0 9.9395,45.14564,0.0 9.9395,45.14564,0.0 9.9395,45.14564,0.0 9.9395,45.14564,0.0 9.9395,45.14564,0.0 9.9395,45.14564,0.0 9.9395,45.14564,0.0 9.9395,45.14564,0.0 9.9395,45.14564,0.0 9.9395,45.14564,0.0 9.9395,45.14564,0.0 9.9395,45.14564,0.0 9.9395,45.14564,0.0 9.9395,45.14564,0.0 9.9395,45.14564,0.0 9.9395,45.14564,0.0 9.9395,45.14564,0.0 9.9395,45.14564,0.0 9.9395,45.14564,0.0 9.9395,45.14564,0.0 9.9395,45.14564,0.0 9.9395,45.14564,0.0 9.9395,45.14564,0.0 9.9395,45.14564,0.0 9.9395,45.14564,0.0</coordinates>
                    </LineString>
                </Placemark>
                <Placemark id="792">
                    <name>Rota 21:37</name>
                    <styleUrl>#2</styleUrl>
                    <LineString id="791">
                        <altitudeMode>clampToGround</altitudeMode>
                        <coordinates>9.9395,45.14564,0.0 9.9395,45.14564,0.0 9.9395,45.14564,0.0 9.9395,45.14564,0.0 9.9395,45.14564,0.0 9.9395,45.14564,0.0 9.9395,45.14564,0.0 9.9395,45.14564,0.0 9.9395,45.14564,0.0 9.9395,45.14564,0.0 9.9395,45.14564,0.0 9.9395,45.14564,0.0 9.9395,45.14564,0.0 9.9395,45.14564,0.0 9.9395,45.14564,0.0 9.9395,45.14564,0.0 9.9395,45.14564,0.0 9.9395,45.14564,0.0 9.9395,45.14564,0.0 9.9395,45.14564,0.0 9.9395,45.14564,0.0 9.9395,45.14564,0.0 9.9395,45.14564,0.0 9.9395,45.14564,0.0 9.9395,45.14564,0.0 9.9395,45.14564,0.0 9.9395,45.14564,0.0 9.9395,45.14564,0.0 9.9395,45.14564,0.0 9.9395,45.14564,0.0 9.9395,45.14564,0.0 9.9395,45.14564,0.0 9.9395,45.14564,0.0 9.9395,45.14564,0.0 9.9395,45.14564,0.0 9.9395,45.14564,0.0 9.9395,45.14564,0.0 9.9395,45.14564,0.0 9.9395,45.14564,0.0 9.9395,45.14564,0.0 9.9395,45.14564,0.0 9.9395,45.14564,0.0 9.9395,45.14564,0.0 9.9395,45.14564,0.0 9.9395,45.14564,0.0 9.9395,45.14564,0.0 9.9395,45.14564,0.0 9.9395,45.14564,0.0 9.9395,45.14564,0.0 9.9395,45.14564,0.0 9.9395,45.14564,0.0 9.9395,45.14564,0.0 9.9395,45.14564,0.0 9.9395,45.14564,0.0 9.9395,45.14564,0.0 9.9395,45.14564,0.0 9.9395,45.14564,0.0 9.9395,45.14564,0.0 9.9395,45.14564,0.0 9.9395,45.14564,0.0 9.9395,45.14564,0.0</coordinates>
                    </LineString>
                </Placemark>
                <Placemark id="794">
                    <name>Rota 21:38</name>
                    <styleUrl>#2</styleUrl>
                    <LineString id="793">
                        <altitudeMode>clampToGround</altitudeMode>
                        <coordinates>9.9395,45.14564,0.0 9.9395,45.14564,0.0 9.9395,45.14564,0.0 9.9395,45.14564,0.0 9.9395,45.14564,0.0 9.9395,45.14564,0.0 9.9395,45.14564,0.0 9.9395,45.14564,0.0 9.9395,45.14564,0.0 9.9395,45.14564,0.0 9.9395,45.14564,0.0 9.9395,45.14564,0.0 9.9395,45.14564,0.0 9.9395,45.14564,0.0 9.9395,45.14564,0.0 9.9395,45.14564,0.0 9.9395,45.14564,0.0 9.9395,45.14564,0.0 9.9395,45.14564,0.0 9.9395,45.14564,0.0 9.9395,45.14564,0.0 9.9395,45.14564,0.0 9.9395,45.14564,0.0 9.9395,45.14564,0.0 9.9395,45.14564,0.0 9.9395,45.14564,0.0 9.9395,45.14564,0.0 9.9395,45.14564,0.0 9.9395,45.14564,0.0 9.9395,45.14564,0.0 9.9395,45.14564,0.0 9.9395,45.14564,0.0 9.9395,45.14564,0.0 9.9395,45.14564,0.0 9.9395,45.14564,0.0 9.9395,45.14564,0.0 9.9395,45.14564,0.0 9.9395,45.14564,0.0 9.9395,45.14564,0.0 9.9395,45.14564,0.0 9.9395,45.14564,0.0 9.9395,45.14564,0.0 9.9395,45.14564,0.0 9.9395,45.14564,0.0 9.9395,45.14564,0.0 9.9395,45.14564,0.0 9.9395,45.14564,0.0 9.9395,45.14564,0.0 9.9395,45.14564,0.0 9.9395,45.14564,0.0 9.9395,45.14564,0.0 9.9395,45.14564,0.0 9.9395,45.14564,0.0 9.9395,45.14564,0.0 9.9395,45.14564,0.0 9.9395,45.14564,0.0 9.9395,45.14564,0.0 9.9395,45.14564,0.0 9.9395,45.14564,0.0 9.9395,45.14564,0.0 9.9395,45.14564,0.0</coordinates>
                    </LineString>
                </Placemark>
                <Placemark id="796">
                    <name>Rota 21:39</name>
                    <styleUrl>#2</styleUrl>
                    <LineString id="795">
                        <altitudeMode>clampToGround</altitudeMode>
                        <coordinates>9.9395,45.14564,0.0 9.9395,45.14564,0.0 9.9395,45.14564,0.0 9.9395,45.14564,0.0 9.9395,45.14564,0.0 9.9395,45.14564,0.0 9.9395,45.14564,0.0 9.9395,45.14564,0.0 9.9395,45.14564,0.0 9.9395,45.14564,0.0 9.9395,45.14564,0.0 9.9395,45.14564,0.0 9.9395,45.14564,0.0 9.9395,45.14564,0.0 9.9395,45.14564,0.0 9.9395,45.14564,0.0 9.9395,45.14564,0.0 9.9395,45.14564,0.0 9.9395,45.14564,0.0 9.9395,45.14564,0.0 9.9395,45.14564,0.0 9.9395,45.14564,0.0 9.9395,45.14564,0.0 9.9395,45.14564,0.0 9.9395,45.14564,0.0 9.9395,45.14564,0.0 9.9395,45.14564,0.0 9.9395,45.14564,0.0 9.9395,45.14564,0.0 9.9395,45.14564,0.0 9.9395,45.14564,0.0 9.9395,45.14564,0.0 9.9395,45.14564,0.0 9.9395,45.14564,0.0 9.9395,45.14564,0.0 9.9395,45.14564,0.0 9.9395,45.14564,0.0 9.9395,45.14564,0.0 9.9395,45.14564,0.0 9.9395,45.14564,0.0 9.9395,45.14564,0.0 9.9395,45.14564,0.0 9.9395,45.14564,0.0 9.9395,45.14564,0.0 9.9395,45.14564,0.0 9.9395,45.14564,0.0 9.9395,45.14564,0.0 9.9395,45.14564,0.0 9.9395,45.14564,0.0 9.9395,45.14564,0.0 9.9395,45.14564,0.0 9.9395,45.14564,0.0 9.9395,45.14564,0.0 9.93956,45.14563,0.0 9.93956,45.14562,0.0 9.93956,45.14562,0.0 9.93957,45.14561,0.0 9.93957,45.14561,0.0 9.93958,45.14561,0.0 9.93958,45.14561,0.0 9.93958,45.14561,0.0</coordinates>
                    </LineString>
                </Placemark>
            </Folder>
            <Folder id="797">
                <name>21:40 – 21:49</name>
                <Placemark id="799">
                    <name>Rota 21:40</name>
                    <styleUrl>#2</styleUrl>
                    <LineString id="798">
                        <altitudeMode>clampToGround</altitudeMode>
                        <coordinates>9.93958,45.14561,0.0 9.93958,45.14561,0.0 9.93958,45.14561,0.0 9.93958,45.14561,0.0 9.93958,45.14561,0.0 9.93958,45.14561,0.0 9.93958,45.14561,0.0 9.93958,45.14561,0.0 9.93958,45.14561,0.0 9.93958,45.14561,0.0 9.93958,45.14561,0.0 9.93958,45.14561,0.0 9.93958,45.14561,0.0 9.93958,45.14561,0.0 9.93959,45.14561,0.0 9.93958,45.14562,0.0 9.93957,45.14562,0.0 9.93956,45.14562,0.0 9.93956,45.14562,0.0 9.93956,45.14562,0.0 9.93955,45.14562,0.0 9.93955,45.14562,0.0 9.93955,45.14562,0.0 9.93955,45.14562,0.0 9.93955,45.14562,0.0 9.93955,45.14562,0.0 9.93955,45.14562,0.0 9.93955,45.14562,0.0 9.93955,45.14562,0.0 9.93955,45.14562,0.0 9.93955,45.14562,0.0 9.93955,45.14562,0.0 9.93955,45.14562,0.0 9.93955,45.14562,0.0 9.93955,45.14562,0.0 9.93955,45.14562,0.0 9.93955,45.14562,0.0 9.93955,45.14562,0.0 9.93955,45.14562,0.0 9.93955,45.14562,0.0 9.93945,45.14561,0.0 9.93945,45.14561,0.0 9.93945,45.14562,0.0 9.93945,45.14562,0.0 9.93945,45.14563,0.0 9.93946,45.14564,0.0 9.93947,45.14564,0.0 9.93947,45.14564,0.0 9.93947,45.14564,0.0 9.93947,45.14564,0.0 9.93947,45.14564,0.0 9.93947,45.14564,0.0 9.93947,45.14564,0.0 9.93947,45.14564,0.0 9.93947,45.14564,0.0 9.93947,45.14564,0.0 9.93947,45.14564,0.0 9.93947,45.14564,0.0 9.93947,45.14564,0.0 9.93947,45.14564,0.0 9.93947,45.14564,0.0</coordinates>
                    </LineString>
                </Placemark>
                <Placemark id="801">
                    <name>Rota 21:41</name>
                    <styleUrl>#2</styleUrl>
                    <LineString id="800">
                        <altitudeMode>clampToGround</altitudeMode>
                        <coordinates>9.93947,45.14564,0.0 9.93947,45.14564,0.0 9.93947,45.14564,0.0 9.93947,45.14564,0.0 9.93947,45.14564,0.0 9.93947,45.14564,0.0 9.93947,45.14564,0.0 9.93947,45.14564,0.0 9.93947,45.14564,0.0 9.93947,45.14564,0.0 9.93947,45.14564,0.0 9.93947,45.14564,0.0 9.93947,45.14564,0.0 9.93947,45.14564,0.0 9.93947,45.14564,0.0 9.93947,45.14564,0.0 9.93947,45.14564,0.0 9.93947,45.14564,0.0 9.93947,45.14564,0.0 9.93947,45.14564,0.0 9.93947,45.14564,0.0 9.93947,45.14564,0.0 9.93947,45.14564,0.0 9.93947,45.14564,0.0 9.93947,45.14564,0.0 9.93947,45.14564,0.0 9.93947,45.14564,0.0 9.93947,45.14564,0.0 9.93947,45.14564,0.0 9.93947,45.14564,0.0 9.93947,45.14564,0.0 9.93947,45.14564,0.0 9.93947,45.14564,0.0 9.93947,45.14564,0.0 9.93947,45.14564,0.0 9.93947,45.14564,0.0 9.93947,45.14564,0.0 9.93947,45.14564,0.0 9.93947,45.14564,0.0 9.93947,45.14564,0.0 9.93947,45.14564,0.0 9.93947,45.14564,0.0 9.93947,45.14564,0.0 9.93947,45.14564,0.0 9.93947,45.14564,0.0 9.93947,45.14564,0.0 9.93947,45.14564,0.0 9.93947,45.14564,0.0 9.93947,45.14564,0.0 9.93947,45.14564,0.0 9.93947,45.14564,0.0 9.93947,45.14564,0.0 9.93947,45.14564,0.0 9.93947,45.14564,0.0 9.93947,45.14564,0.0 9.93947,45.14564,0.0 9.93947,45.14564,0.0 9.93947,45.14564,0.0 9.93947,45.14564,0.0 9.93947,45.14564,0.0 9.93947,45.14564,0.0</coordinates>
                    </LineString>
                </Placemark>
                <Placemark id="803">
                    <name>Rota 21:42</name>
                    <styleUrl>#2</styleUrl>
                    <LineString id="802">
                        <altitudeMode>clampToGround</altitudeMode>
                        <coordinates>9.93947,45.14564,0.0 9.93947,45.14564,0.0 9.93947,45.14564,0.0 9.93947,45.14564,0.0 9.93947,45.14564,0.0 9.93947,45.14564,0.0 9.93947,45.14564,0.0 9.93947,45.14564,0.0 9.93947,45.14564,0.0 9.93947,45.14564,0.0 9.93947,45.14564,0.0 9.93947,45.14564,0.0 9.93947,45.14564,0.0 9.93947,45.14564,0.0 9.93947,45.14564,0.0 9.93947,45.14564,0.0 9.93947,45.14564,0.0 9.93947,45.14564,0.0 9.93947,45.14564,0.0 9.93947,45.14564,0.0 9.93947,45.14564,0.0 9.93947,45.14564,0.0 9.93947,45.14564,0.0 9.93947,45.14564,0.0 9.93947,45.14564,0.0 9.93947,45.14564,0.0 9.93947,45.14564,0.0 9.93947,45.14564,0.0 9.93947,45.14564,0.0 9.93947,45.14564,0.0 9.93947,45.14564,0.0 9.93947,45.14564,0.0 9.93947,45.14564,0.0 9.93947,45.14564,0.0 9.93947,45.14564,0.0 9.93947,45.14564,0.0 9.93947,45.14564,0.0 9.93947,45.14564,0.0 9.93947,45.14564,0.0 9.93947,45.14564,0.0 9.93947,45.14564,0.0 9.93947,45.14564,0.0 9.93947,45.14564,0.0 9.93947,45.14564,0.0 9.93947,45.14564,0.0 9.93953,45.14564,0.0 9.93952,45.14563,0.0 9.93952,45.14563,0.0 9.93952,45.14563,0.0 9.93952,45.14563,0.0 9.93952,45.14563,0.0 9.93952,45.14563,0.0 9.93952,45.14563,0.0 9.93952,45.14563,0.0 9.93952,45.14563,0.0 9.93952,45.14563,0.0 9.93952,45.14563,0.0 9.93952,45.14563,0.0 9.93952,45.14563,0.0 9.93952,45.14563,0.0 9.93952,45.14563,0.0</coordinates>
                    </LineString>
                </Placemark>
                <Placemark id="805">
                    <name>Rota 21:43</name>
                    <styleUrl>#2</styleUrl>
                    <LineString id="804">
                        <altitudeMode>clampToGround</altitudeMode>
                        <coordinates>9.93952,45.14563,0.0 9.93952,45.14563,0.0 9.93952,45.14563,0.0 9.93952,45.14563,0.0 9.93952,45.14563,0.0 9.93952,45.14563,0.0 9.93952,45.14563,0.0 9.93952,45.14563,0.0 9.93952,45.14563,0.0 9.93952,45.14563,0.0 9.93952,45.14563,0.0 9.93952,45.14563,0.0 9.93952,45.14563,0.0 9.93952,45.14563,0.0 9.93952,45.14563,0.0 9.93952,45.14563,0.0 9.93952,45.14563,0.0 9.93952,45.14563,0.0 9.93952,45.14563,0.0 9.93952,45.14563,0.0 9.93952,45.14563,0.0 9.93952,45.14563,0.0 9.93952,45.14563,0.0 9.93952,45.14563,0.0 9.93952,45.14563,0.0 9.93952,45.14563,0.0 9.93952,45.14563,0.0 9.93952,45.14563,0.0 9.93952,45.14563,0.0 9.93952,45.14563,0.0 9.93952,45.14563,0.0 9.93952,45.14563,0.0 9.93952,45.14563,0.0 9.93952,45.14563,0.0 9.93952,45.14563,0.0 9.93952,45.14563,0.0 9.93952,45.14563,0.0 9.93952,45.14563,0.0 9.93952,45.14563,0.0 9.93952,45.14563,0.0 9.93952,45.14563,0.0 9.93952,45.14563,0.0 9.93952,45.14563,0.0 9.93952,45.14563,0.0 9.93952,45.14563,0.0 9.93952,45.14563,0.0 9.93952,45.14563,0.0 9.93952,45.14563,0.0 9.93952,45.14563,0.0 9.93952,45.14563,0.0 9.93952,45.14563,0.0 9.93952,45.14563,0.0 9.93952,45.14563,0.0 9.93952,45.14563,0.0 9.93952,45.14563,0.0 9.93952,45.14563,0.0 9.93952,45.14563,0.0 9.93952,45.14563,0.0 9.93952,45.14563,0.0 9.93952,45.14563,0.0 9.93952,45.14563,0.0</coordinates>
                    </LineString>
                </Placemark>
                <Placemark id="807">
                    <name>Rota 21:44</name>
                    <styleUrl>#2</styleUrl>
                    <LineString id="806">
                        <altitudeMode>clampToGround</altitudeMode>
                        <coordinates>9.93952,45.14563,0.0 9.93952,45.14563,0.0 9.93952,45.14563,0.0 9.93952,45.14563,0.0 9.93952,45.14563,0.0 9.93952,45.14563,0.0 9.93952,45.14563,0.0 9.93952,45.14563,0.0 9.93952,45.14563,0.0 9.93952,45.14563,0.0 9.93952,45.14563,0.0 9.93952,45.14563,0.0 9.93952,45.14563,0.0 9.93952,45.14563,0.0 9.93952,45.14563,0.0 9.93952,45.14563,0.0 9.93952,45.14563,0.0 9.93952,45.14563,0.0 9.93952,45.14563,0.0 9.93952,45.14563,0.0 9.93952,45.14563,0.0 9.93952,45.14563,0.0 9.93952,45.14563,0.0 9.93952,45.14563,0.0 9.93952,45.14563,0.0 9.93952,45.14563,0.0 9.93952,45.14563,0.0 9.93952,45.14563,0.0 9.93952,45.14563,0.0 9.93952,45.14563,0.0 9.93952,45.14563,0.0 9.93952,45.14563,0.0 9.93952,45.14563,0.0 9.93952,45.14563,0.0 9.93952,45.14563,0.0 9.93952,45.14563,0.0 9.93952,45.14563,0.0 9.93952,45.14563,0.0 9.93952,45.14563,0.0 9.93952,45.14563,0.0 9.93952,45.14563,0.0 9.93952,45.14563,0.0 9.93952,45.14563,0.0 9.93952,45.14563,0.0 9.93952,45.14563,0.0 9.93952,45.14563,0.0 9.93952,45.14563,0.0 9.93952,45.14563,0.0 9.93952,45.14563,0.0 9.93952,45.14563,0.0 9.93952,45.14563,0.0 9.93952,45.14563,0.0 9.93952,45.14563,0.0 9.93952,45.14563,0.0 9.93952,45.14563,0.0 9.93952,45.14563,0.0 9.93952,45.14563,0.0 9.93952,45.14563,0.0 9.93952,45.14563,0.0 9.93952,45.14563,0.0 9.93952,45.14563,0.0</coordinates>
                    </LineString>
                </Placemark>
                <Placemark id="809">
                    <name>Rota 21:45</name>
                    <styleUrl>#2</styleUrl>
                    <LineString id="808">
                        <altitudeMode>clampToGround</altitudeMode>
                        <coordinates>9.93952,45.14563,0.0 9.93952,45.14563,0.0 9.93952,45.14563,0.0 9.93952,45.14563,0.0 9.93952,45.14563,0.0 9.93952,45.14563,0.0 9.93952,45.14563,0.0 9.93952,45.14563,0.0 9.93952,45.14563,0.0 9.93952,45.14563,0.0 9.93952,45.14563,0.0 9.93952,45.14563,0.0 9.93952,45.14563,0.0 9.93952,45.14563,0.0 9.93952,45.14563,0.0 9.93952,45.14563,0.0 9.93952,45.14563,0.0 9.93952,45.14563,0.0 9.93952,45.14563,0.0 9.93952,45.14563,0.0 9.93952,45.14563,0.0 9.93952,45.14563,0.0 9.93952,45.14563,0.0 9.93952,45.14563,0.0 9.93952,45.14563,0.0 9.93952,45.14563,0.0 9.93952,45.14563,0.0 9.93952,45.14563,0.0 9.93952,45.14563,0.0 9.93952,45.14563,0.0 9.93952,45.14563,0.0 9.93952,45.14563,0.0 9.93952,45.14563,0.0 9.93952,45.14563,0.0 9.93952,45.14563,0.0 9.93952,45.14563,0.0 9.93952,45.14563,0.0 9.93956,45.14563,0.0 9.93956,45.14563,0.0 9.93955,45.14563,0.0 9.93955,45.14563,0.0 9.93955,45.14563,0.0 9.93955,45.14563,0.0 9.93953,45.14561,0.0 9.93953,45.14561,0.0 9.93951,45.14561,0.0 9.93951,45.14561,0.0 9.93949,45.14561,0.0 9.93949,45.14561,0.0 9.93947,45.14561,0.0 9.93947,45.14561,0.0 9.93946,45.14562,0.0 9.93946,45.14562,0.0 9.93946,45.14562,0.0 9.93946,45.14562,0.0 9.93943,45.14563,0.0 9.93943,45.14563,0.0 9.93939,45.14564,0.0 9.93939,45.14564,0.0 9.93938,45.14564,0.0 9.93938,45.14564,0.0 9.93936,45.14564,0.0 9.93936,45.14564,0.0 9.93933,45.14564,0.0 9.93933,45.14564,0.0 9.93931,45.14564,0.0 9.93931,45.14564,0.0 9.93931,45.14564,0.0 9.93931,45.14564,0.0 9.9393,45.14563,0.0 9.9393,45.14563,0.0 9.93927,45.14562,0.0 9.93927,45.14562,0.0 9.93926,45.14562,0.0 9.93926,45.14562,0.0 9.93926,45.14561,0.0 9.93926,45.14561,0.0 9.93926,45.14561,0.0 9.93926,45.14561,0.0 9.93926,45.14561,0.0 9.93926,45.14561,0.0 9.93926,45.14561,0.0 9.93926,45.14561,0.0 9.93926,45.14561,0.0 9.93926,45.14561,0.0 9.93926,45.14561,0.0 9.93926,45.14561,0.0 9.93927,45.14561,0.0 9.93927,45.14561,0.0 9.93927,45.14561,0.0 9.93927,45.14561,0.0 9.93927,45.14561,0.0 9.93927,45.14561,0.0 9.93928,45.14561,0.0 9.93928,45.14561,0.0 9.93929,45.14562,0.0 9.93929,45.14562,0.0 9.93929,45.14562,0.0 9.93929,45.14562,0.0 9.93928,45.14561,0.0 9.93928,45.14561,0.0 9.93927,45.14561,0.0 9.93927,45.14561,0.0 9.93927,45.14561,0.0 9.93927,45.14561,0.0 9.93926,45.14561,0.0 9.93926,45.14561,0.0 9.93921,45.14561,0.0 9.93921,45.14561,0.0 9.93919,45.14562,0.0 9.93919,45.14562,0.0 9.93917,45.14563,0.0 9.93917,45.14563,0.0 9.93915,45.14564,0.0 9.93915,45.14564,0.0 9.93915,45.14564,0.0 9.93915,45.14564,0.0 9.93914,45.14565,0.0 9.93914,45.14565,0.0 9.9391,45.14567,0.0 9.9391,45.14567,0.0</coordinates>
                    </LineString>
                </Placemark>
                <Placemark id="811">
                    <name>Rota 21:46</name>
                    <styleUrl>#2</styleUrl>
                    <LineString id="810">
                        <altitudeMode>clampToGround</altitudeMode>
                        <coordinates>9.9391,45.14567,0.0 9.93908,45.14567,0.0 9.93906,45.14568,0.0 9.93904,45.14569,0.0 9.93904,45.14569,0.0 9.93902,45.14569,0.0 9.93899,45.14569,0.0 9.93897,45.1457,0.0 9.93896,45.14571,0.0 9.93895,45.14571,0.0 9.93895,45.14571,0.0 9.93894,45.14571,0.0 9.93894,45.14571,0.0 9.93894,45.14571,0.0 9.93894,45.14571,0.0 9.93894,45.14571,0.0 9.93894,45.14571,0.0 9.93894,45.14571,0.0 9.93894,45.14571,0.0 9.93894,45.14571,0.0 9.93894,45.14571,0.0 9.93894,45.14571,0.0 9.93894,45.14571,0.0 9.93894,45.14571,0.0 9.93894,45.14571,0.0 9.93894,45.14571,0.0 9.93894,45.14571,0.0 9.93894,45.14571,0.0 9.93894,45.14571,0.0</coordinates>
                    </LineString>
                </Placemark>
            </Folder>
            <Folder id="812">
                <name>21:50 – 21:59</name>
                <Placemark id="814">
                    <name>Rota 21:51</name>
                    <styleUrl>#2</styleUrl>
                    <LineString id="813">
                        <altitudeMode>clampToGround</altitudeMode>
                        <coordinates>0.0,0.0,0.0 0.0,0.0,0.0 9.93893,45.14568,0.0 9.93893,45.14568,0.0</coordinates>
                    </LineString>
                </Placemark>
                <Placemark id="816">
                    <name>Rota 21:52</name>
                    <styleUrl>#2</styleUrl>
                    <LineString id="815">
                        <altitudeMode>clampToGround</altitudeMode>
                        <coordinates>9.93893,45.14568,0.0 9.93893,45.14568,0.0 9.93893,45.14569,0.0 9.93893,45.14569,0.0 9.93893,45.14569,0.0 9.93893,45.14569,0.0 9.93893,45.14569,0.0 9.93893,45.14569,0.0 9.93893,45.14569,0.0 9.93892,45.14569,0.0 9.93888,45.14569,0.0 9.93886,45.14569,0.0 9.93883,45.14568,0.0 9.9388,45.14568,0.0 9.9388,45.14568,0.0 9.93876,45.14567,0.0 9.93868,45.14567,0.0 9.93865,45.14566,0.0 9.93861,45.14566,0.0 9.93858,45.14566,0.0 9.93856,45.14566,0.0 9.93856,45.14566,0.0 9.93854,45.14565,0.0 9.9385,45.14564,0.0 9.93849,45.14563,0.0 9.93848,45.14562,0.0 9.93848,45.14561,0.0 9.93848,45.14561,0.0 9.93848,45.1456,0.0 9.93848,45.1456,0.0 9.93848,45.14559,0.0 9.93848,45.14559,0.0 9.93848,45.14559,0.0 9.93848,45.14558,0.0 9.93849,45.14557,0.0 9.93849,45.14557,0.0 9.93849,45.14557,0.0 9.93848,45.14558,0.0 9.93848,45.14559,0.0 9.93848,45.14559,0.0 9.93848,45.1456,0.0 9.93848,45.14559,0.0 9.93848,45.14558,0.0 9.93848,45.14558,0.0 9.93849,45.14558,0.0 9.93849,45.14558,0.0 9.93849,45.14558,0.0 9.93849,45.14558,0.0 9.93849,45.14558,0.0 9.93849,45.14558,0.0 9.93849,45.14558,0.0 9.93849,45.14559,0.0 9.93848,45.14559,0.0 9.93848,45.14559,0.0 9.93848,45.1456,0.0 9.93847,45.14561,0.0 9.93846,45.14562,0.0 9.93844,45.14563,0.0 9.93843,45.14563,0.0 9.93844,45.14563,0.0 9.93844,45.14563,0.0</coordinates>
                    </LineString>
                </Placemark>
                <Placemark id="818">
                    <name>Rota 21:53</name>
                    <styleUrl>#2</styleUrl>
                    <LineString id="817">
                        <altitudeMode>clampToGround</altitudeMode>
                        <coordinates>9.93844,45.14563,0.0 9.93844,45.14563,0.0 9.93847,45.14563,0.0 9.93849,45.14562,0.0 9.93851,45.14562,0.0 9.93853,45.14562,0.0 9.93853,45.14562,0.0 9.93856,45.14563,0.0 9.9386,45.14565,0.0 9.93862,45.14566,0.0 9.93865,45.14567,0.0 9.93867,45.14567,0.0 9.93871,45.14568,0.0 9.93871,45.14568,0.0 9.93874,45.14569,0.0 9.93881,45.1457,0.0 9.93885,45.1457,0.0 9.93888,45.1457,0.0 9.93892,45.1457,0.0 9.93892,45.1457,0.0 9.93899,45.1457,0.0 9.93902,45.1457,0.0 9.93904,45.1457,0.0 9.93906,45.14569,0.0 9.93906,45.14569,0.0 9.93908,45.14569,0.0 9.93913,45.14568,0.0 9.93915,45.14567,0.0 9.93918,45.14567,0.0 9.9392,45.14566,0.0 9.93923,45.14566,0.0 9.93923,45.14566,0.0 9.93928,45.14564,0.0 9.93931,45.14563,0.0 9.93933,45.14563,0.0 9.93936,45.14561,0.0 9.93936,45.14561,0.0 9.93938,45.1456,0.0 9.9394,45.14557,0.0 9.93942,45.14555,0.0 9.93942,45.14554,0.0 9.93943,45.14552,0.0 9.93943,45.14552,0.0 9.93943,45.1455,0.0 9.93944,45.14546,0.0 9.93944,45.14545,0.0 9.93945,45.14544,0.0 9.93945,45.14543,0.0 9.93945,45.14543,0.0 9.93945,45.14543,0.0 9.93945,45.14541,0.0 9.93945,45.1454,0.0 9.93945,45.14539,0.0 9.93945,45.14538,0.0 9.93945,45.14538,0.0 9.93945,45.14537,0.0 9.93945,45.14533,0.0 9.93945,45.14532,0.0 9.93945,45.1453,0.0 9.93945,45.14529,0.0 9.93945,45.14529,0.0</coordinates>
                    </LineString>
                </Placemark>
                <Placemark id="820">
                    <name>Rota 21:54</name>
                    <styleUrl>#2</styleUrl>
                    <LineString id="819">
                        <altitudeMode>clampToGround</altitudeMode>
                        <coordinates>9.93945,45.14529,0.0 9.93945,45.14527,0.0 9.93945,45.14525,0.0 9.93945,45.14524,0.0 9.93946,45.14523,0.0 9.93947,45.14522,0.0 9.93947,45.14522,0.0 9.93948,45.14522,0.0 9.93949,45.14521,0.0 9.93952,45.14519,0.0 9.93952,45.14519,0.0 9.93953,45.14519,0.0 9.93953,45.14519,0.0 9.93953,45.14519,0.0 9.93954,45.14519,0.0 9.93954,45.14519,0.0 9.93954,45.14519,0.0 9.93954,45.14518,0.0 9.93954,45.14518,0.0 9.93954,45.14518,0.0 9.93954,45.14518,0.0 9.93954,45.14518,0.0 9.93955,45.14518,0.0 9.93955,45.14518,0.0 9.93955,45.14518,0.0 9.93955,45.14518,0.0 9.93955,45.14518,0.0 9.93955,45.14518,0.0 9.93955,45.14518,0.0 9.93955,45.14518,0.0 9.93955,45.14518,0.0 9.93955,45.14518,0.0 9.93955,45.14518,0.0 9.93955,45.14518,0.0 9.93955,45.14518,0.0 9.93955,45.14518,0.0 9.93955,45.14518,0.0 9.93955,45.14518,0.0 9.93955,45.14518,0.0 9.93955,45.14518,0.0 9.93955,45.14518,0.0 9.93955,45.14518,0.0 9.93955,45.14518,0.0 9.93955,45.14518,0.0 9.93955,45.14518,0.0 9.93955,45.14518,0.0 9.93955,45.14518,0.0 9.93956,45.14518,0.0 9.93956,45.14518,0.0 9.93956,45.14518,0.0 9.93957,45.14518,0.0 9.93957,45.14518,0.0 9.93958,45.14518,0.0 9.9396,45.14518,0.0 9.9396,45.14518,0.0 9.93961,45.14518,0.0 9.93961,45.14518,0.0 9.93962,45.14518,0.0 9.93962,45.14518,0.0 9.93962,45.14518,0.0 9.93962,45.14518,0.0</coordinates>
                    </LineString>
                </Placemark>
                <Placemark id="822">
                    <name>Rota 21:55</name>
                    <styleUrl>#2</styleUrl>
                    <LineString id="821">
                        <altitudeMode>clampToGround</altitudeMode>
                        <coordinates>9.93962,45.14518,0.0 9.93962,45.14518,0.0 9.93962,45.14518,0.0 9.93962,45.14518,0.0 9.93962,45.14518,0.0 9.93962,45.14518,0.0 9.93962,45.14518,0.0 9.93962,45.14518,0.0 9.93962,45.14518,0.0 9.93962,45.14518,0.0 9.93962,45.14518,0.0 9.93962,45.14518,0.0 9.93962,45.14518,0.0 9.93961,45.14518,0.0 9.93961,45.14518,0.0 9.93961,45.14518,0.0 9.93961,45.14518,0.0 9.93961,45.14518,0.0 9.93961,45.14518,0.0 9.93961,45.14518,0.0 9.93961,45.14518,0.0 9.93961,45.14518,0.0 9.93961,45.14518,0.0 9.9396,45.14518,0.0 9.9396,45.14518,0.0 9.9396,45.14518,0.0 9.9396,45.14518,0.0 9.9396,45.14518,0.0 9.9396,45.14518,0.0 9.9396,45.14518,0.0 9.9396,45.14518,0.0 9.9396,45.14518,0.0 9.93961,45.14518,0.0 9.93961,45.14518,0.0 9.93961,45.14518,0.0 9.9396,45.14518,0.0 9.9396,45.14518,0.0 9.9396,45.14518,0.0 9.9396,45.14519,0.0 9.9396,45.14519,0.0 9.9396,45.14519,0.0 9.9396,45.14519,0.0 9.9396,45.14519,0.0 9.9396,45.14519,0.0 9.9396,45.14519,0.0 9.93961,45.14519,0.0 9.93961,45.14519,0.0 9.93961,45.14519,0.0 9.93963,45.14519,0.0 9.93964,45.14519,0.0 9.93965,45.14519,0.0 9.93966,45.14519,0.0 9.93967,45.14519,0.0 9.93967,45.14519,0.0 9.93969,45.14519,0.0 9.93973,45.14519,0.0 9.93974,45.14519,0.0 9.93974,45.14519,0.0 9.93975,45.14519,0.0 9.93975,45.14519,0.0 9.93975,45.14519,0.0</coordinates>
                    </LineString>
                </Placemark>
                <Placemark id="824">
                    <name>Rota 21:56</name>
                    <styleUrl>#2</styleUrl>
                    <LineString id="823">
                        <altitudeMode>clampToGround</altitudeMode>
                        <coordinates>9.93975,45.14519,0.0 9.93975,45.14519,0.0 9.93975,45.14518,0.0 9.93975,45.14518,0.0 9.93975,45.14518,0.0 9.93975,45.14518,0.0 9.93975,45.14518,0.0 9.93975,45.14518,0.0 9.93973,45.14518,0.0 9.93972,45.14518,0.0 9.93971,45.14518,0.0 9.9397,45.14518,0.0 9.9397,45.14518,0.0 9.9397,45.14518,0.0 9.93968,45.14519,0.0 9.93967,45.14519,0.0 9.93966,45.14519,0.0 9.93965,45.14519,0.0 9.93964,45.14518,0.0 9.93963,45.14518,0.0 9.93961,45.14518,0.0 9.9396,45.14517,0.0 9.9396,45.14517,0.0 9.93958,45.14517,0.0 9.93956,45.14517,0.0 9.93956,45.14517,0.0 9.93956,45.14517,0.0 9.93956,45.14517,0.0 9.93956,45.14517,0.0 9.93957,45.14517,0.0 9.93959,45.14516,0.0 9.93961,45.14516,0.0 9.93962,45.14516,0.0 9.93963,45.14516,0.0 9.93964,45.14516,0.0 9.93964,45.14516,0.0 9.93964,45.14516,0.0 9.93961,45.14516,0.0 9.9396,45.14516,0.0 9.93958,45.14516,0.0 9.93957,45.14516,0.0 9.93957,45.14516,0.0 9.93956,45.14516,0.0 9.93955,45.14516,0.0 9.93954,45.14516,0.0 9.93954,45.14515,0.0 9.93953,45.14515,0.0 9.93953,45.14515,0.0 9.93952,45.14515,0.0 9.93951,45.14515,0.0 9.93951,45.14515,0.0 9.93951,45.14515,0.0 9.93951,45.14515,0.0 9.93951,45.14515,0.0 9.9395,45.14515,0.0 9.93949,45.14515,0.0 9.93949,45.14515,0.0 9.93948,45.14515,0.0 9.93947,45.14516,0.0 9.93947,45.14516,0.0 9.93947,45.14516,0.0</coordinates>
                    </LineString>
                </Placemark>
                <Placemark id="826">
                    <name>Rota 21:57</name>
                    <styleUrl>#2</styleUrl>
                    <LineString id="825">
                        <altitudeMode>clampToGround</altitudeMode>
                        <coordinates>9.93947,45.14516,0.0 9.93945,45.14516,0.0 9.93943,45.14516,0.0 9.93943,45.14516,0.0 9.93942,45.14516,0.0 9.93942,45.14516,0.0 9.93942,45.14516,0.0 9.93942,45.14516,0.0 9.93942,45.14516,0.0 9.93942,45.14516,0.0 9.93942,45.14516,0.0 9.93942,45.14516,0.0 9.93943,45.14516,0.0 9.93943,45.14516,0.0 9.93943,45.14516,0.0 9.93943,45.14516,0.0 9.93943,45.14516,0.0 9.93943,45.14516,0.0 9.93943,45.14516,0.0 9.93943,45.14516,0.0 9.93943,45.14516,0.0 9.93943,45.14516,0.0 9.93943,45.14516,0.0 9.93943,45.14516,0.0 9.93943,45.14516,0.0 9.93943,45.14517,0.0 9.93943,45.14517,0.0 9.93943,45.14517,0.0 9.93943,45.14517,0.0 9.93943,45.14517,0.0 9.93943,45.14517,0.0 9.93943,45.14517,0.0 9.93943,45.14517,0.0 9.93943,45.14517,0.0 9.93943,45.14517,0.0 9.93943,45.14517,0.0 9.93942,45.14517,0.0 9.93942,45.14517,0.0 9.93942,45.14517,0.0 9.93942,45.14517,0.0 9.93942,45.14517,0.0 9.93942,45.14517,0.0 9.93942,45.14516,0.0 9.93942,45.14516,0.0 9.93942,45.14516,0.0 9.93942,45.14516,0.0 9.93942,45.14516,0.0 9.93942,45.14516,0.0 9.93942,45.14516,0.0 9.93942,45.14517,0.0 9.93942,45.14517,0.0 9.93942,45.14516,0.0 9.93942,45.14516,0.0 9.93942,45.14517,0.0 9.93942,45.14517,0.0 9.93942,45.14517,0.0 9.93942,45.14517,0.0 9.93942,45.14516,0.0 9.93943,45.14516,0.0 9.93943,45.14516,0.0 9.93943,45.14516,0.0</coordinates>
                    </LineString>
                </Placemark>
                <Placemark id="828">
                    <name>Rota 21:58</name>
                    <styleUrl>#2</styleUrl>
                    <LineString id="827">
                        <altitudeMode>clampToGround</altitudeMode>
                        <coordinates>9.93943,45.14516,0.0 9.93943,45.14516,0.0 9.93943,45.14516,0.0 9.93943,45.14516,0.0 9.93944,45.14516,0.0 9.93945,45.14516,0.0 9.93946,45.14516,0.0 9.93947,45.14516,0.0 9.93947,45.14516,0.0 9.93948,45.14516,0.0 9.93949,45.14516,0.0 9.93949,45.14516,0.0 9.93949,45.14516,0.0 9.93949,45.14516,0.0 9.93949,45.14516,0.0 9.93949,45.14516,0.0 9.93949,45.14516,0.0 9.93949,45.14516,0.0 9.93949,45.14516,0.0 9.93949,45.14516,0.0 9.93949,45.14516,0.0 9.93949,45.14516,0.0 9.93949,45.14516,0.0 9.93949,45.14516,0.0 9.93949,45.14516,0.0 9.93949,45.14516,0.0 9.93949,45.14516,0.0 9.93949,45.14516,0.0 9.93949,45.14515,0.0 9.93949,45.14515,0.0 9.93948,45.14515,0.0 9.93948,45.14515,0.0 9.93948,45.14515,0.0 9.93948,45.14515,0.0 9.93948,45.14515,0.0 9.93948,45.14515,0.0 9.93948,45.14516,0.0 9.93948,45.14516,0.0 9.93948,45.14516,0.0 9.93948,45.14516,0.0 9.93948,45.14516,0.0 9.93948,45.14516,0.0 9.93948,45.14516,0.0 9.93948,45.14516,0.0 9.93948,45.14516,0.0 9.93948,45.14516,0.0 9.93948,45.14516,0.0 9.93948,45.14516,0.0 9.93948,45.14516,0.0 9.93948,45.14516,0.0 9.93948,45.14516,0.0 9.93948,45.14516,0.0 9.93948,45.14516,0.0 9.93948,45.14515,0.0 9.93948,45.14515,0.0 9.93948,45.14515,0.0 9.93948,45.14515,0.0 9.93948,45.14515,0.0 9.93948,45.14515,0.0 9.93948,45.14515,0.0 9.93948,45.14515,0.0</coordinates>
                    </LineString>
                </Placemark>
                <Placemark id="830">
                    <name>Rota 21:59</name>
                    <styleUrl>#2</styleUrl>
                    <LineString id="829">
                        <altitudeMode>clampToGround</altitudeMode>
                        <coordinates>9.93948,45.14515,0.0 9.93948,45.14515,0.0 9.93948,45.14515,0.0 9.93948,45.14514,0.0 9.93948,45.14514,0.0 9.93948,45.14514,0.0 9.93948,45.14514,0.0 9.93948,45.14514,0.0 9.93948,45.14514,0.0 9.93948,45.14514,0.0 9.93948,45.14514,0.0 9.93948,45.14514,0.0 9.93948,45.14514,0.0 9.93948,45.14514,0.0 9.93948,45.14514,0.0 9.93948,45.14514,0.0 9.93948,45.14514,0.0 9.93948,45.14514,0.0 9.93949,45.14514,0.0 9.93949,45.14514,0.0 9.93949,45.14514,0.0 9.9395,45.14514,0.0 9.9395,45.14514,0.0 9.93951,45.14514,0.0 9.93955,45.14514,0.0 9.93957,45.14514,0.0 9.93958,45.14514,0.0 9.93958,45.14514,0.0 9.93958,45.14514,0.0 9.93958,45.14514,0.0 9.93958,45.14514,0.0 9.93958,45.14514,0.0 9.93958,45.14514,0.0 9.93958,45.14514,0.0 9.93958,45.14514,0.0 9.93958,45.14514,0.0 9.93958,45.14514,0.0 9.93958,45.14514,0.0 9.93958,45.14514,0.0 9.93958,45.14514,0.0 9.93958,45.14514,0.0 9.93958,45.14514,0.0 9.93958,45.14514,0.0 9.93958,45.14514,0.0 9.93958,45.14514,0.0 9.93958,45.14514,0.0 9.93958,45.14514,0.0 9.93958,45.14515,0.0 9.93958,45.14515,0.0 9.93958,45.14515,0.0 9.93958,45.14515,0.0 9.93958,45.14515,0.0 9.93958,45.14516,0.0 9.93958,45.14516,0.0 9.93958,45.14516,0.0 9.93958,45.14516,0.0 9.93958,45.14516,0.0 9.93958,45.14516,0.0 9.93958,45.14516,0.0 9.93958,45.14516,0.0 9.93958,45.14515,0.0</coordinates>
                    </LineString>
                </Placemark>
            </Folder>
        </Folder>
        <Folder id="831">
            <name>2026-09-24 22:00</name>
            <Folder id="832">
                <name>22:00 – 22:09</name>
                <Placemark id="834">
                    <name>Rota 22:00</name>
                    <styleUrl>#2</styleUrl>
                    <LineString id="833">
                        <altitudeMode>clampToGround</altitudeMode>
                        <coordinates>9.93958,45.14515,0.0 9.93958,45.14515,0.0 9.93958,45.14515,0.0 9.93957,45.14515,0.0 9.93957,45.14515,0.0 9.93957,45.14514,0.0 9.93957,45.14514,0.0 9.93957,45.14514,0.0 9.93957,45.14514,0.0 9.93957,45.14514,0.0 9.93957,45.14514,0.0 9.93958,45.14514,0.0 9.93958,45.14514,0.0 9.93958,45.14514,0.0 9.93958,45.14514,0.0 9.93958,45.14514,0.0 9.93957,45.14514,0.0 9.93957,45.14514,0.0 9.93957,45.14514,0.0 9.93957,45.14514,0.0 9.93957,45.14514,0.0 9.93957,45.14514,0.0 9.93957,45.14514,0.0 9.93957,45.14514,0.0 9.93957,45.14514,0.0 9.93958,45.14514,0.0 9.93958,45.14514,0.0 9.93958,45.14514,0.0 9.93958,45.14514,0.0 9.93958,45.14514,0.0 9.93958,45.14515,0.0 9.93958,45.14514,0.0 9.93958,45.14514,0.0 9.93958,45.14514,0.0 9.93959,45.14514,0.0 9.93959,45.14514,0.0 9.93959,45.14515,0.0 9.93959,45.14515,0.0 9.93959,45.14515,0.0 9.93958,45.14515,0.0 9.93958,45.14515,0.0 9.93958,45.14515,0.0 9.93958,45.14515,0.0 9.93958,45.14515,0.0 9.93958,45.14515,0.0 9.93958,45.14515,0.0 9.93958,45.14515,0.0 9.93958,45.14515,0.0 9.93958,45.14515,0.0 9.93958,45.14515,0.0 9.93958,45.14515,0.0 9.93958,45.14515,0.0 9.93958,45.14515,0.0 9.93958,45.14515,0.0 9.93959,45.14515,0.0 9.93961,45.14515,0.0 9.93961,45.14516,0.0 9.93962,45.14516,0.0 9.93963,45.14516,0.0 9.93963,45.14516,0.0 9.93964,45.14516,0.0</coordinates>
                    </LineString>
                </Placemark>
                <Placemark id="836">
                    <name>Rota 22:01</name>
                    <styleUrl>#2</styleUrl>
                    <LineString id="835">
                        <altitudeMode>clampToGround</altitudeMode>
                        <coordinates>9.93964,45.14516,0.0 9.93964,45.14516,0.0 9.93964,45.14516,0.0 9.93964,45.14516,0.0 9.93964,45.14515,0.0 9.93964,45.14515,0.0 9.93964,45.14515,0.0 9.93965,45.14515,0.0 9.93965,45.14515,0.0 9.93965,45.14515,0.0 9.93965,45.14515,0.0 9.93965,45.14515,0.0 9.93965,45.14515,0.0 9.93965,45.14515,0.0 9.93965,45.14515,0.0 9.93965,45.14515,0.0 9.93965,45.14515,0.0 9.93965,45.14515,0.0 9.93965,45.14515,0.0 9.93965,45.14515,0.0 9.93965,45.14515,0.0 9.93965,45.14515,0.0 9.93965,45.14515,0.0 9.93965,45.14515,0.0 9.93965,45.14515,0.0 9.93965,45.14515,0.0 9.93964,45.14515,0.0 9.93964,45.14515,0.0 9.93964,45.14515,0.0 9.93964,45.14515,0.0 9.93964,45.14515,0.0 9.93964,45.14515,0.0 9.93964,45.14515,0.0 9.93964,45.14515,0.0 9.93964,45.14515,0.0 9.93964,45.14515,0.0 9.93964,45.14515,0.0 9.93964,45.14514,0.0 9.93964,45.14514,0.0 9.93964,45.14514,0.0 9.93964,45.14514,0.0 9.93964,45.14514,0.0 9.93964,45.14514,0.0 9.93964,45.14514,0.0 9.93964,45.14514,0.0 9.93964,45.14514,0.0 9.93964,45.14514,0.0 9.93964,45.14514,0.0 9.93964,45.14514,0.0 9.93964,45.14514,0.0 9.93964,45.14514,0.0 9.93964,45.14514,0.0 9.93964,45.14514,0.0 9.93964,45.14514,0.0 9.93964,45.14514,0.0 9.93964,45.14514,0.0 9.93964,45.14514,0.0 9.93963,45.14514,0.0 9.93963,45.14514,0.0 9.93963,45.14514,0.0 9.93963,45.14514,0.0</coordinates>
                    </LineString>
                </Placemark>
                <Placemark id="838">
                    <name>Rota 22:02</name>
                    <styleUrl>#2</styleUrl>
                    <LineString id="837">
                        <altitudeMode>clampToGround</altitudeMode>
                        <coordinates>9.93963,45.14514,0.0 9.93963,45.14514,0.0 9.93963,45.14514,0.0 9.93963,45.14514,0.0 9.93963,45.14514,0.0 9.93963,45.14514,0.0 9.93963,45.14514,0.0 9.93963,45.14514,0.0 9.93963,45.14514,0.0 9.93963,45.14515,0.0 9.93963,45.14515,0.0 9.93963,45.14515,0.0 9.93963,45.14515,0.0 9.93963,45.14515,0.0 9.93963,45.14515,0.0 9.93963,45.14516,0.0 9.93963,45.14516,0.0 9.93963,45.14516,0.0 9.93963,45.14516,0.0 9.93963,45.14516,0.0 9.93963,45.14516,0.0 9.93963,45.14516,0.0 9.93963,45.14516,0.0 9.93963,45.14516,0.0 9.93963,45.14516,0.0 9.93963,45.14516,0.0 9.93963,45.14516,0.0 9.93963,45.14516,0.0 9.93963,45.14516,0.0 9.93963,45.14516,0.0 9.93963,45.14516,0.0 9.93963,45.14516,0.0 9.93963,45.14515,0.0 9.93963,45.14515,0.0 9.93963,45.14515,0.0 9.93963,45.14515,0.0 9.93963,45.14515,0.0 9.93963,45.14515,0.0 9.93963,45.14515,0.0 9.93963,45.14515,0.0 9.93963,45.14515,0.0 9.93963,45.14515,0.0 9.93963,45.14515,0.0 9.93964,45.14515,0.0 9.93964,45.14515,0.0 9.93964,45.14515,0.0 9.93964,45.14515,0.0 9.93964,45.14515,0.0 9.93964,45.14515,0.0 9.93964,45.14515,0.0 9.93964,45.14515,0.0 9.93964,45.14514,0.0 9.93964,45.14514,0.0 9.93964,45.14514,0.0 9.93964,45.14514,0.0 9.93964,45.14514,0.0 9.93964,45.14514,0.0 9.93965,45.14514,0.0 9.93965,45.14514,0.0 9.93965,45.14514,0.0 9.93965,45.14514,0.0</coordinates>
                    </LineString>
                </Placemark>
                <Placemark id="840">
                    <name>Rota 22:03</name>
                    <styleUrl>#2</styleUrl>
                    <LineString id="839">
                        <altitudeMode>clampToGround</altitudeMode>
                        <coordinates>9.93965,45.14514,0.0 9.93965,45.14514,0.0 9.93965,45.14514,0.0 9.93965,45.14514,0.0 9.93965,45.14514,0.0 9.93965,45.14514,0.0 9.93965,45.14514,0.0 9.93965,45.14514,0.0 9.93965,45.14514,0.0 9.93966,45.14514,0.0 9.93966,45.14514,0.0 9.93966,45.14514,0.0 9.93966,45.14514,0.0 9.93966,45.14514,0.0 9.93966,45.14514,0.0 9.93965,45.14514,0.0 9.93965,45.14515,0.0 9.93965,45.14515,0.0 9.93965,45.14515,0.0 9.93965,45.14515,0.0 9.93965,45.14515,0.0 9.93965,45.14514,0.0 9.93965,45.14514,0.0 9.93965,45.14514,0.0 9.93964,45.14514,0.0 9.93964,45.14514,0.0 9.93964,45.14514,0.0 9.93964,45.14515,0.0 9.93964,45.14515,0.0 9.93963,45.14515,0.0 9.93963,45.14515,0.0 9.93963,45.14515,0.0 9.93963,45.14514,0.0 9.93963,45.14514,0.0 9.93962,45.14514,0.0 9.93962,45.14514,0.0 9.93962,45.14514,0.0 9.93962,45.14514,0.0 9.93962,45.14513,0.0 9.93962,45.14513,0.0 9.93963,45.14513,0.0 9.93963,45.14513,0.0 9.93963,45.14513,0.0 9.93963,45.14513,0.0 9.93963,45.14513,0.0 9.93963,45.14513,0.0 9.93963,45.14513,0.0 9.93963,45.14513,0.0 9.93963,45.14513,0.0 9.93963,45.14513,0.0 9.93963,45.14513,0.0 9.93963,45.14513,0.0 9.93964,45.14513,0.0 9.93964,45.14513,0.0 9.93965,45.14513,0.0 9.93965,45.14513,0.0 9.93966,45.14512,0.0 9.93966,45.14512,0.0 9.93965,45.14512,0.0 9.93965,45.14512,0.0 9.93965,45.14513,0.0</coordinates>
                    </LineString>
                </Placemark>
                <Placemark id="842">
                    <name>Rota 22:04</name>
                    <styleUrl>#2</styleUrl>
                    <LineString id="841">
                        <altitudeMode>clampToGround</altitudeMode>
                        <coordinates>9.93965,45.14513,0.0 9.93965,45.14513,0.0 9.93965,45.14513,0.0 9.93965,45.14513,0.0 9.93965,45.14513,0.0 9.93965,45.14513,0.0 9.93965,45.14514,0.0 9.93965,45.14514,0.0 9.93965,45.14514,0.0 9.93964,45.14514,0.0 9.93964,45.14514,0.0 9.93965,45.14514,0.0 9.93966,45.14514,0.0 9.93966,45.14514,0.0 9.93968,45.14514,0.0 9.93968,45.14515,0.0 9.93968,45.14515,0.0 9.93968,45.14515,0.0 9.93968,45.14515,0.0 9.93968,45.14515,0.0 9.93968,45.14516,0.0 9.93968,45.14516,0.0 9.93968,45.14516,0.0 9.93967,45.14516,0.0 9.93967,45.14517,0.0 9.93967,45.14517,0.0 9.93967,45.14517,0.0 9.93967,45.14517,0.0 9.93967,45.14517,0.0 9.93967,45.14517,0.0 9.93967,45.14517,0.0 9.93967,45.14517,0.0 9.93967,45.14516,0.0 9.93967,45.14516,0.0 9.93967,45.14516,0.0 9.93967,45.14516,0.0 9.93967,45.14516,0.0 9.93968,45.14516,0.0 9.93967,45.14516,0.0 9.93967,45.14516,0.0 9.93968,45.14516,0.0 9.93968,45.14516,0.0 9.93968,45.14515,0.0 9.93968,45.14515,0.0 9.93967,45.14515,0.0 9.93967,45.14515,0.0 9.93967,45.14515,0.0 9.93967,45.14515,0.0 9.93967,45.14516,0.0 9.93967,45.14515,0.0 9.93967,45.14515,0.0 9.93967,45.14515,0.0 9.93967,45.14515,0.0 9.93967,45.14515,0.0 9.93967,45.14515,0.0 9.93967,45.14515,0.0 9.93966,45.14515,0.0 9.93966,45.14515,0.0 9.93966,45.14514,0.0 9.93966,45.14514,0.0 9.93966,45.14514,0.0</coordinates>
                    </LineString>
                </Placemark>
                <Placemark id="844">
                    <name>Rota 22:05</name>
                    <styleUrl>#2</styleUrl>
                    <LineString id="843">
                        <altitudeMode>clampToGround</altitudeMode>
                        <coordinates>9.93966,45.14514,0.0 9.93966,45.14514,0.0 9.93966,45.14514,0.0 9.93966,45.14514,0.0 9.93966,45.14514,0.0 9.93966,45.14514,0.0 9.93966,45.14514,0.0 9.93966,45.14514,0.0 9.93966,45.14514,0.0 9.93967,45.14514,0.0 9.9397,45.14514,0.0 9.93971,45.14514,0.0 9.93972,45.14514,0.0 9.93972,45.14514,0.0 9.93973,45.14514,0.0 9.93974,45.14514,0.0 9.93974,45.14514,0.0 9.93974,45.14514,0.0 9.93974,45.14514,0.0 9.93974,45.14514,0.0 9.93974,45.14514,0.0 9.93975,45.14514,0.0 9.93975,45.14514,0.0 9.93975,45.14514,0.0 9.93975,45.14514,0.0 9.93975,45.14514,0.0 9.93975,45.14515,0.0 9.93975,45.14515,0.0 9.93974,45.14515,0.0 9.93974,45.14515,0.0 9.93974,45.14515,0.0 9.93974,45.14515,0.0 9.93974,45.14515,0.0 9.93974,45.14515,0.0 9.93974,45.14515,0.0 9.93974,45.14515,0.0 9.93974,45.14515,0.0 9.93974,45.14516,0.0 9.93974,45.14516,0.0 9.93974,45.14515,0.0 9.93974,45.14515,0.0 9.93974,45.14515,0.0 9.93974,45.14515,0.0 9.93974,45.14515,0.0 9.93974,45.14515,0.0 9.93973,45.14515,0.0 9.93973,45.14514,0.0 9.93973,45.14514,0.0 9.93972,45.14514,0.0 9.93972,45.14513,0.0 9.93973,45.14513,0.0 9.93973,45.14512,0.0 9.93973,45.14512,0.0 9.93973,45.14512,0.0 9.93973,45.14512,0.0 9.93974,45.14511,0.0 9.93974,45.14511,0.0 9.93974,45.14511,0.0 9.93974,45.14511,0.0 9.93973,45.14511,0.0 9.93971,45.1451,0.0</coordinates>
                    </LineString>
                </Placemark>
                <Placemark id="846">
                    <name>Rota 22:06</name>
                    <styleUrl>#2</styleUrl>
                    <LineString id="845">
                        <altitudeMode>clampToGround</altitudeMode>
                        <coordinates>9.93971,45.1451,0.0 9.9397,45.1451,0.0 9.93968,45.1451,0.0 9.93967,45.1451,0.0 9.93967,45.1451,0.0 9.93966,45.1451,0.0 9.93965,45.1451,0.0 9.93965,45.1451,0.0 9.93964,45.1451,0.0 9.93962,45.1451,0.0 9.93962,45.1451,0.0 9.93961,45.1451,0.0 9.93959,45.1451,0.0 9.93958,45.1451,0.0 9.93958,45.1451,0.0 9.93958,45.1451,0.0 9.93958,45.1451,0.0 9.93957,45.1451,0.0 9.93957,45.1451,0.0 9.93957,45.1451,0.0 9.93957,45.1451,0.0 9.93957,45.1451,0.0 9.93957,45.1451,0.0 9.93957,45.1451,0.0 9.93957,45.1451,0.0 9.93957,45.1451,0.0 9.93957,45.1451,0.0 9.93957,45.1451,0.0 9.93957,45.1451,0.0 9.93957,45.1451,0.0 9.93957,45.1451,0.0 9.93957,45.1451,0.0 9.93957,45.1451,0.0 9.93957,45.1451,0.0 9.93957,45.1451,0.0 9.93957,45.1451,0.0 9.93957,45.1451,0.0 9.93957,45.1451,0.0 9.93957,45.1451,0.0 9.93957,45.1451,0.0 9.93957,45.1451,0.0 9.93957,45.1451,0.0 9.93957,45.1451,0.0 9.93957,45.1451,0.0 9.93957,45.1451,0.0 9.93957,45.1451,0.0 9.93957,45.1451,0.0 9.93957,45.1451,0.0 9.93956,45.1451,0.0 9.93956,45.1451,0.0 9.93956,45.1451,0.0 9.93956,45.1451,0.0 9.93956,45.1451,0.0 9.93956,45.1451,0.0 9.93956,45.1451,0.0 9.93956,45.1451,0.0 9.93956,45.1451,0.0 9.93956,45.1451,0.0 9.93956,45.1451,0.0 9.93956,45.1451,0.0 9.93956,45.1451,0.0</coordinates>
                    </LineString>
                </Placemark>
                <Placemark id="848">
                    <name>Rota 22:07</name>
                    <styleUrl>#2</styleUrl>
                    <LineString id="847">
                        <altitudeMode>clampToGround</altitudeMode>
                        <coordinates>9.93956,45.1451,0.0 9.93956,45.1451,0.0 9.93956,45.1451,0.0 9.93956,45.14511,0.0 9.93956,45.14511,0.0 9.93956,45.14511,0.0 9.93956,45.14511,0.0 9.93957,45.14511,0.0 9.93957,45.14511,0.0 9.93957,45.14511,0.0 9.93957,45.14511,0.0 9.93957,45.14511,0.0 9.93957,45.14511,0.0 9.93957,45.14511,0.0 9.93957,45.14511,0.0 9.93958,45.14511,0.0 9.93958,45.14511,0.0 9.93958,45.14511,0.0 9.93958,45.14512,0.0 9.93958,45.14512,0.0 9.93958,45.14512,0.0 9.93958,45.14512,0.0 9.93958,45.14512,0.0 9.93958,45.14512,0.0 9.93958,45.14512,0.0 9.93958,45.14512,0.0 9.93958,45.14512,0.0 9.93958,45.14512,0.0 9.93958,45.14512,0.0 9.93959,45.14512,0.0 9.93959,45.14512,0.0 9.93959,45.14512,0.0 9.93959,45.14512,0.0 9.93959,45.14512,0.0 9.93959,45.14512,0.0 9.93959,45.14512,0.0 9.93959,45.14512,0.0 9.9396,45.14512,0.0 9.9396,45.14512,0.0 9.9396,45.14512,0.0 9.9396,45.14513,0.0 9.9396,45.14513,0.0 9.9396,45.14513,0.0 9.9396,45.14513,0.0 9.9396,45.14513,0.0 9.9396,45.14513,0.0 9.9396,45.14513,0.0 9.9396,45.14513,0.0 9.9396,45.14513,0.0 9.9396,45.14513,0.0 9.93961,45.14513,0.0 9.93961,45.14513,0.0 9.93961,45.14513,0.0 9.93961,45.14513,0.0 9.93961,45.14513,0.0 9.93961,45.14513,0.0 9.93961,45.14513,0.0 9.93961,45.14513,0.0 9.93961,45.14513,0.0 9.93961,45.14513,0.0 9.93961,45.14513,0.0</coordinates>
                    </LineString>
                </Placemark>
                <Placemark id="850">
                    <name>Rota 22:08</name>
                    <styleUrl>#2</styleUrl>
                    <LineString id="849">
                        <altitudeMode>clampToGround</altitudeMode>
                        <coordinates>9.93961,45.14513,0.0 9.93961,45.14513,0.0 9.93961,45.14513,0.0 9.93961,45.14513,0.0 9.93961,45.14513,0.0 9.93961,45.14513,0.0 9.9396,45.14513,0.0 9.9396,45.14513,0.0 9.9396,45.14513,0.0 9.9396,45.14513,0.0 9.9396,45.14513,0.0 9.9396,45.14513,0.0 9.9396,45.14513,0.0 9.9396,45.14513,0.0 9.9396,45.14513,0.0 9.9396,45.14513,0.0 9.9396,45.14513,0.0 9.9396,45.14513,0.0 9.9396,45.14513,0.0 9.9396,45.14513,0.0 9.9396,45.14513,0.0 9.9396,45.14513,0.0 9.9396,45.14513,0.0 9.9396,45.14513,0.0 9.9396,45.14513,0.0 9.9396,45.14513,0.0 9.9396,45.14513,0.0 9.9396,45.14513,0.0 9.9396,45.14513,0.0 9.9396,45.14513,0.0 9.9396,45.14512,0.0 9.9396,45.14512,0.0 9.9396,45.14512,0.0 9.9396,45.14512,0.0 9.9396,45.14512,0.0 9.9396,45.14512,0.0 9.9396,45.14512,0.0 9.9396,45.14512,0.0 9.9396,45.14512,0.0 9.9396,45.14512,0.0 9.9396,45.14512,0.0 9.9396,45.14512,0.0 9.9396,45.14512,0.0 9.9396,45.14512,0.0 9.9396,45.14512,0.0 9.9396,45.14511,0.0 9.9396,45.14511,0.0 9.9396,45.14511,0.0 9.9396,45.14511,0.0 9.9396,45.14511,0.0 9.9396,45.14511,0.0 9.9396,45.14511,0.0 9.9396,45.14511,0.0 9.9396,45.14511,0.0 9.9396,45.14511,0.0 9.9396,45.14511,0.0 9.93959,45.14511,0.0 9.93959,45.14511,0.0 9.93959,45.14511,0.0 9.93959,45.14511,0.0 9.93959,45.14511,0.0</coordinates>
                    </LineString>
                </Placemark>
                <Placemark id="852">
                    <name>Rota 22:09</name>
                    <styleUrl>#2</styleUrl>
                    <LineString id="851">
                        <altitudeMode>clampToGround</altitudeMode>
                        <coordinates>9.93959,45.14511,0.0 9.93959,45.14511,0.0 9.93959,45.14511,0.0 9.93959,45.14511,0.0 9.93959,45.14511,0.0 9.93959,45.14511,0.0 9.93959,45.14511,0.0 9.93959,45.14511,0.0 9.93959,45.14511,0.0 9.93958,45.14511,0.0 9.93958,45.14511,0.0 9.93958,45.14511,0.0 9.93959,45.1451,0.0 9.93958,45.1451,0.0 9.93959,45.1451,0.0 9.93959,45.1451,0.0 9.93959,45.1451,0.0 9.93959,45.1451,0.0 9.93959,45.1451,0.0 9.93959,45.1451,0.0 9.93959,45.1451,0.0 9.93959,45.1451,0.0 9.93959,45.1451,0.0 9.93959,45.1451,0.0 9.93959,45.1451,0.0 9.93959,45.1451,0.0 9.93959,45.1451,0.0 9.93959,45.1451,0.0 9.93959,45.1451,0.0 9.93959,45.1451,0.0 9.93959,45.1451,0.0 9.93959,45.1451,0.0 9.93959,45.1451,0.0 9.93959,45.1451,0.0 9.93959,45.1451,0.0 9.93959,45.1451,0.0 9.93959,45.1451,0.0 9.93959,45.1451,0.0 9.93959,45.1451,0.0 9.93959,45.1451,0.0 9.93959,45.1451,0.0 9.93959,45.1451,0.0 9.93959,45.1451,0.0 9.93959,45.1451,0.0 9.93959,45.1451,0.0 9.93959,45.1451,0.0 9.93959,45.1451,0.0 9.93959,45.1451,0.0 9.9396,45.1451,0.0 9.9396,45.1451,0.0 9.9396,45.1451,0.0 9.9396,45.1451,0.0 9.9396,45.1451,0.0 9.9396,45.1451,0.0 9.9396,45.14511,0.0 9.9396,45.14511,0.0 9.9396,45.14511,0.0 9.9396,45.14511,0.0 9.9396,45.14511,0.0 9.9396,45.14511,0.0 9.93961,45.14511,0.0</coordinates>
                    </LineString>
                </Placemark>
            </Folder>
            <Folder id="853">
                <name>22:10 – 22:19</name>
                <Placemark id="855">
                    <name>Rota 22:10</name>
                    <styleUrl>#2</styleUrl>
                    <LineString id="854">
                        <altitudeMode>clampToGround</altitudeMode>
                        <coordinates>9.93961,45.14511,0.0 9.93961,45.14511,0.0 9.93961,45.14511,0.0 9.93961,45.14511,0.0 9.93961,45.14511,0.0 9.93961,45.14511,0.0 9.93961,45.14511,0.0 9.93961,45.14511,0.0 9.93961,45.14511,0.0 9.93961,45.14511,0.0 9.9396,45.14511,0.0 9.9396,45.14511,0.0 9.9396,45.14511,0.0 9.9396,45.14511,0.0 9.9396,45.14511,0.0 9.9396,45.14511,0.0 9.9396,45.14511,0.0 9.9396,45.14511,0.0 9.9396,45.14511,0.0 9.93961,45.14511,0.0 9.93961,45.14511,0.0 9.93961,45.14511,0.0 9.93961,45.14511,0.0 9.93961,45.14511,0.0 9.93961,45.14511,0.0 9.93961,45.14511,0.0 9.93961,45.14511,0.0 9.9396,45.14511,0.0 9.9396,45.14511,0.0 9.9396,45.14511,0.0 9.9396,45.14511,0.0 9.9396,45.14511,0.0 9.9396,45.14511,0.0 9.9396,45.14511,0.0 9.9396,45.14511,0.0 9.9396,45.14511,0.0 9.9396,45.14511,0.0 9.9396,45.14511,0.0 9.9396,45.14511,0.0 9.9396,45.14511,0.0 9.9396,45.14511,0.0 9.9396,45.14511,0.0 9.9396,45.14511,0.0 9.9396,45.14511,0.0 9.9396,45.14511,0.0 9.9396,45.14511,0.0 9.9396,45.14511,0.0 9.9396,45.14511,0.0 9.9396,45.14511,0.0 9.9396,45.14511,0.0 9.9396,45.14511,0.0 9.9396,45.14511,0.0 9.9396,45.14511,0.0 9.9396,45.14511,0.0 9.9396,45.14511,0.0 9.93961,45.14511,0.0 9.93961,45.14511,0.0 9.93961,45.14511,0.0 9.9396,45.14511,0.0 9.9396,45.14511,0.0 9.9396,45.14511,0.0</coordinates>
                    </LineString>
                </Placemark>
                <Placemark id="857">
                    <name>Rota 22:11</name>
                    <styleUrl>#2</styleUrl>
                    <LineString id="856">
                        <altitudeMode>clampToGround</altitudeMode>
                        <coordinates>9.9396,45.14511,0.0 9.9396,45.1451,0.0 9.9396,45.1451,0.0 9.9396,45.1451,0.0 9.9396,45.1451,0.0 9.9396,45.1451,0.0 9.9396,45.14511,0.0 9.9396,45.14511,0.0 9.9396,45.14511,0.0 9.9396,45.14511,0.0 9.9396,45.14511,0.0 9.9396,45.14511,0.0 9.9396,45.14511,0.0 9.9396,45.14511,0.0 9.9396,45.14511,0.0 9.93959,45.14511,0.0 9.93959,45.14511,0.0 9.93959,45.14511,0.0 9.93959,45.14511,0.0 9.93959,45.14511,0.0 9.93959,45.14511,0.0 9.93959,45.14511,0.0 9.93959,45.14511,0.0 9.93959,45.14511,0.0 9.93959,45.14511,0.0 9.93959,45.14511,0.0 9.93959,45.14511,0.0 9.93959,45.14511,0.0 9.93959,45.14511,0.0 9.93959,45.14511,0.0 9.93959,45.14511,0.0 9.93958,45.14511,0.0 9.93958,45.14511,0.0 9.93958,45.14511,0.0 9.93958,45.14511,0.0 9.93958,45.14511,0.0 9.93958,45.14512,0.0 9.93958,45.14512,0.0 9.93958,45.14512,0.0 9.93958,45.14512,0.0 9.93958,45.14512,0.0 9.93958,45.14512,0.0 9.93958,45.14512,0.0 9.93958,45.14512,0.0 9.93958,45.14512,0.0 9.93958,45.14512,0.0 9.93958,45.14512,0.0 9.93958,45.14512,0.0 9.93958,45.14512,0.0 9.93958,45.14512,0.0 9.93958,45.14512,0.0 9.93958,45.14512,0.0 9.93958,45.14512,0.0 9.93959,45.14512,0.0 9.93959,45.14512,0.0 9.93959,45.14512,0.0 9.93959,45.14512,0.0 9.93959,45.14511,0.0 9.93959,45.14511,0.0 9.93959,45.14511,0.0 9.9396,45.14511,0.0</coordinates>
                    </LineString>
                </Placemark>
                <Placemark id="859">
                    <name>Rota 22:12</name>
                    <styleUrl>#2</styleUrl>
                    <LineString id="858">
                        <altitudeMode>clampToGround</altitudeMode>
                        <coordinates>9.9396,45.14511,0.0 9.9396,45.14511,0.0 9.9396,45.14511,0.0 9.9396,45.14511,0.0 9.9396,45.14511,0.0 9.9396,45.14511,0.0 9.9396,45.1451,0.0 9.9396,45.1451,0.0 9.9396,45.1451,0.0 9.9396,45.1451,0.0 9.9396,45.1451,0.0 9.9396,45.14511,0.0 9.9396,45.14511,0.0 9.9396,45.14511,0.0 9.9396,45.14511,0.0 9.9396,45.14511,0.0 9.9396,45.14511,0.0 9.9396,45.14511,0.0 9.9396,45.14511,0.0 9.9396,45.14511,0.0 9.9396,45.14511,0.0 9.9396,45.14511,0.0 9.9396,45.14511,0.0 9.9396,45.14511,0.0 9.9396,45.14511,0.0 9.9396,45.14511,0.0 9.9396,45.14511,0.0 9.93959,45.14511,0.0 9.93959,45.14511,0.0 9.93959,45.14511,0.0 9.93959,45.14511,0.0 9.93959,45.14511,0.0 9.93959,45.14511,0.0 9.93959,45.14511,0.0 9.93959,45.14511,0.0 9.93959,45.14511,0.0 9.93959,45.14511,0.0 9.93959,45.14511,0.0 9.93959,45.14512,0.0 9.93959,45.14512,0.0 9.93959,45.14512,0.0 9.93959,45.14512,0.0 9.93958,45.14512,0.0 9.93958,45.14512,0.0 9.93958,45.14512,0.0 9.93958,45.14512,0.0 9.93958,45.14512,0.0 9.93958,45.14512,0.0 9.93958,45.14512,0.0 9.93958,45.14512,0.0 9.93958,45.14512,0.0 9.93958,45.14512,0.0 9.93958,45.14512,0.0 9.93958,45.14512,0.0 9.93958,45.14513,0.0 9.93958,45.14513,0.0 9.93958,45.14513,0.0 9.93958,45.14513,0.0 9.93958,45.14513,0.0 9.93957,45.14513,0.0 9.93957,45.14513,0.0</coordinates>
                    </LineString>
                </Placemark>
                <Placemark id="861">
                    <name>Rota 22:13</name>
                    <styleUrl>#2</styleUrl>
                    <LineString id="860">
                        <altitudeMode>clampToGround</altitudeMode>
                        <coordinates>9.93957,45.14513,0.0 9.93957,45.14513,0.0 9.93957,45.14513,0.0 9.93957,45.14513,0.0 9.93957,45.14513,0.0 9.93957,45.14513,0.0 9.93957,45.14513,0.0 9.93957,45.14513,0.0 9.93957,45.14513,0.0 9.93957,45.14513,0.0 9.93957,45.14513,0.0 9.93957,45.14513,0.0 9.93957,45.14513,0.0 9.93957,45.14513,0.0 9.93957,45.14513,0.0 9.93957,45.14513,0.0 9.93957,45.14513,0.0 9.93957,45.14513,0.0 9.93957,45.14513,0.0 9.93957,45.14513,0.0 9.93957,45.14513,0.0 9.93957,45.14513,0.0 9.93958,45.14513,0.0 9.93958,45.14513,0.0 9.93958,45.14513,0.0 9.93958,45.14513,0.0 9.93958,45.14513,0.0 9.93958,45.14513,0.0 9.93958,45.14513,0.0 9.93958,45.14513,0.0 9.93958,45.14513,0.0 9.93958,45.14513,0.0 9.93958,45.14513,0.0 9.93958,45.14513,0.0 9.93959,45.14513,0.0 9.93959,45.14513,0.0 9.93959,45.14513,0.0 9.93959,45.14512,0.0 9.93959,45.14512,0.0 9.93959,45.14512,0.0 9.93959,45.14512,0.0 9.93959,45.14512,0.0 9.93959,45.14512,0.0 9.93959,45.14512,0.0 9.93959,45.14512,0.0 9.93959,45.14512,0.0 9.93959,45.14512,0.0 9.93959,45.14512,0.0 9.93959,45.14512,0.0 9.93959,45.14512,0.0 9.93959,45.14512,0.0 9.93959,45.14512,0.0 9.9396,45.14512,0.0 9.9396,45.14512,0.0 9.9396,45.14512,0.0 9.93959,45.14512,0.0 9.93959,45.14512,0.0 9.93959,45.14512,0.0 9.93959,45.14512,0.0 9.93959,45.14512,0.0 9.93959,45.14512,0.0</coordinates>
                    </LineString>
                </Placemark>
                <Placemark id="863">
                    <name>Rota 22:14</name>
                    <styleUrl>#2</styleUrl>
                    <LineString id="862">
                        <altitudeMode>clampToGround</altitudeMode>
                        <coordinates>9.93959,45.14512,0.0 9.93959,45.14512,0.0 9.93959,45.14512,0.0 9.93959,45.14512,0.0 9.93959,45.14512,0.0 9.93958,45.14512,0.0 9.93957,45.14512,0.0 9.93956,45.14512,0.0 9.93956,45.14513,0.0 9.93956,45.14513,0.0 9.93955,45.14513,0.0 9.93955,45.14513,0.0 9.93953,45.14513,0.0 9.93952,45.14513,0.0 9.93951,45.14514,0.0 9.93951,45.14514,0.0 9.93951,45.14514,0.0 9.93951,45.14514,0.0 9.9395,45.14514,0.0 9.9395,45.14514,0.0 9.9395,45.14514,0.0 9.9395,45.14514,0.0 9.93949,45.14514,0.0 9.93947,45.14515,0.0 9.93945,45.14515,0.0 9.93943,45.14516,0.0 9.93943,45.14516,0.0 9.93942,45.14516,0.0 9.93941,45.14516,0.0 9.93941,45.14516,0.0 9.93941,45.14516,0.0 9.93941,45.14516,0.0 9.9394,45.14516,0.0 9.9394,45.14516,0.0 9.9394,45.14516,0.0 9.9394,45.14516,0.0 9.9394,45.14516,0.0 9.9394,45.14516,0.0 9.9394,45.14516,0.0 9.9394,45.14516,0.0 9.93942,45.14516,0.0 9.93942,45.14515,0.0 9.93944,45.14515,0.0 9.93944,45.14515,0.0 9.93944,45.14515,0.0 9.93945,45.14515,0.0 9.93944,45.14515,0.0 9.93944,45.14516,0.0 9.93944,45.14516,0.0 9.93944,45.14516,0.0 9.93944,45.14516,0.0 9.93945,45.14515,0.0 9.93947,45.14515,0.0 9.93947,45.14515,0.0 9.93947,45.14515,0.0 9.93946,45.14515,0.0 9.93946,45.14515,0.0 9.93944,45.14516,0.0 9.93941,45.14518,0.0 9.9394,45.14519,0.0 9.93939,45.1452,0.0</coordinates>
                    </LineString>
                </Placemark>
                <Placemark id="865">
                    <name>Rota 22:15</name>
                    <styleUrl>#2</styleUrl>
                    <LineString id="864">
                        <altitudeMode>clampToGround</altitudeMode>
                        <coordinates>9.93939,45.1452,0.0 9.93939,45.14521,0.0 9.93939,45.14521,0.0 9.93938,45.14521,0.0 9.93938,45.14521,0.0 9.93938,45.14521,0.0 9.93938,45.14521,0.0 9.93938,45.14522,0.0 9.93938,45.14522,0.0 9.93938,45.14522,0.0 9.93937,45.14522,0.0 9.93937,45.14522,0.0 9.93936,45.14522,0.0 9.93936,45.14522,0.0 9.93936,45.14522,0.0 9.93936,45.14522,0.0 9.93936,45.14522,0.0 9.93936,45.14522,0.0 9.93936,45.14522,0.0 9.93936,45.14522,0.0 9.93936,45.14522,0.0 9.93936,45.14522,0.0 9.93935,45.14522,0.0 9.93935,45.14521,0.0 9.93935,45.14522,0.0 9.93935,45.14522,0.0 9.93936,45.14522,0.0 9.93936,45.14522,0.0 9.93936,45.14522,0.0 9.93935,45.14522,0.0 9.93935,45.14521,0.0 9.93935,45.14521,0.0 9.93935,45.14521,0.0 9.93935,45.14521,0.0 9.93935,45.14521,0.0 9.93935,45.14521,0.0 9.93934,45.14521,0.0 9.93934,45.1452,0.0 9.93934,45.14519,0.0 9.93934,45.14519,0.0 9.93934,45.14519,0.0 9.93934,45.14518,0.0 9.93933,45.14517,0.0 9.93934,45.14516,0.0 9.93934,45.14516,0.0 9.93934,45.14517,0.0 9.93934,45.14518,0.0 9.93934,45.14518,0.0 9.93934,45.14518,0.0 9.93934,45.14519,0.0 9.93934,45.14518,0.0 9.93935,45.14518,0.0 9.93936,45.14517,0.0 9.93938,45.14516,0.0 9.93938,45.14516,0.0 9.93939,45.14516,0.0 9.9394,45.14516,0.0 9.93942,45.14516,0.0 9.93942,45.14516,0.0 9.93942,45.14516,0.0 9.93942,45.14516,0.0</coordinates>
                    </LineString>
                </Placemark>
                <Placemark id="867">
                    <name>Rota 22:16</name>
                    <styleUrl>#2</styleUrl>
                    <LineString id="866">
                        <altitudeMode>clampToGround</altitudeMode>
                        <coordinates>9.93942,45.14516,0.0 9.93942,45.14516,0.0 9.93942,45.14516,0.0 9.93941,45.14516,0.0 9.93941,45.14516,0.0 9.9394,45.14516,0.0 9.9394,45.14516,0.0 9.9394,45.14516,0.0 9.9394,45.14516,0.0 9.93939,45.14517,0.0 9.93938,45.14517,0.0 9.93938,45.14517,0.0 9.93937,45.14517,0.0 9.93937,45.14517,0.0 9.93936,45.14517,0.0 9.93935,45.14517,0.0 9.93934,45.14517,0.0 9.93932,45.14517,0.0 9.93931,45.14517,0.0 9.9393,45.14516,0.0 9.9393,45.14516,0.0 9.9393,45.14516,0.0 9.93929,45.14516,0.0 9.93927,45.14516,0.0 9.93926,45.14515,0.0 9.93925,45.14515,0.0 9.93924,45.14515,0.0 9.93924,45.14515,0.0 9.93922,45.14515,0.0 9.9392,45.14515,0.0 9.93918,45.14515,0.0 9.93917,45.14515,0.0 9.93915,45.14515,0.0 9.93915,45.14515,0.0 9.93914,45.14515,0.0 9.93911,45.14516,0.0 9.93909,45.14516,0.0 9.93907,45.14516,0.0 9.93905,45.14516,0.0 9.93905,45.14516,0.0 9.93903,45.14517,0.0 9.93902,45.14517,0.0 9.93897,45.14517,0.0 9.93895,45.14518,0.0 9.93893,45.14518,0.0 9.93893,45.14518,0.0 9.93892,45.14519,0.0 9.93889,45.14519,0.0 9.93888,45.14519,0.0 9.93886,45.14519,0.0 9.93886,45.14519,0.0 9.93884,45.14519,0.0 9.9388,45.14519,0.0 9.93878,45.1452,0.0 9.93876,45.1452,0.0 9.93876,45.1452,0.0 9.93874,45.1452,0.0 9.93871,45.14519,0.0 9.93869,45.14519,0.0 9.93867,45.14519,0.0 9.93866,45.14519,0.0</coordinates>
                    </LineString>
                </Placemark>
                <Placemark id="869">
                    <name>Rota 22:17</name>
                    <styleUrl>#2</styleUrl>
                    <LineString id="868">
                        <altitudeMode>clampToGround</altitudeMode>
                        <coordinates>9.93866,45.14519,0.0 9.93866,45.14519,0.0 9.93864,45.14519,0.0 9.93861,45.14519,0.0 9.93859,45.1452,0.0 9.93857,45.1452,0.0 9.93857,45.1452,0.0 9.93855,45.1452,0.0 9.93853,45.14521,0.0 9.93851,45.14521,0.0 9.9385,45.14521,0.0 9.93849,45.14521,0.0 9.93849,45.14521,0.0 9.93848,45.14522,0.0 9.93844,45.14522,0.0 9.93841,45.14522,0.0 9.9384,45.14523,0.0 9.9384,45.14523,0.0 9.93838,45.14523,0.0 9.93834,45.14525,0.0 9.93833,45.14525,0.0 9.93832,45.14526,0.0 9.93831,45.14527,0.0 9.93831,45.14527,0.0 9.9383,45.14528,0.0 9.93829,45.1453,0.0 9.93829,45.1453,0.0 9.93828,45.1453,0.0 9.93828,45.1453,0.0 9.93828,45.14531,0.0 9.93827,45.14531,0.0 9.93827,45.14531,0.0 9.93827,45.14531,0.0 9.93826,45.14532,0.0 9.93826,45.14532,0.0 9.93825,45.14533,0.0 9.93822,45.14534,0.0 9.93821,45.14534,0.0 9.93819,45.14534,0.0 9.93819,45.14534,0.0 9.93818,45.14534,0.0 9.93816,45.14535,0.0 9.93816,45.14535,0.0 9.93815,45.14535,0.0 9.93815,45.14535,0.0 9.93815,45.14535,0.0 9.93815,45.14535,0.0 9.93815,45.14535,0.0 9.93815,45.14536,0.0 9.93815,45.14536,0.0 9.93815,45.14536,0.0 9.93815,45.14536,0.0 9.93815,45.14536,0.0 9.93815,45.14536,0.0 9.93815,45.14536,0.0 9.93815,45.14536,0.0 9.93815,45.14537,0.0 9.93816,45.14537,0.0 9.93817,45.14537,0.0 9.93817,45.14537,0.0 9.93817,45.14536,0.0</coordinates>
                    </LineString>
                </Placemark>
                <Placemark id="871">
                    <name>Rota 22:18</name>
                    <styleUrl>#2</styleUrl>
                    <LineString id="870">
                        <altitudeMode>clampToGround</altitudeMode>
                        <coordinates>9.93817,45.14536,0.0 9.93817,45.14536,0.0 9.93817,45.14536,0.0 9.93817,45.14537,0.0 9.93817,45.14537,0.0 9.93817,45.14537,0.0 9.93817,45.14537,0.0 9.93817,45.14537,0.0 9.93817,45.14537,0.0 9.93817,45.14538,0.0 9.93817,45.14538,0.0 9.93816,45.14538,0.0 9.93816,45.14538,0.0 9.93816,45.14538,0.0 9.93816,45.14538,0.0 9.93816,45.14538,0.0 9.93816,45.14538,0.0 9.93816,45.14538,0.0 9.93816,45.14538,0.0 9.93816,45.14538,0.0 9.93816,45.14539,0.0 9.93816,45.14538,0.0 9.93816,45.14538,0.0 9.93816,45.14538,0.0 9.93816,45.14538,0.0 9.93816,45.14538,0.0 9.93816,45.14538,0.0 9.93816,45.14539,0.0 9.93816,45.14539,0.0 9.93816,45.14539,0.0 9.93816,45.14539,0.0 9.93816,45.14539,0.0 9.93816,45.14538,0.0 9.93816,45.14538,0.0 9.93816,45.14538,0.0 9.93816,45.14538,0.0 9.93816,45.14538,0.0 9.93816,45.14538,0.0 9.93816,45.14538,0.0 9.93816,45.14538,0.0 9.93816,45.14538,0.0 9.93816,45.14538,0.0 9.93816,45.14538,0.0 9.93816,45.14538,0.0 9.93816,45.14538,0.0 9.93816,45.14538,0.0 9.93816,45.14538,0.0 9.93816,45.14538,0.0 9.93816,45.14537,0.0 9.93816,45.14537,0.0 9.93816,45.14537,0.0 9.93816,45.14537,0.0 9.93816,45.14537,0.0 9.93816,45.14537,0.0 9.93815,45.14537,0.0 9.93815,45.14538,0.0 9.93815,45.14538,0.0 9.93815,45.14538,0.0 9.93815,45.14538,0.0 9.93815,45.14538,0.0 9.93815,45.14538,0.0</coordinates>
                    </LineString>
                </Placemark>
                <Placemark id="873">
                    <name>Rota 22:19</name>
                    <styleUrl>#2</styleUrl>
                    <LineString id="872">
                        <altitudeMode>clampToGround</altitudeMode>
                        <coordinates>9.93815,45.14538,0.0 9.93815,45.14538,0.0 9.93815,45.14538,0.0 9.93815,45.14538,0.0 9.93815,45.14538,0.0 9.93815,45.14538,0.0 9.93815,45.14538,0.0 9.93815,45.14538,0.0 9.93815,45.14538,0.0 9.93815,45.14538,0.0 9.93815,45.14538,0.0 9.93814,45.14538,0.0 9.93814,45.14538,0.0 9.93814,45.14539,0.0 9.93814,45.14539,0.0 9.93814,45.14539,0.0 9.93814,45.14539,0.0 9.93814,45.14539,0.0 9.93814,45.14539,0.0 9.93814,45.14538,0.0 9.93814,45.14538,0.0 9.93814,45.14539,0.0 9.93814,45.14539,0.0 9.93814,45.14539,0.0 9.93814,45.14538,0.0 9.93814,45.14538,0.0 9.93814,45.14538,0.0 9.93814,45.14538,0.0 9.93814,45.14538,0.0 9.93814,45.14538,0.0 9.93814,45.14539,0.0 9.93814,45.14539,0.0 9.93814,45.14539,0.0 9.93814,45.14539,0.0 9.93814,45.14539,0.0 9.93814,45.14539,0.0 9.93814,45.14539,0.0 9.93814,45.14539,0.0 9.93814,45.14539,0.0 9.93814,45.14539,0.0 9.93814,45.14539,0.0 9.93815,45.14539,0.0 9.93815,45.14539,0.0 9.93815,45.14538,0.0 9.93815,45.14538,0.0 9.93815,45.14538,0.0 9.93815,45.14539,0.0 9.93816,45.14539,0.0 9.93816,45.14539,0.0 9.93816,45.14539,0.0 9.93816,45.14539,0.0 9.93816,45.14539,0.0 9.93816,45.14539,0.0 9.93816,45.14539,0.0 9.93817,45.14539,0.0 9.93817,45.14539,0.0 9.93817,45.14538,0.0 9.93817,45.14538,0.0 9.93817,45.14538,0.0 9.93817,45.14538,0.0 9.93817,45.14538,0.0</coordinates>
                    </LineString>
                </Placemark>
            </Folder>
            <Folder id="874">
                <name>22:20 – 22:29</name>
                <Placemark id="876">
                    <name>Rota 22:20</name>
                    <styleUrl>#2</styleUrl>
                    <LineString id="875">
                        <altitudeMode>clampToGround</altitudeMode>
                        <coordinates>9.93817,45.14538,0.0 9.93817,45.14538,0.0 9.93817,45.14538,0.0 9.93817,45.14538,0.0 9.93817,45.14538,0.0 9.93817,45.14538,0.0 9.93817,45.14538,0.0 9.93817,45.14538,0.0 9.93817,45.14538,0.0 9.93817,45.14538,0.0 9.93816,45.14538,0.0 9.93816,45.14539,0.0 9.93815,45.14539,0.0 9.93815,45.14539,0.0 9.93814,45.14539,0.0 9.93813,45.1454,0.0 9.93813,45.1454,0.0 9.93813,45.1454,0.0 9.93814,45.1454,0.0 9.93814,45.1454,0.0 9.93814,45.1454,0.0 9.93814,45.14539,0.0 9.93813,45.14539,0.0 9.93814,45.1454,0.0 9.93814,45.1454,0.0 9.93814,45.1454,0.0 9.93814,45.1454,0.0 9.93814,45.1454,0.0 9.93814,45.14539,0.0 9.93814,45.14539,0.0 9.93814,45.14539,0.0 9.93814,45.14539,0.0 9.93813,45.14539,0.0 9.93814,45.14539,0.0 9.93814,45.1454,0.0 9.93814,45.1454,0.0 9.93814,45.1454,0.0 9.93814,45.1454,0.0 9.93814,45.1454,0.0 9.93814,45.1454,0.0 9.93814,45.1454,0.0 9.93814,45.14541,0.0 9.93814,45.14541,0.0 9.93814,45.14541,0.0 9.93815,45.14541,0.0 9.93815,45.14541,0.0 9.93815,45.14542,0.0 9.93815,45.14542,0.0 9.93815,45.14542,0.0 9.93815,45.14542,0.0 9.93815,45.14542,0.0 9.93815,45.14542,0.0 9.93815,45.14542,0.0 9.93815,45.14543,0.0 9.93815,45.14543,0.0 9.93815,45.14543,0.0 9.93815,45.14543,0.0 9.93815,45.14543,0.0 9.93815,45.14543,0.0 9.93815,45.14543,0.0 9.93815,45.14543,0.0</coordinates>
                    </LineString>
                </Placemark>
                <Placemark id="878">
                    <name>Rota 22:21</name>
                    <styleUrl>#2</styleUrl>
                    <LineString id="877">
                        <altitudeMode>clampToGround</altitudeMode>
                        <coordinates>9.93815,45.14543,0.0 9.93815,45.14543,0.0 9.93815,45.14543,0.0 9.93815,45.14543,0.0 9.93815,45.14543,0.0 9.93815,45.14543,0.0 9.93815,45.14543,0.0 9.93815,45.14543,0.0 9.93815,45.14543,0.0 9.93815,45.14544,0.0 9.93815,45.14544,0.0 9.93815,45.14544,0.0 9.93815,45.14544,0.0 9.93815,45.14544,0.0 9.93815,45.14544,0.0 9.93815,45.14544,0.0 9.93815,45.14545,0.0 9.93815,45.14545,0.0 9.93815,45.14545,0.0 9.93815,45.14545,0.0 9.93815,45.14545,0.0 9.93816,45.14545,0.0 9.93816,45.14545,0.0 9.93816,45.14545,0.0 9.93816,45.14545,0.0 9.93816,45.14545,0.0 9.93816,45.14545,0.0 9.93816,45.14545,0.0 9.93816,45.14545,0.0 9.93816,45.14545,0.0 9.93816,45.14545,0.0 9.93816,45.14544,0.0 9.93816,45.14544,0.0 9.93816,45.14544,0.0 9.93816,45.14544,0.0 9.93816,45.14544,0.0 9.93816,45.14544,0.0 9.93816,45.14543,0.0 9.93816,45.14543,0.0 9.93816,45.14543,0.0 9.93816,45.14542,0.0 9.93816,45.14542,0.0 9.93816,45.14542,0.0 9.93816,45.14542,0.0 9.93816,45.14542,0.0 9.93816,45.14542,0.0 9.93816,45.14542,0.0 9.93816,45.14542,0.0 9.93816,45.14542,0.0 9.93816,45.14541,0.0 9.93816,45.14541,0.0 9.93817,45.14541,0.0 9.93817,45.14541,0.0 9.93818,45.14541,0.0 9.93819,45.14539,0.0 9.93819,45.14538,0.0 9.9382,45.14537,0.0 9.9382,45.14536,0.0 9.9382,45.14536,0.0 9.9382,45.14535,0.0 9.9382,45.14534,0.0</coordinates>
                    </LineString>
                </Placemark>
                <Placemark id="880">
                    <name>Rota 22:22</name>
                    <styleUrl>#2</styleUrl>
                    <LineString id="879">
                        <altitudeMode>clampToGround</altitudeMode>
                        <coordinates>9.9382,45.14534,0.0 9.9382,45.14533,0.0 9.93821,45.14532,0.0 9.93821,45.14532,0.0 9.93821,45.14532,0.0 9.9382,45.14532,0.0 9.9382,45.14533,0.0 9.93819,45.14535,0.0 9.93819,45.14536,0.0 9.93819,45.14536,0.0 9.93819,45.14536,0.0 9.93819,45.14536,0.0 9.93819,45.14536,0.0 9.93819,45.14536,0.0 9.93819,45.14536,0.0 9.93819,45.14536,0.0 9.9382,45.14536,0.0 9.9382,45.14536,0.0 9.9382,45.14536,0.0 9.9382,45.14536,0.0 9.9382,45.14536,0.0 9.9382,45.14536,0.0 9.9382,45.14536,0.0 9.9382,45.14537,0.0 9.93821,45.14537,0.0 9.93821,45.14538,0.0 9.93821,45.14538,0.0 9.93821,45.14538,0.0 9.93821,45.14539,0.0 9.93821,45.14539,0.0 9.93821,45.1454,0.0 9.93821,45.1454,0.0 9.93821,45.1454,0.0 9.93821,45.1454,0.0 9.9382,45.14541,0.0 9.9382,45.14541,0.0 9.9382,45.14542,0.0 9.9382,45.14542,0.0 9.9382,45.14542,0.0 9.9382,45.14542,0.0 9.93819,45.14542,0.0 9.93819,45.14541,0.0 9.93819,45.14541,0.0 9.93818,45.14541,0.0 9.93818,45.14541,0.0 9.93818,45.14541,0.0 9.93818,45.14541,0.0 9.93818,45.14541,0.0 9.93818,45.14541,0.0 9.93818,45.14541,0.0 9.93818,45.14541,0.0 9.93818,45.14541,0.0 9.93818,45.14541,0.0 9.93819,45.14541,0.0 9.93819,45.14541,0.0 9.93819,45.14541,0.0 9.93819,45.14541,0.0 9.93819,45.14541,0.0 9.93819,45.14541,0.0 9.93819,45.14541,0.0 9.93819,45.14541,0.0</coordinates>
                    </LineString>
                </Placemark>
                <Placemark id="882">
                    <name>Rota 22:23</name>
                    <styleUrl>#2</styleUrl>
                    <LineString id="881">
                        <altitudeMode>clampToGround</altitudeMode>
                        <coordinates>9.93819,45.14541,0.0 9.93819,45.1454,0.0 9.93819,45.1454,0.0 9.93819,45.1454,0.0 9.93819,45.1454,0.0 9.93819,45.1454,0.0 9.93819,45.1454,0.0 9.93819,45.1454,0.0 9.93819,45.1454,0.0 9.93818,45.1454,0.0 9.93818,45.1454,0.0 9.93818,45.1454,0.0 9.93818,45.1454,0.0 9.93818,45.1454,0.0 9.93819,45.1454,0.0 9.93819,45.1454,0.0 9.93819,45.14539,0.0 9.93819,45.14539,0.0 9.93819,45.14539,0.0 9.93819,45.14539,0.0 9.93819,45.14539,0.0 9.93819,45.14539,0.0 9.93819,45.14539,0.0 9.93819,45.14539,0.0 9.93819,45.14539,0.0 9.93819,45.14539,0.0 9.93819,45.14539,0.0 9.93819,45.14539,0.0 9.93819,45.14539,0.0 9.93819,45.14539,0.0 9.93819,45.14539,0.0 9.93819,45.14539,0.0 9.93819,45.14538,0.0 9.93818,45.14538,0.0 9.93818,45.14538,0.0 9.93818,45.14538,0.0 9.93818,45.14538,0.0 9.93818,45.14538,0.0 9.93818,45.14538,0.0 9.93818,45.14538,0.0 9.93818,45.14538,0.0 9.93818,45.14538,0.0 9.93818,45.14538,0.0 9.93818,45.14538,0.0 9.93818,45.14538,0.0 9.93818,45.14538,0.0 9.93818,45.14538,0.0 9.93818,45.14538,0.0 9.93818,45.14538,0.0 9.93817,45.14538,0.0 9.93817,45.14538,0.0 9.93817,45.14538,0.0 9.93817,45.14538,0.0 9.93817,45.14538,0.0 9.93817,45.14538,0.0 9.93817,45.14538,0.0 9.93817,45.14538,0.0 9.93817,45.14538,0.0 9.93817,45.14538,0.0 9.93817,45.14538,0.0 9.93817,45.14538,0.0</coordinates>
                    </LineString>
                </Placemark>
                <Placemark id="884">
                    <name>Rota 22:24</name>
                    <styleUrl>#2</styleUrl>
                    <LineString id="883">
                        <altitudeMode>clampToGround</altitudeMode>
                        <coordinates>9.93817,45.14538,0.0 9.93817,45.14538,0.0 9.93817,45.14538,0.0 9.93817,45.14539,0.0 9.93817,45.14539,0.0 9.93817,45.14539,0.0 9.93818,45.14539,0.0 9.93818,45.14539,0.0 9.93817,45.14539,0.0 9.93818,45.14539,0.0 9.93818,45.14539,0.0 9.93818,45.14539,0.0 9.93818,45.14539,0.0 9.93818,45.14539,0.0 9.93818,45.14539,0.0 9.93818,45.14539,0.0 9.93817,45.1454,0.0 9.93817,45.1454,0.0 9.93817,45.1454,0.0 9.93817,45.1454,0.0 9.93817,45.1454,0.0 9.93817,45.1454,0.0 9.93817,45.1454,0.0 9.93817,45.1454,0.0 9.93817,45.1454,0.0 9.93817,45.1454,0.0 9.93817,45.1454,0.0 9.93816,45.1454,0.0 9.93816,45.1454,0.0 9.93816,45.1454,0.0 9.93816,45.1454,0.0 9.93816,45.1454,0.0 9.93816,45.1454,0.0 9.93816,45.1454,0.0 9.93816,45.1454,0.0 9.93816,45.1454,0.0 9.93816,45.1454,0.0 9.93816,45.1454,0.0 9.93816,45.1454,0.0 9.93816,45.1454,0.0 9.93816,45.1454,0.0 9.93816,45.1454,0.0 9.93816,45.1454,0.0 9.93816,45.14539,0.0 9.93816,45.14539,0.0 9.93816,45.14539,0.0 9.93816,45.14539,0.0 9.93816,45.14539,0.0 9.93816,45.14539,0.0 9.93816,45.14539,0.0 9.93815,45.14539,0.0 9.93815,45.14539,0.0 9.93815,45.14539,0.0 9.93815,45.14539,0.0 9.93815,45.14539,0.0 9.93814,45.14539,0.0 9.93814,45.14539,0.0 9.93814,45.14539,0.0 9.93814,45.14539,0.0 9.93814,45.14539,0.0 9.93813,45.14539,0.0</coordinates>
                    </LineString>
                </Placemark>
                <Placemark id="886">
                    <name>Rota 22:25</name>
                    <styleUrl>#2</styleUrl>
                    <LineString id="885">
                        <altitudeMode>clampToGround</altitudeMode>
                        <coordinates>9.93813,45.14539,0.0 9.93813,45.14539,0.0 9.93813,45.14539,0.0 9.93813,45.14539,0.0 9.93813,45.14539,0.0 9.93813,45.14539,0.0 9.93813,45.14539,0.0 9.93812,45.14539,0.0 9.93812,45.14539,0.0 9.93812,45.14539,0.0 9.93812,45.14539,0.0 9.93812,45.1454,0.0 9.93812,45.1454,0.0 9.93812,45.1454,0.0 9.93812,45.1454,0.0 9.93812,45.1454,0.0 9.93812,45.1454,0.0 9.93812,45.1454,0.0 9.93812,45.1454,0.0 9.93812,45.1454,0.0 9.93812,45.1454,0.0 9.93812,45.1454,0.0 9.93812,45.1454,0.0 9.93812,45.1454,0.0 9.93812,45.1454,0.0 9.93812,45.1454,0.0 9.93812,45.1454,0.0 9.93812,45.1454,0.0 9.93813,45.1454,0.0 9.93813,45.1454,0.0 9.93813,45.1454,0.0 9.93813,45.1454,0.0 9.93813,45.1454,0.0 9.93813,45.14541,0.0 9.93813,45.14541,0.0 9.93814,45.14541,0.0 9.93814,45.1454,0.0 9.93814,45.1454,0.0 9.93814,45.1454,0.0 9.93814,45.14541,0.0 9.93814,45.14541,0.0 9.93814,45.14541,0.0 9.93814,45.14541,0.0 9.93814,45.14541,0.0 9.93814,45.1454,0.0 9.93814,45.14541,0.0 9.93814,45.14541,0.0 9.93814,45.14541,0.0 9.93814,45.14541,0.0 9.93814,45.14541,0.0 9.93815,45.14541,0.0 9.93815,45.14541,0.0 9.93815,45.14541,0.0 9.93815,45.14541,0.0 9.93815,45.14541,0.0 9.93815,45.14541,0.0 9.93815,45.14541,0.0 9.93816,45.14541,0.0 9.93816,45.14541,0.0 9.93816,45.14541,0.0 9.93816,45.14541,0.0</coordinates>
                    </LineString>
                </Placemark>
                <Placemark id="888">
                    <name>Rota 22:26</name>
                    <styleUrl>#2</styleUrl>
                    <LineString id="887">
                        <altitudeMode>clampToGround</altitudeMode>
                        <coordinates>9.93816,45.14541,0.0 9.93816,45.14541,0.0 9.93816,45.14541,0.0 9.93816,45.14541,0.0 9.93816,45.14541,0.0 9.93816,45.14541,0.0 9.93816,45.14541,0.0 9.93816,45.14541,0.0 9.93816,45.14541,0.0 9.93817,45.14541,0.0 9.93817,45.14541,0.0 9.93817,45.14541,0.0 9.93817,45.14541,0.0 9.93817,45.14541,0.0 9.93817,45.14541,0.0 9.93817,45.14541,0.0 9.93817,45.14541,0.0 9.93817,45.14541,0.0 9.93817,45.14541,0.0 9.93817,45.14541,0.0 9.93817,45.14541,0.0 9.93817,45.14541,0.0 9.93817,45.14541,0.0 9.93817,45.14541,0.0 9.93817,45.14541,0.0 9.93817,45.14541,0.0 9.93817,45.14541,0.0 9.93817,45.14541,0.0 9.93817,45.14541,0.0 9.93817,45.14541,0.0 9.93817,45.14541,0.0 9.93817,45.14541,0.0 9.93817,45.14541,0.0 9.93817,45.14541,0.0 9.93818,45.14541,0.0 9.93818,45.14541,0.0 9.93818,45.14541,0.0 9.93818,45.14541,0.0 9.93818,45.14541,0.0 9.93818,45.14541,0.0 9.93818,45.14541,0.0 9.93818,45.14541,0.0 9.93818,45.14541,0.0 9.93819,45.14541,0.0 9.93819,45.14541,0.0 9.93819,45.14541,0.0 9.93819,45.14541,0.0 9.93819,45.14541,0.0 9.93819,45.14541,0.0 9.93819,45.14541,0.0 9.93819,45.14541,0.0 9.93819,45.14541,0.0 9.93819,45.14541,0.0 9.93819,45.14541,0.0 9.93819,45.14541,0.0 9.93819,45.14541,0.0 9.93819,45.14541,0.0 9.9382,45.14541,0.0 9.9382,45.1454,0.0 9.9382,45.1454,0.0 9.9382,45.1454,0.0</coordinates>
                    </LineString>
                </Placemark>
                <Placemark id="890">
                    <name>Rota 22:27</name>
                    <styleUrl>#2</styleUrl>
                    <LineString id="889">
                        <altitudeMode>clampToGround</altitudeMode>
                        <coordinates>9.9382,45.1454,0.0 9.9382,45.1454,0.0 9.9382,45.1454,0.0 9.9382,45.1454,0.0 9.9382,45.1454,0.0 9.9382,45.1454,0.0 9.9382,45.1454,0.0 9.9382,45.1454,0.0 9.9382,45.1454,0.0 9.9382,45.1454,0.0 9.93821,45.14541,0.0 9.93821,45.14541,0.0 9.93821,45.14541,0.0 9.9382,45.14541,0.0 9.9382,45.14541,0.0 9.93821,45.14541,0.0 9.93821,45.14541,0.0 9.93821,45.14541,0.0 9.93821,45.14541,0.0 9.93821,45.14541,0.0 9.93821,45.14541,0.0 9.93821,45.14541,0.0 9.93821,45.14541,0.0 9.93821,45.14541,0.0 9.9382,45.14541,0.0 9.9382,45.14541,0.0 9.93821,45.14541,0.0 9.93821,45.14541,0.0 9.93821,45.1454,0.0 9.93821,45.1454,0.0 9.93821,45.14539,0.0 9.93821,45.14538,0.0 9.93821,45.14537,0.0 9.93822,45.14536,0.0 9.93822,45.14536,0.0 9.93822,45.14536,0.0 9.93822,45.14534,0.0 9.93822,45.14533,0.0 9.93822,45.14533,0.0 9.93822,45.14532,0.0 9.93822,45.14532,0.0 9.93821,45.14531,0.0 9.93821,45.1453,0.0 9.9382,45.1453,0.0 9.9382,45.14529,0.0 9.9382,45.14529,0.0 9.93819,45.14528,0.0 9.93819,45.14528,0.0 9.93818,45.14527,0.0 9.93818,45.14527,0.0 9.93818,45.14527,0.0 9.93818,45.14527,0.0 9.93818,45.14527,0.0 9.93818,45.14527,0.0 9.93818,45.14526,0.0 9.93818,45.14526,0.0 9.93818,45.14526,0.0 9.93818,45.14526,0.0 9.93818,45.14526,0.0 9.93819,45.14526,0.0 9.9382,45.14527,0.0</coordinates>
                    </LineString>
                </Placemark>
                <Placemark id="892">
                    <name>Rota 22:28</name>
                    <styleUrl>#2</styleUrl>
                    <LineString id="891">
                        <altitudeMode>clampToGround</altitudeMode>
                        <coordinates>9.9382,45.14527,0.0 9.9382,45.14527,0.0 9.9382,45.14527,0.0 9.9382,45.14527,0.0 9.93821,45.14527,0.0 9.93821,45.14528,0.0 9.93822,45.14529,0.0 9.93822,45.1453,0.0 9.93822,45.1453,0.0 9.93822,45.1453,0.0 9.93822,45.1453,0.0 9.93822,45.14531,0.0 9.93822,45.14531,0.0 9.93822,45.14531,0.0 9.93822,45.14531,0.0 9.93822,45.14531,0.0 9.93822,45.1453,0.0 9.93822,45.1453,0.0 9.93823,45.1453,0.0 9.93823,45.14529,0.0 9.93823,45.14529,0.0 9.93823,45.14529,0.0 9.93824,45.14528,0.0 9.93825,45.14528,0.0 9.93826,45.14527,0.0 9.93828,45.14527,0.0 9.93828,45.14527,0.0 9.93829,45.14527,0.0 9.9383,45.14527,0.0 9.93831,45.14526,0.0 9.93832,45.14526,0.0 9.93833,45.14526,0.0 9.93833,45.14526,0.0 9.93833,45.14526,0.0 9.93833,45.14526,0.0 9.93834,45.14526,0.0 9.93833,45.14526,0.0 9.93833,45.14527,0.0 9.93833,45.14527,0.0 9.93834,45.14527,0.0 9.93834,45.14527,0.0 9.93834,45.14527,0.0 9.93834,45.14527,0.0 9.93832,45.14527,0.0 9.93832,45.14527,0.0 9.93831,45.14527,0.0 9.9383,45.14527,0.0 9.93826,45.14528,0.0 9.93824,45.14528,0.0 9.93823,45.14529,0.0 9.93823,45.14529,0.0 9.93822,45.1453,0.0 9.9382,45.14531,0.0 9.9382,45.14531,0.0 9.9382,45.14532,0.0 9.9382,45.14532,0.0 9.9382,45.14532,0.0 9.9382,45.14532,0.0 9.9382,45.14531,0.0 9.9382,45.14531,0.0 9.9382,45.14531,0.0</coordinates>
                    </LineString>
                </Placemark>
                <Placemark id="894">
                    <name>Rota 22:29</name>
                    <styleUrl>#2</styleUrl>
                    <LineString id="893">
                        <altitudeMode>clampToGround</altitudeMode>
                        <coordinates>9.9382,45.14531,0.0 9.9382,45.14531,0.0 9.9382,45.14531,0.0 9.9382,45.14531,0.0 9.9382,45.14531,0.0 9.93821,45.14531,0.0 9.93821,45.14531,0.0 9.93821,45.14531,0.0 9.9382,45.14531,0.0 9.9382,45.14531,0.0 9.9382,45.14531,0.0 9.9382,45.14531,0.0 9.9382,45.14531,0.0 9.9382,45.14531,0.0 9.9382,45.14531,0.0 9.9382,45.14531,0.0 9.9382,45.14531,0.0 9.9382,45.14531,0.0 9.9382,45.14531,0.0 9.9382,45.14531,0.0 9.9382,45.14531,0.0 9.9382,45.14531,0.0 9.93821,45.14531,0.0 9.93821,45.14531,0.0 9.93821,45.14531,0.0 9.93822,45.14531,0.0 9.93822,45.14531,0.0 9.93822,45.14531,0.0 9.93822,45.14532,0.0 9.93821,45.14532,0.0 9.93821,45.14532,0.0 9.93821,45.14532,0.0 9.93821,45.14532,0.0 9.93821,45.14532,0.0 9.93821,45.14531,0.0 9.93822,45.14531,0.0 9.93822,45.14531,0.0 9.93822,45.14531,0.0 9.93822,45.14531,0.0 9.93822,45.14531,0.0 9.93822,45.14532,0.0 9.93822,45.14532,0.0 9.93822,45.14532,0.0 9.93822,45.14533,0.0 9.93822,45.14533,0.0 9.93822,45.14533,0.0 9.93822,45.14533,0.0 9.93822,45.14534,0.0 9.93822,45.14534,0.0 9.93822,45.14534,0.0 9.93823,45.14535,0.0 9.93824,45.14536,0.0 9.93825,45.14537,0.0 9.93825,45.14537,0.0 9.93826,45.14537,0.0 9.93826,45.14537,0.0 9.93826,45.14537,0.0 9.93826,45.14537,0.0 9.93826,45.14537,0.0 9.93826,45.14537,0.0 9.93826,45.14537,0.0</coordinates>
                    </LineString>
                </Placemark>
            </Folder>
            <Folder id="895">
                <name>22:30 – 22:39</name>
                <Placemark id="897">
                    <name>Rota 22:30</name>
                    <styleUrl>#2</styleUrl>
                    <LineString id="896">
                        <altitudeMode>clampToGround</altitudeMode>
                        <coordinates>9.93826,45.14537,0.0 9.93826,45.14537,0.0 9.93826,45.14537,0.0 9.93826,45.14537,0.0 9.93826,45.14537,0.0 9.93826,45.14537,0.0 9.93826,45.14537,0.0 9.93826,45.14537,0.0 9.93826,45.14536,0.0 9.93825,45.14536,0.0 9.93825,45.14536,0.0 9.93825,45.14536,0.0 9.93825,45.14536,0.0 9.93825,45.14536,0.0 9.93825,45.14536,0.0 9.93825,45.14536,0.0 9.93825,45.14536,0.0 9.93826,45.14536,0.0 9.93825,45.14536,0.0 9.93825,45.14536,0.0 9.93825,45.14536,0.0 9.93825,45.14536,0.0 9.93826,45.14536,0.0 9.93826,45.14536,0.0 9.93826,45.14536,0.0 9.93826,45.14536,0.0 9.93826,45.14536,0.0 9.93826,45.14535,0.0 9.93826,45.14535,0.0 9.93826,45.14535,0.0 9.93826,45.14535,0.0 9.93826,45.14535,0.0 9.93826,45.14535,0.0 9.93826,45.14535,0.0 9.93826,45.14535,0.0 9.93826,45.14535,0.0 9.93826,45.14535,0.0 9.93826,45.14535,0.0 9.93826,45.14535,0.0 9.93826,45.14535,0.0 9.93826,45.14535,0.0 9.93826,45.14535,0.0 9.93826,45.14535,0.0 9.93826,45.14535,0.0 9.93826,45.14535,0.0 9.93826,45.14535,0.0 9.93826,45.14535,0.0 9.93826,45.14535,0.0 9.93826,45.14535,0.0 9.93826,45.14535,0.0 9.93826,45.14535,0.0 9.93826,45.14535,0.0 9.93826,45.14535,0.0 9.93826,45.14535,0.0 9.93826,45.14535,0.0 9.93826,45.14535,0.0 9.93826,45.14535,0.0 9.93825,45.14535,0.0 9.93825,45.14535,0.0 9.93825,45.14534,0.0 9.93825,45.14534,0.0</coordinates>
                    </LineString>
                </Placemark>
                <Placemark id="899">
                    <name>Rota 22:31</name>
                    <styleUrl>#2</styleUrl>
                    <LineString id="898">
                        <altitudeMode>clampToGround</altitudeMode>
                        <coordinates>9.93825,45.14534,0.0 9.93824,45.14534,0.0 9.93823,45.14534,0.0 9.93821,45.14534,0.0 9.93819,45.14533,0.0 9.93818,45.14533,0.0 9.93817,45.14532,0.0 9.93817,45.14532,0.0 9.93817,45.14531,0.0 9.93817,45.1453,0.0 9.93816,45.14528,0.0 9.93816,45.14527,0.0 9.93816,45.14526,0.0 9.93816,45.14526,0.0 9.93816,45.14525,0.0 9.93818,45.14524,0.0 9.93819,45.14524,0.0 9.93819,45.14523,0.0 9.93819,45.14523,0.0 9.93819,45.14523,0.0 9.9382,45.14522,0.0 9.93821,45.14522,0.0 9.93822,45.14522,0.0 9.93822,45.14522,0.0 9.93823,45.14522,0.0 9.93823,45.14522,0.0 9.93823,45.14522,0.0 9.93822,45.14522,0.0 9.93821,45.14522,0.0 9.93821,45.14523,0.0 9.9382,45.14523,0.0 9.9382,45.14523,0.0 9.9382,45.14523,0.0 9.93819,45.14524,0.0 9.93819,45.14524,0.0 9.9382,45.14524,0.0 9.9382,45.14524,0.0 9.9382,45.14524,0.0 9.93821,45.14524,0.0 9.93821,45.14525,0.0 9.93821,45.14525,0.0 9.93821,45.14525,0.0 9.93821,45.14525,0.0 9.93821,45.14525,0.0 9.93821,45.14525,0.0 9.93821,45.14525,0.0 9.93821,45.14525,0.0 9.93821,45.14525,0.0 9.93822,45.14525,0.0 9.93822,45.14525,0.0 9.93822,45.14525,0.0 9.93822,45.14525,0.0 9.93822,45.14525,0.0 9.93822,45.14525,0.0 9.93822,45.14525,0.0 9.93822,45.14525,0.0 9.93822,45.14525,0.0 9.93822,45.14525,0.0 9.93822,45.14525,0.0 9.93823,45.14525,0.0 9.93822,45.14525,0.0</coordinates>
                    </LineString>
                </Placemark>
                <Placemark id="901">
                    <name>Rota 22:32</name>
                    <styleUrl>#2</styleUrl>
                    <LineString id="900">
                        <altitudeMode>clampToGround</altitudeMode>
                        <coordinates>9.93822,45.14525,0.0 9.93823,45.14525,0.0 9.93823,45.14525,0.0 9.93823,45.14525,0.0 9.93823,45.14525,0.0 9.93823,45.14525,0.0 9.93823,45.14525,0.0 9.93823,45.14525,0.0 9.93823,45.14525,0.0 9.93823,45.14525,0.0 9.93823,45.14525,0.0 9.93823,45.14525,0.0 9.93823,45.14526,0.0 9.93823,45.14526,0.0 9.93823,45.14526,0.0 9.93823,45.14525,0.0 9.93823,45.14525,0.0 9.93823,45.14525,0.0 9.93823,45.14525,0.0 9.93823,45.14525,0.0 9.93823,45.14525,0.0 9.93823,45.14524,0.0 9.93823,45.14524,0.0 9.93823,45.14524,0.0 9.93823,45.14523,0.0 9.93823,45.14523,0.0 9.93823,45.14523,0.0 9.93823,45.14523,0.0 9.93823,45.14523,0.0 9.93823,45.14523,0.0 9.93823,45.14523,0.0 9.93823,45.14523,0.0 9.93823,45.14523,0.0 9.93823,45.14523,0.0 9.93823,45.14523,0.0 9.93823,45.14523,0.0 9.93823,45.14523,0.0 9.93824,45.14524,0.0 9.93824,45.14524,0.0 9.93824,45.14523,0.0 9.93824,45.14523,0.0 9.93824,45.14524,0.0 9.93825,45.14524,0.0 9.93825,45.14525,0.0 9.93826,45.14525,0.0 9.93826,45.14525,0.0 9.93825,45.14526,0.0 9.93825,45.14526,0.0 9.93825,45.14526,0.0 9.93825,45.14526,0.0 9.93825,45.14526,0.0 9.93825,45.14526,0.0 9.93824,45.14527,0.0 9.93824,45.14527,0.0 9.93824,45.14527,0.0 9.93824,45.14526,0.0 9.93823,45.14526,0.0 9.93823,45.14526,0.0 9.93823,45.14526,0.0 9.93823,45.14526,0.0 9.93824,45.14527,0.0</coordinates>
                    </LineString>
                </Placemark>
                <Placemark id="903">
                    <name>Rota 22:33</name>
                    <styleUrl>#2</styleUrl>
                    <LineString id="902">
                        <altitudeMode>clampToGround</altitudeMode>
                        <coordinates>9.93824,45.14527,0.0 9.93824,45.14527,0.0 9.93824,45.14527,0.0 9.93824,45.14526,0.0 9.93824,45.14526,0.0 9.93824,45.14526,0.0 9.93824,45.14526,0.0 9.93824,45.14525,0.0 9.93824,45.14525,0.0 9.93825,45.14525,0.0 9.93825,45.14525,0.0 9.93825,45.14525,0.0 9.93825,45.14525,0.0 9.93825,45.14525,0.0 9.93825,45.14525,0.0 9.93825,45.14525,0.0 9.93825,45.14525,0.0 9.93825,45.14525,0.0 9.93825,45.14525,0.0 9.93825,45.14525,0.0 9.93825,45.14525,0.0 9.93825,45.14525,0.0 9.93826,45.14525,0.0 9.93826,45.14525,0.0 9.93826,45.14525,0.0 9.93827,45.14526,0.0 9.93827,45.14526,0.0 9.93827,45.14526,0.0 9.93827,45.14526,0.0 9.93827,45.14527,0.0 9.93827,45.14527,0.0 9.93826,45.14527,0.0 9.93826,45.14527,0.0 9.93826,45.14527,0.0 9.93826,45.14527,0.0 9.93826,45.14527,0.0 9.93825,45.14526,0.0 9.93825,45.14526,0.0 9.93824,45.14526,0.0 9.93824,45.14525,0.0 9.93824,45.14525,0.0 9.93824,45.14525,0.0 9.93824,45.14525,0.0 9.93824,45.14525,0.0 9.93824,45.14525,0.0 9.93824,45.14525,0.0 9.93825,45.14525,0.0 9.93825,45.14525,0.0 9.93825,45.14525,0.0 9.93825,45.14525,0.0 9.93825,45.14525,0.0 9.93826,45.14526,0.0 9.93826,45.14526,0.0 9.93826,45.14526,0.0 9.93826,45.14527,0.0 9.93826,45.14527,0.0 9.93825,45.14527,0.0 9.93825,45.14527,0.0 9.93825,45.14527,0.0 9.93825,45.14527,0.0 9.93824,45.14527,0.0</coordinates>
                    </LineString>
                </Placemark>
                <Placemark id="905">
                    <name>Rota 22:34</name>
                    <styleUrl>#2</styleUrl>
                    <LineString id="904">
                        <altitudeMode>clampToGround</altitudeMode>
                        <coordinates>9.93824,45.14527,0.0 9.93823,45.14527,0.0 9.93823,45.14526,0.0 9.93823,45.14526,0.0 9.93823,45.14526,0.0 9.93823,45.14525,0.0 9.93823,45.14525,0.0 9.93823,45.14525,0.0 9.93823,45.14525,0.0 9.93823,45.14525,0.0 9.93823,45.14525,0.0 9.93823,45.14525,0.0 9.93823,45.14525,0.0 9.93823,45.14524,0.0 9.93823,45.14524,0.0 9.93823,45.14524,0.0 9.93823,45.14524,0.0 9.93823,45.14524,0.0 9.93824,45.14524,0.0 9.93824,45.14525,0.0 9.93824,45.14525,0.0 9.93824,45.14525,0.0 9.93823,45.14525,0.0 9.93823,45.14525,0.0 9.93823,45.14525,0.0 9.93823,45.14526,0.0 9.93823,45.14526,0.0 9.93823,45.14526,0.0 9.93823,45.14525,0.0 9.93823,45.14525,0.0 9.93823,45.14525,0.0 9.93822,45.14524,0.0 9.93822,45.14524,0.0 9.93822,45.14524,0.0 9.93822,45.14524,0.0 9.93822,45.14524,0.0 9.93823,45.14524,0.0 9.93823,45.14524,0.0 9.93823,45.14524,0.0 9.93823,45.14524,0.0 9.93823,45.14524,0.0 9.93823,45.14524,0.0 9.93823,45.14524,0.0 9.93823,45.14524,0.0 9.93823,45.14524,0.0 9.93824,45.14524,0.0 9.93824,45.14524,0.0 9.93824,45.14524,0.0 9.93823,45.14525,0.0 9.93824,45.14525,0.0 9.93824,45.14525,0.0 9.93824,45.14525,0.0 9.93825,45.14526,0.0 9.93825,45.14526,0.0 9.93825,45.14526,0.0 9.93825,45.14527,0.0 9.93824,45.14527,0.0 9.93824,45.14527,0.0 9.93824,45.14526,0.0 9.93824,45.14526,0.0 9.93823,45.14526,0.0</coordinates>
                    </LineString>
                </Placemark>
                <Placemark id="907">
                    <name>Rota 22:35</name>
                    <styleUrl>#2</styleUrl>
                    <LineString id="906">
                        <altitudeMode>clampToGround</altitudeMode>
                        <coordinates>9.93823,45.14526,0.0 9.93823,45.14525,0.0 9.93823,45.14525,0.0 9.93823,45.14525,0.0 9.93823,45.14525,0.0 9.93823,45.14525,0.0 9.93823,45.14525,0.0 9.93823,45.14525,0.0 9.93823,45.14525,0.0 9.93823,45.14525,0.0 9.93823,45.14525,0.0 9.93823,45.14525,0.0 9.93823,45.14525,0.0 9.93824,45.14524,0.0 9.93824,45.14524,0.0 9.93824,45.14524,0.0 9.93824,45.14524,0.0 9.93824,45.14524,0.0 9.93824,45.14524,0.0 9.93824,45.14524,0.0 9.93825,45.14524,0.0 9.93825,45.14524,0.0 9.93825,45.14525,0.0 9.93825,45.14525,0.0 9.93825,45.14525,0.0 9.93825,45.14525,0.0 9.93825,45.14525,0.0 9.93825,45.14525,0.0 9.93824,45.14526,0.0 9.93824,45.14526,0.0 9.93824,45.14526,0.0 9.93824,45.14526,0.0 9.93824,45.14526,0.0 9.93823,45.14525,0.0 9.93823,45.14525,0.0 9.93823,45.14525,0.0 9.93823,45.14525,0.0 9.93822,45.14525,0.0 9.93822,45.14525,0.0 9.93822,45.14525,0.0 9.93822,45.14525,0.0 9.93822,45.14525,0.0 9.93823,45.14525,0.0 9.93823,45.14525,0.0 9.93823,45.14525,0.0 9.93823,45.14525,0.0 9.93823,45.14525,0.0 9.93823,45.14525,0.0 9.93823,45.14525,0.0 9.93824,45.14525,0.0 9.93824,45.14525,0.0 9.93824,45.14525,0.0 9.93825,45.14526,0.0 9.93825,45.14527,0.0 9.93825,45.14527,0.0 9.93825,45.14527,0.0 9.93825,45.14527,0.0 9.93825,45.14527,0.0 9.93824,45.14527,0.0 9.93824,45.14527,0.0 9.93824,45.14526,0.0</coordinates>
                    </LineString>
                </Placemark>
                <Placemark id="909">
                    <name>Rota 22:36</name>
                    <styleUrl>#2</styleUrl>
                    <LineString id="908">
                        <altitudeMode>clampToGround</altitudeMode>
                        <coordinates>9.93824,45.14526,0.0 9.93824,45.14525,0.0 9.93824,45.14525,0.0 9.93823,45.14525,0.0 9.93823,45.14525,0.0 9.93823,45.14525,0.0 9.93823,45.14525,0.0 9.93823,45.14524,0.0 9.93823,45.14524,0.0 9.93823,45.14525,0.0 9.93823,45.14525,0.0 9.93823,45.14525,0.0 9.93823,45.14525,0.0 9.93823,45.14525,0.0 9.93823,45.14525,0.0 9.93823,45.14525,0.0 9.93824,45.14525,0.0 9.93824,45.14526,0.0 9.93824,45.14526,0.0 9.93824,45.14526,0.0 9.93824,45.14526,0.0 9.93824,45.14526,0.0 9.93824,45.14526,0.0 9.93824,45.14526,0.0 9.93823,45.14526,0.0 9.93823,45.14525,0.0 9.93823,45.14525,0.0 9.93823,45.14525,0.0 9.93823,45.14525,0.0 9.93824,45.14525,0.0 9.93824,45.14525,0.0 9.93824,45.14525,0.0 9.93824,45.14525,0.0 9.93824,45.14525,0.0 9.93824,45.14525,0.0 9.93823,45.14525,0.0 9.93823,45.14525,0.0 9.93823,45.14525,0.0 9.93823,45.14525,0.0 9.93823,45.14525,0.0 9.93823,45.14525,0.0 9.93823,45.14525,0.0 9.93824,45.14525,0.0 9.93825,45.14525,0.0 9.93825,45.14525,0.0 9.93825,45.14525,0.0 9.93825,45.14526,0.0 9.93825,45.14526,0.0 9.93825,45.14527,0.0 9.93825,45.14527,0.0 9.93825,45.14527,0.0 9.93825,45.14527,0.0 9.93825,45.14526,0.0 9.93825,45.14526,0.0 9.93824,45.14526,0.0 9.93824,45.14525,0.0 9.93824,45.14525,0.0 9.93824,45.14525,0.0 9.93824,45.14525,0.0 9.93824,45.14525,0.0 9.93824,45.14524,0.0</coordinates>
                    </LineString>
                </Placemark>
                <Placemark id="911">
                    <name>Rota 22:37</name>
                    <styleUrl>#2</styleUrl>
                    <LineString id="910">
                        <altitudeMode>clampToGround</altitudeMode>
                        <coordinates>9.93824,45.14524,0.0 9.93824,45.14524,0.0 9.93824,45.14524,0.0 9.93825,45.14524,0.0 9.93825,45.14524,0.0 9.93825,45.14524,0.0 9.93825,45.14524,0.0 9.93825,45.14524,0.0 9.93825,45.14525,0.0 9.93825,45.14525,0.0 9.93825,45.14525,0.0 9.93825,45.14525,0.0 9.93825,45.14526,0.0 9.93824,45.14526,0.0 9.93824,45.14526,0.0 9.93824,45.14526,0.0 9.93824,45.14526,0.0 9.93824,45.14526,0.0 9.93824,45.14526,0.0 9.93824,45.14526,0.0 9.93823,45.14526,0.0 9.93823,45.14526,0.0 9.93823,45.14526,0.0 9.93823,45.14525,0.0 9.93824,45.14525,0.0 9.93824,45.14525,0.0 9.93824,45.14525,0.0 9.93825,45.14525,0.0 9.93825,45.14525,0.0 9.93825,45.14525,0.0 9.93825,45.14525,0.0 9.93825,45.14524,0.0 9.93825,45.14525,0.0 9.93825,45.14525,0.0 9.93825,45.14525,0.0 9.93825,45.14525,0.0 9.93825,45.14525,0.0 9.93825,45.14525,0.0 9.93825,45.14525,0.0 9.93825,45.14525,0.0 9.93825,45.14525,0.0 9.93825,45.14525,0.0 9.93824,45.14525,0.0 9.93824,45.14525,0.0 9.93824,45.14525,0.0 9.93824,45.14525,0.0 9.93824,45.14525,0.0 9.93823,45.14524,0.0 9.93823,45.14524,0.0 9.93823,45.14524,0.0 9.93823,45.14524,0.0 9.93823,45.14524,0.0 9.93823,45.14523,0.0 9.93823,45.14524,0.0 9.93823,45.14524,0.0 9.93824,45.14523,0.0 9.93824,45.14523,0.0 9.93824,45.14523,0.0 9.93824,45.14523,0.0 9.93825,45.14523,0.0 9.93825,45.14523,0.0</coordinates>
                    </LineString>
                </Placemark>
                <Placemark id="913">
                    <name>Rota 22:38</name>
                    <styleUrl>#2</styleUrl>
                    <LineString id="912">
                        <altitudeMode>clampToGround</altitudeMode>
                        <coordinates>9.93825,45.14523,0.0 9.93825,45.14524,0.0 9.93825,45.14524,0.0 9.93825,45.14525,0.0 9.93825,45.14525,0.0 9.93825,45.14525,0.0 9.93825,45.14525,0.0 9.93825,45.14525,0.0 9.93824,45.14525,0.0 9.93824,45.14524,0.0 9.93824,45.14524,0.0 9.93824,45.14524,0.0 9.93824,45.14524,0.0 9.93824,45.14525,0.0 9.93824,45.14525,0.0 9.93824,45.14525,0.0 9.93824,45.14525,0.0 9.93824,45.14525,0.0 9.93824,45.14525,0.0 9.93824,45.14525,0.0 9.93824,45.14525,0.0 9.93824,45.14525,0.0 9.93824,45.14525,0.0 9.93824,45.14525,0.0 9.93824,45.14525,0.0 9.93824,45.14526,0.0 9.93824,45.14526,0.0 9.93824,45.14526,0.0 9.93824,45.14526,0.0 9.93824,45.14527,0.0 9.93824,45.14527,0.0 9.93824,45.14527,0.0 9.93824,45.14527,0.0 9.93824,45.14527,0.0 9.93824,45.14527,0.0 9.93824,45.14526,0.0 9.93823,45.14526,0.0 9.93823,45.14525,0.0 9.93823,45.14525,0.0 9.93823,45.14525,0.0 9.93824,45.14525,0.0 9.93824,45.14525,0.0 9.93825,45.14525,0.0 9.93825,45.14525,0.0 9.93825,45.14525,0.0 9.93825,45.14525,0.0 9.93825,45.14525,0.0 9.93825,45.14525,0.0 9.93825,45.14525,0.0 9.93825,45.14526,0.0 9.93825,45.14526,0.0 9.93825,45.14526,0.0 9.93825,45.14527,0.0 9.93825,45.14527,0.0 9.93825,45.14527,0.0 9.93825,45.14527,0.0 9.93825,45.14527,0.0 9.93825,45.14527,0.0 9.93824,45.14526,0.0 9.93824,45.14526,0.0 9.93825,45.14526,0.0</coordinates>
                    </LineString>
                </Placemark>
                <Placemark id="915">
                    <name>Rota 22:39</name>
                    <styleUrl>#2</styleUrl>
                    <LineString id="914">
                        <altitudeMode>clampToGround</altitudeMode>
                        <coordinates>9.93825,45.14526,0.0 9.93825,45.14526,0.0 9.93825,45.14526,0.0 9.93825,45.14526,0.0 9.93825,45.14526,0.0 9.93825,45.14526,0.0 9.93825,45.14526,0.0 9.93825,45.14526,0.0 9.93825,45.14525,0.0 9.93825,45.14526,0.0 9.93826,45.14526,0.0 9.93826,45.14527,0.0 9.93825,45.14527,0.0 9.93825,45.14527,0.0 9.93825,45.14527,0.0 9.93825,45.14527,0.0 9.93825,45.14528,0.0 9.93825,45.14528,0.0 9.93824,45.14527,0.0 9.93824,45.14527,0.0 9.93824,45.14527,0.0 9.93824,45.14527,0.0 9.93824,45.14527,0.0 9.93824,45.14527,0.0 9.93824,45.14526,0.0 9.93824,45.14526,0.0 9.93824,45.14526,0.0 9.93824,45.14526,0.0 9.93824,45.14526,0.0 9.93825,45.14526,0.0 9.93825,45.14526,0.0 9.93825,45.14525,0.0 9.93825,45.14525,0.0 9.93825,45.14525,0.0 9.93825,45.14525,0.0 9.93825,45.14525,0.0 9.93825,45.14525,0.0 9.93825,45.14525,0.0 9.93825,45.14525,0.0 9.93825,45.14526,0.0 9.93825,45.14526,0.0 9.93825,45.14526,0.0 9.93825,45.14526,0.0 9.93825,45.14527,0.0 9.93825,45.14527,0.0 9.93824,45.14527,0.0 9.93824,45.14526,0.0 9.93824,45.14526,0.0 9.93824,45.14526,0.0 9.93824,45.14526,0.0 9.93823,45.14526,0.0 9.93823,45.14526,0.0 9.93823,45.14526,0.0 9.93823,45.14526,0.0 9.93823,45.14526,0.0 9.93823,45.14526,0.0 9.93824,45.14526,0.0 9.93824,45.14526,0.0 9.93824,45.14526,0.0 9.93825,45.14526,0.0 9.93825,45.14526,0.0</coordinates>
                    </LineString>
                </Placemark>
            </Folder>
            <Folder id="916">
                <name>22:40 – 22:49</name>
                <Placemark id="918">
                    <name>Rota 22:40</name>
                    <styleUrl>#2</styleUrl>
                    <LineString id="917">
                        <altitudeMode>clampToGround</altitudeMode>
                        <coordinates>9.93825,45.14526,0.0 9.93825,45.14526,0.0 9.93825,45.14526,0.0 9.93825,45.14527,0.0 9.93825,45.14527,0.0 9.93825,45.14527,0.0 9.93825,45.14527,0.0 9.93825,45.14528,0.0 9.93825,45.14527,0.0 9.93825,45.14527,0.0 9.93825,45.14527,0.0 9.93825,45.14527,0.0 9.93825,45.14526,0.0 9.93824,45.14526,0.0 9.93824,45.14525,0.0 9.93825,45.14525,0.0 9.93825,45.14525,0.0 9.93825,45.14525,0.0 9.93825,45.14525,0.0 9.93825,45.14525,0.0 9.93825,45.14525,0.0 9.93825,45.14525,0.0 9.93825,45.14525,0.0 9.93825,45.14526,0.0 9.93825,45.14526,0.0 9.93826,45.14526,0.0 9.93826,45.14526,0.0 9.93826,45.14527,0.0 9.93826,45.14527,0.0 9.93826,45.14527,0.0 9.93826,45.14527,0.0 9.93825,45.14528,0.0 9.93825,45.14528,0.0 9.93825,45.14528,0.0 9.93825,45.14527,0.0 9.93825,45.14527,0.0 9.93825,45.14526,0.0 9.93825,45.14526,0.0 9.93825,45.14526,0.0 9.93825,45.14526,0.0 9.93825,45.14526,0.0 9.93825,45.14526,0.0 9.93825,45.14526,0.0 9.93825,45.14526,0.0 9.93825,45.14526,0.0 9.93825,45.14526,0.0 9.93825,45.14526,0.0 9.93825,45.14527,0.0 9.93825,45.14527,0.0 9.93825,45.14528,0.0 9.93824,45.14528,0.0 9.93824,45.14528,0.0 9.93824,45.14528,0.0 9.93824,45.14528,0.0 9.93824,45.14528,0.0 9.93824,45.14528,0.0 9.93824,45.14528,0.0 9.93824,45.14528,0.0 9.93824,45.14527,0.0 9.93824,45.14527,0.0 9.93824,45.14527,0.0</coordinates>
                    </LineString>
                </Placemark>
                <Placemark id="920">
                    <name>Rota 22:41</name>
                    <styleUrl>#2</styleUrl>
                    <LineString id="919">
                        <altitudeMode>clampToGround</altitudeMode>
                        <coordinates>9.93824,45.14527,0.0 9.93824,45.14527,0.0 9.93824,45.14527,0.0 9.93825,45.14527,0.0 9.93825,45.14527,0.0 9.93825,45.14527,0.0 9.93825,45.14527,0.0 9.93825,45.14527,0.0 9.93825,45.14527,0.0 9.93825,45.14527,0.0 9.93825,45.14527,0.0 9.93826,45.14527,0.0 9.93826,45.14527,0.0 9.93826,45.14527,0.0 9.93826,45.14527,0.0 9.93826,45.14528,0.0 9.93825,45.14528,0.0 9.93825,45.14528,0.0 9.93825,45.14528,0.0 9.93825,45.14528,0.0 9.93825,45.14528,0.0 9.93825,45.14528,0.0 9.93825,45.14528,0.0 9.93825,45.14528,0.0 9.93825,45.14528,0.0 9.93825,45.14527,0.0 9.93825,45.14527,0.0 9.93825,45.14527,0.0 9.93825,45.14527,0.0 9.93825,45.14527,0.0 9.93825,45.14527,0.0 9.93825,45.14527,0.0 9.93826,45.14527,0.0 9.93826,45.14527,0.0 9.93827,45.14527,0.0 9.93827,45.14527,0.0 9.93827,45.14527,0.0 9.93827,45.14527,0.0 9.93827,45.14528,0.0 9.93827,45.14528,0.0 9.93827,45.14528,0.0 9.93827,45.14528,0.0 9.93827,45.14528,0.0 9.93827,45.14528,0.0 9.93826,45.14528,0.0 9.93826,45.14528,0.0 9.93826,45.14528,0.0 9.93826,45.14528,0.0 9.93826,45.14528,0.0 9.93826,45.14528,0.0 9.93825,45.14527,0.0 9.93825,45.14527,0.0 9.93825,45.14527,0.0 9.93825,45.14527,0.0 9.93825,45.14527,0.0 9.93825,45.14527,0.0 9.93826,45.14526,0.0 9.93826,45.14526,0.0 9.93826,45.14526,0.0 9.93826,45.14526,0.0 9.93826,45.14526,0.0</coordinates>
                    </LineString>
                </Placemark>
                <Placemark id="922">
                    <name>Rota 22:42</name>
                    <styleUrl>#2</styleUrl>
                    <LineString id="921">
                        <altitudeMode>clampToGround</altitudeMode>
                        <coordinates>9.93826,45.14526,0.0 9.93826,45.14526,0.0 9.93826,45.14527,0.0 9.93826,45.14527,0.0 9.93826,45.14528,0.0 9.93826,45.14528,0.0 9.93826,45.14528,0.0 9.93826,45.14528,0.0 9.93826,45.14528,0.0 9.93826,45.14528,0.0 9.93825,45.14527,0.0 9.93825,45.14527,0.0 9.93825,45.14527,0.0 9.93825,45.14527,0.0 9.93825,45.14526,0.0 9.93825,45.14526,0.0 9.93825,45.14526,0.0 9.93825,45.14526,0.0 9.93825,45.14526,0.0 9.93825,45.14526,0.0 9.93825,45.14526,0.0 9.93825,45.14526,0.0 9.93825,45.14526,0.0 9.93825,45.14526,0.0 9.93825,45.14526,0.0 9.93825,45.14526,0.0 9.93825,45.14526,0.0 9.93825,45.14526,0.0 9.93825,45.14526,0.0 9.93825,45.14526,0.0 9.93825,45.14527,0.0 9.93825,45.14527,0.0 9.93825,45.14527,0.0 9.93825,45.14527,0.0 9.93825,45.14527,0.0 9.93825,45.14527,0.0 9.93825,45.14527,0.0 9.93825,45.14527,0.0 9.93825,45.14527,0.0 9.93825,45.14527,0.0 9.93825,45.14527,0.0 9.93825,45.14527,0.0 9.93825,45.14527,0.0 9.93825,45.14527,0.0 9.93825,45.14527,0.0 9.93825,45.14527,0.0 9.93825,45.14527,0.0 9.93825,45.14527,0.0 9.93826,45.14527,0.0 9.93826,45.14527,0.0 9.93826,45.14527,0.0 9.93826,45.14527,0.0 9.93826,45.14527,0.0 9.93826,45.14527,0.0 9.93826,45.14527,0.0 9.93826,45.14527,0.0 9.93826,45.14528,0.0 9.93826,45.14528,0.0 9.93826,45.14528,0.0 9.93826,45.14528,0.0 9.93826,45.14528,0.0</coordinates>
                    </LineString>
                </Placemark>
                <Placemark id="924">
                    <name>Rota 22:43</name>
                    <styleUrl>#2</styleUrl>
                    <LineString id="923">
                        <altitudeMode>clampToGround</altitudeMode>
                        <coordinates>9.93826,45.14528,0.0 9.93826,45.14527,0.0 9.93826,45.14527,0.0 9.93825,45.14527,0.0 9.93825,45.14527,0.0 9.93825,45.14527,0.0 9.93825,45.14527,0.0 9.93825,45.14527,0.0 9.93825,45.14527,0.0 9.93825,45.14527,0.0 9.93825,45.14527,0.0 9.93825,45.14527,0.0 9.93825,45.14527,0.0 9.93825,45.14527,0.0 9.93825,45.14527,0.0 9.93826,45.14527,0.0 9.93826,45.14528,0.0 9.93825,45.14528,0.0 9.93825,45.14528,0.0 9.93825,45.14528,0.0 9.93825,45.14528,0.0 9.93825,45.14528,0.0 9.93825,45.14528,0.0 9.93824,45.14528,0.0 9.93824,45.14528,0.0 9.93824,45.14528,0.0 9.93824,45.14528,0.0 9.93824,45.14528,0.0 9.93824,45.14527,0.0 9.93824,45.14527,0.0 9.93824,45.14527,0.0 9.93824,45.14527,0.0 9.93824,45.14527,0.0 9.93824,45.14527,0.0 9.93825,45.14526,0.0 9.93825,45.14526,0.0 9.93825,45.14526,0.0 9.93825,45.14526,0.0 9.93825,45.14526,0.0 9.93825,45.14526,0.0 9.93826,45.14526,0.0 9.93826,45.14526,0.0 9.93826,45.14526,0.0 9.93826,45.14526,0.0 9.93826,45.14527,0.0 9.93826,45.14527,0.0 9.93825,45.14528,0.0 9.93825,45.14528,0.0 9.93825,45.14528,0.0 9.93825,45.14528,0.0 9.93825,45.14528,0.0 9.93825,45.14528,0.0 9.93825,45.14528,0.0 9.93825,45.14527,0.0 9.93825,45.14527,0.0 9.93825,45.14527,0.0 9.93825,45.14527,0.0 9.93825,45.14527,0.0 9.93825,45.14527,0.0 9.93825,45.14527,0.0 9.93825,45.14527,0.0</coordinates>
                    </LineString>
                </Placemark>
                <Placemark id="926">
                    <name>Rota 22:44</name>
                    <styleUrl>#2</styleUrl>
                    <LineString id="925">
                        <altitudeMode>clampToGround</altitudeMode>
                        <coordinates>9.93825,45.14527,0.0 9.93825,45.14527,0.0 9.93825,45.14527,0.0 9.93825,45.14526,0.0 9.93825,45.14526,0.0 9.93825,45.14526,0.0 9.93825,45.14526,0.0 9.93825,45.14526,0.0 9.93825,45.14526,0.0 9.93825,45.14527,0.0 9.93825,45.14527,0.0 9.93825,45.14527,0.0 9.93825,45.14527,0.0 9.93825,45.14527,0.0 9.93824,45.14527,0.0 9.93824,45.14527,0.0 9.93825,45.14527,0.0 9.93824,45.14526,0.0 9.93824,45.14526,0.0 9.93824,45.14526,0.0 9.93824,45.14526,0.0 9.93825,45.14526,0.0 9.93825,45.14526,0.0 9.93825,45.14526,0.0 9.93825,45.14526,0.0 9.93825,45.14526,0.0 9.93825,45.14527,0.0 9.93825,45.14526,0.0 9.93825,45.14526,0.0 9.93825,45.14526,0.0 9.93825,45.14526,0.0 9.93825,45.14526,0.0 9.93825,45.14527,0.0 9.93825,45.14527,0.0 9.93825,45.14527,0.0 9.93825,45.14527,0.0 9.93825,45.14527,0.0 9.93825,45.14527,0.0 9.93825,45.14528,0.0 9.93825,45.14528,0.0 9.93825,45.14528,0.0 9.93825,45.14528,0.0 9.93825,45.14528,0.0 9.93825,45.14527,0.0 9.93825,45.14527,0.0 9.93825,45.14527,0.0 9.93825,45.14527,0.0 9.93825,45.14527,0.0 9.93825,45.14527,0.0 9.93825,45.14526,0.0 9.93825,45.14526,0.0 9.93825,45.14526,0.0 9.93825,45.14526,0.0 9.93825,45.14526,0.0 9.93826,45.14526,0.0 9.93826,45.14526,0.0 9.93826,45.14526,0.0 9.93826,45.14526,0.0 9.93826,45.14527,0.0 9.93826,45.14527,0.0 9.93825,45.14527,0.0</coordinates>
                    </LineString>
                </Placemark>
                <Placemark id="928">
                    <name>Rota 22:45</name>
                    <styleUrl>#2</styleUrl>
                    <LineString id="927">
                        <altitudeMode>clampToGround</altitudeMode>
                        <coordinates>9.93825,45.14527,0.0 9.93825,45.14527,0.0 9.93825,45.14528,0.0 9.93825,45.14528,0.0 9.93825,45.14528,0.0 9.93824,45.14527,0.0 9.93824,45.14527,0.0 9.93824,45.14527,0.0 9.93824,45.14526,0.0 9.93824,45.14526,0.0 9.93824,45.14526,0.0 9.93824,45.14526,0.0 9.93824,45.14526,0.0 9.93824,45.14526,0.0 9.93824,45.14526,0.0 9.93825,45.14527,0.0 9.93825,45.14527,0.0 9.93825,45.14527,0.0 9.93825,45.14527,0.0 9.93825,45.14527,0.0 9.93825,45.14527,0.0 9.93825,45.14527,0.0 9.93825,45.14527,0.0 9.93825,45.14527,0.0 9.93825,45.14527,0.0 9.93826,45.14527,0.0 9.93826,45.14527,0.0 9.93826,45.14527,0.0 9.93826,45.14527,0.0 9.93826,45.14528,0.0 9.93826,45.14528,0.0 9.93826,45.14528,0.0 9.93826,45.14528,0.0 9.93825,45.14528,0.0 9.93825,45.14528,0.0 9.93825,45.14528,0.0 9.93825,45.14527,0.0 9.93825,45.14527,0.0 9.93825,45.14527,0.0 9.93825,45.14527,0.0 9.93825,45.14526,0.0 9.93825,45.14526,0.0 9.93825,45.14526,0.0 9.93825,45.14526,0.0 9.93825,45.14526,0.0 9.93825,45.14526,0.0 9.93826,45.14526,0.0 9.93826,45.14526,0.0 9.93826,45.14526,0.0 9.93826,45.14526,0.0 9.93826,45.14526,0.0 9.93826,45.14526,0.0 9.93826,45.14526,0.0 9.93826,45.14526,0.0 9.93826,45.14526,0.0 9.93826,45.14526,0.0 9.93826,45.14526,0.0 9.93826,45.14527,0.0 9.93826,45.14527,0.0 9.93826,45.14527,0.0 9.93826,45.14527,0.0</coordinates>
                    </LineString>
                </Placemark>
                <Placemark id="930">
                    <name>Rota 22:46</name>
                    <styleUrl>#2</styleUrl>
                    <LineString id="929">
                        <altitudeMode>clampToGround</altitudeMode>
                        <coordinates>9.93826,45.14527,0.0 9.93826,45.14527,0.0 9.93826,45.14527,0.0 9.93826,45.14527,0.0 9.93826,45.14526,0.0 9.93826,45.14526,0.0 9.93826,45.14526,0.0 9.93825,45.14526,0.0 9.93825,45.14526,0.0 9.93825,45.14527,0.0 9.93825,45.14527,0.0 9.93825,45.14527,0.0 9.93825,45.14527,0.0 9.93825,45.14527,0.0 9.93825,45.14526,0.0 9.93825,45.14527,0.0 9.93825,45.14527,0.0 9.93825,45.14527,0.0 9.93825,45.14528,0.0 9.93825,45.14528,0.0 9.93825,45.14528,0.0 9.93825,45.14527,0.0 9.93825,45.14527,0.0 9.93825,45.14527,0.0 9.93825,45.14527,0.0 9.93824,45.14527,0.0 9.93824,45.14527,0.0 9.93824,45.14527,0.0 9.93824,45.14527,0.0 9.93824,45.14527,0.0 9.93824,45.14527,0.0 9.93824,45.14527,0.0 9.93824,45.14526,0.0 9.93824,45.14526,0.0 9.93824,45.14526,0.0 9.93824,45.14526,0.0 9.93824,45.14526,0.0 9.93824,45.14526,0.0 9.93824,45.14526,0.0 9.93824,45.14526,0.0 9.93824,45.14526,0.0 9.93824,45.14526,0.0 9.93824,45.14526,0.0 9.93824,45.14527,0.0 9.93824,45.14527,0.0 9.93824,45.14526,0.0 9.93824,45.14526,0.0 9.93824,45.14526,0.0 9.93824,45.14525,0.0 9.93824,45.14525,0.0 9.93824,45.14525,0.0 9.93824,45.14525,0.0 9.93824,45.14525,0.0 9.93824,45.14525,0.0 9.93824,45.14525,0.0 9.93824,45.14525,0.0 9.93824,45.14525,0.0 9.93824,45.14525,0.0 9.93824,45.14525,0.0 9.93824,45.14525,0.0 9.93824,45.14525,0.0</coordinates>
                    </LineString>
                </Placemark>
                <Placemark id="932">
                    <name>Rota 22:47</name>
                    <styleUrl>#2</styleUrl>
                    <LineString id="931">
                        <altitudeMode>clampToGround</altitudeMode>
                        <coordinates>9.93824,45.14525,0.0 9.93824,45.14525,0.0 9.93824,45.14524,0.0 9.93824,45.14524,0.0 9.93824,45.14524,0.0 9.93824,45.14525,0.0 9.93824,45.14525,0.0 9.93824,45.14525,0.0 9.93824,45.14525,0.0 9.93824,45.14525,0.0 9.93824,45.14525,0.0 9.93824,45.14526,0.0 9.93824,45.14526,0.0 9.93824,45.14525,0.0 9.93824,45.14525,0.0 9.93824,45.14525,0.0 9.93824,45.14525,0.0 9.93824,45.14526,0.0 9.93824,45.14526,0.0 9.93824,45.14526,0.0 9.93824,45.14526,0.0 9.93824,45.14526,0.0 9.93824,45.14526,0.0 9.93825,45.14526,0.0 9.93825,45.14526,0.0 9.93825,45.14526,0.0 9.93825,45.14526,0.0 9.93825,45.14526,0.0 9.93825,45.14527,0.0 9.93825,45.14527,0.0 9.93825,45.14527,0.0 9.93825,45.14527,0.0 9.93825,45.14527,0.0 9.93825,45.14527,0.0 9.93825,45.14527,0.0 9.93825,45.14527,0.0 9.93825,45.14526,0.0 9.93825,45.14526,0.0 9.93825,45.14526,0.0 9.93825,45.14526,0.0 9.93825,45.14526,0.0 9.93825,45.14526,0.0 9.93824,45.14525,0.0 9.93824,45.14525,0.0 9.93824,45.14525,0.0 9.93824,45.14525,0.0 9.93824,45.14525,0.0 9.93824,45.14526,0.0 9.93824,45.14526,0.0 9.93824,45.14526,0.0 9.93824,45.14527,0.0 9.93824,45.14527,0.0 9.93824,45.14527,0.0 9.93824,45.14527,0.0 9.93824,45.14527,0.0 9.93823,45.14527,0.0 9.93823,45.14526,0.0 9.93823,45.14526,0.0 9.93823,45.14526,0.0 9.93823,45.14526,0.0 9.93823,45.14526,0.0</coordinates>
                    </LineString>
                </Placemark>
                <Placemark id="934">
                    <name>Rota 22:48</name>
                    <styleUrl>#2</styleUrl>
                    <LineString id="933">
                        <altitudeMode>clampToGround</altitudeMode>
                        <coordinates>9.93823,45.14526,0.0 9.93823,45.14526,0.0 9.93823,45.14526,0.0 9.93824,45.14526,0.0 9.93823,45.14526,0.0 9.93823,45.14526,0.0 9.93823,45.14526,0.0 9.93824,45.14526,0.0 9.93824,45.14526,0.0 9.93824,45.14527,0.0 9.93824,45.14527,0.0 9.93824,45.14527,0.0 9.93824,45.14527,0.0 9.93823,45.14527,0.0 9.93823,45.14527,0.0 9.93823,45.14527,0.0 9.93823,45.14527,0.0 9.93823,45.14527,0.0 9.93823,45.14527,0.0 9.93823,45.14526,0.0 9.93823,45.14527,0.0 9.93823,45.14526,0.0 9.93823,45.14526,0.0 9.93823,45.14526,0.0 9.93823,45.14526,0.0 9.93822,45.14526,0.0 9.93822,45.14527,0.0 9.93822,45.14527,0.0 9.93823,45.14527,0.0 9.93823,45.14527,0.0 9.93823,45.14528,0.0 9.93823,45.14528,0.0 9.93823,45.14528,0.0 9.93823,45.14528,0.0 9.93823,45.14528,0.0 9.93823,45.14528,0.0 9.93823,45.14528,0.0 9.93823,45.14528,0.0 9.93824,45.14527,0.0 9.93824,45.14527,0.0 9.93823,45.14527,0.0 9.93824,45.14527,0.0 9.93824,45.14527,0.0 9.93824,45.14527,0.0 9.93824,45.14527,0.0 9.93824,45.14527,0.0 9.93824,45.14527,0.0 9.93824,45.14527,0.0 9.93824,45.14527,0.0 9.93824,45.14526,0.0 9.93824,45.14526,0.0 9.93824,45.14526,0.0 9.93824,45.14526,0.0 9.93824,45.14527,0.0 9.93824,45.14527,0.0 9.93824,45.14527,0.0 9.93824,45.14527,0.0 9.93824,45.14527,0.0 9.93824,45.14527,0.0 9.93824,45.14527,0.0 9.93824,45.14527,0.0</coordinates>
                    </LineString>
                </Placemark>
                <Placemark id="936">
                    <name>Rota 22:49</name>
                    <styleUrl>#2</styleUrl>
                    <LineString id="935">
                        <altitudeMode>clampToGround</altitudeMode>
                        <coordinates>9.93824,45.14527,0.0 9.93824,45.14527,0.0 9.93823,45.14526,0.0 9.93823,45.14526,0.0 9.93823,45.14526,0.0 9.93823,45.14526,0.0 9.93823,45.14526,0.0 9.93823,45.14526,0.0 9.93823,45.14526,0.0 9.93823,45.14526,0.0 9.93823,45.14526,0.0 9.93823,45.14526,0.0 9.93823,45.14526,0.0 9.93823,45.14526,0.0 9.93823,45.14526,0.0 9.93823,45.14526,0.0 9.93823,45.14526,0.0 9.93823,45.14526,0.0 9.93823,45.14526,0.0 9.93823,45.14526,0.0 9.93823,45.14527,0.0 9.93823,45.14527,0.0 9.93823,45.14527,0.0 9.93823,45.14527,0.0 9.93823,45.14527,0.0 9.93823,45.14527,0.0 9.93823,45.14527,0.0 9.93824,45.14527,0.0 9.93824,45.14526,0.0 9.93823,45.14526,0.0 9.93823,45.14526,0.0 9.93823,45.14526,0.0 9.93824,45.14526,0.0 9.93823,45.14526,0.0 9.93823,45.14526,0.0 9.93823,45.14526,0.0 9.93823,45.14526,0.0 9.93823,45.14526,0.0 9.93823,45.14526,0.0 9.93823,45.14525,0.0 9.93823,45.14525,0.0 9.93823,45.14525,0.0 9.93823,45.14525,0.0 9.93823,45.14525,0.0 9.93823,45.14526,0.0 9.93823,45.14526,0.0 9.93823,45.14527,0.0 9.93823,45.14527,0.0 9.93823,45.14527,0.0 9.93823,45.14527,0.0 9.93822,45.14527,0.0 9.93822,45.14527,0.0 9.93822,45.14526,0.0 9.93822,45.14526,0.0 9.93822,45.14526,0.0 9.93822,45.14526,0.0 9.93822,45.14525,0.0 9.93822,45.14525,0.0 9.93822,45.14525,0.0 9.93823,45.14525,0.0 9.93823,45.14525,0.0</coordinates>
                    </LineString>
                </Placemark>
            </Folder>
            <Folder id="937">
                <name>22:50 – 22:59</name>
                <Placemark id="939">
                    <name>Rota 22:50</name>
                    <styleUrl>#2</styleUrl>
                    <LineString id="938">
                        <altitudeMode>clampToGround</altitudeMode>
                        <coordinates>9.93823,45.14525,0.0 9.93823,45.14525,0.0 9.93823,45.14525,0.0 9.93823,45.14525,0.0 9.93823,45.14525,0.0 9.93823,45.14525,0.0 9.93823,45.14525,0.0 9.93823,45.14525,0.0 9.93823,45.14526,0.0 9.93823,45.14527,0.0 9.93823,45.14527,0.0 9.93823,45.14527,0.0 9.93823,45.14527,0.0 9.93823,45.14527,0.0 9.93823,45.14527,0.0 9.93823,45.14527,0.0 9.93823,45.14526,0.0 9.93822,45.14526,0.0 9.93822,45.14526,0.0 9.93821,45.14525,0.0 9.93822,45.14525,0.0 9.93822,45.14525,0.0 9.93822,45.14525,0.0 9.93822,45.14525,0.0 9.93822,45.14525,0.0 9.93822,45.14525,0.0 9.93823,45.14524,0.0 9.93823,45.14524,0.0 9.93823,45.14524,0.0 9.93823,45.14524,0.0 9.93823,45.14523,0.0 9.93824,45.14523,0.0 9.93824,45.14523,0.0 9.93824,45.14523,0.0 9.93825,45.14523,0.0 9.93825,45.14523,0.0 9.93825,45.14523,0.0 9.93827,45.14523,0.0 9.93828,45.14524,0.0 9.93828,45.14525,0.0 9.93828,45.14525,0.0 9.93828,45.14525,0.0 9.93828,45.14525,0.0 9.93827,45.14526,0.0 9.93827,45.14526,0.0 9.93826,45.14526,0.0 9.93826,45.14526,0.0 9.93826,45.14526,0.0 9.93826,45.14526,0.0 9.93825,45.14525,0.0 9.93825,45.14525,0.0 9.93824,45.14525,0.0 9.93823,45.14525,0.0 9.93823,45.14525,0.0 9.93823,45.14524,0.0 9.93823,45.14524,0.0 9.93824,45.14524,0.0 9.93824,45.14524,0.0 9.93824,45.14524,0.0 9.93824,45.14524,0.0 9.93825,45.14524,0.0</coordinates>
                    </LineString>
                </Placemark>
                <Placemark id="941">
                    <name>Rota 22:51</name>
                    <styleUrl>#2</styleUrl>
                    <LineString id="940">
                        <altitudeMode>clampToGround</altitudeMode>
                        <coordinates>9.93825,45.14524,0.0 9.93825,45.14524,0.0 9.93825,45.14523,0.0 9.93825,45.14523,0.0 9.93826,45.14523,0.0 9.93826,45.14523,0.0 9.93826,45.14523,0.0 9.93826,45.14523,0.0 9.93826,45.14523,0.0 9.93827,45.14523,0.0 9.93827,45.14523,0.0 9.93827,45.14523,0.0 9.93827,45.14523,0.0 9.93828,45.14522,0.0 9.93829,45.14523,0.0 9.9383,45.14523,0.0 9.9383,45.14524,0.0 9.9383,45.14524,0.0 9.9383,45.14524,0.0 9.9383,45.14525,0.0 9.93829,45.14525,0.0 9.93829,45.14525,0.0 9.93828,45.14526,0.0 9.93828,45.14526,0.0 9.93828,45.14526,0.0 9.93827,45.14526,0.0 9.93827,45.14526,0.0 9.93826,45.14525,0.0 9.93825,45.14525,0.0 9.93825,45.14525,0.0 9.93825,45.14525,0.0 9.93824,45.14525,0.0 9.93825,45.14524,0.0 9.93825,45.14524,0.0 9.93825,45.14524,0.0 9.93825,45.14524,0.0 9.93825,45.14524,0.0 9.93825,45.14524,0.0 9.93826,45.14524,0.0 9.93827,45.14524,0.0 9.93827,45.14524,0.0 9.93827,45.14524,0.0 9.93829,45.14524,0.0 9.9383,45.14524,0.0 9.9383,45.14525,0.0 9.9383,45.14525,0.0 9.9383,45.14525,0.0 9.9383,45.14526,0.0 9.93829,45.14526,0.0 9.93828,45.14527,0.0 9.93828,45.14527,0.0 9.93828,45.14527,0.0 9.93828,45.14526,0.0 9.93828,45.14526,0.0 9.93826,45.14525,0.0 9.93826,45.14525,0.0 9.93825,45.14525,0.0 9.93825,45.14525,0.0 9.93825,45.14525,0.0 9.93825,45.14525,0.0 9.93825,45.14524,0.0</coordinates>
                    </LineString>
                </Placemark>
                <Placemark id="943">
                    <name>Rota 22:52</name>
                    <styleUrl>#2</styleUrl>
                    <LineString id="942">
                        <altitudeMode>clampToGround</altitudeMode>
                        <coordinates>9.93825,45.14524,0.0 9.93825,45.14524,0.0 9.93825,45.14524,0.0 9.93825,45.14524,0.0 9.93825,45.14524,0.0 9.93825,45.14524,0.0 9.93825,45.14524,0.0 9.93826,45.14523,0.0 9.93826,45.14523,0.0 9.93826,45.14523,0.0 9.93826,45.14523,0.0 9.93826,45.14523,0.0 9.93826,45.14523,0.0 9.93826,45.14523,0.0 9.93826,45.14523,0.0 9.93826,45.14523,0.0 9.93827,45.14523,0.0 9.93828,45.14523,0.0 9.93829,45.14524,0.0 9.93829,45.14524,0.0 9.93829,45.14524,0.0 9.93829,45.14525,0.0 9.93829,45.14525,0.0 9.93828,45.14526,0.0 9.93828,45.14526,0.0 9.93828,45.14526,0.0 9.93828,45.14526,0.0 9.93827,45.14526,0.0 9.93827,45.14526,0.0 9.93827,45.14526,0.0 9.93826,45.14526,0.0 9.93826,45.14526,0.0 9.93826,45.14527,0.0 9.93826,45.14527,0.0 9.93826,45.14526,0.0 9.93825,45.14526,0.0 9.93825,45.14526,0.0 9.93825,45.14526,0.0 9.93824,45.14526,0.0 9.93824,45.14525,0.0 9.93824,45.14525,0.0 9.93824,45.14525,0.0 9.93825,45.14525,0.0 9.93825,45.14525,0.0 9.93825,45.14525,0.0 9.93825,45.14525,0.0 9.93825,45.14525,0.0 9.93825,45.14524,0.0 9.93825,45.14524,0.0 9.93825,45.14524,0.0 9.93826,45.14524,0.0 9.93827,45.14524,0.0 9.93827,45.14524,0.0 9.93828,45.14524,0.0 9.93829,45.14524,0.0 9.93829,45.14525,0.0 9.93829,45.14525,0.0 9.9383,45.14526,0.0 9.93829,45.14526,0.0 9.93829,45.14527,0.0 9.93828,45.14527,0.0</coordinates>
                    </LineString>
                </Placemark>
                <Placemark id="945">
                    <name>Rota 22:53</name>
                    <styleUrl>#2</styleUrl>
                    <LineString id="944">
                        <altitudeMode>clampToGround</altitudeMode>
                        <coordinates>9.93828,45.14527,0.0 9.93828,45.14527,0.0 9.93828,45.14527,0.0 9.93828,45.14527,0.0 9.93827,45.14527,0.0 9.93827,45.14527,0.0 9.93826,45.14527,0.0 9.93826,45.14527,0.0 9.93826,45.14527,0.0 9.93826,45.14527,0.0 9.93825,45.14526,0.0 9.93824,45.14525,0.0 9.93823,45.14525,0.0 9.93823,45.14525,0.0 9.93823,45.14525,0.0 9.93824,45.14525,0.0 9.93824,45.14524,0.0 9.93824,45.14524,0.0 9.93825,45.14524,0.0 9.93825,45.14524,0.0 9.93825,45.14524,0.0 9.93825,45.14524,0.0 9.93825,45.14523,0.0 9.93826,45.14523,0.0 9.93826,45.14523,0.0 9.93826,45.14523,0.0 9.93826,45.14523,0.0 9.93827,45.14523,0.0 9.93829,45.14523,0.0 9.9383,45.14524,0.0 9.9383,45.14525,0.0 9.9383,45.14525,0.0 9.9383,45.14525,0.0 9.9383,45.14526,0.0 9.93829,45.14526,0.0 9.93829,45.14526,0.0 9.93828,45.14526,0.0 9.93828,45.14526,0.0 9.93828,45.14526,0.0 9.93827,45.14526,0.0 9.93826,45.14525,0.0 9.93826,45.14525,0.0 9.93826,45.14525,0.0 9.93824,45.14524,0.0 9.93824,45.14524,0.0 9.93825,45.14524,0.0 9.93825,45.14524,0.0 9.93825,45.14524,0.0 9.93825,45.14524,0.0 9.93825,45.14524,0.0 9.93825,45.14524,0.0 9.93825,45.14524,0.0 9.93825,45.14524,0.0 9.93825,45.14524,0.0 9.93825,45.14524,0.0 9.93825,45.14524,0.0 9.93825,45.14524,0.0 9.93825,45.14524,0.0 9.93826,45.14524,0.0 9.93827,45.14524,0.0 9.93827,45.14524,0.0</coordinates>
                    </LineString>
                </Placemark>
                <Placemark id="947">
                    <name>Rota 22:54</name>
                    <styleUrl>#2</styleUrl>
                    <LineString id="946">
                        <altitudeMode>clampToGround</altitudeMode>
                        <coordinates>9.93827,45.14524,0.0 9.93828,45.14524,0.0 9.93829,45.14525,0.0 9.93829,45.14525,0.0 9.93829,45.14526,0.0 9.93829,45.14526,0.0 9.93828,45.14526,0.0 9.93827,45.14527,0.0 9.93827,45.14527,0.0 9.93827,45.14527,0.0 9.93827,45.14527,0.0 9.93826,45.14527,0.0 9.93825,45.14527,0.0 9.93825,45.14526,0.0 9.93824,45.14526,0.0 9.93824,45.14526,0.0 9.93824,45.14526,0.0 9.93824,45.14525,0.0 9.93825,45.14525,0.0 9.93825,45.14525,0.0 9.93825,45.14525,0.0 9.93825,45.14525,0.0 9.93825,45.14524,0.0 9.93825,45.14524,0.0 9.93825,45.14524,0.0 9.93826,45.14524,0.0 9.93826,45.14524,0.0 9.93826,45.14524,0.0 9.93826,45.14524,0.0 9.93827,45.14523,0.0 9.93828,45.14523,0.0 9.93829,45.14524,0.0 9.9383,45.14525,0.0 9.93829,45.14525,0.0 9.93829,45.14525,0.0 9.93829,45.14525,0.0 9.93828,45.14526,0.0 9.93828,45.14526,0.0 9.93827,45.14526,0.0 9.93827,45.14525,0.0 9.93827,45.14525,0.0 9.93825,45.14524,0.0 9.93825,45.14524,0.0 9.93824,45.14524,0.0 9.93824,45.14524,0.0 9.93824,45.14524,0.0 9.93825,45.14524,0.0 9.93825,45.14524,0.0 9.93825,45.14524,0.0 9.93825,45.14523,0.0 9.93825,45.14523,0.0 9.93825,45.14523,0.0 9.93826,45.14523,0.0 9.93826,45.14523,0.0 9.93826,45.14523,0.0 9.93827,45.14523,0.0 9.93827,45.14523,0.0 9.93827,45.14523,0.0 9.93829,45.14524,0.0 9.93829,45.14525,0.0 9.9383,45.14525,0.0</coordinates>
                    </LineString>
                </Placemark>
                <Placemark id="949">
                    <name>Rota 22:55</name>
                    <styleUrl>#2</styleUrl>
                    <LineString id="948">
                        <altitudeMode>clampToGround</altitudeMode>
                        <coordinates>9.9383,45.14525,0.0 9.93829,45.14526,0.0 9.93829,45.14526,0.0 9.93829,45.14526,0.0 9.93828,45.14527,0.0 9.93828,45.14526,0.0 9.93828,45.14526,0.0 9.93828,45.14525,0.0 9.93828,45.14525,0.0 9.93826,45.14525,0.0 9.93825,45.14525,0.0 9.93825,45.14525,0.0 9.93825,45.14525,0.0 9.93825,45.14525,0.0 9.93825,45.14525,0.0 9.93826,45.14525,0.0 9.93826,45.14525,0.0 9.93826,45.14525,0.0 9.93826,45.14525,0.0 9.93826,45.14525,0.0 9.93826,45.14525,0.0 9.93826,45.14525,0.0 9.93826,45.14524,0.0 9.93826,45.14524,0.0 9.93826,45.14524,0.0 9.93827,45.14524,0.0 9.93828,45.14524,0.0 9.93828,45.14524,0.0 9.93829,45.14524,0.0 9.93829,45.14525,0.0 9.93829,45.14525,0.0 9.93829,45.14526,0.0 9.93829,45.14526,0.0 9.93828,45.14526,0.0 9.93828,45.14526,0.0 9.93828,45.14526,0.0 9.93828,45.14527,0.0 9.93828,45.14527,0.0 9.93828,45.14527,0.0 9.93827,45.14527,0.0 9.93826,45.14526,0.0 9.93826,45.14526,0.0 9.93826,45.14525,0.0 9.93825,45.14525,0.0 9.93825,45.14525,0.0 9.93825,45.14525,0.0 9.93825,45.14525,0.0 9.93825,45.14525,0.0 9.93826,45.14525,0.0 9.93826,45.14525,0.0 9.93826,45.14525,0.0 9.93826,45.14525,0.0 9.93826,45.14525,0.0 9.93826,45.14525,0.0 9.93827,45.14524,0.0 9.93828,45.14524,0.0 9.93829,45.14525,0.0 9.93829,45.14525,0.0 9.93829,45.14525,0.0 9.93829,45.14526,0.0 9.93828,45.14527,0.0</coordinates>
                    </LineString>
                </Placemark>
                <Placemark id="951">
                    <name>Rota 22:56</name>
                    <styleUrl>#2</styleUrl>
                    <LineString id="950">
                        <altitudeMode>clampToGround</altitudeMode>
                        <coordinates>9.93828,45.14527,0.0 9.93828,45.14527,0.0 9.93827,45.14527,0.0 9.93827,45.14526,0.0 9.93827,45.14526,0.0 9.93827,45.14526,0.0 9.93826,45.14527,0.0 9.93826,45.14526,0.0 9.93826,45.14526,0.0 9.93825,45.14525,0.0 9.93825,45.14525,0.0 9.93825,45.14524,0.0 9.93824,45.14525,0.0 9.93824,45.14524,0.0 9.93824,45.14524,0.0 9.93824,45.14524,0.0 9.93824,45.14524,0.0 9.93825,45.14524,0.0 9.93825,45.14524,0.0 9.93825,45.14523,0.0 9.93825,45.14523,0.0 9.93825,45.14523,0.0 9.93826,45.14523,0.0 9.93826,45.14523,0.0 9.93826,45.14523,0.0 9.93828,45.14524,0.0 9.93829,45.14525,0.0 9.93829,45.14525,0.0 9.93828,45.14526,0.0 9.93828,45.14526,0.0 9.93828,45.14526,0.0 9.93828,45.14527,0.0 9.93827,45.14527,0.0 9.93827,45.14527,0.0 9.93827,45.14526,0.0 9.93827,45.14526,0.0 9.93826,45.14526,0.0 9.93825,45.14525,0.0 9.93825,45.14525,0.0 9.93826,45.14525,0.0 9.93826,45.14525,0.0 9.93826,45.14525,0.0 9.93826,45.14525,0.0 9.93826,45.14525,0.0 9.93827,45.14525,0.0 9.93827,45.14525,0.0 9.93827,45.14525,0.0 9.93827,45.14525,0.0 9.93828,45.14525,0.0 9.93829,45.14525,0.0 9.9383,45.14526,0.0 9.9383,45.14526,0.0 9.9383,45.14526,0.0 9.93829,45.14527,0.0 9.93828,45.14527,0.0 9.93828,45.14527,0.0 9.93828,45.14527,0.0 9.93828,45.14527,0.0 9.93827,45.14528,0.0 9.93827,45.14528,0.0 9.93826,45.14526,0.0</coordinates>
                    </LineString>
                </Placemark>
                <Placemark id="953">
                    <name>Rota 22:57</name>
                    <styleUrl>#2</styleUrl>
                    <LineString id="952">
                        <altitudeMode>clampToGround</altitudeMode>
                        <coordinates>9.93826,45.14526,0.0 9.93825,45.14526,0.0 9.93825,45.14526,0.0 9.93825,45.14526,0.0 9.93825,45.14526,0.0 9.93825,45.14526,0.0 9.93825,45.14526,0.0 9.93825,45.14526,0.0 9.93825,45.14526,0.0 9.93826,45.14526,0.0 9.93826,45.14526,0.0 9.93826,45.14526,0.0 9.93826,45.14526,0.0 9.93826,45.14526,0.0 9.93827,45.14526,0.0 9.93827,45.14526,0.0 9.93828,45.14525,0.0 9.9383,45.14526,0.0 9.9383,45.14526,0.0 9.93829,45.14527,0.0 9.93829,45.14527,0.0 9.93829,45.14527,0.0 9.93828,45.14527,0.0 9.93827,45.14527,0.0 9.93827,45.14527,0.0 9.93827,45.14527,0.0 9.93826,45.14526,0.0 9.93826,45.14526,0.0 9.93825,45.14526,0.0 9.93825,45.14526,0.0 9.93825,45.14526,0.0 9.93825,45.14526,0.0 9.93825,45.14526,0.0 9.93825,45.14526,0.0 9.93825,45.14526,0.0 9.93825,45.14526,0.0 9.93826,45.14526,0.0 9.93826,45.14526,0.0 9.93826,45.14526,0.0 9.93826,45.14526,0.0 9.93826,45.14525,0.0 9.93826,45.14525,0.0 9.93827,45.14525,0.0 9.93827,45.14525,0.0 9.93827,45.14525,0.0 9.93827,45.14525,0.0 9.93827,45.14525,0.0 9.93827,45.14525,0.0 9.93827,45.14525,0.0 9.93827,45.14525,0.0 9.93827,45.14525,0.0 9.93827,45.14525,0.0 9.93827,45.14525,0.0 9.93827,45.14525,0.0 9.93827,45.14524,0.0 9.93827,45.14524,0.0 9.93828,45.14524,0.0 9.93828,45.14524,0.0 9.93828,45.14524,0.0 9.93828,45.14524,0.0 9.93828,45.14524,0.0</coordinates>
                    </LineString>
                </Placemark>
                <Placemark id="955">
                    <name>Rota 22:58</name>
                    <styleUrl>#2</styleUrl>
                    <LineString id="954">
                        <altitudeMode>clampToGround</altitudeMode>
                        <coordinates>9.93828,45.14524,0.0 9.93828,45.14524,0.0 9.93828,45.14524,0.0 9.93828,45.14524,0.0 9.93828,45.14524,0.0 9.93828,45.14524,0.0 9.93827,45.14524,0.0 9.93827,45.14524,0.0 9.93827,45.14524,0.0 9.93828,45.14524,0.0 9.93828,45.14524,0.0 9.93829,45.14524,0.0 9.9383,45.14525,0.0 9.9383,45.14525,0.0 9.9383,45.14526,0.0 9.93829,45.14526,0.0 9.93829,45.14527,0.0 9.93828,45.14527,0.0 9.93828,45.14527,0.0 9.93828,45.14527,0.0 9.93827,45.14527,0.0 9.93826,45.14527,0.0 9.93826,45.14527,0.0 9.93826,45.14527,0.0 9.93826,45.14527,0.0 9.93826,45.14527,0.0 9.93825,45.14527,0.0 9.93825,45.14527,0.0 9.93824,45.14527,0.0 9.93824,45.14527,0.0 9.93823,45.14527,0.0 9.93823,45.14527,0.0 9.93823,45.14527,0.0 9.93823,45.14527,0.0 9.93823,45.14526,0.0 9.93823,45.14526,0.0 9.93823,45.14526,0.0 9.93824,45.14525,0.0 9.93825,45.14525,0.0 9.93825,45.14525,0.0 9.93825,45.14525,0.0 9.93826,45.14525,0.0 9.93828,45.14525,0.0 9.93828,45.14525,0.0 9.93828,45.14525,0.0 9.93828,45.14525,0.0 9.93828,45.14525,0.0 9.93828,45.14525,0.0 9.93828,45.14525,0.0 9.93828,45.14525,0.0 9.93828,45.14525,0.0 9.93828,45.14525,0.0 9.93827,45.14525,0.0 9.93827,45.14525,0.0 9.93827,45.14525,0.0 9.93828,45.14525,0.0 9.93828,45.14525,0.0 9.93828,45.14525,0.0 9.93828,45.14526,0.0 9.93828,45.14526,0.0 9.93828,45.14525,0.0</coordinates>
                    </LineString>
                </Placemark>
                <Placemark id="957">
                    <name>Rota 22:59</name>
                    <styleUrl>#2</styleUrl>
                    <LineString id="956">
                        <altitudeMode>clampToGround</altitudeMode>
                        <coordinates>9.93828,45.14525,0.0 9.93828,45.14525,0.0 9.93828,45.14525,0.0 9.93827,45.14525,0.0 9.93827,45.14525,0.0 9.93827,45.14525,0.0 9.93828,45.14525,0.0 9.93828,45.14525,0.0 9.93828,45.14525,0.0 9.93828,45.14525,0.0 9.93828,45.14525,0.0 9.93827,45.14525,0.0 9.93827,45.14525,0.0 9.93827,45.14525,0.0 9.93827,45.14525,0.0 9.93827,45.14525,0.0 9.93827,45.14525,0.0 9.93827,45.14526,0.0 9.93827,45.14526,0.0 9.93827,45.14526,0.0 9.93826,45.14525,0.0 9.93826,45.14525,0.0 9.93826,45.14526,0.0 9.93826,45.14526,0.0 9.93826,45.14526,0.0 9.93826,45.14526,0.0 9.93827,45.14526,0.0 9.93827,45.14526,0.0 9.93827,45.14526,0.0 9.93826,45.14526,0.0 9.93826,45.14526,0.0 9.93826,45.14526,0.0 9.93826,45.14526,0.0 9.93826,45.14526,0.0 9.93827,45.14526,0.0 9.93828,45.14527,0.0 9.93829,45.14528,0.0 9.93829,45.14528,0.0 9.93829,45.14528,0.0 9.93829,45.14528,0.0 9.93828,45.14528,0.0 9.93828,45.14528,0.0 9.93828,45.14529,0.0 9.93828,45.14529,0.0 9.93828,45.14529,0.0 9.93827,45.14529,0.0 9.93827,45.14529,0.0 9.93826,45.14529,0.0 9.93826,45.14529,0.0 9.93826,45.14529,0.0 9.93826,45.14529,0.0 9.93826,45.14528,0.0 9.93826,45.14528,0.0 9.93826,45.14528,0.0 9.93826,45.14528,0.0 9.93826,45.14528,0.0 9.93826,45.14528,0.0 9.93826,45.14528,0.0 9.93826,45.14528,0.0 9.93825,45.14528,0.0 9.93825,45.14528,0.0</coordinates>
                    </LineString>
                </Placemark>
            </Folder>
        </Folder>
        <Folder id="958">
            <name>2026-09-24 23:00</name>
            <Folder id="959">
                <name>23:00 – 23:09</name>
                <Placemark id="961">
                    <name>Rota 23:00</name>
                    <styleUrl>#2</styleUrl>
                    <LineString id="960">
                        <altitudeMode>clampToGround</altitudeMode>
                        <coordinates>9.93825,45.14528,0.0 9.93825,45.14528,0.0 9.93825,45.14528,0.0 9.93825,45.14528,0.0 9.93825,45.14528,0.0 9.93825,45.14528,0.0 9.93825,45.14528,0.0 9.93825,45.14528,0.0 9.93825,45.14528,0.0 9.93825,45.14528,0.0 9.93825,45.14528,0.0 9.93825,45.14528,0.0 9.93825,45.14528,0.0 9.93825,45.14527,0.0 9.93824,45.14527,0.0 9.93824,45.14527,0.0 9.93823,45.14527,0.0 9.93823,45.14527,0.0 9.93823,45.14527,0.0 9.93822,45.14527,0.0 9.93821,45.14527,0.0 9.9382,45.14526,0.0 9.9382,45.14526,0.0 9.9382,45.14525,0.0 9.9382,45.14525,0.0 9.9382,45.14525,0.0 9.9382,45.14524,0.0 9.93821,45.14524,0.0 9.93821,45.14524,0.0 9.93821,45.14524,0.0 9.9382,45.14524,0.0 9.93819,45.14524,0.0 9.93819,45.14524,0.0 9.93819,45.14524,0.0 9.93819,45.14524,0.0 9.9382,45.14523,0.0 9.93821,45.14523,0.0 9.93821,45.14523,0.0 9.9382,45.14523,0.0 9.9382,45.14523,0.0 9.9382,45.14523,0.0 9.93817,45.14524,0.0 9.93816,45.14525,0.0 9.93815,45.14526,0.0 9.93815,45.14526,0.0 9.93814,45.14527,0.0 9.93813,45.14529,0.0 9.93813,45.1453,0.0 9.93813,45.1453,0.0 9.93813,45.1453,0.0 9.93813,45.1453,0.0 9.93813,45.1453,0.0 9.93813,45.1453,0.0 9.93813,45.1453,0.0 9.93813,45.14531,0.0 9.93813,45.14531,0.0 9.93813,45.14531,0.0 9.93813,45.14532,0.0 9.93813,45.14532,0.0 9.93814,45.14533,0.0 9.93814,45.14533,0.0</coordinates>
                    </LineString>
                </Placemark>
                <Placemark id="963">
                    <name>Rota 23:01</name>
                    <styleUrl>#2</styleUrl>
                    <LineString id="962">
                        <altitudeMode>clampToGround</altitudeMode>
                        <coordinates>9.93814,45.14533,0.0 9.93814,45.14533,0.0 9.93814,45.14534,0.0 9.93814,45.14536,0.0 9.93814,45.14537,0.0 9.93815,45.14538,0.0 9.93816,45.14538,0.0 9.93816,45.14538,0.0 9.93817,45.1454,0.0 9.93817,45.1454,0.0 9.93818,45.14541,0.0 9.93818,45.14542,0.0 9.93818,45.14544,0.0 9.93818,45.14544,0.0 9.93818,45.14545,0.0 9.93818,45.14545,0.0 9.93818,45.14545,0.0 9.93817,45.14545,0.0 9.93817,45.14545,0.0 9.93817,45.14545,0.0 9.93817,45.14545,0.0 9.93817,45.14544,0.0 9.93817,45.14545,0.0 9.93817,45.14545,0.0 9.93817,45.14545,0.0 9.93817,45.14544,0.0 9.93817,45.14544,0.0 9.93817,45.14543,0.0 9.93816,45.14542,0.0 9.93816,45.14541,0.0 9.93816,45.14541,0.0 9.93816,45.14541,0.0 9.93816,45.14541,0.0 9.93816,45.1454,0.0 9.93816,45.1454,0.0 9.93817,45.1454,0.0 9.93817,45.1454,0.0 9.93817,45.1454,0.0 9.93817,45.14539,0.0 9.93817,45.14539,0.0 9.93817,45.14539,0.0 9.93817,45.14539,0.0 9.93817,45.14539,0.0 9.93817,45.14539,0.0 9.93818,45.14538,0.0 9.93818,45.14537,0.0 9.93819,45.14536,0.0 9.9382,45.14534,0.0 9.9382,45.14534,0.0 9.93823,45.14532,0.0 9.93823,45.14531,0.0 9.93824,45.14531,0.0 9.93825,45.1453,0.0 9.93825,45.14529,0.0 9.93825,45.14529,0.0 9.93826,45.14528,0.0 9.9383,45.14527,0.0 9.93831,45.14527,0.0 9.93832,45.14526,0.0 9.93834,45.14525,0.0 9.93834,45.14525,0.0</coordinates>
                    </LineString>
                </Placemark>
                <Placemark id="965">
                    <name>Rota 23:02</name>
                    <styleUrl>#2</styleUrl>
                    <LineString id="964">
                        <altitudeMode>clampToGround</altitudeMode>
                        <coordinates>9.93834,45.14525,0.0 9.93835,45.14525,0.0 9.93836,45.14525,0.0 9.93837,45.14524,0.0 9.93837,45.14524,0.0 9.93837,45.14524,0.0 9.93837,45.14524,0.0 9.93838,45.14525,0.0 9.93838,45.14525,0.0 9.93838,45.14525,0.0 9.93838,45.14525,0.0 9.93838,45.14525,0.0 9.93838,45.14524,0.0 9.93838,45.14524,0.0 9.93838,45.14524,0.0 9.93838,45.14524,0.0 9.93838,45.14524,0.0 9.93838,45.14524,0.0 9.93838,45.14524,0.0 9.93838,45.14525,0.0 9.93837,45.14525,0.0 9.93836,45.14526,0.0 9.93836,45.14526,0.0 9.93835,45.14526,0.0 9.93833,45.14527,0.0 9.93832,45.14527,0.0 9.93832,45.14527,0.0 9.93831,45.14528,0.0 9.93831,45.14528,0.0 9.93831,45.14528,0.0 9.93831,45.14528,0.0 9.93831,45.14528,0.0 9.93831,45.14528,0.0 9.93831,45.14528,0.0 9.93831,45.14528,0.0 9.93832,45.14527,0.0 9.93832,45.14527,0.0 9.93832,45.14527,0.0 9.93832,45.14527,0.0 9.93832,45.14527,0.0 9.93832,45.14527,0.0 9.93832,45.14527,0.0 9.93832,45.14527,0.0 9.93832,45.14527,0.0 9.93832,45.14527,0.0 9.93832,45.14527,0.0 9.93833,45.14527,0.0 9.93833,45.14526,0.0 9.93833,45.14526,0.0 9.93832,45.14526,0.0 9.93832,45.14526,0.0 9.93832,45.14526,0.0 9.93832,45.14526,0.0 9.93832,45.14526,0.0 9.93832,45.14526,0.0 9.93832,45.14526,0.0 9.93832,45.14526,0.0 9.93832,45.14526,0.0 9.93832,45.14526,0.0 9.93832,45.14526,0.0 9.93832,45.14526,0.0</coordinates>
                    </LineString>
                </Placemark>
                <Placemark id="967">
                    <name>Rota 23:03</name>
                    <styleUrl>#2</styleUrl>
                    <LineString id="966">
                        <altitudeMode>clampToGround</altitudeMode>
                        <coordinates>9.93832,45.14526,0.0 9.93833,45.14526,0.0 9.93833,45.14526,0.0 9.93833,45.14526,0.0 9.93834,45.14526,0.0 9.93834,45.14526,0.0 9.93834,45.14526,0.0 9.93834,45.14526,0.0 9.93834,45.14526,0.0 9.93834,45.14526,0.0 9.93834,45.14526,0.0 9.93834,45.14526,0.0 9.93834,45.14526,0.0 9.93834,45.14526,0.0 9.93834,45.14526,0.0 9.93834,45.14526,0.0 9.93834,45.14526,0.0 9.93834,45.14527,0.0 9.93834,45.14527,0.0 9.93834,45.14527,0.0 9.93834,45.14527,0.0 9.93834,45.14527,0.0 9.93834,45.14527,0.0 9.93834,45.14527,0.0 9.93834,45.14527,0.0 9.93834,45.14527,0.0 9.93834,45.14527,0.0 9.93834,45.14527,0.0 9.93834,45.14527,0.0 9.93834,45.14527,0.0 9.93834,45.14527,0.0 9.93834,45.14527,0.0 9.93834,45.14527,0.0 9.93834,45.14527,0.0 9.93834,45.14527,0.0 9.93834,45.14527,0.0 9.93834,45.14527,0.0 9.93834,45.14527,0.0 9.93834,45.14527,0.0 9.93834,45.14527,0.0 9.93834,45.14527,0.0 9.93834,45.14527,0.0 9.93834,45.14527,0.0 9.93834,45.14527,0.0 9.93834,45.14527,0.0 9.93834,45.14527,0.0 9.93834,45.14527,0.0 9.93833,45.14526,0.0 9.93833,45.14526,0.0 9.93833,45.14526,0.0 9.93833,45.14526,0.0 9.93833,45.14526,0.0 9.93833,45.14526,0.0 9.93833,45.14526,0.0 9.93833,45.14526,0.0 9.93834,45.14526,0.0 9.93834,45.14526,0.0 9.93834,45.14526,0.0 9.93835,45.14526,0.0 9.93836,45.14526,0.0 9.93836,45.14526,0.0</coordinates>
                    </LineString>
                </Placemark>
                <Placemark id="969">
                    <name>Rota 23:04</name>
                    <styleUrl>#2</styleUrl>
                    <LineString id="968">
                        <altitudeMode>clampToGround</altitudeMode>
                        <coordinates>9.93836,45.14526,0.0 9.93836,45.14526,0.0 9.93836,45.14526,0.0 9.93836,45.14526,0.0 9.93836,45.14526,0.0 9.93836,45.14526,0.0 9.93835,45.14526,0.0 9.93835,45.14526,0.0 9.93835,45.14526,0.0 9.93835,45.14526,0.0 9.93835,45.14526,0.0 9.93835,45.14525,0.0 9.93834,45.14525,0.0 9.93834,45.14525,0.0 9.93834,45.14525,0.0 9.93834,45.14526,0.0 9.93835,45.14526,0.0 9.93835,45.14526,0.0 9.93835,45.14526,0.0 9.93835,45.14526,0.0 9.93835,45.14526,0.0 9.93835,45.14526,0.0 9.93835,45.14526,0.0 9.93835,45.14526,0.0 9.93834,45.14526,0.0 9.93834,45.14526,0.0 9.93834,45.14526,0.0 9.93834,45.14526,0.0 9.93834,45.14526,0.0 9.93834,45.14526,0.0 9.93834,45.14526,0.0 9.93834,45.14526,0.0 9.93834,45.14526,0.0 9.93834,45.14526,0.0 9.93834,45.14526,0.0 9.93834,45.14526,0.0 9.93834,45.14526,0.0 9.93834,45.14526,0.0 9.93835,45.14526,0.0 9.93835,45.14526,0.0 9.93835,45.14526,0.0 9.93835,45.14526,0.0 9.93835,45.14526,0.0 9.93835,45.14526,0.0 9.93835,45.14526,0.0 9.93834,45.14526,0.0 9.93834,45.14526,0.0 9.93834,45.14526,0.0 9.93834,45.14526,0.0 9.93834,45.14526,0.0 9.93834,45.14525,0.0 9.93834,45.14525,0.0 9.93835,45.14525,0.0 9.93834,45.14525,0.0 9.93835,45.14525,0.0 9.93835,45.14525,0.0 9.93835,45.14525,0.0 9.93836,45.14525,0.0 9.93837,45.14525,0.0 9.93837,45.14525,0.0 9.93837,45.14525,0.0</coordinates>
                    </LineString>
                </Placemark>
                <Placemark id="971">
                    <name>Rota 23:05</name>
                    <styleUrl>#2</styleUrl>
                    <LineString id="970">
                        <altitudeMode>clampToGround</altitudeMode>
                        <coordinates>9.93837,45.14525,0.0 9.93837,45.14525,0.0 9.93837,45.14525,0.0 9.93836,45.14525,0.0 9.93836,45.14526,0.0 9.93836,45.14526,0.0 9.93836,45.14526,0.0 9.93836,45.14526,0.0 9.93836,45.14526,0.0 9.93835,45.14526,0.0 9.93835,45.14526,0.0 9.93835,45.14526,0.0 9.93835,45.14526,0.0 9.93836,45.14526,0.0 9.93837,45.14525,0.0 9.93837,45.14525,0.0 9.93837,45.14525,0.0 9.93837,45.14525,0.0 9.93837,45.14525,0.0 9.93837,45.14525,0.0 9.93837,45.14525,0.0 9.93837,45.14525,0.0 9.93837,45.14525,0.0 9.93836,45.14525,0.0 9.93836,45.14525,0.0 9.93837,45.14525,0.0 9.93837,45.14525,0.0 9.93837,45.14525,0.0 9.93837,45.14525,0.0 9.93838,45.14525,0.0 9.93838,45.14525,0.0 9.93838,45.14525,0.0 9.93838,45.14524,0.0 9.93839,45.14524,0.0 9.9384,45.14524,0.0 9.9384,45.14524,0.0 9.9384,45.14524,0.0 9.9384,45.14525,0.0 9.93839,45.14525,0.0 9.93838,45.14525,0.0 9.93838,45.14525,0.0 9.93837,45.14525,0.0 9.93837,45.14525,0.0 9.93837,45.14525,0.0 9.93838,45.14525,0.0 9.93838,45.14525,0.0 9.93838,45.14525,0.0 9.93838,45.14525,0.0 9.93838,45.14525,0.0 9.93837,45.14525,0.0 9.93836,45.14525,0.0 9.93836,45.14525,0.0 9.93836,45.14525,0.0 9.93835,45.14525,0.0 9.93835,45.14525,0.0 9.93836,45.14525,0.0 9.93837,45.14525,0.0 9.93836,45.14525,0.0 9.93836,45.14525,0.0 9.93836,45.14525,0.0 9.93836,45.14525,0.0</coordinates>
                    </LineString>
                </Placemark>
                <Placemark id="973">
                    <name>Rota 23:06</name>
                    <styleUrl>#2</styleUrl>
                    <LineString id="972">
                        <altitudeMode>clampToGround</altitudeMode>
                        <coordinates>9.93836,45.14525,0.0 9.93835,45.14525,0.0 9.93835,45.14525,0.0 9.93834,45.14525,0.0 9.93834,45.14525,0.0 9.93834,45.14525,0.0 9.93835,45.14525,0.0 9.93835,45.14525,0.0 9.93835,45.14525,0.0 9.93835,45.14525,0.0 9.93836,45.14525,0.0 9.93836,45.14525,0.0 9.93836,45.14525,0.0 9.93836,45.14525,0.0 9.93836,45.14525,0.0 9.93836,45.14525,0.0 9.93836,45.14525,0.0 9.93836,45.14526,0.0 9.93836,45.14526,0.0 9.93836,45.14525,0.0 9.93835,45.14525,0.0 9.93835,45.14525,0.0 9.93836,45.14525,0.0 9.93836,45.14525,0.0 9.93836,45.14525,0.0 9.93836,45.14525,0.0 9.93836,45.14524,0.0 9.93836,45.14524,0.0 9.93836,45.14524,0.0 9.93836,45.14524,0.0 9.93835,45.14525,0.0 9.93835,45.14525,0.0 9.93835,45.14525,0.0 9.93835,45.14525,0.0 9.93835,45.14525,0.0 9.93836,45.14525,0.0 9.93837,45.14525,0.0 9.93837,45.14525,0.0 9.93837,45.14525,0.0 9.93836,45.14526,0.0 9.93836,45.14526,0.0 9.93836,45.14526,0.0 9.93835,45.14526,0.0 9.93835,45.14526,0.0 9.93835,45.14526,0.0 9.93835,45.14526,0.0 9.93835,45.14526,0.0 9.93835,45.14527,0.0 9.93835,45.14527,0.0 9.93835,45.14527,0.0 9.93834,45.14527,0.0 9.93834,45.14527,0.0 9.93834,45.14527,0.0 9.93834,45.14526,0.0 9.93834,45.14526,0.0 9.93834,45.14526,0.0 9.93834,45.14526,0.0 9.93834,45.14526,0.0 9.93834,45.14525,0.0 9.93834,45.14526,0.0 9.93833,45.14526,0.0</coordinates>
                    </LineString>
                </Placemark>
                <Placemark id="975">
                    <name>Rota 23:07</name>
                    <styleUrl>#2</styleUrl>
                    <LineString id="974">
                        <altitudeMode>clampToGround</altitudeMode>
                        <coordinates>9.93833,45.14526,0.0 9.93833,45.14526,0.0 9.93833,45.14526,0.0 9.93833,45.14526,0.0 9.93833,45.14526,0.0 9.93833,45.14526,0.0 9.93833,45.14526,0.0 9.93833,45.14526,0.0 9.93833,45.14526,0.0 9.93833,45.14526,0.0 9.93833,45.14526,0.0 9.93833,45.14526,0.0 9.93833,45.14526,0.0 9.93833,45.14526,0.0 9.93833,45.14526,0.0 9.93833,45.14526,0.0 9.93833,45.14526,0.0 9.93833,45.14526,0.0 9.93832,45.14526,0.0 9.93833,45.14526,0.0 9.93833,45.14526,0.0 9.93833,45.14526,0.0 9.93833,45.14526,0.0 9.93833,45.14526,0.0 9.93833,45.14527,0.0 9.93833,45.14527,0.0 9.93833,45.14526,0.0 9.93833,45.14526,0.0 9.93833,45.14526,0.0 9.93833,45.14526,0.0 9.93833,45.14527,0.0 9.93833,45.14527,0.0 9.93833,45.14527,0.0 9.93833,45.14527,0.0 9.93833,45.14527,0.0 9.93833,45.14527,0.0 9.93833,45.14527,0.0 9.93833,45.14527,0.0 9.93833,45.14527,0.0 9.93833,45.14527,0.0 9.93833,45.14527,0.0 9.93833,45.14527,0.0 9.93832,45.14527,0.0 9.93833,45.14527,0.0 9.93833,45.14527,0.0 9.93833,45.14527,0.0 9.93833,45.14527,0.0 9.93834,45.14527,0.0 9.93835,45.14527,0.0 9.93836,45.14527,0.0 9.93836,45.14527,0.0 9.93836,45.14527,0.0 9.93836,45.14527,0.0 9.93836,45.14528,0.0 9.93835,45.14528,0.0 9.93835,45.14528,0.0 9.93835,45.14528,0.0 9.93835,45.14528,0.0 9.93835,45.14528,0.0 9.93834,45.14528,0.0 9.93834,45.14528,0.0</coordinates>
                    </LineString>
                </Placemark>
                <Placemark id="977">
                    <name>Rota 23:08</name>
                    <styleUrl>#2</styleUrl>
                    <LineString id="976">
                        <altitudeMode>clampToGround</altitudeMode>
                        <coordinates>9.93834,45.14528,0.0 9.93833,45.14528,0.0 9.93833,45.14527,0.0 9.93834,45.14527,0.0 9.93834,45.14527,0.0 9.93834,45.14527,0.0 9.93835,45.14527,0.0 9.93835,45.14527,0.0 9.93835,45.14527,0.0 9.93835,45.14527,0.0 9.93836,45.14527,0.0 9.93837,45.14527,0.0 9.93837,45.14527,0.0 9.93837,45.14527,0.0 9.93837,45.14527,0.0 9.93837,45.14527,0.0 9.93837,45.14526,0.0 9.93837,45.14526,0.0 9.93837,45.14527,0.0 9.93835,45.14526,0.0 9.93835,45.14526,0.0 9.93836,45.14526,0.0 9.93836,45.14527,0.0 9.93837,45.14527,0.0 9.93837,45.14527,0.0 9.93836,45.14527,0.0 9.93836,45.14527,0.0 9.93835,45.14527,0.0 9.93835,45.14527,0.0 9.93835,45.14527,0.0 9.93835,45.14527,0.0 9.93835,45.14527,0.0 9.93835,45.14527,0.0 9.93835,45.14527,0.0 9.93835,45.14527,0.0 9.93834,45.14527,0.0 9.93834,45.14527,0.0 9.93834,45.14527,0.0 9.93834,45.14527,0.0 9.93834,45.14527,0.0 9.93834,45.14527,0.0 9.93835,45.14527,0.0 9.93835,45.14527,0.0 9.93835,45.14527,0.0 9.93835,45.14527,0.0 9.93834,45.14527,0.0 9.93834,45.14527,0.0 9.93833,45.14527,0.0 9.93833,45.14527,0.0 9.93833,45.14527,0.0 9.93833,45.14527,0.0 9.93833,45.14527,0.0 9.93834,45.14527,0.0 9.93835,45.14527,0.0 9.93835,45.14527,0.0 9.93835,45.14527,0.0 9.93836,45.14527,0.0 9.93836,45.14527,0.0 9.93835,45.14527,0.0 9.93835,45.14527,0.0 9.93835,45.14527,0.0</coordinates>
                    </LineString>
                </Placemark>
                <Placemark id="979">
                    <name>Rota 23:09</name>
                    <styleUrl>#2</styleUrl>
                    <LineString id="978">
                        <altitudeMode>clampToGround</altitudeMode>
                        <coordinates>9.93835,45.14527,0.0 9.93835,45.14527,0.0 9.93835,45.14527,0.0 9.93835,45.14527,0.0 9.93835,45.14527,0.0 9.93835,45.14527,0.0 9.93835,45.14527,0.0 9.93835,45.14527,0.0 9.93835,45.14527,0.0 9.93834,45.14527,0.0 9.93834,45.14526,0.0 9.93834,45.14526,0.0 9.93834,45.14526,0.0 9.93834,45.14526,0.0 9.93834,45.14526,0.0 9.93834,45.14526,0.0 9.93834,45.14526,0.0 9.93834,45.14526,0.0 9.93834,45.14526,0.0 9.93834,45.14526,0.0 9.93834,45.14526,0.0 9.93834,45.14526,0.0 9.93834,45.14526,0.0 9.93834,45.14526,0.0 9.93834,45.14526,0.0 9.93834,45.14526,0.0 9.93834,45.14527,0.0 9.93834,45.14527,0.0 9.93834,45.14527,0.0 9.93834,45.14527,0.0 9.93835,45.14526,0.0 9.93835,45.14526,0.0 9.93836,45.14526,0.0 9.93836,45.14526,0.0 9.93837,45.14526,0.0 9.93837,45.14526,0.0 9.93837,45.14526,0.0 9.93836,45.14526,0.0 9.93836,45.14527,0.0 9.93836,45.14527,0.0 9.93835,45.14527,0.0 9.93836,45.14526,0.0 9.93837,45.14526,0.0 9.93837,45.14527,0.0 9.93837,45.14527,0.0 9.93837,45.14527,0.0 9.93837,45.14527,0.0 9.93836,45.14526,0.0 9.93835,45.14526,0.0 9.93835,45.14526,0.0 9.93835,45.14526,0.0 9.93834,45.14526,0.0 9.93835,45.14526,0.0 9.93835,45.14526,0.0 9.93836,45.14526,0.0 9.93836,45.14527,0.0 9.93836,45.14527,0.0 9.93836,45.14527,0.0 9.93835,45.14526,0.0 9.93834,45.14526,0.0 9.93834,45.14526,0.0</coordinates>
                    </LineString>
                </Placemark>
            </Folder>
            <Folder id="980">
                <name>23:10 – 23:19</name>
                <Placemark id="982">
                    <name>Rota 23:10</name>
                    <styleUrl>#2</styleUrl>
                    <LineString id="981">
                        <altitudeMode>clampToGround</altitudeMode>
                        <coordinates>9.93834,45.14526,0.0 9.93834,45.14526,0.0 9.93833,45.14526,0.0 9.93832,45.14527,0.0 9.93832,45.14527,0.0 9.93832,45.14527,0.0 9.93832,45.14527,0.0 9.93832,45.14527,0.0 9.93832,45.14527,0.0 9.93832,45.14526,0.0 9.93832,45.14526,0.0 9.93832,45.14526,0.0 9.93832,45.14525,0.0 9.93832,45.14525,0.0 9.93831,45.14526,0.0 9.9383,45.14526,0.0 9.93829,45.14526,0.0 9.93829,45.14526,0.0 9.93828,45.14526,0.0 9.93828,45.14526,0.0 9.93826,45.14526,0.0 9.93824,45.14526,0.0 9.93822,45.14526,0.0 9.9382,45.14526,0.0 9.9382,45.14526,0.0 9.93819,45.14526,0.0 9.93816,45.14526,0.0 9.93815,45.14526,0.0 9.93815,45.14526,0.0 9.93815,45.14526,0.0 9.93815,45.14526,0.0 9.93815,45.14526,0.0 9.93816,45.14526,0.0 9.93816,45.14527,0.0 9.93816,45.14526,0.0 9.93816,45.14526,0.0 9.93817,45.14526,0.0 9.93818,45.14526,0.0 9.93817,45.14526,0.0 9.93817,45.14526,0.0 9.93817,45.14526,0.0 9.93818,45.14526,0.0 9.93818,45.14526,0.0 9.93818,45.14526,0.0 9.93819,45.14525,0.0 9.9382,45.14525,0.0 9.9382,45.14525,0.0 9.9382,45.14525,0.0 9.93821,45.14525,0.0 9.93822,45.14525,0.0 9.93822,45.14525,0.0 9.93822,45.14526,0.0 9.93822,45.14526,0.0 9.93822,45.14526,0.0 9.93822,45.14526,0.0 9.93821,45.14526,0.0 9.93821,45.14526,0.0 9.93821,45.14526,0.0 9.9382,45.14526,0.0 9.9382,45.14526,0.0 9.93822,45.14526,0.0</coordinates>
                    </LineString>
                </Placemark>
                <Placemark id="984">
                    <name>Rota 23:11</name>
                    <styleUrl>#2</styleUrl>
                    <LineString id="983">
                        <altitudeMode>clampToGround</altitudeMode>
                        <coordinates>9.93822,45.14526,0.0 9.93822,45.14525,0.0 9.93822,45.14525,0.0 9.93822,45.14525,0.0 9.93822,45.14525,0.0 9.93821,45.14524,0.0 9.9382,45.14524,0.0 9.9382,45.14524,0.0 9.9382,45.14525,0.0 9.9382,45.14525,0.0 9.9382,45.14525,0.0 9.9382,45.14524,0.0 9.93823,45.14524,0.0 9.93824,45.14525,0.0 9.93825,45.14525,0.0 9.93825,45.14526,0.0 9.93825,45.14526,0.0 9.93825,45.14526,0.0 9.93825,45.14526,0.0 9.93825,45.14526,0.0 9.93825,45.14526,0.0 9.93824,45.14526,0.0 9.93824,45.14526,0.0 9.93824,45.14527,0.0 9.93824,45.14527,0.0 9.93824,45.14527,0.0 9.93824,45.14527,0.0 9.93824,45.14528,0.0 9.93824,45.14528,0.0 9.93824,45.14528,0.0 9.93824,45.14528,0.0 9.93824,45.14528,0.0 9.93823,45.14528,0.0 9.93823,45.14528,0.0 9.93823,45.14528,0.0 9.93823,45.14528,0.0 9.93823,45.14528,0.0 9.93823,45.14528,0.0 9.93823,45.14528,0.0 9.93823,45.14528,0.0 9.93823,45.14528,0.0 9.93822,45.14528,0.0 9.93822,45.14527,0.0 9.93822,45.14527,0.0 9.93822,45.14527,0.0 9.93822,45.14527,0.0 9.93822,45.14527,0.0 9.93823,45.14528,0.0 9.93823,45.14528,0.0 9.93823,45.14528,0.0 9.93823,45.14528,0.0 9.93823,45.14528,0.0 9.93823,45.14528,0.0 9.93823,45.14528,0.0 9.93823,45.14528,0.0 9.93823,45.14528,0.0 9.93823,45.14528,0.0 9.93823,45.14528,0.0 9.93823,45.14528,0.0 9.93823,45.14527,0.0 9.93822,45.14527,0.0</coordinates>
                    </LineString>
                </Placemark>
                <Placemark id="986">
                    <name>Rota 23:12</name>
                    <styleUrl>#2</styleUrl>
                    <LineString id="985">
                        <altitudeMode>clampToGround</altitudeMode>
                        <coordinates>9.93822,45.14527,0.0 9.93822,45.14527,0.0 9.93822,45.14527,0.0 9.93822,45.14527,0.0 9.93822,45.14527,0.0 9.93822,45.14526,0.0 9.93822,45.14526,0.0 9.93822,45.14526,0.0 9.93822,45.14526,0.0 9.93822,45.14526,0.0 9.93821,45.14526,0.0 9.93821,45.14526,0.0 9.93821,45.14526,0.0 9.93821,45.14525,0.0 9.93821,45.14525,0.0 9.93821,45.14525,0.0 9.9382,45.14525,0.0 9.9382,45.14525,0.0 9.9382,45.14525,0.0 9.9382,45.14525,0.0 9.9382,45.14525,0.0 9.9382,45.14526,0.0 9.9382,45.14526,0.0 9.93822,45.14526,0.0 9.93822,45.14526,0.0 9.93822,45.14526,0.0 9.93823,45.14527,0.0 9.93823,45.14527,0.0 9.93824,45.14527,0.0 9.93825,45.14527,0.0 9.93825,45.14527,0.0 9.93827,45.14527,0.0 9.93829,45.14528,0.0 9.93829,45.14528,0.0 9.93829,45.14528,0.0 9.93829,45.14528,0.0 9.93829,45.14528,0.0 9.93829,45.14529,0.0 9.93828,45.14529,0.0 9.93828,45.14529,0.0 9.93828,45.14529,0.0 9.93827,45.14528,0.0 9.93827,45.14528,0.0 9.93826,45.14528,0.0 9.93826,45.14528,0.0 9.93827,45.14528,0.0 9.93827,45.14528,0.0 9.93827,45.14528,0.0 9.93828,45.14528,0.0 9.93828,45.14528,0.0 9.93829,45.14528,0.0 9.93829,45.14528,0.0 9.9383,45.14528,0.0 9.9383,45.14528,0.0 9.93831,45.14528,0.0 9.93831,45.14529,0.0 9.93831,45.14529,0.0 9.9383,45.14529,0.0 9.9383,45.14529,0.0 9.9383,45.14529,0.0 9.9383,45.14529,0.0</coordinates>
                    </LineString>
                </Placemark>
                <Placemark id="988">
                    <name>Rota 23:13</name>
                    <styleUrl>#2</styleUrl>
                    <LineString id="987">
                        <altitudeMode>clampToGround</altitudeMode>
                        <coordinates>9.9383,45.14529,0.0 9.93828,45.14528,0.0 9.93828,45.14527,0.0 9.93828,45.14527,0.0 9.93828,45.14527,0.0 9.93828,45.14527,0.0 9.93828,45.14527,0.0 9.93828,45.14527,0.0 9.93828,45.14526,0.0 9.93829,45.14526,0.0 9.93829,45.14526,0.0 9.93829,45.14526,0.0 9.93829,45.14526,0.0 9.93829,45.14526,0.0 9.9383,45.14526,0.0 9.9383,45.14525,0.0 9.9383,45.14525,0.0 9.93831,45.14526,0.0 9.93832,45.14527,0.0 9.93832,45.14527,0.0 9.93831,45.14527,0.0 9.93831,45.14527,0.0 9.93831,45.14527,0.0 9.9383,45.14527,0.0 9.93829,45.14527,0.0 9.93828,45.14527,0.0 9.93828,45.14526,0.0 9.93827,45.14526,0.0 9.93827,45.14526,0.0 9.93827,45.14526,0.0 9.93828,45.14527,0.0 9.93828,45.14526,0.0 9.93828,45.14526,0.0 9.93828,45.14526,0.0 9.93828,45.14526,0.0 9.93828,45.14526,0.0 9.93829,45.14526,0.0 9.93829,45.14526,0.0 9.9383,45.14526,0.0 9.9383,45.14526,0.0 9.93831,45.14527,0.0 9.93831,45.14527,0.0 9.9383,45.14528,0.0 9.9383,45.14528,0.0 9.9383,45.14528,0.0 9.93829,45.14528,0.0 9.93829,45.14528,0.0 9.93829,45.14527,0.0 9.93827,45.14526,0.0 9.93827,45.14526,0.0 9.93827,45.14526,0.0 9.93827,45.14526,0.0 9.93827,45.14526,0.0 9.93827,45.14526,0.0 9.93828,45.14526,0.0 9.93828,45.14526,0.0 9.93828,45.14526,0.0 9.93828,45.14526,0.0 9.93828,45.14526,0.0 9.93829,45.14526,0.0 9.93829,45.14526,0.0</coordinates>
                    </LineString>
                </Placemark>
                <Placemark id="990">
                    <name>Rota 23:14</name>
                    <styleUrl>#2</styleUrl>
                    <LineString id="989">
                        <altitudeMode>clampToGround</altitudeMode>
                        <coordinates>9.93829,45.14526,0.0 9.93829,45.14526,0.0 9.9383,45.14526,0.0 9.9383,45.14526,0.0 9.9383,45.14526,0.0 9.93831,45.14527,0.0 9.93831,45.14527,0.0 9.9383,45.14528,0.0 9.9383,45.14528,0.0 9.9383,45.14528,0.0 9.9383,45.14528,0.0 9.93829,45.14528,0.0 9.93828,45.14528,0.0 9.93828,45.14528,0.0 9.93827,45.14528,0.0 9.93827,45.14528,0.0 9.93827,45.14528,0.0 9.93826,45.14528,0.0 9.93826,45.14527,0.0 9.93825,45.14527,0.0 9.93825,45.14528,0.0 9.93825,45.14528,0.0 9.93825,45.14528,0.0 9.93826,45.14528,0.0 9.93825,45.14528,0.0 9.93826,45.14528,0.0 9.93826,45.14529,0.0 9.93826,45.14529,0.0 9.93826,45.14529,0.0 9.93826,45.14529,0.0 9.93826,45.14529,0.0 9.93827,45.14529,0.0 9.93827,45.1453,0.0 9.93827,45.1453,0.0 9.93827,45.1453,0.0 9.93827,45.1453,0.0 9.93827,45.1453,0.0 9.93827,45.1453,0.0 9.93827,45.1453,0.0 9.93827,45.1453,0.0 9.93826,45.1453,0.0 9.93826,45.14529,0.0 9.93825,45.14529,0.0 9.93825,45.14529,0.0 9.93825,45.14529,0.0 9.93825,45.14528,0.0 9.93825,45.14528,0.0 9.93825,45.14528,0.0 9.93825,45.14528,0.0 9.93825,45.14528,0.0 9.93825,45.14528,0.0 9.93826,45.14528,0.0 9.93826,45.14528,0.0 9.93826,45.14528,0.0 9.93826,45.14528,0.0 9.93827,45.14528,0.0 9.93827,45.14529,0.0 9.93827,45.14529,0.0 9.93827,45.14529,0.0 9.93827,45.14529,0.0 9.93827,45.14529,0.0</coordinates>
                    </LineString>
                </Placemark>
                <Placemark id="992">
                    <name>Rota 23:15</name>
                    <styleUrl>#2</styleUrl>
                    <LineString id="991">
                        <altitudeMode>clampToGround</altitudeMode>
                        <coordinates>9.93827,45.14529,0.0 9.93827,45.14529,0.0 9.93826,45.14528,0.0 9.93826,45.14528,0.0 9.93826,45.14528,0.0 9.93825,45.14528,0.0 9.93825,45.14528,0.0 9.93825,45.14528,0.0 9.93826,45.14528,0.0 9.93826,45.14528,0.0 9.93826,45.14528,0.0 9.93826,45.14528,0.0 9.93826,45.14528,0.0 9.93826,45.14528,0.0 9.93826,45.14527,0.0 9.93826,45.14528,0.0 9.93826,45.14528,0.0 9.93826,45.14528,0.0 9.93827,45.14528,0.0 9.93827,45.14529,0.0 9.93827,45.14529,0.0 9.93827,45.14529,0.0 9.93826,45.1453,0.0 9.93826,45.1453,0.0 9.93826,45.1453,0.0 9.93826,45.1453,0.0 9.93825,45.1453,0.0 9.93825,45.14529,0.0 9.93824,45.14529,0.0 9.93824,45.14529,0.0 9.93824,45.14529,0.0 9.93824,45.14528,0.0 9.93824,45.14528,0.0 9.93824,45.14528,0.0 9.93824,45.14528,0.0 9.93824,45.14528,0.0 9.93825,45.14528,0.0 9.93825,45.14528,0.0 9.93826,45.14528,0.0 9.93827,45.14528,0.0 9.93827,45.14529,0.0 9.93827,45.14529,0.0 9.93827,45.14529,0.0 9.93827,45.14529,0.0 9.93827,45.14529,0.0 9.93826,45.14529,0.0 9.93826,45.14529,0.0 9.93826,45.14529,0.0 9.93826,45.14528,0.0 9.93826,45.14528,0.0 9.93826,45.14528,0.0 9.93826,45.14528,0.0 9.93826,45.14528,0.0 9.93827,45.14529,0.0 9.93827,45.14529,0.0 9.93827,45.14529,0.0 9.93827,45.14529,0.0 9.93827,45.14529,0.0 9.93827,45.14528,0.0 9.93827,45.14528,0.0 9.93827,45.14528,0.0</coordinates>
                    </LineString>
                </Placemark>
                <Placemark id="994">
                    <name>Rota 23:16</name>
                    <styleUrl>#2</styleUrl>
                    <LineString id="993">
                        <altitudeMode>clampToGround</altitudeMode>
                        <coordinates>9.93827,45.14528,0.0 9.93827,45.14529,0.0 9.93828,45.14529,0.0 9.93828,45.14529,0.0 9.93828,45.14529,0.0 9.93828,45.14529,0.0 9.93828,45.1453,0.0 9.93828,45.1453,0.0 9.93828,45.1453,0.0 9.93827,45.1453,0.0 9.93827,45.1453,0.0 9.93827,45.1453,0.0 9.93827,45.1453,0.0 9.93826,45.14529,0.0 9.93826,45.14529,0.0 9.93825,45.14528,0.0 9.93825,45.14528,0.0 9.93825,45.14528,0.0 9.93825,45.14528,0.0 9.93825,45.14528,0.0 9.93825,45.14528,0.0 9.93825,45.14529,0.0 9.93825,45.14528,0.0 9.93825,45.14528,0.0 9.93825,45.14529,0.0 9.93825,45.14529,0.0 9.93825,45.14529,0.0 9.93825,45.14529,0.0 9.93825,45.14529,0.0 9.93826,45.14529,0.0 9.93826,45.1453,0.0 9.93826,45.1453,0.0 9.93826,45.1453,0.0 9.93826,45.1453,0.0 9.93826,45.1453,0.0 9.93826,45.1453,0.0 9.93826,45.1453,0.0 9.93826,45.1453,0.0 9.93826,45.1453,0.0 9.93825,45.14529,0.0 9.93825,45.14529,0.0 9.93825,45.14529,0.0 9.93825,45.14529,0.0 9.93826,45.14529,0.0 9.93826,45.14529,0.0 9.93825,45.14529,0.0 9.93825,45.14529,0.0 9.93825,45.14529,0.0 9.93826,45.14529,0.0 9.93826,45.14529,0.0 9.93826,45.14529,0.0 9.93827,45.14529,0.0 9.93827,45.14529,0.0 9.93827,45.1453,0.0 9.93826,45.1453,0.0 9.93826,45.1453,0.0 9.93826,45.1453,0.0 9.93826,45.14529,0.0 9.93826,45.14529,0.0 9.93826,45.14529,0.0 9.93826,45.14529,0.0</coordinates>
                    </LineString>
                </Placemark>
                <Placemark id="996">
                    <name>Rota 23:17</name>
                    <styleUrl>#2</styleUrl>
                    <LineString id="995">
                        <altitudeMode>clampToGround</altitudeMode>
                        <coordinates>9.93826,45.14529,0.0 9.93825,45.14529,0.0 9.93825,45.14528,0.0 9.93825,45.14528,0.0 9.93825,45.14528,0.0 9.93825,45.14528,0.0 9.93825,45.14528,0.0 9.93825,45.14528,0.0 9.93826,45.14528,0.0 9.93826,45.14528,0.0 9.93826,45.14528,0.0 9.93826,45.14528,0.0 9.93826,45.14528,0.0 9.93826,45.14528,0.0 9.93826,45.14528,0.0 9.93827,45.14528,0.0 9.93827,45.14529,0.0 9.93827,45.14529,0.0 9.93827,45.14529,0.0 9.93827,45.1453,0.0 9.93827,45.1453,0.0 9.93826,45.1453,0.0 9.93826,45.1453,0.0 9.93826,45.1453,0.0 9.93826,45.1453,0.0 9.93825,45.14529,0.0 9.93825,45.14529,0.0 9.93825,45.14529,0.0 9.93825,45.14529,0.0 9.93826,45.14529,0.0 9.93826,45.14529,0.0 9.93826,45.14529,0.0 9.93826,45.14529,0.0 9.93826,45.14529,0.0 9.93826,45.14529,0.0 9.93827,45.1453,0.0 9.93827,45.1453,0.0 9.93827,45.1453,0.0 9.93827,45.14531,0.0 9.93827,45.1453,0.0 9.93827,45.1453,0.0 9.93827,45.14531,0.0 9.93826,45.14531,0.0 9.93826,45.14531,0.0 9.93826,45.1453,0.0 9.93825,45.1453,0.0 9.93825,45.1453,0.0 9.93825,45.1453,0.0 9.93825,45.1453,0.0 9.93825,45.14529,0.0 9.93825,45.14529,0.0 9.93825,45.14529,0.0 9.93825,45.14529,0.0 9.93825,45.14529,0.0 9.93825,45.14529,0.0 9.93826,45.14529,0.0 9.93826,45.14529,0.0 9.93826,45.1453,0.0 9.93826,45.1453,0.0 9.93826,45.1453,0.0 9.93826,45.1453,0.0</coordinates>
                    </LineString>
                </Placemark>
                <Placemark id="998">
                    <name>Rota 23:18</name>
                    <styleUrl>#2</styleUrl>
                    <LineString id="997">
                        <altitudeMode>clampToGround</altitudeMode>
                        <coordinates>9.93826,45.1453,0.0 9.93826,45.14531,0.0 9.93826,45.14531,0.0 9.93826,45.14531,0.0 9.93826,45.14531,0.0 9.93826,45.14531,0.0 9.93825,45.1453,0.0 9.93825,45.1453,0.0 9.93825,45.14529,0.0 9.93825,45.14529,0.0 9.93825,45.14529,0.0 9.93825,45.14529,0.0 9.93825,45.14529,0.0 9.93826,45.14529,0.0 9.93826,45.14529,0.0 9.93826,45.14529,0.0 9.93826,45.14529,0.0 9.93826,45.14528,0.0 9.93826,45.14528,0.0 9.93826,45.14528,0.0 9.93826,45.14528,0.0 9.93826,45.14528,0.0 9.93826,45.14528,0.0 9.93826,45.14528,0.0 9.93826,45.14528,0.0 9.93826,45.14529,0.0 9.93826,45.14529,0.0 9.93826,45.1453,0.0 9.93826,45.1453,0.0 9.93826,45.1453,0.0 9.93826,45.14529,0.0 9.93826,45.14529,0.0 9.93826,45.14529,0.0 9.93826,45.14529,0.0 9.93826,45.14529,0.0 9.93825,45.14529,0.0 9.93825,45.14528,0.0 9.93825,45.14528,0.0 9.93825,45.14528,0.0 9.93825,45.14528,0.0 9.93825,45.14528,0.0 9.93825,45.14528,0.0 9.93825,45.14528,0.0 9.93825,45.14528,0.0 9.93825,45.14527,0.0 9.93825,45.14527,0.0 9.93825,45.14527,0.0 9.93825,45.14528,0.0 9.93826,45.14528,0.0 9.93826,45.14528,0.0 9.93827,45.14529,0.0 9.93827,45.14529,0.0 9.93827,45.14529,0.0 9.93827,45.14529,0.0 9.93826,45.14529,0.0 9.93826,45.14529,0.0 9.93826,45.14529,0.0 9.93826,45.14528,0.0 9.93826,45.14528,0.0 9.93826,45.14528,0.0 9.93825,45.14527,0.0</coordinates>
                    </LineString>
                </Placemark>
                <Placemark id="1000">
                    <name>Rota 23:19</name>
                    <styleUrl>#2</styleUrl>
                    <LineString id="999">
                        <altitudeMode>clampToGround</altitudeMode>
                        <coordinates>9.93825,45.14527,0.0 9.93825,45.14527,0.0 9.93825,45.14527,0.0 9.93825,45.14527,0.0 9.93825,45.14527,0.0 9.93825,45.14527,0.0 9.93826,45.14527,0.0 9.93827,45.14527,0.0 9.93827,45.14527,0.0 9.93828,45.14527,0.0 9.93828,45.14527,0.0 9.93829,45.14528,0.0 9.93829,45.14528,0.0 9.93828,45.14529,0.0 9.93828,45.14528,0.0 9.93828,45.14528,0.0 9.93827,45.14528,0.0 9.93827,45.14528,0.0 9.93826,45.14528,0.0 9.93826,45.14528,0.0 9.93826,45.14527,0.0 9.93826,45.14527,0.0 9.93826,45.14527,0.0 9.93826,45.14527,0.0 9.93826,45.14527,0.0 9.93827,45.14526,0.0 9.93827,45.14526,0.0 9.93828,45.14526,0.0 9.93828,45.14526,0.0 9.93828,45.14526,0.0 9.93827,45.14526,0.0 9.93827,45.14526,0.0 9.93827,45.14526,0.0 9.93827,45.14526,0.0 9.93827,45.14526,0.0 9.93827,45.14526,0.0 9.93826,45.14526,0.0 9.93826,45.14526,0.0 9.93827,45.14526,0.0 9.93827,45.14526,0.0 9.93827,45.14526,0.0 9.93827,45.14527,0.0 9.93827,45.14528,0.0 9.93827,45.14528,0.0 9.93826,45.14528,0.0 9.93826,45.14528,0.0 9.93826,45.14528,0.0 9.93825,45.14527,0.0 9.93825,45.14527,0.0 9.93825,45.14526,0.0 9.93825,45.14526,0.0 9.93825,45.14526,0.0 9.93825,45.14526,0.0 9.93825,45.14527,0.0 9.93825,45.14527,0.0 9.93825,45.14527,0.0 9.93825,45.14527,0.0 9.93825,45.14527,0.0 9.93825,45.14527,0.0 9.93826,45.14527,0.0 9.93826,45.14527,0.0</coordinates>
                    </LineString>
                </Placemark>
            </Folder>
            <Folder id="1001">
                <name>23:20 – 23:29</name>
                <Placemark id="1003">
                    <name>Rota 23:20</name>
                    <styleUrl>#2</styleUrl>
                    <LineString id="1002">
                        <altitudeMode>clampToGround</altitudeMode>
                        <coordinates>9.93826,45.14527,0.0 9.93826,45.14528,0.0 9.93826,45.14528,0.0 9.93826,45.14528,0.0 9.93826,45.14528,0.0 9.93826,45.14528,0.0 9.93825,45.14528,0.0 9.93825,45.14527,0.0 9.93825,45.14527,0.0 9.93825,45.14527,0.0 9.93825,45.14527,0.0 9.93825,45.14527,0.0 9.93825,45.14527,0.0 9.93825,45.14527,0.0 9.93825,45.14527,0.0 9.93825,45.14527,0.0 9.93825,45.14528,0.0 9.93825,45.14528,0.0 9.93825,45.14528,0.0 9.93826,45.14528,0.0 9.93826,45.14528,0.0 9.93826,45.14529,0.0 9.93826,45.1453,0.0 9.93826,45.1453,0.0 9.93826,45.1453,0.0 9.93826,45.14529,0.0 9.93826,45.14529,0.0 9.93825,45.14529,0.0 9.93825,45.14528,0.0 9.93825,45.14528,0.0 9.93825,45.14528,0.0 9.93825,45.14528,0.0 9.93825,45.14528,0.0 9.93825,45.14528,0.0 9.93825,45.14528,0.0 9.93825,45.14528,0.0 9.93825,45.14528,0.0 9.93825,45.14528,0.0 9.93825,45.14528,0.0 9.93825,45.14529,0.0 9.93825,45.14529,0.0 9.93825,45.14529,0.0 9.93825,45.14529,0.0 9.93825,45.14529,0.0 9.93825,45.14529,0.0 9.93825,45.14529,0.0 9.93825,45.14529,0.0 9.93824,45.14528,0.0 9.93825,45.14528,0.0 9.93825,45.14528,0.0 9.93824,45.14528,0.0 9.93824,45.14528,0.0 9.93825,45.14528,0.0 9.93825,45.14528,0.0 9.93825,45.14528,0.0 9.93825,45.14528,0.0 9.93825,45.14528,0.0 9.93825,45.14528,0.0 9.93825,45.14529,0.0 9.93825,45.14529,0.0 9.93825,45.14529,0.0</coordinates>
                    </LineString>
                </Placemark>
                <Placemark id="1005">
                    <name>Rota 23:21</name>
                    <styleUrl>#2</styleUrl>
                    <LineString id="1004">
                        <altitudeMode>clampToGround</altitudeMode>
                        <coordinates>9.93825,45.14529,0.0 9.93825,45.1453,0.0 9.93825,45.1453,0.0 9.93825,45.1453,0.0 9.93825,45.14529,0.0 9.93825,45.14529,0.0 9.93825,45.14529,0.0 9.93825,45.14528,0.0 9.93825,45.14528,0.0 9.93824,45.14528,0.0 9.93824,45.14528,0.0 9.93824,45.14528,0.0 9.93825,45.14529,0.0 9.93825,45.14529,0.0 9.93825,45.14529,0.0 9.93825,45.14529,0.0 9.93825,45.14529,0.0 9.93825,45.14529,0.0 9.93825,45.14529,0.0 9.93825,45.14528,0.0 9.93825,45.14528,0.0 9.93825,45.14528,0.0 9.93825,45.14528,0.0 9.93825,45.14528,0.0 9.93825,45.14528,0.0 9.93825,45.14528,0.0 9.93825,45.14528,0.0 9.93825,45.14528,0.0 9.93825,45.14528,0.0 9.93825,45.14528,0.0 9.93825,45.14529,0.0 9.93825,45.14529,0.0 9.93825,45.14529,0.0 9.93825,45.14529,0.0 9.93825,45.14529,0.0 9.93825,45.14529,0.0 9.93825,45.14529,0.0 9.93824,45.1453,0.0 9.93824,45.1453,0.0 9.93824,45.14529,0.0 9.93824,45.14529,0.0 9.93824,45.14529,0.0 9.93824,45.14529,0.0 9.93824,45.14529,0.0 9.93824,45.14529,0.0 9.93825,45.14529,0.0 9.93825,45.14529,0.0 9.93825,45.14529,0.0 9.93825,45.14529,0.0 9.93825,45.14529,0.0 9.93825,45.14529,0.0 9.93825,45.14529,0.0 9.93825,45.14529,0.0 9.93825,45.1453,0.0 9.93825,45.1453,0.0 9.93825,45.1453,0.0 9.93825,45.1453,0.0 9.93825,45.1453,0.0 9.93825,45.1453,0.0 9.93825,45.1453,0.0 9.93825,45.1453,0.0</coordinates>
                    </LineString>
                </Placemark>
                <Placemark id="1007">
                    <name>Rota 23:22</name>
                    <styleUrl>#2</styleUrl>
                    <LineString id="1006">
                        <altitudeMode>clampToGround</altitudeMode>
                        <coordinates>9.93825,45.1453,0.0 9.93825,45.1453,0.0 9.93824,45.1453,0.0 9.93824,45.14529,0.0 9.93824,45.14529,0.0 9.93824,45.14529,0.0 9.93824,45.14529,0.0 9.93825,45.14529,0.0 9.93825,45.14529,0.0 9.93825,45.14529,0.0 9.93825,45.14529,0.0 9.93825,45.14529,0.0 9.93824,45.14529,0.0 9.93825,45.14529,0.0 9.93825,45.14529,0.0 9.93825,45.1453,0.0 9.93824,45.1453,0.0 9.93824,45.1453,0.0 9.93824,45.1453,0.0 9.93824,45.1453,0.0 9.93824,45.1453,0.0 9.93824,45.1453,0.0 9.93824,45.14529,0.0 9.93824,45.14529,0.0 9.93823,45.1453,0.0 9.93823,45.14529,0.0 9.93823,45.14529,0.0 9.93823,45.14529,0.0 9.93823,45.1453,0.0 9.93823,45.14529,0.0 9.93823,45.14529,0.0 9.93823,45.14529,0.0 9.93823,45.14529,0.0 9.93823,45.14529,0.0 9.93824,45.1453,0.0 9.93824,45.1453,0.0 9.93824,45.1453,0.0 9.93824,45.1453,0.0 9.93824,45.1453,0.0 9.93823,45.1453,0.0 9.93823,45.1453,0.0 9.93823,45.14529,0.0 9.93823,45.14529,0.0 9.93823,45.14529,0.0 9.93823,45.14529,0.0 9.93823,45.14529,0.0 9.93823,45.14529,0.0 9.93823,45.14529,0.0 9.93823,45.14529,0.0 9.93823,45.14529,0.0 9.93823,45.14529,0.0 9.93823,45.14529,0.0 9.93823,45.1453,0.0 9.93823,45.1453,0.0 9.93823,45.1453,0.0 9.93823,45.14531,0.0 9.93823,45.14531,0.0 9.93823,45.14531,0.0 9.93823,45.14531,0.0 9.93823,45.14531,0.0 9.93823,45.14531,0.0</coordinates>
                    </LineString>
                </Placemark>
                <Placemark id="1009">
                    <name>Rota 23:23</name>
                    <styleUrl>#2</styleUrl>
                    <LineString id="1008">
                        <altitudeMode>clampToGround</altitudeMode>
                        <coordinates>9.93823,45.14531,0.0 9.93823,45.1453,0.0 9.93823,45.1453,0.0 9.93823,45.1453,0.0 9.93823,45.1453,0.0 9.93823,45.1453,0.0 9.93823,45.1453,0.0 9.93823,45.1453,0.0 9.93823,45.1453,0.0 9.93823,45.14529,0.0 9.93823,45.14529,0.0 9.93824,45.1453,0.0 9.93824,45.1453,0.0 9.93824,45.1453,0.0 9.93824,45.1453,0.0 9.93824,45.1453,0.0 9.93824,45.1453,0.0 9.93824,45.1453,0.0 9.93824,45.1453,0.0 9.93824,45.1453,0.0 9.93824,45.1453,0.0 9.93824,45.14529,0.0 9.93825,45.14529,0.0 9.93824,45.14529,0.0 9.93824,45.14529,0.0 9.93824,45.14529,0.0 9.93824,45.14529,0.0 9.93824,45.14529,0.0 9.93824,45.14529,0.0 9.93824,45.14529,0.0 9.93824,45.14529,0.0 9.93824,45.14529,0.0 9.93824,45.1453,0.0 9.93824,45.1453,0.0 9.93824,45.14531,0.0 9.93824,45.1453,0.0 9.93824,45.1453,0.0 9.93824,45.1453,0.0 9.93824,45.1453,0.0 9.93824,45.1453,0.0 9.93824,45.1453,0.0 9.93824,45.1453,0.0 9.93824,45.1453,0.0 9.93823,45.1453,0.0 9.93823,45.1453,0.0 9.93824,45.1453,0.0 9.93824,45.1453,0.0 9.93824,45.1453,0.0 9.93824,45.1453,0.0 9.93824,45.14531,0.0 9.93824,45.1453,0.0 9.93824,45.1453,0.0 9.93824,45.1453,0.0 9.93824,45.1453,0.0 9.93824,45.1453,0.0 9.93824,45.1453,0.0 9.93824,45.1453,0.0 9.93824,45.1453,0.0 9.93824,45.1453,0.0 9.93824,45.1453,0.0 9.93824,45.1453,0.0</coordinates>
                    </LineString>
                </Placemark>
                <Placemark id="1011">
                    <name>Rota 23:24</name>
                    <styleUrl>#2</styleUrl>
                    <LineString id="1010">
                        <altitudeMode>clampToGround</altitudeMode>
                        <coordinates>9.93824,45.1453,0.0 9.93824,45.1453,0.0 9.93824,45.1453,0.0 9.93824,45.1453,0.0 9.93824,45.1453,0.0 9.93824,45.1453,0.0 9.93824,45.1453,0.0 9.93824,45.1453,0.0 9.93824,45.1453,0.0 9.93824,45.1453,0.0 9.93824,45.1453,0.0 9.93824,45.1453,0.0 9.93824,45.1453,0.0 9.93824,45.1453,0.0 9.93824,45.1453,0.0 9.93824,45.1453,0.0 9.93823,45.1453,0.0 9.93823,45.14529,0.0 9.93823,45.14529,0.0 9.93823,45.14529,0.0 9.93823,45.14529,0.0 9.93823,45.14529,0.0 9.93823,45.14528,0.0 9.93823,45.14528,0.0 9.93823,45.14528,0.0 9.93823,45.14529,0.0 9.93823,45.14529,0.0 9.93823,45.14529,0.0 9.93823,45.14529,0.0 9.93823,45.14529,0.0 9.93823,45.14529,0.0 9.93823,45.14529,0.0 9.93823,45.14529,0.0 9.93823,45.14528,0.0 9.93823,45.14528,0.0 9.93823,45.14528,0.0 9.93823,45.14528,0.0 9.93823,45.14528,0.0 9.93823,45.14528,0.0 9.93822,45.14528,0.0 9.93823,45.14528,0.0 9.93823,45.14528,0.0 9.93823,45.14528,0.0 9.93823,45.14528,0.0 9.93823,45.14528,0.0 9.93823,45.14528,0.0 9.93824,45.14529,0.0 9.93824,45.14529,0.0 9.93824,45.1453,0.0 9.93824,45.1453,0.0 9.93824,45.1453,0.0 9.93824,45.1453,0.0 9.93824,45.1453,0.0 9.93823,45.1453,0.0 9.93823,45.14529,0.0 9.93823,45.14529,0.0 9.93823,45.14529,0.0 9.93823,45.14529,0.0 9.93823,45.14529,0.0 9.93824,45.14529,0.0 9.93824,45.14529,0.0</coordinates>
                    </LineString>
                </Placemark>
                <Placemark id="1013">
                    <name>Rota 23:25</name>
                    <styleUrl>#2</styleUrl>
                    <LineString id="1012">
                        <altitudeMode>clampToGround</altitudeMode>
                        <coordinates>9.93824,45.14529,0.0 9.93825,45.14529,0.0 9.93825,45.14529,0.0 9.93825,45.14529,0.0 9.93825,45.14529,0.0 9.93825,45.14529,0.0 9.93825,45.14529,0.0 9.93825,45.14529,0.0 9.93825,45.14529,0.0 9.93825,45.14529,0.0 9.93825,45.14529,0.0 9.93825,45.14529,0.0 9.93825,45.14529,0.0 9.93825,45.14529,0.0 9.93825,45.14529,0.0 9.93825,45.14529,0.0 9.93826,45.14529,0.0 9.93826,45.14529,0.0 9.93826,45.14529,0.0 9.93826,45.1453,0.0 9.93826,45.1453,0.0 9.93826,45.1453,0.0 9.93826,45.1453,0.0 9.93826,45.1453,0.0 9.93826,45.14531,0.0 9.93825,45.14531,0.0 9.93825,45.14531,0.0 9.93825,45.1453,0.0 9.93825,45.1453,0.0 9.93824,45.1453,0.0 9.93824,45.14529,0.0 9.93824,45.14529,0.0 9.93823,45.14529,0.0 9.93823,45.14529,0.0 9.93823,45.14529,0.0 9.93822,45.14529,0.0 9.93822,45.14529,0.0 9.93822,45.14528,0.0 9.93823,45.14528,0.0 9.93823,45.14528,0.0 9.93823,45.14528,0.0 9.93825,45.14528,0.0 9.93825,45.14528,0.0 9.93825,45.14528,0.0 9.93825,45.14528,0.0 9.93825,45.14528,0.0 9.93825,45.14528,0.0 9.93824,45.14528,0.0 9.93824,45.14528,0.0 9.93824,45.14527,0.0 9.93824,45.14527,0.0 9.93824,45.14527,0.0 9.93824,45.14528,0.0 9.93824,45.14528,0.0 9.93824,45.14528,0.0 9.93824,45.14528,0.0 9.93824,45.14528,0.0 9.93824,45.14528,0.0 9.93824,45.14528,0.0 9.93824,45.14528,0.0 9.93824,45.14528,0.0</coordinates>
                    </LineString>
                </Placemark>
                <Placemark id="1015">
                    <name>Rota 23:26</name>
                    <styleUrl>#2</styleUrl>
                    <LineString id="1014">
                        <altitudeMode>clampToGround</altitudeMode>
                        <coordinates>9.93824,45.14528,0.0 9.93824,45.14528,0.0 9.93824,45.14528,0.0 9.93824,45.14528,0.0 9.93824,45.14528,0.0 9.93824,45.14528,0.0 9.93824,45.14528,0.0 9.93824,45.14528,0.0 9.93824,45.14528,0.0 9.93824,45.14528,0.0 9.93825,45.14528,0.0 9.93825,45.14528,0.0 9.93825,45.14528,0.0 9.93825,45.14528,0.0 9.93825,45.14528,0.0 9.93825,45.14528,0.0 9.93825,45.14529,0.0 9.93825,45.14529,0.0 9.93825,45.14529,0.0 9.93825,45.14529,0.0 9.93825,45.14529,0.0 9.93825,45.14529,0.0 9.93825,45.14528,0.0 9.93825,45.14529,0.0 9.93825,45.14529,0.0 9.93825,45.14529,0.0 9.93825,45.14529,0.0 9.93825,45.14529,0.0 9.93825,45.14529,0.0 9.93825,45.14528,0.0 9.93825,45.14529,0.0 9.93825,45.14529,0.0 9.93825,45.14529,0.0 9.93825,45.14529,0.0 9.93825,45.14529,0.0 9.93824,45.14529,0.0 9.93824,45.14529,0.0 9.93824,45.14529,0.0 9.93824,45.14529,0.0 9.93824,45.14529,0.0 9.93824,45.14529,0.0 9.93824,45.14529,0.0 9.93824,45.14529,0.0 9.93824,45.14529,0.0 9.93824,45.14529,0.0 9.93825,45.14529,0.0 9.93825,45.14528,0.0 9.93825,45.14528,0.0 9.93825,45.14528,0.0 9.93825,45.14528,0.0 9.93825,45.14528,0.0 9.93825,45.14528,0.0 9.93825,45.14528,0.0 9.93825,45.14528,0.0 9.93825,45.14527,0.0 9.93825,45.14527,0.0 9.93826,45.14527,0.0 9.93825,45.14527,0.0 9.93825,45.14527,0.0 9.93825,45.14527,0.0 9.93826,45.14527,0.0</coordinates>
                    </LineString>
                </Placemark>
                <Placemark id="1017">
                    <name>Rota 23:27</name>
                    <styleUrl>#2</styleUrl>
                    <LineString id="1016">
                        <altitudeMode>clampToGround</altitudeMode>
                        <coordinates>9.93826,45.14527,0.0 9.93826,45.14527,0.0 9.93826,45.14527,0.0 9.93826,45.14527,0.0 9.93826,45.14527,0.0 9.93826,45.14527,0.0 9.93826,45.14527,0.0 9.93826,45.14527,0.0 9.93826,45.14527,0.0 9.93826,45.14527,0.0 9.93826,45.14528,0.0 9.93826,45.14528,0.0 9.93826,45.14528,0.0 9.93826,45.14528,0.0 9.93826,45.14529,0.0 9.93826,45.14528,0.0 9.93826,45.14528,0.0 9.93826,45.14528,0.0 9.93826,45.14528,0.0 9.93826,45.14528,0.0 9.93826,45.14528,0.0 9.93825,45.14528,0.0 9.93825,45.14528,0.0 9.93825,45.14528,0.0 9.93825,45.14528,0.0 9.93825,45.14529,0.0 9.93825,45.14529,0.0 9.93825,45.14529,0.0 9.93824,45.14529,0.0 9.93824,45.14529,0.0 9.93824,45.14529,0.0 9.93824,45.14529,0.0 9.93824,45.14529,0.0 9.93824,45.14529,0.0 9.93824,45.14529,0.0 9.93824,45.14529,0.0 9.93824,45.14529,0.0 9.93824,45.14529,0.0 9.93824,45.14529,0.0 9.93824,45.14529,0.0 9.93824,45.14528,0.0 9.93824,45.14528,0.0 9.93824,45.14528,0.0 9.93823,45.14528,0.0 9.93823,45.14528,0.0 9.93823,45.14528,0.0 9.93823,45.14529,0.0 9.93823,45.14529,0.0 9.93823,45.14529,0.0 9.93823,45.14529,0.0 9.93823,45.14529,0.0 9.93823,45.14529,0.0 9.93823,45.14529,0.0 9.93823,45.1453,0.0 9.93823,45.1453,0.0 9.93823,45.1453,0.0 9.93823,45.1453,0.0 9.93824,45.1453,0.0 9.93824,45.1453,0.0 9.93824,45.1453,0.0 9.93824,45.1453,0.0</coordinates>
                    </LineString>
                </Placemark>
                <Placemark id="1019">
                    <name>Rota 23:28</name>
                    <styleUrl>#2</styleUrl>
                    <LineString id="1018">
                        <altitudeMode>clampToGround</altitudeMode>
                        <coordinates>9.93824,45.1453,0.0 9.93824,45.1453,0.0 9.93824,45.1453,0.0 9.93824,45.1453,0.0 9.93825,45.1453,0.0 9.93825,45.1453,0.0 9.93825,45.1453,0.0 9.93825,45.1453,0.0 9.93825,45.1453,0.0 9.93825,45.1453,0.0 9.93825,45.1453,0.0 9.93825,45.1453,0.0 9.93825,45.1453,0.0 9.93825,45.1453,0.0 9.93825,45.1453,0.0 9.93825,45.14531,0.0 9.93825,45.14531,0.0 9.93825,45.14531,0.0 9.93825,45.14531,0.0 9.93825,45.14531,0.0 9.93825,45.14531,0.0 9.93825,45.1453,0.0 9.93825,45.1453,0.0 9.93825,45.1453,0.0 9.93825,45.1453,0.0 9.93825,45.1453,0.0 9.93825,45.1453,0.0 9.93825,45.1453,0.0 9.93825,45.1453,0.0 9.93825,45.1453,0.0 9.93825,45.1453,0.0 9.93825,45.1453,0.0 9.93825,45.1453,0.0 9.93825,45.14531,0.0 9.93825,45.14531,0.0 9.93825,45.14531,0.0 9.93825,45.14531,0.0 9.93825,45.14531,0.0 9.93825,45.14531,0.0 9.93825,45.14531,0.0 9.93825,45.14531,0.0 9.93825,45.14531,0.0 9.93825,45.14531,0.0 9.93825,45.14531,0.0 9.93825,45.1453,0.0 9.93825,45.1453,0.0 9.93825,45.1453,0.0 9.93825,45.1453,0.0 9.93825,45.1453,0.0 9.93826,45.14531,0.0 9.93826,45.14531,0.0 9.93826,45.14531,0.0 9.93826,45.14531,0.0 9.93826,45.14531,0.0 9.93826,45.14531,0.0 9.93826,45.14531,0.0 9.93826,45.14531,0.0 9.93826,45.14531,0.0 9.93826,45.14531,0.0 9.93826,45.14531,0.0 9.93826,45.14531,0.0</coordinates>
                    </LineString>
                </Placemark>
                <Placemark id="1021">
                    <name>Rota 23:29</name>
                    <styleUrl>#2</styleUrl>
                    <LineString id="1020">
                        <altitudeMode>clampToGround</altitudeMode>
                        <coordinates>9.93826,45.14531,0.0 9.93826,45.14531,0.0 9.93826,45.14531,0.0 9.93826,45.14531,0.0 9.93826,45.14531,0.0 9.93826,45.14531,0.0 9.93826,45.14531,0.0 9.93826,45.14531,0.0 9.93826,45.14531,0.0 9.93826,45.14531,0.0 9.93826,45.14531,0.0 9.93827,45.14531,0.0 9.93827,45.14531,0.0 9.93827,45.14531,0.0 9.93827,45.14531,0.0 9.93827,45.14532,0.0 9.93827,45.14531,0.0 9.93827,45.14531,0.0 9.93827,45.14532,0.0 9.93827,45.14532,0.0 9.93827,45.14532,0.0 9.93826,45.14532,0.0 9.93826,45.14532,0.0 9.93826,45.14532,0.0 9.93826,45.14532,0.0 9.93826,45.14532,0.0 9.93826,45.14532,0.0 9.93826,45.14532,0.0 9.93826,45.14532,0.0 9.93826,45.14532,0.0 9.93826,45.14532,0.0 9.93825,45.14532,0.0 9.93825,45.14532,0.0 9.93825,45.14531,0.0 9.93825,45.14531,0.0 9.93825,45.14531,0.0 9.93825,45.14531,0.0 9.93825,45.14531,0.0 9.93825,45.14531,0.0 9.93825,45.14531,0.0 9.93825,45.14531,0.0 9.93825,45.14531,0.0 9.93826,45.14531,0.0 9.93826,45.14531,0.0 9.93826,45.14531,0.0 9.93826,45.14531,0.0 9.93826,45.14531,0.0 9.93826,45.14531,0.0 9.93826,45.14531,0.0 9.93826,45.14531,0.0 9.93826,45.1453,0.0 9.93826,45.1453,0.0 9.93826,45.1453,0.0 9.93825,45.1453,0.0 9.93824,45.1453,0.0 9.93824,45.14529,0.0 9.93824,45.14529,0.0 9.93824,45.14529,0.0 9.93824,45.14529,0.0 9.93825,45.14529,0.0 9.93825,45.14528,0.0</coordinates>
                    </LineString>
                </Placemark>
            </Folder>
            <Folder id="1022">
                <name>23:30 – 23:39</name>
                <Placemark id="1024">
                    <name>Rota 23:30</name>
                    <styleUrl>#2</styleUrl>
                    <LineString id="1023">
                        <altitudeMode>clampToGround</altitudeMode>
                        <coordinates>9.93825,45.14528,0.0 9.93825,45.14528,0.0 9.93826,45.14528,0.0 9.93826,45.14527,0.0 9.93826,45.14527,0.0 9.93827,45.14527,0.0 9.93828,45.14527,0.0 9.93828,45.14527,0.0 9.93828,45.14527,0.0 9.93828,45.14527,0.0 9.93828,45.14527,0.0 9.93828,45.14527,0.0 9.93828,45.14527,0.0 9.9383,45.14527,0.0 9.93831,45.14527,0.0 9.93831,45.14527,0.0 9.93831,45.14527,0.0 9.93831,45.14527,0.0 9.9383,45.14527,0.0 9.93829,45.14527,0.0 9.93829,45.14527,0.0 9.9383,45.14527,0.0 9.9383,45.14527,0.0 9.9383,45.14527,0.0 9.9383,45.14527,0.0 9.93831,45.14527,0.0 9.93832,45.14527,0.0 9.93832,45.14527,0.0 9.93831,45.14527,0.0 9.93831,45.14527,0.0 9.93831,45.14527,0.0 9.9383,45.14528,0.0 9.9383,45.14528,0.0 9.9383,45.14528,0.0 9.9383,45.14528,0.0 9.93829,45.14528,0.0 9.93829,45.14527,0.0 9.93829,45.14527,0.0 9.9383,45.14527,0.0 9.9383,45.14527,0.0 9.9383,45.14527,0.0 9.9383,45.14527,0.0 9.9383,45.14527,0.0 9.9383,45.14527,0.0 9.9383,45.14527,0.0 9.9383,45.14527,0.0 9.9383,45.14527,0.0 9.9383,45.14526,0.0 9.9383,45.14526,0.0 9.9383,45.14526,0.0 9.93831,45.14526,0.0 9.93831,45.14526,0.0 9.93832,45.14526,0.0 9.93832,45.14526,0.0 9.93832,45.14527,0.0 9.93832,45.14527,0.0 9.93832,45.14527,0.0 9.93831,45.14528,0.0 9.93831,45.14528,0.0 9.93831,45.14528,0.0 9.9383,45.14528,0.0</coordinates>
                    </LineString>
                </Placemark>
                <Placemark id="1026">
                    <name>Rota 23:31</name>
                    <styleUrl>#2</styleUrl>
                    <LineString id="1025">
                        <altitudeMode>clampToGround</altitudeMode>
                        <coordinates>9.9383,45.14528,0.0 9.9383,45.14528,0.0 9.9383,45.14527,0.0 9.9383,45.14527,0.0 9.9383,45.14527,0.0 9.93829,45.14527,0.0 9.93829,45.14527,0.0 9.93829,45.14527,0.0 9.93829,45.14527,0.0 9.93829,45.14527,0.0 9.93829,45.14527,0.0 9.93829,45.14527,0.0 9.93828,45.14528,0.0 9.93828,45.14528,0.0 9.93828,45.14529,0.0 9.93828,45.14529,0.0 9.93828,45.14529,0.0 9.93828,45.14529,0.0 9.93827,45.14528,0.0 9.93827,45.14528,0.0 9.93826,45.14528,0.0 9.93826,45.14528,0.0 9.93826,45.14527,0.0 9.93826,45.14527,0.0 9.93826,45.14527,0.0 9.93826,45.14527,0.0 9.93826,45.14527,0.0 9.93826,45.14527,0.0 9.93826,45.14526,0.0 9.93826,45.14526,0.0 9.93826,45.14526,0.0 9.93827,45.14527,0.0 9.93827,45.14527,0.0 9.93827,45.14527,0.0 9.93827,45.14527,0.0 9.93827,45.14527,0.0 9.93827,45.14527,0.0 9.93826,45.14527,0.0 9.93826,45.14527,0.0 9.93826,45.14526,0.0 9.93826,45.14527,0.0 9.93826,45.14527,0.0 9.93827,45.14527,0.0 9.93826,45.14527,0.0 9.93826,45.14527,0.0 9.93827,45.14527,0.0 9.93828,45.14526,0.0 9.93828,45.14527,0.0 9.93829,45.14527,0.0 9.93829,45.14527,0.0 9.93829,45.14527,0.0 9.93828,45.14527,0.0 9.93828,45.14527,0.0 9.93827,45.14527,0.0 9.93827,45.14527,0.0 9.93826,45.14527,0.0 9.93826,45.14527,0.0 9.93827,45.14527,0.0 9.93827,45.14527,0.0 9.93828,45.14527,0.0 9.93829,45.14527,0.0</coordinates>
                    </LineString>
                </Placemark>
                <Placemark id="1028">
                    <name>Rota 23:32</name>
                    <styleUrl>#2</styleUrl>
                    <LineString id="1027">
                        <altitudeMode>clampToGround</altitudeMode>
                        <coordinates>9.93829,45.14527,0.0 9.93829,45.14527,0.0 9.9383,45.14527,0.0 9.9383,45.14527,0.0 9.93829,45.14527,0.0 9.93829,45.14527,0.0 9.93829,45.14527,0.0 9.93829,45.14527,0.0 9.93829,45.14527,0.0 9.93829,45.14527,0.0 9.93829,45.14527,0.0 9.93829,45.14527,0.0 9.93829,45.14527,0.0 9.93829,45.14527,0.0 9.93829,45.14527,0.0 9.93829,45.14527,0.0 9.93828,45.14527,0.0 9.93828,45.14527,0.0 9.93828,45.14528,0.0 9.93828,45.14528,0.0 9.93828,45.14528,0.0 9.93828,45.14528,0.0 9.93828,45.14528,0.0 9.93828,45.14528,0.0 9.93828,45.14528,0.0 9.93828,45.14528,0.0 9.93828,45.14528,0.0 9.93828,45.14528,0.0 9.93828,45.14528,0.0 9.93827,45.14528,0.0 9.93827,45.14528,0.0 9.93827,45.14528,0.0 9.93827,45.14528,0.0 9.93827,45.14528,0.0 9.93827,45.14528,0.0 9.93828,45.14528,0.0 9.93828,45.14528,0.0 9.93828,45.14528,0.0 9.93828,45.14529,0.0 9.93827,45.14528,0.0 9.93827,45.14528,0.0 9.93826,45.14528,0.0 9.93826,45.14527,0.0 9.93826,45.14527,0.0 9.93826,45.14528,0.0 9.93826,45.14528,0.0 9.93826,45.14528,0.0 9.93826,45.14528,0.0 9.93826,45.14528,0.0 9.93826,45.14528,0.0 9.93827,45.14528,0.0 9.93827,45.14528,0.0 9.93827,45.14528,0.0 9.93828,45.14528,0.0 9.93828,45.14528,0.0 9.93828,45.14528,0.0 9.93828,45.14528,0.0 9.93828,45.14528,0.0 9.93828,45.14528,0.0 9.93828,45.14528,0.0 9.93827,45.14528,0.0</coordinates>
                    </LineString>
                </Placemark>
                <Placemark id="1030">
                    <name>Rota 23:33</name>
                    <styleUrl>#2</styleUrl>
                    <LineString id="1029">
                        <altitudeMode>clampToGround</altitudeMode>
                        <coordinates>9.93827,45.14528,0.0 9.93827,45.14528,0.0 9.93827,45.14528,0.0 9.93828,45.14528,0.0 9.93829,45.14528,0.0 9.93829,45.14528,0.0 9.9383,45.14528,0.0 9.93829,45.14528,0.0 9.93829,45.14528,0.0 9.93829,45.14528,0.0 9.93829,45.14528,0.0 9.93829,45.14528,0.0 9.93829,45.14528,0.0 9.93829,45.14528,0.0 9.93829,45.14528,0.0 9.93829,45.14528,0.0 9.93828,45.14528,0.0 9.93829,45.14528,0.0 9.93829,45.14528,0.0 9.93829,45.14528,0.0 9.93828,45.14528,0.0 9.93828,45.14528,0.0 9.93828,45.14527,0.0 9.93828,45.14527,0.0 9.93828,45.14527,0.0 9.93828,45.14527,0.0 9.93828,45.14527,0.0 9.93828,45.14527,0.0 9.93828,45.14527,0.0 9.93828,45.14527,0.0 9.93829,45.14526,0.0 9.93829,45.14526,0.0 9.93829,45.14526,0.0 9.9383,45.14526,0.0 9.9383,45.14525,0.0 9.9383,45.14525,0.0 9.9383,45.14525,0.0 9.93831,45.14525,0.0 9.93831,45.14525,0.0 9.93831,45.14525,0.0 9.93832,45.14525,0.0 9.93832,45.14525,0.0 9.93832,45.14525,0.0 9.93832,45.14525,0.0 9.93832,45.14525,0.0 9.93832,45.14525,0.0 9.93832,45.14525,0.0 9.93831,45.14525,0.0 9.93831,45.14525,0.0 9.93831,45.14525,0.0 9.93831,45.14525,0.0 9.93831,45.14526,0.0 9.93831,45.14526,0.0 9.93831,45.14527,0.0 9.93831,45.14527,0.0 9.93831,45.14527,0.0 9.93831,45.14527,0.0 9.9383,45.14528,0.0 9.9383,45.14528,0.0 9.9383,45.14528,0.0 9.93829,45.14528,0.0</coordinates>
                    </LineString>
                </Placemark>
                <Placemark id="1032">
                    <name>Rota 23:34</name>
                    <styleUrl>#2</styleUrl>
                    <LineString id="1031">
                        <altitudeMode>clampToGround</altitudeMode>
                        <coordinates>9.93829,45.14528,0.0 9.93829,45.14528,0.0 9.93829,45.14528,0.0 9.93829,45.14527,0.0 9.93828,45.14527,0.0 9.93828,45.14527,0.0 9.93828,45.14527,0.0 9.93828,45.14527,0.0 9.93828,45.14527,0.0 9.93827,45.14527,0.0 9.93827,45.14527,0.0 9.93827,45.14527,0.0 9.93827,45.14527,0.0 9.93828,45.14527,0.0 9.93829,45.14527,0.0 9.9383,45.14528,0.0 9.9383,45.14528,0.0 9.9383,45.14528,0.0 9.93829,45.14528,0.0 9.93829,45.14528,0.0 9.93829,45.14529,0.0 9.9383,45.14529,0.0 9.93829,45.14529,0.0 9.93829,45.14529,0.0 9.93829,45.14529,0.0 9.93829,45.14529,0.0 9.93829,45.14529,0.0 9.93828,45.1453,0.0 9.93828,45.1453,0.0 9.93828,45.1453,0.0 9.93827,45.14529,0.0 9.93827,45.14529,0.0 9.93827,45.14529,0.0 9.93826,45.14529,0.0 9.93826,45.14529,0.0 9.93826,45.14529,0.0 9.93826,45.14529,0.0 9.93826,45.14528,0.0 9.93826,45.14528,0.0 9.93826,45.14528,0.0 9.93826,45.14528,0.0 9.93827,45.14528,0.0 9.93827,45.14528,0.0 9.9383,45.14528,0.0 9.93831,45.14527,0.0 9.93832,45.14527,0.0 9.93833,45.14527,0.0 9.93833,45.14527,0.0 9.93835,45.14527,0.0 9.93836,45.14527,0.0 9.93837,45.14526,0.0 9.93838,45.14526,0.0 9.93838,45.14526,0.0 9.93839,45.14526,0.0 9.9384,45.14526,0.0 9.93841,45.14526,0.0 9.93841,45.14526,0.0 9.93841,45.14526,0.0 9.93841,45.14526,0.0 9.93841,45.14526,0.0 9.93841,45.14526,0.0</coordinates>
                    </LineString>
                </Placemark>
                <Placemark id="1034">
                    <name>Rota 23:35</name>
                    <styleUrl>#2</styleUrl>
                    <LineString id="1033">
                        <altitudeMode>clampToGround</altitudeMode>
                        <coordinates>9.93841,45.14526,0.0 9.93841,45.14526,0.0 9.93841,45.14526,0.0 9.93841,45.14525,0.0 9.93841,45.14525,0.0 9.93842,45.14525,0.0 9.93842,45.14525,0.0 9.93842,45.14525,0.0 9.93842,45.14524,0.0 9.93842,45.14524,0.0 9.93841,45.14524,0.0 9.93841,45.14524,0.0 9.93841,45.14523,0.0 9.93841,45.14523,0.0 9.93841,45.14524,0.0 9.93841,45.14524,0.0 9.93841,45.14524,0.0 9.93841,45.14524,0.0 9.93841,45.14524,0.0 9.9384,45.14524,0.0 9.9384,45.14524,0.0 9.93841,45.14524,0.0 9.93841,45.14524,0.0 9.93841,45.14524,0.0 9.93841,45.14524,0.0 9.93841,45.14524,0.0 9.93841,45.14524,0.0 9.93841,45.14523,0.0 9.93841,45.14523,0.0 9.93841,45.14523,0.0 9.93841,45.14523,0.0 9.93842,45.14522,0.0 9.93842,45.14522,0.0 9.93842,45.14522,0.0 9.93843,45.14522,0.0 9.93843,45.14522,0.0 9.93843,45.14522,0.0 9.93843,45.14522,0.0 9.93844,45.14521,0.0 9.93844,45.14521,0.0 9.93845,45.14521,0.0 9.93846,45.14521,0.0 9.93846,45.14521,0.0 9.93846,45.14521,0.0 9.93846,45.14522,0.0 9.93847,45.14522,0.0 9.93847,45.14522,0.0 9.93847,45.14522,0.0 9.93847,45.14523,0.0 9.93847,45.14523,0.0 9.93848,45.14523,0.0 9.93848,45.14524,0.0 9.93848,45.14524,0.0 9.93848,45.14524,0.0 9.93848,45.14524,0.0 9.93848,45.14524,0.0 9.93848,45.14525,0.0 9.93848,45.14525,0.0 9.93848,45.14525,0.0 9.93848,45.14525,0.0 9.93848,45.14525,0.0</coordinates>
                    </LineString>
                </Placemark>
                <Placemark id="1036">
                    <name>Rota 23:36</name>
                    <styleUrl>#2</styleUrl>
                    <LineString id="1035">
                        <altitudeMode>clampToGround</altitudeMode>
                        <coordinates>9.93848,45.14525,0.0 9.93848,45.14525,0.0 9.93848,45.14525,0.0 9.93848,45.14526,0.0 9.93848,45.14526,0.0 9.93848,45.14526,0.0 9.93848,45.14526,0.0 9.93848,45.14526,0.0 9.93848,45.14526,0.0 9.93848,45.14526,0.0 9.93848,45.14526,0.0 9.93848,45.14526,0.0 9.93848,45.14526,0.0 9.93848,45.14526,0.0 9.93848,45.14526,0.0 9.93848,45.14526,0.0 9.93848,45.14526,0.0 9.93848,45.14526,0.0 9.93848,45.14526,0.0 9.93848,45.14526,0.0 9.93848,45.14526,0.0 9.93848,45.14526,0.0 9.93848,45.14526,0.0 9.93848,45.14526,0.0 9.93848,45.14526,0.0 9.93848,45.14526,0.0 9.93848,45.14526,0.0 9.93848,45.14526,0.0 9.93848,45.14526,0.0 9.93848,45.14526,0.0 9.93848,45.14526,0.0 9.93848,45.14526,0.0 9.93848,45.14526,0.0 9.93848,45.14526,0.0 9.93848,45.14525,0.0 9.93848,45.14525,0.0 9.93848,45.14525,0.0 9.93848,45.14525,0.0 9.93848,45.14525,0.0 9.93848,45.14525,0.0 9.93848,45.14525,0.0 9.93848,45.14525,0.0 9.93848,45.14525,0.0 9.93848,45.14524,0.0 9.93848,45.14524,0.0 9.93848,45.14524,0.0 9.93848,45.14524,0.0 9.93849,45.14524,0.0 9.93849,45.14524,0.0 9.93849,45.14524,0.0 9.93849,45.14524,0.0 9.93849,45.14524,0.0 9.93849,45.14524,0.0 9.93849,45.14524,0.0 9.93849,45.14524,0.0 9.93849,45.14524,0.0 9.93849,45.14523,0.0 9.93848,45.14523,0.0 9.93848,45.14523,0.0 9.93848,45.14523,0.0 9.93848,45.14523,0.0</coordinates>
                    </LineString>
                </Placemark>
                <Placemark id="1038">
                    <name>Rota 23:37</name>
                    <styleUrl>#2</styleUrl>
                    <LineString id="1037">
                        <altitudeMode>clampToGround</altitudeMode>
                        <coordinates>9.93848,45.14523,0.0 9.93848,45.14523,0.0 9.93848,45.14523,0.0 9.93848,45.14523,0.0 9.93848,45.14523,0.0 9.93848,45.14523,0.0 9.93848,45.14523,0.0 9.93848,45.14523,0.0 9.93847,45.14523,0.0 9.93847,45.14523,0.0 9.93847,45.14523,0.0 9.93846,45.14523,0.0 9.93846,45.14523,0.0 9.93846,45.14523,0.0 9.93845,45.14523,0.0 9.93845,45.14523,0.0 9.93844,45.14523,0.0 9.93844,45.14524,0.0 9.93844,45.14524,0.0 9.93844,45.14524,0.0 9.93844,45.14523,0.0 9.93844,45.14523,0.0 9.93843,45.14523,0.0 9.93844,45.14523,0.0 9.93844,45.14523,0.0 9.93843,45.14523,0.0 9.93843,45.14523,0.0 9.93843,45.14522,0.0 9.93842,45.14522,0.0 9.93842,45.14522,0.0 9.93842,45.14522,0.0 9.93842,45.14522,0.0 9.93842,45.14522,0.0 9.93842,45.14522,0.0 9.93841,45.14522,0.0 9.93841,45.14522,0.0 9.93841,45.14521,0.0 9.93841,45.14521,0.0 9.93841,45.14521,0.0 9.93841,45.14521,0.0 9.93841,45.14521,0.0 9.93841,45.14521,0.0 9.93841,45.14521,0.0 9.93841,45.14521,0.0 9.93841,45.14521,0.0 9.93841,45.14521,0.0 9.93841,45.14521,0.0 9.9384,45.14521,0.0 9.93838,45.14521,0.0 9.93838,45.14521,0.0 9.93837,45.14521,0.0 9.93836,45.14522,0.0 9.93836,45.14522,0.0 9.93835,45.14522,0.0 9.93834,45.14522,0.0 9.93834,45.14522,0.0 9.93834,45.14522,0.0 9.93834,45.14522,0.0 9.93833,45.14522,0.0 9.93833,45.14523,0.0 9.93833,45.14523,0.0</coordinates>
                    </LineString>
                </Placemark>
                <Placemark id="1040">
                    <name>Rota 23:38</name>
                    <styleUrl>#2</styleUrl>
                    <LineString id="1039">
                        <altitudeMode>clampToGround</altitudeMode>
                        <coordinates>9.93833,45.14523,0.0 9.93833,45.14524,0.0 9.93834,45.14524,0.0 9.93834,45.14524,0.0 9.93834,45.14524,0.0 9.93835,45.14524,0.0 9.93835,45.14524,0.0 9.93835,45.14523,0.0 9.93835,45.14524,0.0 9.93835,45.14524,0.0 9.93835,45.14523,0.0 9.93835,45.14523,0.0 9.93836,45.14523,0.0 9.93836,45.14523,0.0 9.93837,45.14523,0.0 9.93837,45.14523,0.0 9.93838,45.14523,0.0 9.9384,45.14523,0.0 9.9384,45.14523,0.0 9.93841,45.14523,0.0 9.93842,45.14523,0.0 9.93842,45.14523,0.0 9.93843,45.14523,0.0 9.93843,45.14523,0.0 9.93843,45.14523,0.0 9.93843,45.14523,0.0 9.93843,45.14523,0.0 9.93843,45.14523,0.0 9.93843,45.14523,0.0 9.93843,45.14523,0.0 9.93843,45.14523,0.0 9.93843,45.14523,0.0 9.93843,45.14523,0.0 9.93843,45.14523,0.0 9.93844,45.14523,0.0 9.93844,45.14523,0.0 9.93843,45.14523,0.0 9.93843,45.14523,0.0 9.93843,45.14523,0.0 9.93843,45.14523,0.0 9.93843,45.14524,0.0 9.93843,45.14524,0.0 9.93843,45.14524,0.0 9.93843,45.14524,0.0 9.93843,45.14524,0.0 9.93843,45.14524,0.0 9.93843,45.14524,0.0 9.93843,45.14525,0.0 9.93842,45.14525,0.0 9.93842,45.14525,0.0 9.93842,45.14525,0.0 9.93842,45.14524,0.0 9.93842,45.14524,0.0 9.93842,45.14524,0.0 9.93842,45.14523,0.0 9.93842,45.14523,0.0 9.93841,45.14523,0.0 9.93841,45.14523,0.0 9.93841,45.14523,0.0 9.93841,45.14523,0.0 9.93841,45.14523,0.0</coordinates>
                    </LineString>
                </Placemark>
                <Placemark id="1042">
                    <name>Rota 23:39</name>
                    <styleUrl>#2</styleUrl>
                    <LineString id="1041">
                        <altitudeMode>clampToGround</altitudeMode>
                        <coordinates>9.93841,45.14523,0.0 9.93841,45.14523,0.0 9.93841,45.14523,0.0 9.93841,45.14523,0.0 9.93842,45.14523,0.0 9.93842,45.14523,0.0 9.93842,45.14523,0.0 9.93842,45.14523,0.0 9.93842,45.14523,0.0 9.93843,45.14522,0.0 9.93844,45.14522,0.0 9.93844,45.14522,0.0 9.93845,45.14522,0.0 9.93845,45.14522,0.0 9.93845,45.14522,0.0 9.93846,45.14522,0.0 9.93847,45.14522,0.0 9.93847,45.14522,0.0 9.93847,45.14522,0.0 9.93848,45.14523,0.0 9.93848,45.14523,0.0 9.93848,45.14523,0.0 9.93848,45.14524,0.0 9.93849,45.14524,0.0 9.93849,45.14524,0.0 9.93849,45.14524,0.0 9.93849,45.14524,0.0 9.9385,45.14524,0.0 9.9385,45.14524,0.0 9.93851,45.14525,0.0 9.93851,45.14525,0.0 9.93851,45.14525,0.0 9.93851,45.14525,0.0 9.93851,45.14525,0.0 9.93852,45.14525,0.0 9.93852,45.14525,0.0 9.93852,45.14525,0.0 9.93852,45.14525,0.0 9.93852,45.14525,0.0 9.93852,45.14525,0.0 9.93853,45.14525,0.0 9.93853,45.14525,0.0 9.93853,45.14526,0.0 9.93853,45.14526,0.0 9.93853,45.14526,0.0 9.93854,45.14525,0.0 9.93854,45.14525,0.0 9.93854,45.14525,0.0 9.93854,45.14525,0.0 9.93854,45.14525,0.0 9.93853,45.14525,0.0 9.93853,45.14525,0.0 9.93853,45.14525,0.0 9.93853,45.14525,0.0 9.93853,45.14525,0.0 9.93853,45.14525,0.0 9.93853,45.14525,0.0 9.93853,45.14525,0.0 9.93853,45.14524,0.0 9.93853,45.14524,0.0 9.93853,45.14524,0.0</coordinates>
                    </LineString>
                </Placemark>
            </Folder>
            <Folder id="1043">
                <name>23:40 – 23:49</name>
                <Placemark id="1045">
                    <name>Rota 23:40</name>
                    <styleUrl>#2</styleUrl>
                    <LineString id="1044">
                        <altitudeMode>clampToGround</altitudeMode>
                        <coordinates>9.93853,45.14524,0.0 9.93853,45.14524,0.0 9.93853,45.14523,0.0 9.93853,45.14523,0.0 9.93853,45.14523,0.0 9.93852,45.14522,0.0 9.93852,45.14522,0.0 9.93852,45.14522,0.0 9.93852,45.14522,0.0 9.93852,45.14522,0.0 9.93852,45.14521,0.0 9.93852,45.14521,0.0 9.93852,45.14521,0.0 9.93853,45.14521,0.0 9.93853,45.14521,0.0 9.93853,45.14521,0.0 9.93853,45.14521,0.0 9.93853,45.14521,0.0 9.93853,45.14521,0.0 9.93853,45.14521,0.0 9.93854,45.14521,0.0 9.93854,45.14521,0.0 9.93854,45.14521,0.0 9.93854,45.14521,0.0 9.93854,45.14521,0.0 9.93855,45.14521,0.0 9.93855,45.14521,0.0 9.93855,45.14521,0.0 9.93855,45.14521,0.0 9.93855,45.14521,0.0 9.93855,45.14521,0.0 9.93856,45.1452,0.0 9.93856,45.1452,0.0 9.93856,45.1452,0.0 9.93856,45.1452,0.0 9.93856,45.1452,0.0 9.93856,45.1452,0.0 9.93856,45.1452,0.0 9.93856,45.1452,0.0 9.93856,45.1452,0.0 9.93856,45.1452,0.0 9.93856,45.1452,0.0 9.93856,45.1452,0.0 9.93856,45.1452,0.0 9.93856,45.1452,0.0 9.93856,45.1452,0.0 9.93856,45.1452,0.0 9.93856,45.1452,0.0 9.93856,45.1452,0.0 9.93855,45.1452,0.0 9.93855,45.1452,0.0 9.93855,45.1452,0.0 9.93855,45.1452,0.0 9.93855,45.1452,0.0 9.93855,45.1452,0.0 9.93855,45.1452,0.0 9.93854,45.1452,0.0 9.93854,45.1452,0.0 9.93854,45.1452,0.0 9.93854,45.1452,0.0 9.93854,45.1452,0.0</coordinates>
                    </LineString>
                </Placemark>
                <Placemark id="1047">
                    <name>Rota 23:41</name>
                    <styleUrl>#2</styleUrl>
                    <LineString id="1046">
                        <altitudeMode>clampToGround</altitudeMode>
                        <coordinates>9.93854,45.1452,0.0 9.93854,45.1452,0.0 9.93854,45.1452,0.0 9.93854,45.1452,0.0 9.93853,45.1452,0.0 9.93853,45.1452,0.0 9.93853,45.1452,0.0 9.93853,45.1452,0.0 9.93853,45.1452,0.0 9.93853,45.1452,0.0 9.93853,45.14521,0.0 9.93853,45.14521,0.0 9.93853,45.14521,0.0 9.93853,45.14521,0.0 9.93853,45.14521,0.0 9.93854,45.14521,0.0 9.93854,45.14521,0.0 9.93854,45.14521,0.0 9.93854,45.14521,0.0 9.93854,45.14522,0.0 9.93854,45.14522,0.0 9.93854,45.14522,0.0 9.93854,45.14522,0.0 9.93854,45.14523,0.0 9.93854,45.14523,0.0 9.93854,45.14523,0.0 9.93854,45.14523,0.0 9.93854,45.14524,0.0 9.93855,45.14524,0.0 9.93855,45.14524,0.0 9.93855,45.14525,0.0 9.93856,45.14525,0.0 9.93856,45.14525,0.0 9.93856,45.14525,0.0 9.93856,45.14525,0.0 9.93856,45.14526,0.0 9.93856,45.14526,0.0 9.93856,45.14526,0.0 9.93856,45.14527,0.0 9.93856,45.14527,0.0 9.93856,45.14528,0.0 9.93856,45.14528,0.0 9.93856,45.14528,0.0 9.93856,45.14529,0.0 9.93856,45.14529,0.0 9.93856,45.1453,0.0 9.93855,45.1453,0.0 9.93855,45.1453,0.0 9.93855,45.14531,0.0 9.93855,45.14531,0.0 9.93855,45.14531,0.0 9.93855,45.14531,0.0 9.93855,45.14531,0.0 9.93855,45.14532,0.0 9.93855,45.14532,0.0 9.93855,45.14532,0.0 9.93855,45.14532,0.0 9.93855,45.14532,0.0 9.93854,45.14533,0.0 9.93854,45.14533,0.0 9.93854,45.14533,0.0</coordinates>
                    </LineString>
                </Placemark>
                <Placemark id="1049">
                    <name>Rota 23:42</name>
                    <styleUrl>#2</styleUrl>
                    <LineString id="1048">
                        <altitudeMode>clampToGround</altitudeMode>
                        <coordinates>9.93854,45.14533,0.0 9.93854,45.14533,0.0 9.93854,45.14533,0.0 9.93854,45.14533,0.0 9.93854,45.14533,0.0 9.93854,45.14534,0.0 9.93854,45.14534,0.0 9.93854,45.14534,0.0 9.93854,45.14534,0.0 9.93854,45.14534,0.0 9.93854,45.14534,0.0 9.93854,45.14534,0.0 9.93854,45.14534,0.0 9.93854,45.14534,0.0 9.93854,45.14534,0.0 9.93854,45.14534,0.0 9.93854,45.14534,0.0 9.93854,45.14534,0.0 9.93854,45.14534,0.0 9.93854,45.14534,0.0 9.93854,45.14534,0.0 9.93854,45.14534,0.0 9.93854,45.14534,0.0 9.93854,45.14534,0.0 9.93854,45.14534,0.0 9.93854,45.14533,0.0 9.93854,45.14533,0.0 9.93854,45.14533,0.0 9.93854,45.14533,0.0 9.93854,45.14533,0.0 9.93854,45.14533,0.0 9.93854,45.14533,0.0 9.93854,45.14533,0.0 9.93854,45.14533,0.0 9.93854,45.14533,0.0 9.93854,45.14533,0.0 9.93854,45.14533,0.0 9.93854,45.14533,0.0 9.93853,45.14533,0.0 9.93853,45.14533,0.0 9.93853,45.14533,0.0 9.93853,45.14533,0.0 9.93852,45.14533,0.0 9.93852,45.14533,0.0 9.93851,45.14532,0.0 9.93851,45.14532,0.0 9.93851,45.14532,0.0 9.93851,45.14532,0.0 9.9385,45.14532,0.0 9.9385,45.14532,0.0 9.9385,45.14532,0.0 9.93849,45.14532,0.0 9.93849,45.14532,0.0 9.93849,45.14532,0.0 9.93848,45.14532,0.0 9.93848,45.14532,0.0 9.93848,45.14532,0.0 9.93848,45.14533,0.0 9.93847,45.14532,0.0 9.93847,45.14532,0.0 9.93847,45.14532,0.0</coordinates>
                    </LineString>
                </Placemark>
                <Placemark id="1051">
                    <name>Rota 23:43</name>
                    <styleUrl>#2</styleUrl>
                    <LineString id="1050">
                        <altitudeMode>clampToGround</altitudeMode>
                        <coordinates>9.93847,45.14532,0.0 9.93847,45.14532,0.0 9.93846,45.14532,0.0 9.93846,45.14532,0.0 9.93846,45.14532,0.0 9.93846,45.14532,0.0 9.93845,45.14532,0.0 9.93845,45.14532,0.0 9.93845,45.14532,0.0 9.93845,45.14532,0.0 9.93845,45.14532,0.0 9.93844,45.14532,0.0 9.93844,45.14532,0.0 9.93844,45.14532,0.0 9.93844,45.14532,0.0 9.93844,45.14532,0.0 9.93844,45.14532,0.0 9.93844,45.14532,0.0 9.93844,45.14532,0.0 9.93844,45.14532,0.0 9.93844,45.14532,0.0 9.93844,45.14532,0.0 9.93844,45.14532,0.0 9.93844,45.14532,0.0 9.93844,45.14532,0.0 9.93844,45.14533,0.0 9.93844,45.14533,0.0 9.93844,45.14533,0.0 9.93844,45.14533,0.0 9.93844,45.14533,0.0 9.93844,45.14533,0.0 9.93844,45.14533,0.0 9.93844,45.14533,0.0 9.93844,45.14532,0.0 9.93844,45.14532,0.0 9.93844,45.14532,0.0 9.93844,45.14532,0.0 9.93844,45.14532,0.0 9.93844,45.14532,0.0 9.93843,45.14532,0.0 9.93843,45.14532,0.0 9.93843,45.14532,0.0 9.93843,45.14532,0.0 9.93843,45.14532,0.0 9.93843,45.14532,0.0 9.93843,45.14531,0.0 9.93843,45.14531,0.0 9.93842,45.14531,0.0 9.93842,45.14531,0.0 9.93842,45.14531,0.0 9.93842,45.14531,0.0 9.93841,45.1453,0.0 9.93841,45.1453,0.0 9.93841,45.1453,0.0 9.93841,45.1453,0.0 9.93841,45.1453,0.0 9.93841,45.1453,0.0 9.93841,45.1453,0.0 9.93841,45.1453,0.0 9.93841,45.1453,0.0 9.93841,45.1453,0.0</coordinates>
                    </LineString>
                </Placemark>
                <Placemark id="1053">
                    <name>Rota 23:44</name>
                    <styleUrl>#2</styleUrl>
                    <LineString id="1052">
                        <altitudeMode>clampToGround</altitudeMode>
                        <coordinates>9.93841,45.1453,0.0 9.93842,45.1453,0.0 9.93842,45.1453,0.0 9.93842,45.1453,0.0 9.93843,45.1453,0.0 9.93843,45.1453,0.0 9.93843,45.1453,0.0 9.93843,45.1453,0.0 9.93843,45.1453,0.0 9.93843,45.1453,0.0 9.93843,45.1453,0.0 9.93843,45.1453,0.0 9.93843,45.1453,0.0 9.93843,45.1453,0.0 9.93843,45.1453,0.0 9.93844,45.1453,0.0 9.93844,45.1453,0.0 9.93844,45.1453,0.0 9.93844,45.1453,0.0 9.93843,45.1453,0.0 9.93843,45.1453,0.0 9.93843,45.1453,0.0 9.93843,45.1453,0.0 9.93843,45.1453,0.0 9.93843,45.1453,0.0 9.93843,45.1453,0.0 9.93843,45.1453,0.0 9.93843,45.14529,0.0 9.93843,45.14529,0.0 9.93843,45.14529,0.0 9.93843,45.14529,0.0 9.93843,45.14529,0.0 9.93843,45.14529,0.0 9.93843,45.14529,0.0 9.93843,45.14528,0.0 9.93843,45.14528,0.0 9.93844,45.14528,0.0 9.93844,45.14528,0.0 9.93844,45.14528,0.0 9.93844,45.14528,0.0 9.93844,45.14528,0.0 9.93844,45.14528,0.0 9.93845,45.14528,0.0 9.93845,45.14528,0.0 9.93845,45.14528,0.0 9.93845,45.14528,0.0 9.93845,45.14528,0.0 9.93845,45.14528,0.0 9.93845,45.14527,0.0 9.93846,45.14527,0.0 9.93846,45.14527,0.0 9.93846,45.14527,0.0 9.93846,45.14527,0.0 9.93846,45.14527,0.0 9.93846,45.14527,0.0 9.93846,45.14526,0.0 9.93846,45.14526,0.0 9.93846,45.14526,0.0 9.93846,45.14526,0.0 9.93846,45.14526,0.0 9.93846,45.14526,0.0</coordinates>
                    </LineString>
                </Placemark>
                <Placemark id="1055">
                    <name>Rota 23:45</name>
                    <styleUrl>#2</styleUrl>
                    <LineString id="1054">
                        <altitudeMode>clampToGround</altitudeMode>
                        <coordinates>9.93846,45.14526,0.0 9.93846,45.14526,0.0 9.93846,45.14526,0.0 9.93846,45.14527,0.0 9.93846,45.14527,0.0 9.93846,45.14527,0.0 9.93846,45.14527,0.0 9.93846,45.14527,0.0 9.93846,45.14526,0.0 9.93846,45.14526,0.0 9.93846,45.14526,0.0 9.93846,45.14526,0.0 9.93846,45.14526,0.0 9.93846,45.14526,0.0 9.93846,45.14526,0.0 9.93845,45.14526,0.0 9.93845,45.14526,0.0 9.93845,45.14525,0.0 9.93845,45.14525,0.0 9.93845,45.14525,0.0 9.93845,45.14525,0.0 9.93845,45.14525,0.0 9.93845,45.14525,0.0 9.93845,45.14525,0.0 9.93845,45.14525,0.0 9.93845,45.14525,0.0 9.93845,45.14525,0.0 9.93845,45.14525,0.0 9.93845,45.14525,0.0 9.93845,45.14525,0.0 9.93845,45.14525,0.0 9.93846,45.14524,0.0 9.93846,45.14524,0.0 9.93846,45.14524,0.0 9.93846,45.14524,0.0 9.93846,45.14524,0.0 9.93846,45.14524,0.0 9.93846,45.14524,0.0 9.93846,45.14524,0.0 9.93846,45.14524,0.0 9.93846,45.14524,0.0 9.93845,45.14525,0.0 9.93845,45.14525,0.0 9.93845,45.14525,0.0 9.93845,45.14525,0.0 9.93845,45.14525,0.0 9.93845,45.14525,0.0 9.93845,45.14525,0.0 9.93845,45.14525,0.0 9.93845,45.14525,0.0 9.93845,45.14525,0.0 9.93845,45.14526,0.0 9.93845,45.14526,0.0 9.93845,45.14527,0.0 9.93845,45.14527,0.0 9.93845,45.14527,0.0 9.93845,45.14527,0.0 9.93845,45.14527,0.0 9.93845,45.14527,0.0 9.93845,45.14528,0.0 9.93845,45.14528,0.0</coordinates>
                    </LineString>
                </Placemark>
                <Placemark id="1057">
                    <name>Rota 23:46</name>
                    <styleUrl>#2</styleUrl>
                    <LineString id="1056">
                        <altitudeMode>clampToGround</altitudeMode>
                        <coordinates>9.93845,45.14528,0.0 9.93845,45.14528,0.0 9.93845,45.14528,0.0 9.93845,45.14527,0.0 9.93845,45.14527,0.0 9.93845,45.14527,0.0 9.93845,45.14527,0.0 9.93845,45.14527,0.0 9.93845,45.14527,0.0 9.93844,45.14527,0.0 9.93844,45.14527,0.0 9.93844,45.14527,0.0 9.93844,45.14527,0.0 9.93844,45.14527,0.0 9.93844,45.14527,0.0 9.93844,45.14527,0.0 9.93844,45.14526,0.0 9.93844,45.14526,0.0 9.93844,45.14526,0.0 9.93844,45.14527,0.0 9.93844,45.14527,0.0 9.93844,45.14527,0.0 9.93844,45.14527,0.0 9.93844,45.14527,0.0 9.93844,45.14527,0.0 9.93844,45.14527,0.0 9.93844,45.14527,0.0 9.93844,45.14528,0.0 9.93844,45.14528,0.0 9.93844,45.14528,0.0 9.93844,45.14528,0.0 9.93844,45.14528,0.0 9.93844,45.14528,0.0 9.93844,45.14529,0.0 9.93844,45.14529,0.0 9.93844,45.14529,0.0 9.93844,45.14529,0.0 9.93844,45.14529,0.0 9.93844,45.14529,0.0 9.93844,45.14529,0.0 9.93844,45.14529,0.0 9.93844,45.14529,0.0 9.93844,45.14529,0.0 9.93844,45.14529,0.0 9.93844,45.14529,0.0 9.93844,45.14529,0.0 9.93844,45.14529,0.0 9.93844,45.14529,0.0 9.93844,45.14529,0.0 9.93844,45.14529,0.0 9.93844,45.14529,0.0 9.93844,45.14529,0.0 9.93844,45.14529,0.0 9.93844,45.14529,0.0 9.93844,45.14529,0.0 9.93844,45.14529,0.0 9.93844,45.14529,0.0 9.93843,45.14529,0.0 9.93843,45.14529,0.0 9.93844,45.14529,0.0 9.93844,45.14529,0.0</coordinates>
                    </LineString>
                </Placemark>
                <Placemark id="1059">
                    <name>Rota 23:47</name>
                    <styleUrl>#2</styleUrl>
                    <LineString id="1058">
                        <altitudeMode>clampToGround</altitudeMode>
                        <coordinates>9.93844,45.14529,0.0 9.93843,45.14529,0.0 9.93843,45.14529,0.0 9.93843,45.14529,0.0 9.93843,45.14529,0.0 9.93843,45.14529,0.0 9.93843,45.14529,0.0 9.93843,45.14529,0.0 9.93843,45.14529,0.0 9.93843,45.14529,0.0 9.93843,45.14529,0.0 9.93843,45.14529,0.0 9.93843,45.14529,0.0 9.93843,45.14529,0.0 9.93844,45.14529,0.0 9.93844,45.14529,0.0 9.93844,45.14529,0.0 9.93844,45.14529,0.0 9.93844,45.1453,0.0 9.93844,45.1453,0.0 9.93845,45.1453,0.0 9.93845,45.1453,0.0 9.93845,45.1453,0.0 9.93845,45.1453,0.0 9.93845,45.1453,0.0 9.93845,45.1453,0.0 9.93845,45.14529,0.0 9.93846,45.14529,0.0 9.93846,45.14529,0.0 9.93846,45.14529,0.0 9.93846,45.14529,0.0 9.93846,45.1453,0.0 9.93846,45.1453,0.0 9.93846,45.14529,0.0 9.93847,45.14529,0.0 9.93847,45.1453,0.0 9.93846,45.1453,0.0 9.93846,45.1453,0.0 9.93846,45.1453,0.0 9.93846,45.1453,0.0 9.93846,45.1453,0.0 9.93846,45.1453,0.0 9.93846,45.1453,0.0 9.93845,45.1453,0.0 9.93845,45.1453,0.0 9.93845,45.1453,0.0 9.93845,45.1453,0.0 9.93845,45.14529,0.0 9.93845,45.14529,0.0 9.93845,45.14529,0.0 9.93845,45.14529,0.0 9.93845,45.14529,0.0 9.93845,45.14529,0.0 9.93845,45.14529,0.0 9.93845,45.14529,0.0 9.93845,45.14529,0.0 9.93845,45.14529,0.0 9.93845,45.14529,0.0 9.93845,45.14529,0.0 9.93845,45.14529,0.0 9.93845,45.14529,0.0</coordinates>
                    </LineString>
                </Placemark>
                <Placemark id="1061">
                    <name>Rota 23:48</name>
                    <styleUrl>#2</styleUrl>
                    <LineString id="1060">
                        <altitudeMode>clampToGround</altitudeMode>
                        <coordinates>9.93845,45.14529,0.0 9.93845,45.14529,0.0 9.93844,45.14529,0.0 9.93844,45.14529,0.0 9.93844,45.14528,0.0 9.93843,45.14528,0.0 9.93844,45.14528,0.0 9.93844,45.14528,0.0 9.93844,45.14528,0.0 9.93844,45.14528,0.0 9.93844,45.14528,0.0 9.93844,45.14528,0.0 9.93844,45.14528,0.0 9.93844,45.14528,0.0 9.93844,45.14528,0.0 9.93845,45.14527,0.0 9.93846,45.14527,0.0 9.93846,45.14527,0.0 9.93847,45.14527,0.0 9.93848,45.14526,0.0 9.93848,45.14526,0.0 9.93848,45.14526,0.0 9.93849,45.14525,0.0 9.9385,45.14525,0.0 9.9385,45.14525,0.0 9.93851,45.14525,0.0 9.93851,45.14525,0.0 9.93851,45.14525,0.0 9.93851,45.14525,0.0 9.93852,45.14525,0.0 9.93853,45.14525,0.0 9.93853,45.14525,0.0 9.93853,45.14525,0.0 9.93853,45.14525,0.0 9.93853,45.14525,0.0 9.93853,45.14525,0.0 9.93853,45.14526,0.0 9.93853,45.14526,0.0 9.93852,45.14526,0.0 9.93852,45.14526,0.0 9.93852,45.14526,0.0 9.93851,45.14526,0.0 9.93851,45.14526,0.0 9.9385,45.14526,0.0 9.9385,45.14526,0.0 9.93849,45.14526,0.0 9.93849,45.14526,0.0 9.93849,45.14526,0.0 9.9385,45.14526,0.0 9.9385,45.14526,0.0 9.9385,45.14525,0.0 9.9385,45.14525,0.0 9.93851,45.14525,0.0 9.93851,45.14525,0.0 9.9385,45.14525,0.0 9.9385,45.14525,0.0 9.93851,45.14525,0.0 9.93851,45.14525,0.0 9.93852,45.14525,0.0 9.93852,45.14525,0.0 9.93852,45.14525,0.0</coordinates>
                    </LineString>
                </Placemark>
                <Placemark id="1063">
                    <name>Rota 23:49</name>
                    <styleUrl>#2</styleUrl>
                    <LineString id="1062">
                        <altitudeMode>clampToGround</altitudeMode>
                        <coordinates>9.93852,45.14525,0.0 9.93852,45.14526,0.0 9.93851,45.14526,0.0 9.93851,45.14527,0.0 9.93851,45.14527,0.0 9.93851,45.14527,0.0 9.9385,45.14527,0.0 9.93849,45.14526,0.0 9.93849,45.14526,0.0 9.93849,45.14527,0.0 9.93849,45.14526,0.0 9.93849,45.14526,0.0 9.9385,45.14526,0.0 9.9385,45.14526,0.0 9.9385,45.14525,0.0 9.9385,45.14525,0.0 9.93851,45.14525,0.0 9.93851,45.14525,0.0 9.93851,45.14525,0.0 9.93851,45.14525,0.0 9.93851,45.14524,0.0 9.93851,45.14524,0.0 9.93852,45.14524,0.0 9.93852,45.14524,0.0 9.93853,45.14524,0.0 9.93854,45.14524,0.0 9.93854,45.14525,0.0 9.93853,45.14525,0.0 9.93853,45.14525,0.0 9.93853,45.14525,0.0 9.93852,45.14526,0.0 9.93852,45.14526,0.0 9.93852,45.14526,0.0 9.93852,45.14526,0.0 9.93852,45.14526,0.0 9.93851,45.14526,0.0 9.93851,45.14526,0.0 9.9385,45.14525,0.0 9.93849,45.14525,0.0 9.93849,45.14525,0.0 9.93849,45.14525,0.0 9.93849,45.14525,0.0 9.9385,45.14525,0.0 9.9385,45.14524,0.0 9.9385,45.14524,0.0 9.93851,45.14523,0.0 9.93851,45.14523,0.0 9.93851,45.14523,0.0 9.93851,45.14523,0.0 9.93852,45.14522,0.0 9.93852,45.14522,0.0 9.93852,45.14522,0.0 9.93853,45.14522,0.0 9.93853,45.14522,0.0 9.93854,45.14522,0.0 9.93854,45.14522,0.0 9.93855,45.14522,0.0 9.93855,45.14522,0.0 9.93855,45.14523,0.0 9.93855,45.14524,0.0 9.93855,45.14524,0.0</coordinates>
                    </LineString>
                </Placemark>
            </Folder>
            <Folder id="1064">
                <name>23:50 – 23:59</name>
                <Placemark id="1066">
                    <name>Rota 23:50</name>
                    <styleUrl>#2</styleUrl>
                    <LineString id="1065">
                        <altitudeMode>clampToGround</altitudeMode>
                        <coordinates>9.93855,45.14524,0.0 9.93854,45.14524,0.0 9.93854,45.14524,0.0 9.93854,45.14524,0.0 9.93853,45.14524,0.0 9.93852,45.14524,0.0 9.93851,45.14524,0.0 9.93851,45.14524,0.0 9.9385,45.14524,0.0 9.9385,45.14524,0.0 9.9385,45.14524,0.0 9.93851,45.14523,0.0 9.93851,45.14523,0.0 9.93851,45.14522,0.0 9.93851,45.14522,0.0 9.93852,45.14522,0.0 9.93852,45.14522,0.0 9.93852,45.14522,0.0 9.93852,45.14521,0.0 9.93852,45.14521,0.0 9.93852,45.14521,0.0 9.93852,45.1452,0.0 9.93852,45.1452,0.0 9.93852,45.1452,0.0 9.93853,45.1452,0.0 9.93853,45.1452,0.0 9.93853,45.1452,0.0 9.93854,45.14521,0.0 9.93854,45.14521,0.0 9.93854,45.14521,0.0 9.93854,45.14522,0.0 9.93854,45.14522,0.0 9.93853,45.14523,0.0 9.93853,45.14523,0.0 9.93853,45.14523,0.0 9.93853,45.14523,0.0 9.93852,45.14523,0.0 9.9385,45.14523,0.0 9.9385,45.14523,0.0 9.9385,45.14523,0.0 9.9385,45.14523,0.0 9.9385,45.14523,0.0 9.9385,45.14522,0.0 9.9385,45.14522,0.0 9.93851,45.14522,0.0 9.93851,45.14522,0.0 9.93851,45.14522,0.0 9.93852,45.14522,0.0 9.93852,45.14522,0.0 9.93852,45.14521,0.0 9.93852,45.14521,0.0 9.93852,45.14521,0.0 9.93853,45.1452,0.0 9.93853,45.1452,0.0 9.93853,45.1452,0.0 9.93853,45.1452,0.0 9.93853,45.1452,0.0 9.93853,45.1452,0.0 9.93854,45.14519,0.0 9.93854,45.14519,0.0 9.93854,45.14519,0.0</coordinates>
                    </LineString>
                </Placemark>
                <Placemark id="1068">
                    <name>Rota 23:51</name>
                    <styleUrl>#2</styleUrl>
                    <LineString id="1067">
                        <altitudeMode>clampToGround</altitudeMode>
                        <coordinates>9.93854,45.14519,0.0 9.93855,45.14521,0.0 9.93854,45.14521,0.0 9.93854,45.14522,0.0 9.93854,45.14522,0.0 9.93853,45.14523,0.0 9.93853,45.14523,0.0 9.93853,45.14523,0.0 9.93853,45.14523,0.0 9.93851,45.14523,0.0 9.9385,45.14523,0.0 9.93849,45.14523,0.0 9.93849,45.14523,0.0 9.93849,45.14523,0.0 9.93849,45.14523,0.0 9.9385,45.14523,0.0 9.9385,45.14523,0.0 9.9385,45.14523,0.0 9.93851,45.14523,0.0 9.93851,45.14523,0.0 9.93851,45.14523,0.0 9.93852,45.14523,0.0 9.93852,45.14523,0.0 9.93853,45.14523,0.0 9.93853,45.14523,0.0 9.93853,45.14523,0.0 9.93854,45.14524,0.0 9.93853,45.14525,0.0 9.93853,45.14525,0.0 9.93853,45.14525,0.0 9.93852,45.14526,0.0 9.93851,45.14526,0.0 9.93851,45.14526,0.0 9.93851,45.14526,0.0 9.9385,45.14526,0.0 9.9385,45.14525,0.0 9.93849,45.14525,0.0 9.93848,45.14525,0.0 9.93848,45.14525,0.0 9.93847,45.14525,0.0 9.93847,45.14525,0.0 9.93848,45.14525,0.0 9.93848,45.14525,0.0 9.93848,45.14525,0.0 9.93848,45.14525,0.0 9.93848,45.14524,0.0 9.93849,45.14524,0.0 9.9385,45.14524,0.0 9.9385,45.14524,0.0 9.93851,45.14524,0.0 9.93851,45.14524,0.0 9.93852,45.14524,0.0 9.93852,45.14525,0.0 9.93852,45.14525,0.0 9.93852,45.14526,0.0 9.93852,45.14526,0.0 9.93851,45.14526,0.0 9.9385,45.14526,0.0 9.9385,45.14526,0.0 9.93849,45.14526,0.0 9.93849,45.14526,0.0</coordinates>
                    </LineString>
                </Placemark>
                <Placemark id="1070">
                    <name>Rota 23:52</name>
                    <styleUrl>#2</styleUrl>
                    <LineString id="1069">
                        <altitudeMode>clampToGround</altitudeMode>
                        <coordinates>9.93849,45.14526,0.0 9.93849,45.14526,0.0 9.93848,45.14525,0.0 9.93848,45.14525,0.0 9.93847,45.14524,0.0 9.93847,45.14524,0.0 9.93847,45.14524,0.0 9.93846,45.14524,0.0 9.93847,45.14524,0.0 9.93847,45.14524,0.0 9.93847,45.14524,0.0 9.93847,45.14524,0.0 9.93847,45.14524,0.0 9.93848,45.14524,0.0 9.93848,45.14524,0.0 9.93848,45.14523,0.0 9.93849,45.14523,0.0 9.93849,45.14523,0.0 9.93849,45.14523,0.0 9.93849,45.14523,0.0 9.9385,45.14524,0.0 9.9385,45.14525,0.0 9.9385,45.14525,0.0 9.9385,45.14525,0.0 9.9385,45.14525,0.0 9.93849,45.14525,0.0 9.93849,45.14525,0.0 9.93849,45.14525,0.0 9.93848,45.14525,0.0 9.93848,45.14525,0.0 9.93848,45.14525,0.0 9.93848,45.14525,0.0 9.93848,45.14525,0.0 9.93847,45.14525,0.0 9.93847,45.14525,0.0 9.93846,45.14525,0.0 9.93846,45.14525,0.0 9.93846,45.14525,0.0 9.93846,45.14524,0.0 9.93847,45.14524,0.0 9.93847,45.14524,0.0 9.93847,45.14524,0.0 9.93847,45.14524,0.0 9.93848,45.14524,0.0 9.93848,45.14523,0.0 9.93849,45.14523,0.0 9.93849,45.14523,0.0 9.93849,45.14523,0.0 9.93849,45.14523,0.0 9.9385,45.14523,0.0 9.93851,45.14523,0.0 9.93851,45.14523,0.0 9.93851,45.14522,0.0 9.93851,45.14522,0.0 9.93852,45.14522,0.0 9.93853,45.14523,0.0 9.93853,45.14523,0.0 9.93853,45.14523,0.0 9.93854,45.14523,0.0 9.93854,45.14523,0.0 9.93854,45.14524,0.0</coordinates>
                    </LineString>
                </Placemark>
                <Placemark id="1072">
                    <name>Rota 23:53</name>
                    <styleUrl>#2</styleUrl>
                    <LineString id="1071">
                        <altitudeMode>clampToGround</altitudeMode>
                        <coordinates>9.93854,45.14524,0.0 9.93854,45.14525,0.0 9.93853,45.14525,0.0 9.93853,45.14525,0.0 9.93853,45.14525,0.0 9.93852,45.14525,0.0 9.93851,45.14525,0.0 9.93851,45.14525,0.0 9.9385,45.14525,0.0 9.9385,45.14525,0.0 9.9385,45.14525,0.0 9.93849,45.14524,0.0 9.93849,45.14525,0.0 9.9385,45.14525,0.0 9.9385,45.14525,0.0 9.9385,45.14524,0.0 9.9385,45.14524,0.0 9.93851,45.14524,0.0 9.93851,45.14523,0.0 9.93851,45.14523,0.0 9.93852,45.14523,0.0 9.93852,45.14523,0.0 9.93852,45.14523,0.0 9.93853,45.14523,0.0 9.93852,45.14525,0.0 9.93852,45.14525,0.0 9.93851,45.14525,0.0 9.93851,45.14525,0.0 9.93851,45.14525,0.0 9.9385,45.14525,0.0 9.93849,45.14525,0.0 9.93849,45.14525,0.0 9.93848,45.14524,0.0 9.93848,45.14524,0.0 9.93848,45.14524,0.0 9.93848,45.14524,0.0 9.93848,45.14524,0.0 9.93848,45.14524,0.0 9.93848,45.14524,0.0 9.93848,45.14524,0.0 9.93848,45.14524,0.0 9.93848,45.14524,0.0 9.93848,45.14524,0.0 9.93849,45.14524,0.0 9.93849,45.14524,0.0 9.9385,45.14524,0.0 9.9385,45.14524,0.0 9.9385,45.14525,0.0 9.9385,45.14526,0.0 9.93849,45.14526,0.0 9.93849,45.14525,0.0 9.93849,45.14525,0.0 9.93848,45.14525,0.0 9.93848,45.14525,0.0 9.93847,45.14525,0.0 9.93847,45.14525,0.0 9.93846,45.14525,0.0 9.93846,45.14525,0.0 9.93846,45.14525,0.0 9.93845,45.14525,0.0 9.93846,45.14525,0.0</coordinates>
                    </LineString>
                </Placemark>
                <Placemark id="1074">
                    <name>Rota 23:54</name>
                    <styleUrl>#2</styleUrl>
                    <LineString id="1073">
                        <altitudeMode>clampToGround</altitudeMode>
                        <coordinates>9.93846,45.14525,0.0 9.93846,45.14525,0.0 9.93846,45.14525,0.0 9.93846,45.14525,0.0 9.93846,45.14525,0.0 9.93847,45.14525,0.0 9.93847,45.14525,0.0 9.93848,45.14525,0.0 9.93848,45.14525,0.0 9.93848,45.14525,0.0 9.93848,45.14525,0.0 9.93848,45.14525,0.0 9.93849,45.14525,0.0 9.9385,45.14525,0.0 9.9385,45.14526,0.0 9.9385,45.14526,0.0 9.9385,45.14527,0.0 9.9385,45.14527,0.0 9.9385,45.14527,0.0 9.9385,45.14527,0.0 9.9385,45.14527,0.0 9.9385,45.14527,0.0 9.93848,45.14526,0.0 9.93848,45.14525,0.0 9.93847,45.14525,0.0 9.93847,45.14525,0.0 9.93847,45.14525,0.0 9.93847,45.14525,0.0 9.93848,45.14525,0.0 9.93849,45.14525,0.0 9.93849,45.14525,0.0 9.93849,45.14525,0.0 9.93849,45.14525,0.0 9.93849,45.14525,0.0 9.93849,45.14525,0.0 9.93849,45.14525,0.0 9.9385,45.14525,0.0 9.9385,45.14525,0.0 9.9385,45.14525,0.0 9.93851,45.14525,0.0 9.93852,45.14525,0.0 9.93852,45.14526,0.0 9.93851,45.14526,0.0 9.93851,45.14526,0.0 9.93851,45.14527,0.0 9.9385,45.14527,0.0 9.9385,45.14527,0.0 9.93849,45.14527,0.0 9.93849,45.14527,0.0 9.93848,45.14526,0.0 9.93848,45.14525,0.0 9.93848,45.14525,0.0 9.93847,45.14525,0.0 9.93847,45.14525,0.0 9.93847,45.14526,0.0 9.93847,45.14526,0.0 9.93847,45.14526,0.0 9.93847,45.14526,0.0 9.93847,45.14526,0.0 9.93847,45.14526,0.0 9.93847,45.14526,0.0</coordinates>
                    </LineString>
                </Placemark>
                <Placemark id="1076">
                    <name>Rota 23:55</name>
                    <styleUrl>#2</styleUrl>
                    <LineString id="1075">
                        <altitudeMode>clampToGround</altitudeMode>
                        <coordinates>9.93847,45.14526,0.0 9.93847,45.14526,0.0 9.93847,45.14526,0.0 9.93848,45.14526,0.0 9.93848,45.14526,0.0 9.93849,45.14526,0.0 9.9385,45.14526,0.0 9.9385,45.14527,0.0 9.9385,45.14527,0.0 9.9385,45.14527,0.0 9.93849,45.14527,0.0 9.93849,45.14527,0.0 9.93848,45.14527,0.0 9.93848,45.14527,0.0 9.93848,45.14527,0.0 9.93848,45.14527,0.0 9.93846,45.14526,0.0 9.93846,45.14525,0.0 9.93845,45.14525,0.0 9.93845,45.14525,0.0 9.93845,45.14525,0.0 9.93846,45.14525,0.0 9.93846,45.14526,0.0 9.93846,45.14526,0.0 9.93847,45.14526,0.0 9.93847,45.14526,0.0 9.93847,45.14526,0.0 9.93848,45.14526,0.0 9.93848,45.14526,0.0 9.93849,45.14526,0.0 9.9385,45.14526,0.0 9.9385,45.14527,0.0 9.9385,45.14527,0.0 9.9385,45.14527,0.0 9.93849,45.14527,0.0 9.93849,45.14527,0.0 9.93848,45.14527,0.0 9.93848,45.14527,0.0 9.93848,45.14527,0.0 9.93847,45.14526,0.0 9.93846,45.14526,0.0 9.93846,45.14526,0.0 9.93846,45.14526,0.0 9.93846,45.14526,0.0 9.93846,45.14526,0.0 9.93847,45.14525,0.0 9.93847,45.14525,0.0 9.93847,45.14525,0.0 9.93848,45.14525,0.0 9.93848,45.14525,0.0 9.93848,45.14525,0.0 9.93848,45.14525,0.0 9.93849,45.14525,0.0 9.93849,45.14525,0.0 9.9385,45.14525,0.0 9.9385,45.14525,0.0 9.9385,45.14525,0.0 9.93851,45.14525,0.0 9.93851,45.14526,0.0 9.93851,45.14526,0.0 9.9385,45.14526,0.0</coordinates>
                    </LineString>
                </Placemark>
                <Placemark id="1078">
                    <name>Rota 23:56</name>
                    <styleUrl>#2</styleUrl>
                    <LineString id="1077">
                        <altitudeMode>clampToGround</altitudeMode>
                        <coordinates>9.9385,45.14526,0.0 9.9385,45.14526,0.0 9.9385,45.14526,0.0 9.9385,45.14526,0.0 9.93849,45.14526,0.0 9.93849,45.14526,0.0 9.93848,45.14525,0.0 9.93848,45.14525,0.0 9.93847,45.14525,0.0 9.93847,45.14525,0.0 9.93848,45.14525,0.0 9.93848,45.14525,0.0 9.93848,45.14525,0.0 9.93848,45.14525,0.0 9.93848,45.14525,0.0 9.93848,45.14525,0.0 9.93849,45.14525,0.0 9.9385,45.14525,0.0 9.9385,45.14525,0.0 9.93851,45.14525,0.0 9.93851,45.14525,0.0 9.93851,45.14526,0.0 9.9385,45.14526,0.0 9.9385,45.14526,0.0 9.9385,45.14526,0.0 9.9385,45.14526,0.0 9.93849,45.14525,0.0 9.93848,45.14525,0.0 9.93848,45.14525,0.0 9.93848,45.14525,0.0 9.93849,45.14525,0.0 9.93849,45.14525,0.0 9.93849,45.14525,0.0 9.93849,45.14525,0.0 9.93849,45.14525,0.0 9.9385,45.14525,0.0 9.9385,45.14525,0.0 9.93851,45.14525,0.0 9.93851,45.14525,0.0 9.93852,45.14526,0.0 9.93852,45.14526,0.0 9.93851,45.14527,0.0 9.93851,45.14527,0.0 9.93851,45.14527,0.0 9.9385,45.14527,0.0 9.93849,45.14527,0.0 9.93848,45.14527,0.0 9.93848,45.14527,0.0 9.93847,45.14527,0.0 9.93847,45.14527,0.0 9.93847,45.14527,0.0 9.93848,45.14526,0.0 9.93848,45.14526,0.0 9.93848,45.14526,0.0 9.93848,45.14526,0.0 9.93848,45.14526,0.0 9.93848,45.14526,0.0 9.93849,45.14526,0.0 9.93849,45.14527,0.0 9.93849,45.14527,0.0 9.9385,45.14527,0.0</coordinates>
                    </LineString>
                </Placemark>
                <Placemark id="1080">
                    <name>Rota 23:57</name>
                    <styleUrl>#2</styleUrl>
                    <LineString id="1079">
                        <altitudeMode>clampToGround</altitudeMode>
                        <coordinates>9.9385,45.14527,0.0 9.9385,45.14527,0.0 9.9385,45.14528,0.0 9.9385,45.14528,0.0 9.93849,45.14528,0.0 9.93849,45.14528,0.0 9.93849,45.14528,0.0 9.93849,45.14528,0.0 9.93848,45.14528,0.0 9.93847,45.14527,0.0 9.93847,45.14527,0.0 9.93847,45.14527,0.0 9.93847,45.14527,0.0 9.93847,45.14527,0.0 9.93848,45.14527,0.0 9.93848,45.14527,0.0 9.93848,45.14526,0.0 9.93848,45.14526,0.0 9.93848,45.14526,0.0 9.93849,45.14526,0.0 9.93849,45.14526,0.0 9.9385,45.14527,0.0 9.93851,45.14527,0.0 9.93851,45.14527,0.0 9.93851,45.14527,0.0 9.93851,45.14528,0.0 9.9385,45.14528,0.0 9.9385,45.14528,0.0 9.93849,45.14528,0.0 9.93849,45.14527,0.0 9.93849,45.14527,0.0 9.93849,45.14527,0.0 9.93848,45.14526,0.0 9.93848,45.14526,0.0 9.93848,45.14526,0.0 9.93848,45.14526,0.0 9.93848,45.14526,0.0 9.93848,45.14526,0.0 9.93849,45.14526,0.0 9.93849,45.14526,0.0 9.93849,45.14526,0.0 9.93849,45.14526,0.0 9.9385,45.14525,0.0 9.93851,45.14526,0.0 9.93851,45.14526,0.0 9.93851,45.14527,0.0 9.93851,45.14527,0.0 9.93851,45.14527,0.0 9.93851,45.14527,0.0 9.93851,45.14528,0.0 9.9385,45.14527,0.0 9.9385,45.14527,0.0 9.9385,45.14527,0.0 9.9385,45.14527,0.0 9.93849,45.14527,0.0 9.93849,45.14526,0.0 9.93849,45.14526,0.0 9.93849,45.14526,0.0 9.9385,45.14526,0.0 9.9385,45.14526,0.0 9.9385,45.14526,0.0</coordinates>
                    </LineString>
                </Placemark>
                <Placemark id="1082">
                    <name>Rota 23:58</name>
                    <styleUrl>#2</styleUrl>
                    <LineString id="1081">
                        <altitudeMode>clampToGround</altitudeMode>
                        <coordinates>9.9385,45.14526,0.0 9.93851,45.14525,0.0 9.93851,45.14525,0.0 9.93851,45.14525,0.0 9.93852,45.14525,0.0 9.93852,45.14525,0.0 9.93852,45.14525,0.0 9.93853,45.14525,0.0 9.93853,45.14525,0.0 9.93852,45.14525,0.0 9.93852,45.14525,0.0 9.93852,45.14525,0.0 9.93852,45.14525,0.0 9.93853,45.14525,0.0 9.93853,45.14525,0.0 9.93853,45.14525,0.0 9.93853,45.14525,0.0 9.93852,45.14526,0.0 9.93852,45.14526,0.0 9.93851,45.14526,0.0 9.93851,45.14526,0.0 9.9385,45.14525,0.0 9.9385,45.14525,0.0 9.9385,45.14525,0.0 9.93849,45.14525,0.0 9.93849,45.14524,0.0 9.93848,45.14524,0.0 9.93848,45.14524,0.0 9.93848,45.14524,0.0 9.93848,45.14524,0.0 9.93848,45.14524,0.0 9.93848,45.14524,0.0 9.93848,45.14524,0.0 9.93848,45.14524,0.0 9.93848,45.14524,0.0 9.93849,45.14524,0.0 9.93849,45.14524,0.0 9.93849,45.14524,0.0 9.93849,45.14524,0.0 9.93849,45.14525,0.0 9.93849,45.14525,0.0 9.93849,45.14526,0.0 9.93849,45.14526,0.0 9.93849,45.14526,0.0 9.93848,45.14526,0.0 9.93848,45.14526,0.0 9.93848,45.14526,0.0 9.93848,45.14525,0.0 9.93848,45.14525,0.0 9.93848,45.14525,0.0 9.93848,45.14525,0.0 9.93848,45.14525,0.0 9.93849,45.14525,0.0 9.93849,45.14525,0.0 9.93849,45.14525,0.0 9.93849,45.14525,0.0 9.93849,45.14525,0.0 9.9385,45.14525,0.0 9.9385,45.14525,0.0 9.93851,45.14525,0.0 9.93851,45.14525,0.0</coordinates>
                    </LineString>
                </Placemark>
                <Placemark id="1084">
                    <name>Rota 23:59</name>
                    <styleUrl>#2</styleUrl>
                    <LineString id="1083">
                        <altitudeMode>clampToGround</altitudeMode>
                        <coordinates>9.93851,45.14525,0.0 9.93851,45.14525,0.0 9.93851,45.14525,0.0 9.93852,45.14526,0.0 9.93851,45.14527,0.0 9.93851,45.14527,0.0 9.9385,45.14527,0.0 9.9385,45.14527,0.0 9.9385,45.14527,0.0 9.93849,45.14526,0.0 9.93848,45.14526,0.0 9.93848,45.14526,0.0 9.93848,45.14526,0.0 9.93848,45.14526,0.0 9.93849,45.14526,0.0 9.9385,45.14526,0.0 9.9385,45.14526,0.0 9.9385,45.14526,0.0 9.93851,45.14526,0.0 9.93851,45.14526,0.0 9.93851,45.14526,0.0 9.93852,45.14526,0.0 9.93852,45.14526,0.0 9.93852,45.14525,0.0 9.93853,45.14526,0.0 9.93853,45.14526,0.0 9.93853,45.14526,0.0 9.93853,45.14527,0.0 9.93852,45.14527,0.0 9.93852,45.14527,0.0 9.93852,45.14527,0.0 9.93851,45.14527,0.0 9.93851,45.14527,0.0 9.93851,45.14526,0.0 9.9385,45.14526,0.0 9.9385,45.14526,0.0 9.9385,45.14525,0.0 9.9385,45.14525,0.0 9.9385,45.14525,0.0 9.93851,45.14525,0.0 9.93851,45.14525,0.0 9.93851,45.14525,0.0 9.93851,45.14525,0.0 9.93851,45.14525,0.0 9.93851,45.14525,0.0 9.93852,45.14526,0.0 9.93852,45.14527,0.0 9.93852,45.14527,0.0 9.93852,45.14527,0.0 9.93852,45.14527,0.0 9.93852,45.14527,0.0 9.9385,45.14526,0.0 9.9385,45.14526,0.0 9.9385,45.14526,0.0 9.9385,45.14526,0.0 9.9385,45.14526,0.0 9.9385,45.14526,0.0 9.9385,45.14526,0.0 9.9385,45.14526,0.0 9.9385,45.14527,0.0 9.9385,45.14526,0.0</coordinates>
                    </LineString>
                </Placemark>
            </Folder>
        </Folder>
    </Document>
</kml>
