<?xml version="1.0" encoding="UTF-8"?>
<kml xmlns="http://www.opengis.net/kml/2.2" xmlns:gx="http://www.google.com/kml/ext/2.2">
    <Document id="1">
        <Folder id="2">
            <Style id="5">
                <LineStyle id="6">
                    <color>ff0000ff</color>
                    <colorMode>normal</colorMode>
                    <width>3</width>
                </LineStyle>
            </Style>
            <name>2026-08-23 01:00</name>
            <Placemark id="4">
                <name>Rota 01:57</name>
                <styleUrl>#5</styleUrl>
                <LineString id="3">
                    <altitudeMode>clampToGround</altitudeMode>
                    <coordinates>9.94052,45.14866,0.0 9.94052,45.14866,0.0 9.94052,45.14866,0.0 9.94052,45.14866,0.0 9.94052,45.14866,0.0 9.94052,45.14866,0.0 9.94052,45.14866,0.0 9.94052,45.14866,0.0 9.94052,45.14866,0.0 9.94052,45.14866,0.0 9.94052,45.14866,0.0 9.94052,45.14866,0.0 9.94052,45.14866,0.0 9.94052,45.14866,0.0 9.94052,45.14866,0.0 9.94052,45.14866,0.0 9.94052,45.14866,0.0 9.94052,45.14866,0.0 9.94052,45.14866,0.0 9.94052,45.14866,0.0 9.94052,45.14866,0.0 9.94052,45.14866,0.0 9.94052,45.14866,0.0 9.94052,45.14866,0.0 9.94052,45.14866,0.0 9.94052,45.14866,0.0 9.94052,45.14866,0.0 9.94052,45.14866,0.0 9.94052,45.14866,0.0 9.94052,45.14866,0.0 9.94052,45.14866,0.0</coordinates>
                </LineString>
            </Placemark>
        </Folder>
        <Folder id="7">
            <Style id="10">
                <LineStyle id="11">
                    <color>ff0000ff</color>
                    <colorMode>normal</colorMode>
                    <width>3</width>
                </LineStyle>
            </Style>
            <Style id="14">
                <LineStyle id="15">
                    <color>ff0000ff</color>
                    <colorMode>normal</colorMode>
                    <width>3</width>
                </LineStyle>
            </Style>
            <Style id="18">
                <LineStyle id="19">
                    <color>ff0000ff</color>
                    <colorMode>normal</colorMode>
                    <width>3</width>
                </LineStyle>
            </Style>
            <Style id="22">
                <LineStyle id="23">
                    <color>ff0000ff</color>
                    <colorMode>normal</colorMode>
                    <width>3</width>
                </LineStyle>
            </Style>
            <Style id="26">
                <LineStyle id="27">
                    <color>ff0000ff</color>
                    <colorMode>normal</colorMode>
                    <width>3</width>
                </LineStyle>
            </Style>
            <Style id="30">
                <LineStyle id="31">
                    <color>ff0000ff</color>
                    <colorMode>normal</colorMode>
                    <width>3</width>
                </LineStyle>
            </Style>
            <Style id="34">
                <LineStyle id="35">
                    <color>ff0000ff</color>
                    <colorMode>normal</colorMode>
                    <width>3</width>
                </LineStyle>
            </Style>
            <Style id="38">
                <LineStyle id="39">
                    <color>ff0000ff</color>
                    <colorMode>normal</colorMode>
                    <width>3</width>
                </LineStyle>
            </Style>
            <Style id="42">
                <LineStyle id="43">
                    <color>ff0000ff</color>
                    <colorMode>normal</colorMode>
                    <width>3</width>
                </LineStyle>
            </Style>
            <Style id="46">
                <LineStyle id="47">
                    <color>ff0000ff</color>
                    <colorMode>normal</colorMode>
                    <width>3</width>
                </LineStyle>
            </Style>
            <Style id="50">
                <LineStyle id="51">
                    <color>ff0000ff</color>
                    <colorMode>normal</colorMode>
                    <width>3</width>
                </LineStyle>
            </Style>
            <Style id="54">
                <LineStyle id="55">
                    <color>ff0000ff</color>
                    <colorMode>normal</colorMode>
                    <width>3</width>
                </LineStyle>
            </Style>
            <Style id="58">
                <LineStyle id="59">
                    <color>ff0000ff</color>
                    <colorMode>normal</colorMode>
                    <width>3</width>
                </LineStyle>
            </Style>
            <Style id="62">
                <LineStyle id="63">
                    <color>ff0000ff</color>
                    <colorMode>normal</colorMode>
                    <width>3</width>
                </LineStyle>
            </Style>
            <Style id="66">
                <LineStyle id="67">
                    <color>ff0000ff</color>
                    <colorMode>normal</colorMode>
                    <width>3</width>
                </LineStyle>
            </Style>
            <Style id="70">
                <LineStyle id="71">
                    <color>ff0000ff</color>
                    <colorMode>normal</colorMode>
                    <width>3</width>
                </LineStyle>
            </Style>
            <Style id="74">
                <LineStyle id="75">
                    <color>ff0000ff</color>
                    <colorMode>normal</colorMode>
                    <width>3</width>
                </LineStyle>
            </Style>
            <Style id="78">
                <LineStyle id="79">
                    <color>ff0000ff</color>
                    <colorMode>normal</colorMode>
                    <width>3</width>
                </LineStyle>
            </Style>
            <Style id="82">
                <LineStyle id="83">
                    <color>ff0000ff</color>
                    <colorMode>normal</colorMode>
                    <width>3</width>
                </LineStyle>
            </Style>
            <Style id="86">
                <LineStyle id="87">
                    <color>ff0000ff</color>
                    <colorMode>normal</colorMode>
                    <width>3</width>
                </LineStyle>
            </Style>
            <Style id="90">
                <LineStyle id="91">
                    <color>ff0000ff</color>
                    <colorMode>normal</colorMode>
                    <width>3</width>
                </LineStyle>
            </Style>
            <Style id="94">
                <LineStyle id="95">
                    <color>ff0000ff</color>
                    <colorMode>normal</colorMode>
                    <width>3</width>
                </LineStyle>
            </Style>
            <Style id="98">
                <LineStyle id="99">
                    <color>ff0000ff</color>
                    <colorMode>normal</colorMode>
                    <width>3</width>
                </LineStyle>
            </Style>
            <Style id="102">
                <LineStyle id="103">
                    <color>ff0000ff</color>
                    <colorMode>normal</colorMode>
                    <width>3</width>
                </LineStyle>
            </Style>
            <Style id="106">
                <LineStyle id="107">
                    <color>ff0000ff</color>
                    <colorMode>normal</colorMode>
                    <width>3</width>
                </LineStyle>
            </Style>
            <name>2026-08-23 02:00</name>
            <Placemark id="9">
                <name>Rota 02:35</name>
                <styleUrl>#10</styleUrl>
                <LineString id="8">
                    <altitudeMode>clampToGround</altitudeMode>
                    <coordinates>9.94044,45.1487,0.0 9.94044,45.1487,0.0 9.94044,45.1487,0.0 9.94044,45.1487,0.0 9.94044,45.1487,0.0 9.94044,45.1487,0.0 9.94044,45.1487,0.0 9.94044,45.1487,0.0 9.94044,45.1487,0.0 9.94044,45.1487,0.0 9.94044,45.1487,0.0 9.94044,45.1487,0.0 9.94044,45.1487,0.0 9.94044,45.1487,0.0 9.94044,45.1487,0.0 9.94044,45.1487,0.0 9.94044,45.1487,0.0 9.94044,45.1487,0.0 9.94044,45.1487,0.0 9.94044,45.1487,0.0 9.94044,45.1487,0.0 9.94044,45.1487,0.0 9.94044,45.1487,0.0 9.94044,45.1487,0.0 9.94044,45.1487,0.0 9.94044,45.1487,0.0 9.94044,45.1487,0.0 9.94044,45.1487,0.0 9.94044,45.1487,0.0 9.94047,45.14874,0.0 9.94047,45.14874,0.0 9.94047,45.14874,0.0 9.94047,45.14874,0.0 9.94047,45.14874,0.0 9.94047,45.14874,0.0 9.94047,45.14874,0.0 9.94047,45.14874,0.0 9.94047,45.14874,0.0 9.94047,45.14874,0.0 9.94047,45.14874,0.0 9.94047,45.14874,0.0 9.94047,45.14874,0.0 9.94047,45.14874,0.0 9.94047,45.14874,0.0 9.94047,45.14874,0.0 9.94047,45.14874,0.0 9.94047,45.14874,0.0 9.94047,45.14874,0.0 9.94047,45.14874,0.0 9.94047,45.14874,0.0 9.94047,45.14874,0.0 9.94047,45.14874,0.0 9.94047,45.14874,0.0 9.94047,45.14874,0.0 9.94047,45.14874,0.0 9.94047,45.14874,0.0 9.94047,45.14874,0.0</coordinates>
                </LineString>
            </Placemark>
            <Placemark id="13">
                <name>Rota 02:36</name>
                <styleUrl>#14</styleUrl>
                <LineString id="12">
                    <altitudeMode>clampToGround</altitudeMode>
                    <coordinates>9.94047,45.14874,0.0 9.94047,45.14874,0.0 9.94047,45.14874,0.0 9.94047,45.14874,0.0 9.94047,45.14874,0.0 9.94047,45.14874,0.0 9.94047,45.14874,0.0 9.94047,45.14874,0.0 9.94047,45.14874,0.0 9.94047,45.14874,0.0 9.94047,45.14874,0.0 9.94047,45.14874,0.0 9.94047,45.14874,0.0 9.94047,45.14874,0.0 9.94047,45.14874,0.0 9.94047,45.14874,0.0 9.94047,45.14874,0.0 9.94047,45.14874,0.0 9.94047,45.14874,0.0 9.94047,45.14874,0.0 9.94047,45.14874,0.0 9.94047,45.14874,0.0 9.94047,45.14874,0.0 9.94047,45.14874,0.0 9.94047,45.14874,0.0 9.94047,45.14874,0.0 9.94047,45.14874,0.0 9.94047,45.14874,0.0 9.94047,45.14874,0.0 9.94047,45.14874,0.0 9.94047,45.14874,0.0 9.94047,45.14874,0.0 9.94047,45.14874,0.0 9.94047,45.14874,0.0 9.94047,45.14874,0.0 9.94047,45.14874,0.0 9.94047,45.14874,0.0 9.94047,45.14874,0.0 9.94047,45.14874,0.0 9.94047,45.14874,0.0 9.94047,45.14874,0.0 9.94047,45.14874,0.0 9.94047,45.14874,0.0 9.94047,45.14874,0.0 9.94047,45.14874,0.0 9.94047,45.14874,0.0 9.94047,45.14874,0.0 9.94047,45.14874,0.0 9.94047,45.14874,0.0 9.94047,45.14874,0.0 9.94047,45.14874,0.0 9.94047,45.14874,0.0 9.94047,45.14874,0.0 9.94047,45.14874,0.0 9.94047,45.14874,0.0 9.94047,45.14874,0.0 9.94047,45.14874,0.0 9.94047,45.14874,0.0 9.94047,45.14874,0.0 9.94047,45.14874,0.0</coordinates>
                </LineString>
            </Placemark>
            <Placemark id="17">
                <name>Rota 02:37</name>
                <styleUrl>#18</styleUrl>
                <LineString id="16">
                    <altitudeMode>clampToGround</altitudeMode>
                    <coordinates>9.94047,45.14874,0.0 9.94047,45.14874,0.0 9.94047,45.14874,0.0 9.94047,45.14874,0.0 9.94047,45.14874,0.0 9.94047,45.14874,0.0 9.94047,45.14874,0.0 9.94047,45.14874,0.0 9.94047,45.14874,0.0 9.94047,45.14874,0.0 9.94047,45.14874,0.0 9.94047,45.14874,0.0 9.94047,45.14874,0.0 9.94047,45.14874,0.0 9.94047,45.14874,0.0 9.94047,45.14874,0.0 9.94047,45.14874,0.0 9.94047,45.14874,0.0 9.94047,45.14874,0.0 9.94047,45.14874,0.0 9.94047,45.14874,0.0 9.94047,45.14874,0.0 9.94047,45.14874,0.0 9.94047,45.14874,0.0 9.94047,45.14874,0.0 9.94047,45.14874,0.0 9.94047,45.14874,0.0 9.94047,45.14874,0.0 9.94047,45.14874,0.0 9.94047,45.14874,0.0 9.94047,45.14874,0.0 9.94047,45.14874,0.0 9.94047,45.14874,0.0 9.94047,45.14874,0.0 9.94047,45.14874,0.0 9.94047,45.14874,0.0 9.94047,45.14874,0.0 9.94047,45.14874,0.0 9.94047,45.14874,0.0 9.94047,45.14874,0.0 9.94047,45.14874,0.0 9.94047,45.14874,0.0 9.94047,45.14874,0.0 9.94047,45.14874,0.0 9.94047,45.14874,0.0 9.94047,45.14874,0.0 9.94047,45.14874,0.0 9.94047,45.14874,0.0 9.94047,45.14874,0.0 9.94047,45.14874,0.0 9.94047,45.14874,0.0 9.94047,45.14874,0.0 9.94047,45.14874,0.0 9.94047,45.14874,0.0 9.94047,45.14874,0.0 9.94047,45.14874,0.0 9.94047,45.14874,0.0 9.94047,45.14874,0.0 9.94047,45.14874,0.0 9.94047,45.14874,0.0</coordinates>
                </LineString>
            </Placemark>
            <Placemark id="21">
                <name>Rota 02:38</name>
                <styleUrl>#22</styleUrl>
                <LineString id="20">
                    <altitudeMode>clampToGround</altitudeMode>
                    <coordinates>9.94047,45.14874,0.0 9.94047,45.14874,0.0 9.94047,45.14874,0.0 9.94047,45.14874,0.0 9.94047,45.14874,0.0 9.94047,45.14874,0.0 9.94047,45.14874,0.0 9.94047,45.14874,0.0 9.94047,45.14874,0.0 9.94047,45.14874,0.0 9.94047,45.14874,0.0 9.94047,45.14874,0.0 9.94047,45.14874,0.0 9.94047,45.14874,0.0 9.94047,45.14874,0.0 9.94047,45.14874,0.0 9.94047,45.14874,0.0 9.94047,45.14874,0.0 9.94047,45.14874,0.0 9.94047,45.14874,0.0 9.94047,45.14874,0.0 9.94047,45.14874,0.0 9.94047,45.14874,0.0 9.94047,45.14874,0.0 9.94047,45.14874,0.0 9.94047,45.14874,0.0 9.94047,45.14874,0.0 9.94047,45.14874,0.0 9.94047,45.14874,0.0 9.94047,45.14874,0.0 9.94047,45.14874,0.0 9.94047,45.14874,0.0 9.94047,45.14874,0.0 9.94047,45.14874,0.0 9.94047,45.14874,0.0 9.94047,45.14874,0.0 9.94047,45.14874,0.0 9.94047,45.14874,0.0 9.94047,45.14874,0.0 9.94047,45.14874,0.0 9.94047,45.14874,0.0 9.94047,45.14874,0.0 9.94047,45.14874,0.0 9.94047,45.14874,0.0 9.94047,45.14874,0.0 9.94047,45.14874,0.0 9.94047,45.14874,0.0 9.94047,45.14874,0.0 9.94047,45.14874,0.0 9.94047,45.14874,0.0 9.94047,45.14874,0.0 9.94047,45.14874,0.0 9.94047,45.14874,0.0 9.94047,45.14874,0.0 9.94047,45.14874,0.0 9.94047,45.14874,0.0 9.94047,45.14874,0.0 9.94047,45.14874,0.0 9.94047,45.14874,0.0 9.94047,45.14874,0.0</coordinates>
                </LineString>
            </Placemark>
            <Placemark id="25">
                <name>Rota 02:39</name>
                <styleUrl>#26</styleUrl>
                <LineString id="24">
                    <altitudeMode>clampToGround</altitudeMode>
                    <coordinates>9.94047,45.14874,0.0 9.94047,45.14874,0.0 9.94047,45.14874,0.0 9.94047,45.14874,0.0 9.94047,45.14874,0.0 9.94047,45.14874,0.0 9.94047,45.14874,0.0 9.94047,45.14874,0.0 9.94047,45.14874,0.0 9.94047,45.14874,0.0 9.94047,45.14874,0.0 9.94047,45.14874,0.0 9.94047,45.14874,0.0 9.94047,45.14874,0.0 9.94047,45.14874,0.0 9.94047,45.14874,0.0 9.94047,45.14874,0.0 9.94047,45.14874,0.0 9.94047,45.14874,0.0 9.94047,45.14874,0.0 9.94047,45.14874,0.0 9.94047,45.14874,0.0 9.94047,45.14874,0.0 9.94047,45.14874,0.0 9.94047,45.14874,0.0 9.94047,45.14874,0.0 9.94047,45.14874,0.0 9.94047,45.14874,0.0 9.94047,45.14874,0.0 9.94047,45.14874,0.0 9.94047,45.14874,0.0 9.94047,45.14874,0.0 9.94047,45.14874,0.0 9.94047,45.14874,0.0 9.94047,45.14874,0.0 9.94047,45.14874,0.0 9.94053,45.14872,0.0 9.94053,45.14872,0.0 9.94053,45.14872,0.0 9.94053,45.14872,0.0 9.94053,45.14872,0.0 9.94053,45.14872,0.0 9.94053,45.14872,0.0 9.94053,45.14872,0.0 9.94053,45.14872,0.0 9.94053,45.14872,0.0 9.94053,45.14872,0.0 9.94053,45.14872,0.0 9.94053,45.14872,0.0 9.94053,45.14872,0.0 9.94053,45.14872,0.0 9.94053,45.14872,0.0 9.94053,45.14872,0.0 9.94053,45.14872,0.0 9.94053,45.14872,0.0 9.94053,45.14872,0.0 9.94053,45.14872,0.0 9.94053,45.14872,0.0 9.94053,45.14872,0.0 9.94053,45.14872,0.0</coordinates>
                </LineString>
            </Placemark>
            <Placemark id="29">
                <name>Rota 02:40</name>
                <styleUrl>#30</styleUrl>
                <LineString id="28">
                    <altitudeMode>clampToGround</altitudeMode>
                    <coordinates>9.94053,45.14872,0.0 9.94053,45.14872,0.0 9.94053,45.14872,0.0 9.94053,45.14872,0.0 9.94053,45.14872,0.0 9.94053,45.14872,0.0 9.94053,45.14872,0.0 9.94053,45.14872,0.0 9.94053,45.14872,0.0 9.94053,45.14872,0.0 9.94053,45.14872,0.0 9.94053,45.14872,0.0 9.94053,45.14872,0.0 9.94053,45.14872,0.0 9.94053,45.14872,0.0 9.94053,45.14872,0.0 9.94053,45.14872,0.0 9.94053,45.14872,0.0 9.94053,45.14872,0.0 9.94053,45.14872,0.0 9.94053,45.14872,0.0 9.94053,45.14872,0.0 9.94053,45.14872,0.0 9.94053,45.14872,0.0 9.94053,45.14872,0.0 9.94053,45.14872,0.0 9.94053,45.14872,0.0 9.94053,45.14872,0.0 9.94053,45.14872,0.0 9.94053,45.14872,0.0 9.94053,45.14872,0.0 9.94053,45.14872,0.0 9.94053,45.14872,0.0 9.94053,45.14872,0.0 9.94053,45.14872,0.0 9.94053,45.14872,0.0 9.94053,45.14872,0.0 9.94053,45.14872,0.0 9.94053,45.14872,0.0 9.94053,45.14872,0.0 9.94053,45.14872,0.0 9.94053,45.14872,0.0 9.94053,45.14872,0.0 9.94053,45.14872,0.0 9.94053,45.14872,0.0 9.94053,45.14872,0.0 9.94053,45.14872,0.0 9.94053,45.14872,0.0 9.94053,45.14872,0.0 9.94053,45.14872,0.0 9.94053,45.14872,0.0 9.94053,45.14872,0.0 9.94053,45.14872,0.0 9.94053,45.14872,0.0 9.94053,45.14872,0.0 9.94053,45.14872,0.0 9.94053,45.14872,0.0 9.94053,45.14872,0.0 9.94053,45.14872,0.0 9.94053,45.14872,0.0</coordinates>
                </LineString>
            </Placemark>
            <Placemark id="33">
                <name>Rota 02:41</name>
                <styleUrl>#34</styleUrl>
                <LineString id="32">
                    <altitudeMode>clampToGround</altitudeMode>
                    <coordinates>9.94053,45.14872,0.0 9.94053,45.14872,0.0 9.94053,45.14872,0.0 9.94053,45.14872,0.0 9.94053,45.14872,0.0 9.94053,45.14872,0.0 9.94053,45.14872,0.0 9.94053,45.14872,0.0 9.94053,45.14872,0.0 9.94053,45.14872,0.0 9.94053,45.14872,0.0 9.94053,45.14872,0.0 9.94053,45.14872,0.0 9.94053,45.14872,0.0 9.94053,45.14872,0.0 9.94053,45.14872,0.0 9.94053,45.14872,0.0 9.94053,45.14872,0.0 9.94053,45.14872,0.0 9.94053,45.14872,0.0 9.94053,45.14872,0.0 9.94053,45.14872,0.0 9.94053,45.14872,0.0 9.94053,45.14872,0.0 9.94053,45.14872,0.0 9.94053,45.14872,0.0 9.94053,45.14872,0.0 9.94053,45.14872,0.0 9.94053,45.14872,0.0 9.94053,45.14872,0.0 9.94053,45.14872,0.0 9.94053,45.14872,0.0 9.94053,45.14872,0.0 9.94053,45.14872,0.0 9.94053,45.14872,0.0 9.94053,45.14872,0.0 9.94053,45.14872,0.0 9.94053,45.14872,0.0 9.94053,45.14872,0.0 9.94053,45.14872,0.0 9.94053,45.14872,0.0 9.94053,45.14872,0.0 9.94053,45.14872,0.0 9.94053,45.14872,0.0 9.94053,45.14872,0.0 9.94053,45.14872,0.0 9.94053,45.14872,0.0 9.94053,45.14872,0.0 9.94053,45.14872,0.0 9.94053,45.14872,0.0 9.94053,45.14872,0.0 9.94053,45.14872,0.0 9.94053,45.14872,0.0 9.94053,45.14872,0.0 9.94053,45.14872,0.0 9.94053,45.14872,0.0 9.94053,45.14872,0.0 9.94053,45.14872,0.0 9.94053,45.14872,0.0 9.94053,45.14872,0.0</coordinates>
                </LineString>
            </Placemark>
            <Placemark id="37">
                <name>Rota 02:42</name>
                <styleUrl>#38</styleUrl>
                <LineString id="36">
                    <altitudeMode>clampToGround</altitudeMode>
                    <coordinates>9.94053,45.14872,0.0 9.94053,45.14872,0.0 9.94053,45.14872,0.0 9.94053,45.14872,0.0 9.94053,45.14872,0.0 9.94053,45.14872,0.0 9.94053,45.14872,0.0 9.94053,45.14872,0.0 9.94053,45.14872,0.0 9.94053,45.14872,0.0 9.94053,45.14872,0.0 9.94053,45.14872,0.0 9.94053,45.14872,0.0 9.94053,45.14872,0.0 9.94053,45.14872,0.0 9.94053,45.14872,0.0 9.94053,45.14872,0.0 9.94053,45.14872,0.0 9.94053,45.14872,0.0 9.94053,45.14872,0.0 9.94053,45.14872,0.0 9.94053,45.14872,0.0 9.94053,45.14872,0.0 9.94053,45.14872,0.0 9.94053,45.14872,0.0 9.94053,45.14872,0.0 9.94053,45.14872,0.0 9.94048,45.14868,0.0 9.94048,45.14868,0.0 9.94048,45.14868,0.0 9.94048,45.14868,0.0 9.94048,45.14868,0.0 9.94048,45.14868,0.0 9.94048,45.14868,0.0 9.94048,45.14868,0.0 9.94048,45.14868,0.0 9.94048,45.14868,0.0 9.94048,45.14868,0.0 9.94048,45.14868,0.0 9.94048,45.14868,0.0 9.94048,45.14868,0.0 9.94048,45.14868,0.0 9.94048,45.14868,0.0 9.94048,45.14868,0.0 9.94048,45.14868,0.0 9.94048,45.14868,0.0 9.94048,45.14868,0.0 9.94048,45.14868,0.0 9.94048,45.14868,0.0 9.94048,45.14868,0.0 9.94048,45.14868,0.0 9.94048,45.14868,0.0 9.94048,45.14868,0.0 9.94048,45.14868,0.0 9.94048,45.14868,0.0 9.94048,45.14868,0.0 9.94048,45.14868,0.0 9.94048,45.14868,0.0 9.94048,45.14868,0.0 9.94048,45.14868,0.0</coordinates>
                </LineString>
            </Placemark>
            <Placemark id="41">
                <name>Rota 02:43</name>
                <styleUrl>#42</styleUrl>
                <LineString id="40">
                    <altitudeMode>clampToGround</altitudeMode>
                    <coordinates>9.94048,45.14868,0.0 9.94048,45.14868,0.0 9.94048,45.14868,0.0 9.94048,45.14868,0.0 9.94048,45.14868,0.0 9.94048,45.14868,0.0 9.94048,45.14868,0.0 9.94048,45.14868,0.0 9.94048,45.14868,0.0 9.94048,45.14868,0.0 9.94048,45.14868,0.0 9.94048,45.14868,0.0 9.94048,45.14868,0.0 9.94048,45.14868,0.0 9.94048,45.14868,0.0 9.94048,45.14868,0.0 9.94048,45.14868,0.0 9.94048,45.14868,0.0 9.94048,45.14868,0.0 9.94048,45.14868,0.0 9.94048,45.14868,0.0 9.94048,45.14868,0.0 9.94048,45.14868,0.0 9.94048,45.14868,0.0 9.94048,45.14868,0.0 9.94048,45.14868,0.0 9.94048,45.14868,0.0 9.94048,45.14868,0.0 9.94048,45.14868,0.0 9.94048,45.14868,0.0 9.94048,45.14868,0.0 9.94048,45.14868,0.0 9.94048,45.14868,0.0 9.94048,45.14868,0.0 9.94048,45.14868,0.0 9.94048,45.14868,0.0 9.9405,45.14863,0.0 9.9405,45.14863,0.0 9.9405,45.14863,0.0 9.9405,45.14863,0.0 9.9405,45.14863,0.0 9.9405,45.14863,0.0 9.9405,45.14863,0.0 9.9405,45.14863,0.0 9.9405,45.14863,0.0 9.9405,45.14863,0.0 9.9405,45.14863,0.0 9.9405,45.14863,0.0 9.9405,45.14863,0.0 9.9405,45.14863,0.0 9.9405,45.14863,0.0 9.9405,45.14863,0.0 9.9405,45.14863,0.0 9.9405,45.14863,0.0 9.9405,45.14863,0.0 9.9405,45.14863,0.0 9.9405,45.14863,0.0 9.9405,45.14863,0.0 9.9405,45.14863,0.0 9.9405,45.14863,0.0</coordinates>
                </LineString>
            </Placemark>
            <Placemark id="45">
                <name>Rota 02:44</name>
                <styleUrl>#46</styleUrl>
                <LineString id="44">
                    <altitudeMode>clampToGround</altitudeMode>
                    <coordinates>9.9405,45.14863,0.0 9.9405,45.14863,0.0 9.9405,45.14863,0.0 9.9405,45.14863,0.0 9.9405,45.14863,0.0 9.9405,45.14863,0.0 9.9405,45.14863,0.0 9.9405,45.14863,0.0 9.9405,45.14863,0.0 9.9405,45.14863,0.0 9.9405,45.14863,0.0 9.9405,45.14863,0.0 9.9405,45.14863,0.0 9.9405,45.14863,0.0 9.9405,45.14863,0.0 9.9405,45.14863,0.0 9.9405,45.14863,0.0 9.9405,45.14863,0.0 9.9405,45.14863,0.0 9.9405,45.14863,0.0 9.9405,45.14863,0.0 9.9405,45.14863,0.0 9.9405,45.14863,0.0 9.9405,45.14863,0.0 9.9405,45.14863,0.0 9.9405,45.14863,0.0 9.9405,45.14863,0.0 9.9405,45.14863,0.0 9.9405,45.14863,0.0 9.9405,45.14863,0.0 9.9405,45.14863,0.0 9.9405,45.14863,0.0 9.9405,45.14863,0.0 9.9405,45.14863,0.0 9.94051,45.14868,0.0 9.94051,45.14868,0.0 9.94051,45.14868,0.0 9.94051,45.14868,0.0 9.94051,45.14868,0.0 9.94051,45.14868,0.0 9.94051,45.14868,0.0 9.94051,45.14868,0.0 9.94051,45.14868,0.0 9.94051,45.14868,0.0 9.94051,45.14868,0.0 9.94051,45.14868,0.0 9.94051,45.14868,0.0 9.94051,45.14868,0.0 9.94051,45.14868,0.0 9.94051,45.14868,0.0 9.94051,45.14868,0.0 9.94051,45.14868,0.0 9.94051,45.14868,0.0 9.94051,45.14868,0.0 9.94051,45.14868,0.0 9.94051,45.14868,0.0 9.94051,45.14868,0.0 9.94051,45.14868,0.0 9.94051,45.14868,0.0 9.94051,45.14868,0.0</coordinates>
                </LineString>
            </Placemark>
            <Placemark id="49">
                <name>Rota 02:45</name>
                <styleUrl>#50</styleUrl>
                <LineString id="48">
                    <altitudeMode>clampToGround</altitudeMode>
                    <coordinates>9.94051,45.14868,0.0 9.94051,45.14868,0.0 9.94051,45.14868,0.0 9.94051,45.14868,0.0 9.94051,45.14868,0.0 9.94051,45.14868,0.0 9.94051,45.14868,0.0 9.94051,45.14868,0.0 9.94051,45.14868,0.0 9.94051,45.14868,0.0 9.94051,45.14868,0.0 9.94051,45.14868,0.0 9.94051,45.14868,0.0 9.94051,45.14868,0.0 9.94051,45.14868,0.0 9.94051,45.14868,0.0 9.94051,45.14868,0.0 9.94051,45.14868,0.0 9.94051,45.14868,0.0 9.94051,45.14868,0.0 9.94051,45.14868,0.0 9.94051,45.14868,0.0 9.94048,45.14864,0.0 9.94048,45.14864,0.0 9.94048,45.14864,0.0 9.94048,45.14864,0.0 9.94048,45.14864,0.0 9.94048,45.14864,0.0 9.94048,45.14864,0.0 9.94048,45.14864,0.0 9.94048,45.14864,0.0 9.94048,45.14864,0.0 9.94048,45.14864,0.0 9.94048,45.14864,0.0 9.94048,45.14864,0.0 9.94048,45.14864,0.0 9.94048,45.14864,0.0 9.94048,45.14864,0.0 9.94048,45.14864,0.0 9.94048,45.14864,0.0 9.94048,45.14864,0.0 9.94048,45.14864,0.0 9.94048,45.14864,0.0 9.94048,45.14864,0.0 9.94048,45.14864,0.0 9.94048,45.14864,0.0 9.94048,45.14864,0.0 9.94048,45.14864,0.0 9.94048,45.14864,0.0 9.94048,45.14864,0.0 9.94048,45.14864,0.0 9.94048,45.14864,0.0 9.94048,45.14864,0.0 9.94048,45.14864,0.0 9.94048,45.14864,0.0 9.94048,45.14864,0.0 9.94048,45.14864,0.0 9.94048,45.14864,0.0 9.94048,45.14864,0.0 9.94048,45.14864,0.0</coordinates>
                </LineString>
            </Placemark>
            <Placemark id="53">
                <name>Rota 02:46</name>
                <styleUrl>#54</styleUrl>
                <LineString id="52">
                    <altitudeMode>clampToGround</altitudeMode>
                    <coordinates>9.94048,45.14864,0.0 9.94048,45.14864,0.0 9.94048,45.14864,0.0 9.94048,45.14864,0.0 9.94048,45.14864,0.0 9.94048,45.14864,0.0 9.94048,45.14864,0.0 9.94048,45.14864,0.0 9.94048,45.14864,0.0 9.94048,45.14864,0.0 9.94048,45.14864,0.0 9.94048,45.14864,0.0 9.94048,45.14864,0.0 9.94048,45.14864,0.0 9.94048,45.14864,0.0 9.94048,45.14864,0.0 9.94048,45.14864,0.0 9.94048,45.14864,0.0 9.94048,45.14864,0.0 9.94051,45.14868,0.0 9.94051,45.14868,0.0 9.94051,45.14868,0.0 9.94051,45.14868,0.0 9.94051,45.14868,0.0 9.94051,45.14868,0.0 9.94051,45.14868,0.0 9.94051,45.14868,0.0 9.94051,45.14868,0.0 9.94051,45.14868,0.0 9.94051,45.14868,0.0 9.94051,45.14868,0.0 9.94051,45.14868,0.0 9.94051,45.14868,0.0 9.94051,45.14868,0.0 9.94051,45.14868,0.0 9.94051,45.14868,0.0 9.94051,45.14868,0.0 9.94051,45.14868,0.0 9.94051,45.14868,0.0 9.94051,45.14868,0.0 9.94051,45.14868,0.0 9.94051,45.14868,0.0 9.94051,45.14868,0.0 9.94051,45.14868,0.0 9.94051,45.14868,0.0 9.94051,45.14868,0.0 9.94051,45.14868,0.0 9.94051,45.14868,0.0 9.94051,45.14868,0.0 9.94045,45.1487,0.0 9.94045,45.1487,0.0 9.94045,45.1487,0.0 9.94045,45.1487,0.0 9.94045,45.1487,0.0 9.94045,45.1487,0.0 9.94045,45.1487,0.0 9.94045,45.1487,0.0 9.94045,45.1487,0.0 9.94045,45.1487,0.0 9.94045,45.1487,0.0</coordinates>
                </LineString>
            </Placemark>
            <Placemark id="57">
                <name>Rota 02:47</name>
                <styleUrl>#58</styleUrl>
                <LineString id="56">
                    <altitudeMode>clampToGround</altitudeMode>
                    <coordinates>9.94045,45.1487,0.0 9.94045,45.1487,0.0 9.94045,45.1487,0.0 9.94045,45.1487,0.0 9.94045,45.1487,0.0 9.94045,45.1487,0.0 9.94045,45.1487,0.0 9.94045,45.1487,0.0 9.94045,45.1487,0.0 9.94045,45.1487,0.0 9.94045,45.1487,0.0 9.94045,45.1487,0.0 9.94045,45.1487,0.0 9.94045,45.1487,0.0 9.94045,45.1487,0.0 9.94045,45.1487,0.0 9.94045,45.1487,0.0 9.94045,45.1487,0.0 9.94045,45.1487,0.0 9.94045,45.1487,0.0 9.94045,45.1487,0.0 9.94045,45.1487,0.0 9.94045,45.1487,0.0 9.94045,45.1487,0.0 9.94045,45.1487,0.0 9.94045,45.1487,0.0 9.94045,45.1487,0.0 9.94045,45.1487,0.0 9.94045,45.1487,0.0 9.94045,45.1487,0.0 9.94045,45.1487,0.0 9.94045,45.1487,0.0 9.94045,45.1487,0.0 9.94045,45.1487,0.0 9.94045,45.1487,0.0 9.94045,45.1487,0.0 9.94045,45.1487,0.0 9.94051,45.14868,0.0 9.94051,45.14868,0.0 9.94051,45.14868,0.0 9.94051,45.14868,0.0 9.94051,45.14868,0.0 9.94051,45.14868,0.0 9.94051,45.14868,0.0 9.94051,45.14868,0.0 9.94051,45.14868,0.0 9.94051,45.14868,0.0 9.94051,45.14868,0.0 9.94051,45.14868,0.0 9.94051,45.14868,0.0 9.94051,45.14868,0.0 9.94051,45.14868,0.0 9.94051,45.14868,0.0 9.94051,45.14868,0.0 9.94051,45.14868,0.0 9.94051,45.14868,0.0 9.94051,45.14868,0.0 9.94051,45.14868,0.0 9.94051,45.14868,0.0 9.94051,45.14868,0.0</coordinates>
                </LineString>
            </Placemark>
            <Placemark id="61">
                <name>Rota 02:48</name>
                <styleUrl>#62</styleUrl>
                <LineString id="60">
                    <altitudeMode>clampToGround</altitudeMode>
                    <coordinates>9.94051,45.14868,0.0 9.94051,45.14868,0.0 9.94058,45.14868,0.0 9.94058,45.14868,0.0 9.94058,45.14868,0.0 9.94058,45.14868,0.0 9.94058,45.14868,0.0 9.94058,45.14868,0.0 9.94058,45.14868,0.0 9.94058,45.14868,0.0 9.94058,45.14868,0.0 9.94058,45.14868,0.0 9.94058,45.14868,0.0 9.94058,45.14868,0.0 9.94058,45.14868,0.0 9.94058,45.14868,0.0 9.94058,45.14868,0.0 9.94058,45.14868,0.0 9.94058,45.14868,0.0 9.94058,45.14868,0.0 9.94058,45.14868,0.0 9.94059,45.14863,0.0 9.94059,45.14863,0.0 9.94059,45.14863,0.0 9.94059,45.14863,0.0 9.94059,45.14863,0.0 9.94059,45.14863,0.0 9.94059,45.14863,0.0 9.94059,45.14863,0.0 9.94059,45.14863,0.0 9.94059,45.14863,0.0 9.94059,45.14863,0.0 9.94059,45.14863,0.0 9.94059,45.14863,0.0 9.94059,45.14863,0.0 9.94059,45.14863,0.0 9.94059,45.14863,0.0 9.94059,45.14863,0.0 9.94059,45.14863,0.0 9.94059,45.14863,0.0 9.94059,45.14863,0.0 9.94059,45.14863,0.0 9.94059,45.14863,0.0 9.94059,45.14863,0.0 9.94059,45.14863,0.0 9.94059,45.14863,0.0 9.94059,45.14863,0.0 9.94059,45.14863,0.0 9.94059,45.14863,0.0 9.94059,45.14863,0.0 9.94059,45.14863,0.0 9.94059,45.14863,0.0 9.94059,45.14863,0.0 9.94059,45.14863,0.0 9.94059,45.14863,0.0 9.94056,45.14867,0.0 9.94056,45.14867,0.0 9.94056,45.14867,0.0 9.94056,45.14867,0.0 9.94056,45.14867,0.0</coordinates>
                </LineString>
            </Placemark>
            <Placemark id="65">
                <name>Rota 02:49</name>
                <styleUrl>#66</styleUrl>
                <LineString id="64">
                    <altitudeMode>clampToGround</altitudeMode>
                    <coordinates>9.94056,45.14867,0.0 9.94056,45.14867,0.0 9.94056,45.14867,0.0 9.94056,45.14867,0.0 9.94056,45.14867,0.0 9.94056,45.14867,0.0 9.94056,45.14867,0.0 9.94056,45.14867,0.0 9.94056,45.14867,0.0 9.94056,45.14867,0.0 9.94056,45.14867,0.0 9.94056,45.14867,0.0 9.94056,45.14867,0.0 9.94056,45.14867,0.0 9.94056,45.14867,0.0 9.94056,45.14867,0.0 9.94056,45.14867,0.0 9.94056,45.14867,0.0 9.94056,45.14867,0.0 9.94056,45.14867,0.0 9.94056,45.14867,0.0 9.94056,45.14867,0.0 9.94056,45.14867,0.0 9.94056,45.14867,0.0 9.94056,45.14867,0.0 9.94056,45.14867,0.0 9.94056,45.14867,0.0 9.94056,45.14867,0.0 9.94056,45.14867,0.0 9.94056,45.14867,0.0 9.94056,45.14867,0.0 9.94056,45.14867,0.0 9.94056,45.14867,0.0 9.94056,45.14867,0.0 9.94056,45.14867,0.0 9.94056,45.14867,0.0 9.94056,45.14867,0.0 9.94056,45.14867,0.0 9.94056,45.14867,0.0 9.94056,45.14867,0.0 9.94056,45.14867,0.0 9.94056,45.14867,0.0 9.94056,45.14867,0.0 9.94056,45.14867,0.0 9.94056,45.14867,0.0 9.94056,45.14867,0.0 9.94056,45.14867,0.0 9.94056,45.14867,0.0 9.94056,45.14867,0.0 9.94056,45.14867,0.0 9.94056,45.14867,0.0 9.94056,45.14867,0.0 9.94056,45.14867,0.0 9.94056,45.14867,0.0 9.94056,45.14867,0.0 9.94056,45.14867,0.0 9.94056,45.14867,0.0 9.94056,45.14867,0.0 9.94056,45.14867,0.0 9.94056,45.14867,0.0</coordinates>
                </LineString>
            </Placemark>
            <Placemark id="69">
                <name>Rota 02:50</name>
                <styleUrl>#70</styleUrl>
                <LineString id="68">
                    <altitudeMode>clampToGround</altitudeMode>
                    <coordinates>9.94056,45.14867,0.0 9.94056,45.14867,0.0 9.94056,45.14867,0.0 9.94056,45.14867,0.0 9.94056,45.14867,0.0 9.94056,45.14867,0.0 9.94056,45.14867,0.0 9.94056,45.14867,0.0 9.94056,45.14867,0.0 9.94056,45.14867,0.0 9.94056,45.14867,0.0 9.94056,45.14867,0.0 9.94056,45.14867,0.0 9.94056,45.14867,0.0 9.94056,45.14867,0.0 9.94056,45.14867,0.0 9.94056,45.14867,0.0 9.94056,45.14867,0.0 9.94056,45.14867,0.0 9.94056,45.14867,0.0 9.94056,45.14867,0.0 9.94056,45.14867,0.0 9.94056,45.14867,0.0 9.94056,45.14867,0.0 9.94056,45.14867,0.0 9.94056,45.14867,0.0 9.94056,45.14867,0.0 9.94056,45.14867,0.0 9.94056,45.14867,0.0 9.94056,45.14867,0.0 9.94056,45.14867,0.0 9.94056,45.14867,0.0 9.94056,45.14867,0.0 9.94056,45.14867,0.0 9.94056,45.14867,0.0 9.94056,45.14867,0.0 9.94051,45.1487,0.0 9.94051,45.1487,0.0 9.94051,45.1487,0.0 9.94051,45.1487,0.0 9.94051,45.1487,0.0 9.94051,45.1487,0.0 9.94051,45.1487,0.0 9.94051,45.1487,0.0 9.94051,45.1487,0.0 9.94051,45.1487,0.0 9.94051,45.1487,0.0 9.94051,45.1487,0.0 9.94051,45.1487,0.0 9.94051,45.1487,0.0 9.94051,45.1487,0.0 9.94051,45.1487,0.0 9.94051,45.1487,0.0 9.94051,45.1487,0.0 9.94051,45.1487,0.0 9.94051,45.1487,0.0 9.94051,45.1487,0.0 9.94051,45.1487,0.0 9.94051,45.1487,0.0 9.94051,45.1487,0.0</coordinates>
                </LineString>
            </Placemark>
            <Placemark id="73">
                <name>Rota 02:51</name>
                <styleUrl>#74</styleUrl>
                <LineString id="72">
                    <altitudeMode>clampToGround</altitudeMode>
                    <coordinates>9.94051,45.1487,0.0 9.94051,45.1487,0.0 9.94051,45.1487,0.0 9.94051,45.1487,0.0 9.94051,45.1487,0.0 9.94051,45.1487,0.0 9.94051,45.1487,0.0 9.94051,45.1487,0.0 9.94051,45.1487,0.0 9.94051,45.1487,0.0 9.94051,45.1487,0.0 9.94051,45.1487,0.0 9.94051,45.1487,0.0 9.94051,45.1487,0.0 9.94051,45.1487,0.0 9.94051,45.1487,0.0 9.94051,45.1487,0.0 9.94051,45.1487,0.0 9.94051,45.1487,0.0 9.94051,45.1487,0.0 9.94051,45.1487,0.0 9.94051,45.1487,0.0 9.94051,45.1487,0.0 9.94051,45.1487,0.0 9.94051,45.1487,0.0 9.94051,45.1487,0.0 9.94051,45.1487,0.0 9.94051,45.1487,0.0 9.94051,45.1487,0.0 9.94051,45.1487,0.0 9.94051,45.1487,0.0 9.94051,45.1487,0.0 9.94051,45.1487,0.0 9.94051,45.1487,0.0 9.94051,45.1487,0.0 9.94054,45.14874,0.0 9.94054,45.14874,0.0 9.94054,45.14874,0.0 9.94054,45.14874,0.0 9.94054,45.14874,0.0 9.94054,45.14874,0.0 9.94054,45.14874,0.0 9.94054,45.14874,0.0 9.94054,45.14874,0.0 9.94054,45.14874,0.0 9.94054,45.14874,0.0 9.94054,45.14874,0.0 9.94054,45.14874,0.0 9.94054,45.14874,0.0 9.94054,45.14874,0.0 9.94054,45.14874,0.0 9.94054,45.14874,0.0 9.94054,45.14874,0.0 9.94054,45.14874,0.0 9.94054,45.14874,0.0 9.94054,45.14874,0.0 9.94054,45.14874,0.0 9.94054,45.14874,0.0 9.94054,45.14874,0.0 9.94054,45.14874,0.0</coordinates>
                </LineString>
            </Placemark>
            <Placemark id="77">
                <name>Rota 02:52</name>
                <styleUrl>#78</styleUrl>
                <LineString id="76">
                    <altitudeMode>clampToGround</altitudeMode>
                    <coordinates>9.94054,45.14874,0.0 9.94054,45.14874,0.0 9.94054,45.14874,0.0 9.94054,45.14874,0.0 9.94054,45.14874,0.0 9.94054,45.14874,0.0 9.94054,45.14874,0.0 9.94054,45.14874,0.0 9.94054,45.14874,0.0 9.94054,45.14874,0.0 9.94054,45.14874,0.0 9.94054,45.14874,0.0 9.94054,45.14874,0.0 9.94054,45.14874,0.0 9.94054,45.14874,0.0 9.94054,45.14874,0.0 9.94054,45.14874,0.0 9.94054,45.14874,0.0 9.94054,45.14874,0.0 9.94054,45.14874,0.0 9.94054,45.14874,0.0 9.94054,45.14874,0.0 9.94054,45.14874,0.0 9.94054,45.14874,0.0 9.94054,45.14874,0.0 9.94054,45.14874,0.0 9.94054,45.14874,0.0 9.94054,45.14874,0.0 9.94054,45.14874,0.0 9.94054,45.14874,0.0 9.94054,45.14874,0.0 9.94054,45.14874,0.0 9.94054,45.14874,0.0 9.94054,45.14874,0.0 9.94054,45.14874,0.0 9.94054,45.14874,0.0 9.94054,45.14874,0.0 9.94054,45.14874,0.0 9.94054,45.14874,0.0 9.94054,45.14874,0.0 9.94054,45.14874,0.0 9.94054,45.14874,0.0 9.94054,45.14874,0.0 9.94054,45.14874,0.0 9.94054,45.14874,0.0 9.94054,45.14874,0.0 9.94054,45.14874,0.0 9.94054,45.14874,0.0 9.94054,45.14874,0.0 9.94054,45.14874,0.0 9.94054,45.14874,0.0 9.94054,45.14874,0.0 9.94054,45.14874,0.0 9.94054,45.14874,0.0 9.94054,45.14874,0.0 9.94054,45.14874,0.0 9.94054,45.14874,0.0 9.94054,45.14874,0.0 9.94054,45.14874,0.0 9.94054,45.14874,0.0</coordinates>
                </LineString>
            </Placemark>
            <Placemark id="81">
                <name>Rota 02:53</name>
                <styleUrl>#82</styleUrl>
                <LineString id="80">
                    <altitudeMode>clampToGround</altitudeMode>
                    <coordinates>9.94054,45.14874,0.0 9.94054,45.14874,0.0 9.94054,45.14874,0.0 9.94054,45.14874,0.0 9.94054,45.14874,0.0 9.94054,45.14874,0.0 9.94054,45.14874,0.0 9.94054,45.14874,0.0 9.94054,45.14874,0.0 9.94054,45.14874,0.0 9.94054,45.14874,0.0 9.94054,45.14874,0.0 9.94054,45.14874,0.0 9.94054,45.14874,0.0 9.94054,45.14874,0.0 9.94054,45.14874,0.0 9.94054,45.14874,0.0 9.94054,45.14874,0.0 9.94054,45.14874,0.0 9.94054,45.14874,0.0 9.94054,45.14874,0.0 9.94054,45.14874,0.0 9.94054,45.14874,0.0 9.94054,45.14874,0.0 9.94054,45.14874,0.0 9.94054,45.14874,0.0 9.94054,45.14874,0.0 9.94054,45.14874,0.0 9.94054,45.14874,0.0 9.94054,45.14874,0.0 9.94054,45.14874,0.0 9.94054,45.14874,0.0 9.94054,45.14874,0.0 9.94054,45.14874,0.0 9.94054,45.14874,0.0 9.94054,45.14874,0.0 9.94054,45.14874,0.0 9.94054,45.14874,0.0 9.94054,45.14874,0.0 9.94054,45.14874,0.0 9.94054,45.14874,0.0 9.94054,45.14874,0.0 9.94054,45.14874,0.0 9.94054,45.14874,0.0 9.94054,45.14874,0.0 9.94054,45.14874,0.0 9.94054,45.14874,0.0 9.94054,45.14874,0.0 9.94054,45.14874,0.0 9.94054,45.14874,0.0 9.94054,45.14874,0.0 9.94054,45.14874,0.0 9.94054,45.14874,0.0 9.94054,45.14874,0.0 9.94054,45.14874,0.0 9.94054,45.14874,0.0 9.94054,45.14874,0.0 9.94054,45.14874,0.0 9.94054,45.14874,0.0 9.94054,45.14874,0.0</coordinates>
                </LineString>
            </Placemark>
            <Placemark id="85">
                <name>Rota 02:54</name>
                <styleUrl>#86</styleUrl>
                <LineString id="84">
                    <altitudeMode>clampToGround</altitudeMode>
                    <coordinates>9.94051,45.1487,0.0 9.94051,45.1487,0.0 9.94051,45.1487,0.0 9.94051,45.1487,0.0 9.94051,45.1487,0.0 9.94051,45.1487,0.0 9.94051,45.1487,0.0 9.94051,45.1487,0.0 9.94051,45.1487,0.0 9.94051,45.1487,0.0 9.94051,45.1487,0.0 9.94051,45.1487,0.0 9.94051,45.1487,0.0 9.94051,45.1487,0.0 9.94051,45.1487,0.0 9.94051,45.1487,0.0 9.94051,45.1487,0.0 9.94051,45.1487,0.0 9.94051,45.1487,0.0 9.94051,45.1487,0.0 9.94051,45.1487,0.0 9.94051,45.1487,0.0 9.94051,45.1487,0.0 9.94051,45.1487,0.0 9.94051,45.1487,0.0 9.94051,45.1487,0.0 9.94051,45.1487,0.0 9.94051,45.1487,0.0 9.94051,45.1487,0.0 9.94051,45.1487,0.0 9.94051,45.1487,0.0 9.94051,45.1487,0.0 9.94051,45.1487,0.0 9.94051,45.1487,0.0 9.94051,45.1487,0.0 9.94051,45.1487,0.0 9.94051,45.1487,0.0 9.94051,45.1487,0.0 9.94051,45.1487,0.0 9.94051,45.1487,0.0 9.94051,45.1487,0.0 9.94051,45.1487,0.0 9.94051,45.1487,0.0 9.94051,45.1487,0.0 9.94051,45.1487,0.0 9.94051,45.1487,0.0 9.94051,45.1487,0.0 9.94051,45.1487,0.0 9.94051,45.1487,0.0 9.94051,45.1487,0.0 9.94051,45.1487,0.0 9.94051,45.1487,0.0 9.94051,45.1487,0.0 9.94051,45.1487,0.0 9.94051,45.1487,0.0 9.94051,45.1487,0.0 9.94051,45.1487,0.0 9.94051,45.1487,0.0 9.94051,45.1487,0.0 9.94051,45.1487,0.0</coordinates>
                </LineString>
            </Placemark>
            <Placemark id="89">
                <name>Rota 02:55</name>
                <styleUrl>#90</styleUrl>
                <LineString id="88">
                    <altitudeMode>clampToGround</altitudeMode>
                    <coordinates>9.94051,45.1487,0.0 9.94051,45.1487,0.0 9.94051,45.1487,0.0 9.94051,45.1487,0.0 9.94051,45.1487,0.0 9.94051,45.1487,0.0 9.94051,45.1487,0.0 9.94051,45.1487,0.0 9.94051,45.1487,0.0 9.94051,45.1487,0.0 9.94051,45.1487,0.0 9.94051,45.1487,0.0 9.94051,45.1487,0.0 9.94051,45.1487,0.0 9.94051,45.1487,0.0 9.94051,45.1487,0.0 9.94051,45.1487,0.0 9.94051,45.1487,0.0 9.94051,45.1487,0.0 9.94051,45.1487,0.0 9.94051,45.1487,0.0 9.94051,45.1487,0.0 9.94051,45.1487,0.0 9.94051,45.1487,0.0 9.94051,45.1487,0.0 9.94051,45.1487,0.0 9.94051,45.1487,0.0 9.94051,45.1487,0.0 9.94051,45.1487,0.0 9.94051,45.1487,0.0 9.94051,45.1487,0.0 9.94051,45.1487,0.0 9.94051,45.1487,0.0 9.94051,45.1487,0.0 9.94051,45.1487,0.0 9.94051,45.1487,0.0 9.94051,45.1487,0.0 9.94051,45.1487,0.0 9.94051,45.1487,0.0 9.94051,45.1487,0.0 9.94051,45.1487,0.0 9.94051,45.1487,0.0 9.94051,45.1487,0.0 9.94051,45.1487,0.0 9.94051,45.1487,0.0 9.94051,45.1487,0.0 9.94051,45.1487,0.0 9.94051,45.1487,0.0 9.94051,45.1487,0.0 9.94051,45.1487,0.0 9.94051,45.1487,0.0 9.94051,45.1487,0.0 9.94051,45.1487,0.0 9.94051,45.1487,0.0 9.94051,45.1487,0.0 9.94051,45.1487,0.0 9.94051,45.1487,0.0 9.94051,45.1487,0.0 9.94051,45.1487,0.0 9.94051,45.1487,0.0</coordinates>
                </LineString>
            </Placemark>
            <Placemark id="93">
                <name>Rota 02:56</name>
                <styleUrl>#94</styleUrl>
                <LineString id="92">
                    <altitudeMode>clampToGround</altitudeMode>
                    <coordinates>9.94051,45.1487,0.0 9.94051,45.1487,0.0 9.94051,45.1487,0.0 9.94051,45.1487,0.0 9.94051,45.1487,0.0 9.94051,45.1487,0.0 9.94051,45.1487,0.0 9.94051,45.1487,0.0 9.94051,45.1487,0.0 9.94051,45.1487,0.0 9.94051,45.1487,0.0 9.94051,45.1487,0.0 9.94051,45.1487,0.0 9.94051,45.1487,0.0 9.94051,45.1487,0.0 9.94051,45.1487,0.0 9.94051,45.1487,0.0 9.94051,45.1487,0.0 9.94051,45.1487,0.0 9.94051,45.1487,0.0 9.94051,45.1487,0.0 9.94051,45.1487,0.0 9.94051,45.1487,0.0 9.94051,45.1487,0.0 9.94051,45.1487,0.0 9.94051,45.1487,0.0 9.94051,45.1487,0.0 9.94051,45.1487,0.0 9.94051,45.1487,0.0 9.94051,45.1487,0.0 9.94051,45.1487,0.0 9.94051,45.1487,0.0 9.94051,45.1487,0.0 9.94051,45.1487,0.0 9.94051,45.1487,0.0 9.94051,45.1487,0.0 9.94051,45.1487,0.0 9.94051,45.1487,0.0 9.94051,45.1487,0.0 9.94051,45.1487,0.0 9.94051,45.1487,0.0 9.94051,45.1487,0.0 9.94051,45.1487,0.0 9.94051,45.1487,0.0 9.94051,45.1487,0.0 9.94051,45.1487,0.0 9.94051,45.1487,0.0 9.94051,45.1487,0.0 9.94051,45.1487,0.0 9.94051,45.1487,0.0 9.94051,45.1487,0.0 9.94051,45.1487,0.0 9.94051,45.1487,0.0 9.94058,45.14871,0.0 9.94058,45.14871,0.0 9.94058,45.14871,0.0 9.94058,45.14871,0.0 9.94067,45.1487,0.0 9.94067,45.1487,0.0 9.94067,45.1487,0.0</coordinates>
                </LineString>
            </Placemark>
            <Placemark id="97">
                <name>Rota 02:57</name>
                <styleUrl>#98</styleUrl>
                <LineString id="96">
                    <altitudeMode>clampToGround</altitudeMode>
                    <coordinates>9.94072,45.14866,0.0 9.94072,45.14866,0.0 9.94072,45.14866,0.0 9.94074,45.14861,0.0 9.94074,45.14861,0.0 9.94074,45.14861,0.0 9.94076,45.14856,0.0 9.94076,45.14856,0.0 9.94076,45.14856,0.0 9.94078,45.14851,0.0 9.94078,45.14851,0.0 9.94078,45.14851,0.0 9.9408,45.14846,0.0 9.9408,45.14846,0.0 9.9408,45.14846,0.0 9.9408,45.14846,0.0 9.94085,45.14839,0.0 9.94085,45.14839,0.0 9.94085,45.14839,0.0 9.94089,45.14834,0.0 9.94089,45.14834,0.0 9.94089,45.14834,0.0 9.94089,45.14834,0.0 9.94089,45.14834,0.0 9.94089,45.14834,0.0 9.94089,45.14834,0.0 9.94089,45.14834,0.0 9.94089,45.14834,0.0 9.94089,45.14834,0.0 9.94089,45.14834,0.0 9.94089,45.14834,0.0 9.94089,45.14834,0.0 9.94089,45.14834,0.0 9.94097,45.14834,0.0 9.94097,45.14834,0.0 9.94097,45.14834,0.0 9.94105,45.14833,0.0 9.94105,45.14833,0.0 9.94105,45.14833,0.0 9.94105,45.14833,0.0 9.94113,45.14832,0.0 9.94113,45.14832,0.0 9.94113,45.14832,0.0 9.94113,45.14832,0.0 9.94113,45.14832,0.0 9.94113,45.14832,0.0 9.94113,45.14832,0.0 9.94113,45.14832,0.0 9.94113,45.14832,0.0 9.94113,45.14832,0.0 9.94113,45.14832,0.0 9.94113,45.14832,0.0 9.94113,45.14832,0.0 9.94113,45.14832,0.0 9.94113,45.14832,0.0 9.94113,45.14832,0.0 9.94113,45.14832,0.0 9.94113,45.14832,0.0 9.94113,45.14832,0.0 9.94113,45.14832,0.0</coordinates>
                </LineString>
            </Placemark>
            <Placemark id="101">
                <name>Rota 02:58</name>
                <styleUrl>#102</styleUrl>
                <LineString id="100">
                    <altitudeMode>clampToGround</altitudeMode>
                    <coordinates>9.94113,45.14832,0.0 9.94113,45.14832,0.0 9.94113,45.14832,0.0 9.94113,45.14832,0.0 9.94113,45.14832,0.0 9.94113,45.14832,0.0 9.94113,45.14832,0.0 9.94113,45.14832,0.0 9.94113,45.14832,0.0 9.94113,45.14832,0.0 9.94113,45.14832,0.0 9.94113,45.14832,0.0 9.94113,45.14832,0.0 9.94113,45.14832,0.0 9.94113,45.14832,0.0 9.94113,45.14832,0.0 9.94113,45.14832,0.0 9.94113,45.14832,0.0 9.94113,45.14832,0.0 9.94113,45.14832,0.0 9.94113,45.14832,0.0 9.94113,45.14832,0.0 9.94113,45.14832,0.0 9.94113,45.14832,0.0 9.94113,45.14832,0.0 9.94113,45.14832,0.0 9.94113,45.14832,0.0 9.94113,45.14832,0.0 9.94113,45.14832,0.0 9.94113,45.14832,0.0 9.94113,45.14832,0.0 9.94113,45.14832,0.0 9.94113,45.14832,0.0 9.94113,45.14832,0.0 9.94113,45.14832,0.0 9.94113,45.14832,0.0 9.94113,45.14832,0.0 9.94113,45.14832,0.0 9.94113,45.14832,0.0 9.94113,45.14832,0.0 9.94113,45.14832,0.0 9.94113,45.14832,0.0 9.94113,45.14832,0.0 9.94113,45.14832,0.0 9.94115,45.14837,0.0 9.94115,45.14837,0.0 9.94115,45.14837,0.0 9.94115,45.14837,0.0 9.94115,45.14837,0.0 9.94115,45.14837,0.0 9.94115,45.14837,0.0 9.94115,45.14837,0.0 9.94115,45.14837,0.0 9.94115,45.14837,0.0 9.94115,45.14837,0.0 9.94115,45.14837,0.0 9.94115,45.14837,0.0 9.94115,45.14837,0.0 9.94115,45.14837,0.0 9.94115,45.14837,0.0</coordinates>
                </LineString>
            </Placemark>
            <Placemark id="105">
                <name>Rota 02:59</name>
                <styleUrl>#106</styleUrl>
                <LineString id="104">
                    <altitudeMode>clampToGround</altitudeMode>
                    <coordinates>9.94115,45.14837,0.0 9.94115,45.14837,0.0 9.94115,45.14837,0.0 9.94115,45.14837,0.0 9.94115,45.14837,0.0 9.94115,45.14837,0.0 9.94115,45.14837,0.0 9.94122,45.14836,0.0 9.94122,45.14836,0.0 9.94122,45.14836,0.0 9.9413,45.14836,0.0 9.9413,45.14836,0.0 9.9413,45.14836,0.0 9.9413,45.14836,0.0 9.94136,45.14833,0.0 9.94136,45.14833,0.0 9.94136,45.14833,0.0 9.9414,45.14829,0.0 9.9414,45.14829,0.0 9.9414,45.14829,0.0 9.9414,45.14829,0.0 9.94142,45.14823,0.0 9.94142,45.14823,0.0 9.94142,45.14823,0.0 9.94142,45.14823,0.0 9.94143,45.14816,0.0 9.94143,45.14816,0.0 9.94143,45.14816,0.0 9.94144,45.14811,0.0 9.94144,45.14811,0.0 9.94144,45.14811,0.0 9.94144,45.14811,0.0 9.94144,45.14803,0.0 9.94144,45.14803,0.0 9.94143,45.14798,0.0 9.94143,45.14798,0.0 9.94143,45.14798,0.0 9.94143,45.14798,0.0 9.94141,45.14789,0.0 9.94141,45.14789,0.0 9.94141,45.14789,0.0 9.94141,45.14782,0.0 9.94141,45.14782,0.0 9.94141,45.14782,0.0 9.9414,45.14775,0.0 9.9414,45.14775,0.0 9.94138,45.1477,0.0 9.94138,45.1477,0.0 9.94135,45.14766,0.0 9.94135,45.14766,0.0 9.94135,45.14766,0.0 9.94129,45.14761,0.0 9.94129,45.14761,0.0 9.94129,45.14761,0.0 9.94129,45.14761,0.0 9.94129,45.14761,0.0 9.94129,45.14761,0.0 9.94123,45.14758,0.0 9.94123,45.14758,0.0 9.94123,45.14758,0.0</coordinates>
                </LineString>
            </Placemark>
        </Folder>
        <Folder id="108">
            <Style id="111">
                <LineStyle id="112">
                    <color>ff0000ff</color>
                    <colorMode>normal</colorMode>
                    <width>3</width>
                </LineStyle>
            </Style>
            <Style id="115">
                <LineStyle id="116">
                    <color>ff0000ff</color>
                    <colorMode>normal</colorMode>
                    <width>3</width>
                </LineStyle>
            </Style>
            <Style id="119">
                <LineStyle id="120">
                    <color>ff0000ff</color>
                    <colorMode>normal</colorMode>
                    <width>3</width>
                </LineStyle>
            </Style>
            <Style id="123">
                <LineStyle id="124">
                    <color>ff0000ff</color>
                    <colorMode>normal</colorMode>
                    <width>3</width>
                </LineStyle>
            </Style>
            <Style id="127">
                <LineStyle id="128">
                    <color>ff0000ff</color>
                    <colorMode>normal</colorMode>
                    <width>3</width>
                </LineStyle>
            </Style>
            <Style id="131">
                <LineStyle id="132">
                    <color>ff0000ff</color>
                    <colorMode>normal</colorMode>
                    <width>3</width>
                </LineStyle>
            </Style>
            <Style id="135">
                <LineStyle id="136">
                    <color>ff0000ff</color>
                    <colorMode>normal</colorMode>
                    <width>3</width>
                </LineStyle>
            </Style>
            <Style id="139">
                <LineStyle id="140">
                    <color>ff0000ff</color>
                    <colorMode>normal</colorMode>
                    <width>3</width>
                </LineStyle>
            </Style>
            <Style id="143">
                <LineStyle id="144">
                    <color>ff0000ff</color>
                    <colorMode>normal</colorMode>
                    <width>3</width>
                </LineStyle>
            </Style>
            <Style id="147">
                <LineStyle id="148">
                    <color>ff0000ff</color>
                    <colorMode>normal</colorMode>
                    <width>3</width>
                </LineStyle>
            </Style>
            <Style id="151">
                <LineStyle id="152">
                    <color>ff0000ff</color>
                    <colorMode>normal</colorMode>
                    <width>3</width>
                </LineStyle>
            </Style>
            <Style id="155">
                <LineStyle id="156">
                    <color>ff0000ff</color>
                    <colorMode>normal</colorMode>
                    <width>3</width>
                </LineStyle>
            </Style>
            <Style id="159">
                <LineStyle id="160">
                    <color>ff0000ff</color>
                    <colorMode>normal</colorMode>
                    <width>3</width>
                </LineStyle>
            </Style>
            <Style id="163">
                <LineStyle id="164">
                    <color>ff0000ff</color>
                    <colorMode>normal</colorMode>
                    <width>3</width>
                </LineStyle>
            </Style>
            <Style id="167">
                <LineStyle id="168">
                    <color>ff0000ff</color>
                    <colorMode>normal</colorMode>
                    <width>3</width>
                </LineStyle>
            </Style>
            <Style id="171">
                <LineStyle id="172">
                    <color>ff0000ff</color>
                    <colorMode>normal</colorMode>
                    <width>3</width>
                </LineStyle>
            </Style>
            <Style id="175">
                <LineStyle id="176">
                    <color>ff0000ff</color>
                    <colorMode>normal</colorMode>
                    <width>3</width>
                </LineStyle>
            </Style>
            <Style id="179">
                <LineStyle id="180">
                    <color>ff0000ff</color>
                    <colorMode>normal</colorMode>
                    <width>3</width>
                </LineStyle>
            </Style>
            <Style id="183">
                <LineStyle id="184">
                    <color>ff0000ff</color>
                    <colorMode>normal</colorMode>
                    <width>3</width>
                </LineStyle>
            </Style>
            <Style id="187">
                <LineStyle id="188">
                    <color>ff0000ff</color>
                    <colorMode>normal</colorMode>
                    <width>3</width>
                </LineStyle>
            </Style>
            <Style id="191">
                <LineStyle id="192">
                    <color>ff0000ff</color>
                    <colorMode>normal</colorMode>
                    <width>3</width>
                </LineStyle>
            </Style>
            <Style id="195">
                <LineStyle id="196">
                    <color>ff0000ff</color>
                    <colorMode>normal</colorMode>
                    <width>3</width>
                </LineStyle>
            </Style>
            <Style id="199">
                <LineStyle id="200">
                    <color>ff0000ff</color>
                    <colorMode>normal</colorMode>
                    <width>3</width>
                </LineStyle>
            </Style>
            <Style id="203">
                <LineStyle id="204">
                    <color>ff0000ff</color>
                    <colorMode>normal</colorMode>
                    <width>3</width>
                </LineStyle>
            </Style>
            <Style id="207">
                <LineStyle id="208">
                    <color>ff0000ff</color>
                    <colorMode>normal</colorMode>
                    <width>3</width>
                </LineStyle>
            </Style>
            <Style id="211">
                <LineStyle id="212">
                    <color>ff0000ff</color>
                    <colorMode>normal</colorMode>
                    <width>3</width>
                </LineStyle>
            </Style>
            <Style id="215">
                <LineStyle id="216">
                    <color>ff0000ff</color>
                    <colorMode>normal</colorMode>
                    <width>3</width>
                </LineStyle>
            </Style>
            <Style id="219">
                <LineStyle id="220">
                    <color>ff0000ff</color>
                    <colorMode>normal</colorMode>
                    <width>3</width>
                </LineStyle>
            </Style>
            <Style id="223">
                <LineStyle id="224">
                    <color>ff0000ff</color>
                    <colorMode>normal</colorMode>
                    <width>3</width>
                </LineStyle>
            </Style>
            <Style id="227">
                <LineStyle id="228">
                    <color>ff0000ff</color>
                    <colorMode>normal</colorMode>
                    <width>3</width>
                </LineStyle>
            </Style>
            <Style id="231">
                <LineStyle id="232">
                    <color>ff0000ff</color>
                    <colorMode>normal</colorMode>
                    <width>3</width>
                </LineStyle>
            </Style>
            <Style id="235">
                <LineStyle id="236">
                    <color>ff0000ff</color>
                    <colorMode>normal</colorMode>
                    <width>3</width>
                </LineStyle>
            </Style>
            <Style id="239">
                <LineStyle id="240">
                    <color>ff0000ff</color>
                    <colorMode>normal</colorMode>
                    <width>3</width>
                </LineStyle>
            </Style>
            <Style id="243">
                <LineStyle id="244">
                    <color>ff0000ff</color>
                    <colorMode>normal</colorMode>
                    <width>3</width>
                </LineStyle>
            </Style>
            <Style id="247">
                <LineStyle id="248">
                    <color>ff0000ff</color>
                    <colorMode>normal</colorMode>
                    <width>3</width>
                </LineStyle>
            </Style>
            <Style id="251">
                <LineStyle id="252">
                    <color>ff0000ff</color>
                    <colorMode>normal</colorMode>
                    <width>3</width>
                </LineStyle>
            </Style>
            <Style id="255">
                <LineStyle id="256">
                    <color>ff0000ff</color>
                    <colorMode>normal</colorMode>
                    <width>3</width>
                </LineStyle>
            </Style>
            <Style id="259">
                <LineStyle id="260">
                    <color>ff0000ff</color>
                    <colorMode>normal</colorMode>
                    <width>3</width>
                </LineStyle>
            </Style>
            <Style id="263">
                <LineStyle id="264">
                    <color>ff0000ff</color>
                    <colorMode>normal</colorMode>
                    <width>3</width>
                </LineStyle>
            </Style>
            <Style id="267">
                <LineStyle id="268">
                    <color>ff0000ff</color>
                    <colorMode>normal</colorMode>
                    <width>3</width>
                </LineStyle>
            </Style>
            <Style id="271">
                <LineStyle id="272">
                    <color>ff0000ff</color>
                    <colorMode>normal</colorMode>
                    <width>3</width>
                </LineStyle>
            </Style>
            <Style id="275">
                <LineStyle id="276">
                    <color>ff0000ff</color>
                    <colorMode>normal</colorMode>
                    <width>3</width>
                </LineStyle>
            </Style>
            <Style id="279">
                <LineStyle id="280">
                    <color>ff0000ff</color>
                    <colorMode>normal</colorMode>
                    <width>3</width>
                </LineStyle>
            </Style>
            <Style id="283">
                <LineStyle id="284">
                    <color>ff0000ff</color>
                    <colorMode>normal</colorMode>
                    <width>3</width>
                </LineStyle>
            </Style>
            <Style id="287">
                <LineStyle id="288">
                    <color>ff0000ff</color>
                    <colorMode>normal</colorMode>
                    <width>3</width>
                </LineStyle>
            </Style>
            <Style id="291">
                <LineStyle id="292">
                    <color>ff0000ff</color>
                    <colorMode>normal</colorMode>
                    <width>3</width>
                </LineStyle>
            </Style>
            <Style id="295">
                <LineStyle id="296">
                    <color>ff0000ff</color>
                    <colorMode>normal</colorMode>
                    <width>3</width>
                </LineStyle>
            </Style>
            <Style id="299">
                <LineStyle id="300">
                    <color>ff0000ff</color>
                    <colorMode>normal</colorMode>
                    <width>3</width>
                </LineStyle>
            </Style>
            <Style id="303">
                <LineStyle id="304">
                    <color>ff0000ff</color>
                    <colorMode>normal</colorMode>
                    <width>3</width>
                </LineStyle>
            </Style>
            <Style id="307">
                <LineStyle id="308">
                    <color>ff0000ff</color>
                    <colorMode>normal</colorMode>
                    <width>3</width>
                </LineStyle>
            </Style>
            <Style id="311">
                <LineStyle id="312">
                    <color>ff0000ff</color>
                    <colorMode>normal</colorMode>
                    <width>3</width>
                </LineStyle>
            </Style>
            <Style id="315">
                <LineStyle id="316">
                    <color>ff0000ff</color>
                    <colorMode>normal</colorMode>
                    <width>3</width>
                </LineStyle>
            </Style>
            <Style id="319">
                <LineStyle id="320">
                    <color>ff0000ff</color>
                    <colorMode>normal</colorMode>
                    <width>3</width>
                </LineStyle>
            </Style>
            <Style id="323">
                <LineStyle id="324">
                    <color>ff0000ff</color>
                    <colorMode>normal</colorMode>
                    <width>3</width>
                </LineStyle>
            </Style>
            <Style id="327">
                <LineStyle id="328">
                    <color>ff0000ff</color>
                    <colorMode>normal</colorMode>
                    <width>3</width>
                </LineStyle>
            </Style>
            <Style id="331">
                <LineStyle id="332">
                    <color>ff0000ff</color>
                    <colorMode>normal</colorMode>
                    <width>3</width>
                </LineStyle>
            </Style>
            <Style id="335">
                <LineStyle id="336">
                    <color>ff0000ff</color>
                    <colorMode>normal</colorMode>
                    <width>3</width>
                </LineStyle>
            </Style>
            <Style id="339">
                <LineStyle id="340">
                    <color>ff0000ff</color>
                    <colorMode>normal</colorMode>
                    <width>3</width>
                </LineStyle>
            </Style>
            <Style id="343">
                <LineStyle id="344">
                    <color>ff0000ff</color>
                    <colorMode>normal</colorMode>
                    <width>3</width>
                </LineStyle>
            </Style>
            <Style id="347">
                <LineStyle id="348">
                    <color>ff0000ff</color>
                    <colorMode>normal</colorMode>
                    <width>3</width>
                </LineStyle>
            </Style>
            <name>2026-08-23 03:00</name>
            <Placemark id="110">
                <name>Rota 03:00</name>
                <styleUrl>#111</styleUrl>
                <LineString id="109">
                    <altitudeMode>clampToGround</altitudeMode>
                    <coordinates>9.94123,45.14758,0.0 9.94116,45.14757,0.0 9.94116,45.14757,0.0 9.94116,45.14757,0.0 9.94109,45.14755,0.0 9.94109,45.14755,0.0 9.94109,45.14755,0.0 9.94103,45.14753,0.0 9.94103,45.14753,0.0 9.94103,45.14753,0.0 9.94103,45.14753,0.0 9.94091,45.14751,0.0 9.94091,45.14751,0.0 9.94083,45.14749,0.0 9.94083,45.14749,0.0 9.94083,45.14749,0.0 9.94074,45.14748,0.0 9.94065,45.14746,0.0 9.94065,45.14746,0.0 9.94057,45.14744,0.0 9.94057,45.14744,0.0 9.94057,45.14744,0.0 9.94057,45.14744,0.0 9.94057,45.14744,0.0 9.94057,45.14744,0.0 9.94057,45.14744,0.0 9.94057,45.14744,0.0 9.94057,45.14744,0.0 9.94057,45.14744,0.0 9.94057,45.14744,0.0 9.94057,45.14744,0.0 9.94057,45.14744,0.0 9.94057,45.14744,0.0 9.94057,45.14744,0.0 9.94057,45.14744,0.0 9.94057,45.14744,0.0 9.94057,45.14744,0.0 9.94057,45.14744,0.0 9.94057,45.14744,0.0 9.94057,45.14744,0.0 9.94057,45.14744,0.0 9.94057,45.14744,0.0 9.94057,45.14744,0.0 9.94057,45.14744,0.0 9.94057,45.14744,0.0 9.94057,45.14744,0.0 9.94057,45.14744,0.0 9.94057,45.14744,0.0 9.94057,45.14744,0.0 9.94057,45.14744,0.0 9.94057,45.14744,0.0 9.94057,45.14744,0.0 9.94057,45.14744,0.0 9.94057,45.14744,0.0 9.94057,45.14744,0.0 9.94057,45.14744,0.0 9.94057,45.14744,0.0 9.94057,45.14744,0.0 9.94057,45.14744,0.0 9.94057,45.14744,0.0</coordinates>
                </LineString>
            </Placemark>
            <Placemark id="114">
                <name>Rota 03:01</name>
                <styleUrl>#115</styleUrl>
                <LineString id="113">
                    <altitudeMode>clampToGround</altitudeMode>
                    <coordinates>9.94057,45.14744,0.0 9.94057,45.14744,0.0 9.94057,45.14744,0.0 9.94057,45.14744,0.0 9.94057,45.14744,0.0 9.94057,45.14744,0.0 9.94057,45.14744,0.0 9.94057,45.14744,0.0 9.94057,45.14744,0.0 9.94057,45.14744,0.0 9.94057,45.14744,0.0 9.94057,45.14744,0.0 9.94057,45.14744,0.0 9.94057,45.14744,0.0 9.94057,45.14744,0.0 9.94057,45.14744,0.0 9.94057,45.14744,0.0 9.94057,45.14744,0.0 9.94057,45.14744,0.0 9.94057,45.14744,0.0 9.94057,45.14744,0.0 9.94057,45.14744,0.0 9.94057,45.14744,0.0 9.94057,45.14744,0.0 9.94057,45.14744,0.0 9.94053,45.14739,0.0 9.94053,45.14739,0.0 9.94048,45.14735,0.0 9.94048,45.14735,0.0 9.94045,45.14729,0.0 9.94045,45.14729,0.0 9.94045,45.14729,0.0 9.94041,45.14723,0.0 9.94041,45.14723,0.0 9.94041,45.14723,0.0 9.94038,45.14719,0.0 9.94038,45.14719,0.0 9.94038,45.14719,0.0 9.94035,45.14715,0.0 9.94035,45.14715,0.0 9.94035,45.14715,0.0 9.94035,45.14715,0.0 9.94035,45.14715,0.0 9.94035,45.14715,0.0 9.9403,45.1471,0.0 9.9403,45.1471,0.0 9.9403,45.1471,0.0 9.9403,45.1471,0.0 9.9403,45.1471,0.0 9.9403,45.1471,0.0 9.9403,45.1471,0.0 9.9403,45.1471,0.0 9.9403,45.1471,0.0 9.94029,45.14705,0.0 9.94029,45.14705,0.0 9.94029,45.14705,0.0 9.94029,45.14705,0.0 9.94029,45.14705,0.0 9.94029,45.14705,0.0 9.94029,45.14705,0.0</coordinates>
                </LineString>
            </Placemark>
            <Placemark id="118">
                <name>Rota 03:02</name>
                <styleUrl>#119</styleUrl>
                <LineString id="117">
                    <altitudeMode>clampToGround</altitudeMode>
                    <coordinates>9.94029,45.14705,0.0 9.94029,45.14705,0.0 9.94029,45.14705,0.0 9.94029,45.14705,0.0 9.94029,45.14705,0.0 9.94029,45.14705,0.0 9.94029,45.14705,0.0 9.94032,45.14711,0.0 9.94032,45.14711,0.0 9.94032,45.14711,0.0 9.94032,45.14711,0.0 9.94032,45.14711,0.0 9.94032,45.14711,0.0 9.94032,45.14711,0.0 9.94032,45.14706,0.0 9.94032,45.14706,0.0 9.94032,45.14706,0.0 9.94032,45.14706,0.0 9.94032,45.14706,0.0 9.94032,45.14706,0.0 9.94032,45.14706,0.0 9.94032,45.14706,0.0 9.94031,45.14701,0.0 9.94031,45.14701,0.0 9.94031,45.14701,0.0 9.94031,45.14701,0.0 9.94031,45.14701,0.0 9.94031,45.14701,0.0 9.94031,45.14701,0.0 9.94031,45.14701,0.0 9.94031,45.14701,0.0 9.94031,45.14701,0.0 9.94032,45.14706,0.0 9.94032,45.14706,0.0 9.94032,45.14706,0.0 9.94032,45.14706,0.0 9.94032,45.14706,0.0 9.94032,45.14706,0.0 9.94032,45.14706,0.0 9.94031,45.14701,0.0 9.94031,45.14701,0.0 9.94031,45.14701,0.0 9.94031,45.14701,0.0 9.94031,45.14701,0.0 9.94031,45.14701,0.0 9.94032,45.14696,0.0 9.94032,45.14696,0.0 9.94032,45.14696,0.0 9.94032,45.14696,0.0 9.94032,45.14696,0.0 9.94032,45.14696,0.0 9.94032,45.14696,0.0 9.94032,45.14696,0.0 9.9403,45.14691,0.0 9.9403,45.14691,0.0 9.9403,45.14691,0.0 9.9403,45.14691,0.0 9.9403,45.14691,0.0 9.9403,45.14691,0.0 9.94034,45.14695,0.0</coordinates>
                </LineString>
            </Placemark>
            <Placemark id="122">
                <name>Rota 03:03</name>
                <styleUrl>#123</styleUrl>
                <LineString id="121">
                    <altitudeMode>clampToGround</altitudeMode>
                    <coordinates>9.94034,45.14695,0.0 9.94034,45.14695,0.0 9.94034,45.14695,0.0 9.94034,45.14695,0.0 9.94034,45.14695,0.0 9.94034,45.14695,0.0 9.94034,45.14695,0.0 9.94034,45.14695,0.0 9.94034,45.14695,0.0 9.94034,45.14695,0.0 9.94034,45.14695,0.0 9.94034,45.1469,0.0 9.94034,45.1469,0.0 9.94034,45.1469,0.0 9.94034,45.1469,0.0 9.94034,45.1469,0.0 9.94034,45.1469,0.0 9.94034,45.1469,0.0 9.94034,45.1469,0.0 9.94034,45.1469,0.0 9.94034,45.1469,0.0 9.94034,45.1469,0.0 9.94034,45.1469,0.0 9.94034,45.1469,0.0 9.94034,45.1469,0.0 9.94034,45.1469,0.0 9.94034,45.1469,0.0 9.94034,45.1469,0.0 9.94037,45.14684,0.0 9.94037,45.14684,0.0 9.9404,45.1468,0.0 9.9404,45.1468,0.0 9.9404,45.1468,0.0 9.94042,45.14673,0.0 9.94042,45.14673,0.0 9.94042,45.14673,0.0 9.94042,45.14673,0.0 9.94042,45.14673,0.0 9.94042,45.14673,0.0 9.94042,45.14673,0.0 9.94042,45.14673,0.0 9.94042,45.14673,0.0 9.94042,45.14673,0.0 9.94042,45.14673,0.0 9.94042,45.14673,0.0 9.94042,45.14673,0.0 9.94042,45.14673,0.0 9.94042,45.14673,0.0 9.94042,45.14673,0.0 9.94042,45.14673,0.0 9.94042,45.14673,0.0 9.94042,45.14673,0.0 9.94042,45.14673,0.0 9.94042,45.14673,0.0 9.94042,45.14673,0.0 9.94042,45.14673,0.0 9.94042,45.14673,0.0 9.94042,45.14673,0.0 9.94042,45.14673,0.0 9.94044,45.14668,0.0</coordinates>
                </LineString>
            </Placemark>
            <Placemark id="126">
                <name>Rota 03:04</name>
                <styleUrl>#127</styleUrl>
                <LineString id="125">
                    <altitudeMode>clampToGround</altitudeMode>
                    <coordinates>9.94044,45.14668,0.0 9.94044,45.14668,0.0 9.94045,45.14661,0.0 9.94045,45.14661,0.0 9.94045,45.14661,0.0 9.94046,45.14655,0.0 9.94047,45.1465,0.0 9.94047,45.1465,0.0 9.94047,45.1465,0.0 9.94047,45.1465,0.0 9.94047,45.1465,0.0 9.94047,45.1465,0.0 9.94047,45.1465,0.0 9.94047,45.1465,0.0 9.94047,45.1465,0.0 9.94047,45.1465,0.0 9.94044,45.14644,0.0 9.94044,45.14644,0.0 9.94044,45.14644,0.0 9.94041,45.14639,0.0 9.9404,45.14633,0.0 9.9404,45.14633,0.0 9.9404,45.14627,0.0 9.9404,45.14627,0.0 9.9404,45.14627,0.0 9.9404,45.14621,0.0 9.9404,45.14621,0.0 9.94038,45.1462,0.0 9.94038,45.1462,0.0 9.94038,45.1462,0.0 9.94038,45.1462,0.0 9.94038,45.1462,0.0 9.94038,45.1462,0.0 9.9404,45.14616,0.0 9.9404,45.14616,0.0 9.9404,45.14616,0.0 9.9404,45.14616,0.0 9.94037,45.1462,0.0 9.94037,45.1462,0.0 9.94037,45.1462,0.0 9.94037,45.1462,0.0 9.94037,45.1462,0.0 9.94037,45.1462,0.0 9.94037,45.1462,0.0 9.94037,45.1462,0.0 9.94037,45.1462,0.0 9.94037,45.1462,0.0 9.94037,45.1462,0.0 9.9404,45.14616,0.0 9.9404,45.14616,0.0 9.9404,45.14616,0.0 9.9404,45.14616,0.0 9.9404,45.14616,0.0 9.9404,45.14616,0.0 9.9404,45.14616,0.0 9.9404,45.14616,0.0 9.9404,45.14616,0.0 9.9404,45.14616,0.0 9.94035,45.14619,0.0 9.94035,45.14619,0.0</coordinates>
                </LineString>
            </Placemark>
            <Placemark id="130">
                <name>Rota 03:05</name>
                <styleUrl>#131</styleUrl>
                <LineString id="129">
                    <altitudeMode>clampToGround</altitudeMode>
                    <coordinates>9.94035,45.14619,0.0 9.94035,45.14619,0.0 9.94035,45.14619,0.0 9.94035,45.14619,0.0 9.9404,45.14616,0.0 9.9404,45.14616,0.0 9.9404,45.14616,0.0 9.9404,45.14616,0.0 9.9404,45.14616,0.0 9.9404,45.14616,0.0 9.9404,45.14616,0.0 9.9404,45.14616,0.0 9.9404,45.14616,0.0 9.94038,45.14621,0.0 9.94038,45.14621,0.0 9.94038,45.14621,0.0 9.94038,45.14621,0.0 9.94038,45.14626,0.0 9.94038,45.14626,0.0 9.94038,45.14626,0.0 9.94038,45.14626,0.0 9.94038,45.14626,0.0 9.94038,45.14632,0.0 9.94038,45.14632,0.0 9.94038,45.14632,0.0 9.94038,45.14632,0.0 9.94038,45.14632,0.0 9.94038,45.14632,0.0 9.94038,45.14632,0.0 9.94036,45.14635,0.0 9.94036,45.14635,0.0 9.94036,45.14635,0.0 9.94036,45.14635,0.0 9.94036,45.14635,0.0 9.94036,45.14635,0.0 9.94039,45.14629,0.0 9.94039,45.14629,0.0 9.94039,45.14629,0.0 9.94039,45.14629,0.0 9.94039,45.14629,0.0 9.94039,45.14629,0.0 9.94038,45.14634,0.0 9.94038,45.14634,0.0 9.94038,45.14634,0.0 9.94038,45.14634,0.0 9.94035,45.14638,0.0 9.94035,45.14638,0.0 9.94035,45.14638,0.0 9.94035,45.14638,0.0 9.94035,45.14638,0.0 9.94035,45.14638,0.0 9.94035,45.14638,0.0 9.94035,45.14638,0.0 9.9404,45.14635,0.0 9.9404,45.14635,0.0 9.9404,45.14635,0.0 9.9404,45.14635,0.0 9.9404,45.14635,0.0 9.9404,45.14635,0.0 9.9404,45.14635,0.0</coordinates>
                </LineString>
            </Placemark>
            <Placemark id="134">
                <name>Rota 03:06</name>
                <styleUrl>#135</styleUrl>
                <LineString id="133">
                    <altitudeMode>clampToGround</altitudeMode>
                    <coordinates>9.9404,45.14635,0.0 9.94037,45.1464,0.0 9.94037,45.1464,0.0 9.94037,45.1464,0.0 9.94037,45.1464,0.0 9.94037,45.1464,0.0 9.94037,45.1464,0.0 9.94037,45.1464,0.0 9.94037,45.1464,0.0 9.94037,45.1464,0.0 9.94037,45.1464,0.0 9.94037,45.1464,0.0 9.94037,45.1464,0.0 9.94037,45.1464,0.0 9.9404,45.14636,0.0 9.9404,45.14636,0.0 9.9404,45.14636,0.0 9.9404,45.14636,0.0 9.9404,45.14636,0.0 9.9404,45.14636,0.0 9.9404,45.14636,0.0 9.94037,45.14642,0.0 9.94037,45.14642,0.0 9.94037,45.14642,0.0 9.94037,45.14642,0.0 9.94037,45.14642,0.0 9.94037,45.14642,0.0 9.94037,45.14642,0.0 9.94037,45.14642,0.0 9.94037,45.14642,0.0 9.94037,45.14642,0.0 9.94037,45.14642,0.0 9.94037,45.14642,0.0 9.94037,45.14642,0.0 9.94037,45.14642,0.0 9.94042,45.14638,0.0 9.94042,45.14638,0.0 9.94042,45.14638,0.0 9.94042,45.14638,0.0 9.94042,45.14638,0.0 9.94042,45.14638,0.0 9.94042,45.14638,0.0 9.94039,45.14643,0.0 9.94039,45.14643,0.0 9.94039,45.14643,0.0 9.94039,45.14643,0.0 9.94039,45.14643,0.0 9.94039,45.14643,0.0 9.94036,45.14647,0.0 9.94036,45.14647,0.0 9.94036,45.14647,0.0 9.94036,45.14647,0.0 9.94036,45.14647,0.0 9.94036,45.14647,0.0 9.94041,45.14642,0.0 9.94041,45.14642,0.0 9.94041,45.14642,0.0 9.94041,45.14642,0.0 9.94041,45.14642,0.0 9.94041,45.14642,0.0</coordinates>
                </LineString>
            </Placemark>
            <Placemark id="138">
                <name>Rota 03:07</name>
                <styleUrl>#139</styleUrl>
                <LineString id="137">
                    <altitudeMode>clampToGround</altitudeMode>
                    <coordinates>9.94041,45.14642,0.0 9.94041,45.14642,0.0 9.94041,45.14642,0.0 9.94041,45.14642,0.0 9.94038,45.14647,0.0 9.94038,45.14647,0.0 9.94038,45.14647,0.0 9.94038,45.14647,0.0 9.94038,45.14647,0.0 9.94038,45.14647,0.0 9.94038,45.14647,0.0 9.94038,45.14647,0.0 9.94038,45.14647,0.0 9.94038,45.14647,0.0 9.94038,45.14647,0.0 9.94038,45.14647,0.0 9.94038,45.14647,0.0 9.94038,45.14647,0.0 9.94038,45.14647,0.0 9.94038,45.14647,0.0 9.94038,45.14647,0.0 9.94046,45.14646,0.0 9.94046,45.14646,0.0 9.94046,45.14646,0.0 9.94046,45.14646,0.0 9.94046,45.14646,0.0 9.94046,45.14646,0.0 9.94046,45.14646,0.0 9.94046,45.14646,0.0 9.94046,45.14646,0.0 9.94046,45.14646,0.0 9.94046,45.14646,0.0 9.94046,45.14646,0.0 9.94042,45.1465,0.0 9.94042,45.1465,0.0 9.94042,45.1465,0.0 9.94042,45.14657,0.0 9.94042,45.14657,0.0 9.94042,45.14663,0.0 9.94042,45.14663,0.0 9.94041,45.14669,0.0 9.94041,45.14669,0.0 9.94041,45.14669,0.0 9.94041,45.14674,0.0 9.94041,45.14679,0.0 9.94041,45.14679,0.0 9.94041,45.14679,0.0 9.94041,45.14679,0.0 9.94041,45.14679,0.0 9.94044,45.14684,0.0 9.94044,45.14684,0.0 9.94044,45.14684,0.0 9.94044,45.14684,0.0 9.94044,45.14684,0.0 9.94044,45.14684,0.0 9.94044,45.14684,0.0 9.94044,45.14684,0.0 9.94044,45.14684,0.0 9.94044,45.14684,0.0 9.94044,45.14684,0.0</coordinates>
                </LineString>
            </Placemark>
            <Placemark id="142">
                <name>Rota 03:08</name>
                <styleUrl>#143</styleUrl>
                <LineString id="141">
                    <altitudeMode>clampToGround</altitudeMode>
                    <coordinates>9.94044,45.14684,0.0 9.94044,45.14684,0.0 9.94044,45.14684,0.0 9.94038,45.14681,0.0 9.94038,45.14681,0.0 9.94038,45.14681,0.0 9.94038,45.14681,0.0 9.9404,45.14675,0.0 9.9404,45.14675,0.0 9.9404,45.14675,0.0 9.9404,45.14675,0.0 9.94042,45.1467,0.0 9.94042,45.1467,0.0 9.94042,45.1467,0.0 9.94043,45.14664,0.0 9.94043,45.14664,0.0 9.94043,45.14664,0.0 9.94043,45.14664,0.0 9.94043,45.14664,0.0 9.94043,45.14664,0.0 9.94043,45.14664,0.0 9.94043,45.14664,0.0 9.94043,45.14664,0.0 9.94043,45.14664,0.0 9.94043,45.14664,0.0 9.94043,45.14664,0.0 9.94044,45.14669,0.0 9.94044,45.14669,0.0 9.94044,45.14669,0.0 9.94044,45.14669,0.0 9.94044,45.14669,0.0 9.94044,45.14669,0.0 9.94044,45.14669,0.0 9.94044,45.14669,0.0 9.94044,45.14669,0.0 9.94044,45.14669,0.0 9.94044,45.14669,0.0 9.94044,45.14669,0.0 9.94044,45.14669,0.0 9.94044,45.14669,0.0 9.94044,45.14669,0.0 9.94044,45.14669,0.0 9.94044,45.14669,0.0 9.94044,45.14669,0.0 9.94044,45.14669,0.0 9.94044,45.14669,0.0 9.94044,45.14669,0.0 9.94047,45.14674,0.0 9.94047,45.14674,0.0 9.94047,45.14679,0.0 9.94047,45.14679,0.0 9.94047,45.14679,0.0 9.94046,45.14685,0.0 9.94045,45.1469,0.0 9.94045,45.1469,0.0 9.94044,45.14696,0.0 9.94044,45.14696,0.0 9.94044,45.14696,0.0 9.94043,45.14701,0.0 9.94043,45.14706,0.0</coordinates>
                </LineString>
            </Placemark>
            <Placemark id="146">
                <name>Rota 03:09</name>
                <styleUrl>#147</styleUrl>
                <LineString id="145">
                    <altitudeMode>clampToGround</altitudeMode>
                    <coordinates>9.94043,45.14706,0.0 9.94043,45.14712,0.0 9.94043,45.14712,0.0 9.94043,45.14712,0.0 9.94043,45.14717,0.0 9.94044,45.14722,0.0 9.94044,45.14722,0.0 9.94045,45.14727,0.0 9.94045,45.14727,0.0 9.94045,45.14727,0.0 9.94045,45.14732,0.0 9.94045,45.14732,0.0 9.9404,45.14737,0.0 9.9404,45.14737,0.0 9.9404,45.14737,0.0 9.9404,45.14737,0.0 9.9404,45.14737,0.0 9.9404,45.14737,0.0 9.9404,45.14737,0.0 9.9404,45.14737,0.0 9.9404,45.14737,0.0 9.9404,45.14737,0.0 9.9404,45.14737,0.0 9.9404,45.14737,0.0 9.9404,45.14737,0.0 9.9404,45.14737,0.0 9.9404,45.14737,0.0 9.9404,45.14737,0.0 9.9404,45.14737,0.0 9.94033,45.14737,0.0 9.94033,45.14737,0.0 9.94033,45.14737,0.0 9.94033,45.14737,0.0 9.94033,45.14737,0.0 9.94033,45.14737,0.0 9.94033,45.14737,0.0 9.94033,45.14737,0.0 9.94037,45.14742,0.0 9.94037,45.14742,0.0 9.94037,45.14742,0.0 9.94037,45.14742,0.0 9.94037,45.14742,0.0 9.94037,45.14742,0.0 9.94037,45.14742,0.0 9.94037,45.14742,0.0 9.94037,45.14742,0.0 9.94037,45.14742,0.0 9.94037,45.14742,0.0 9.94031,45.1474,0.0 9.94031,45.1474,0.0 9.94031,45.1474,0.0 9.94031,45.1474,0.0 9.94031,45.1474,0.0 9.94031,45.1474,0.0 9.94031,45.1474,0.0 9.94036,45.14743,0.0 9.94036,45.14743,0.0 9.94036,45.14743,0.0 9.94036,45.14743,0.0 9.94036,45.14743,0.0</coordinates>
                </LineString>
            </Placemark>
            <Placemark id="150">
                <name>Rota 03:10</name>
                <styleUrl>#151</styleUrl>
                <LineString id="149">
                    <altitudeMode>clampToGround</altitudeMode>
                    <coordinates>9.94036,45.14743,0.0 9.94036,45.14743,0.0 9.94036,45.14743,0.0 9.94036,45.14743,0.0 9.94036,45.14743,0.0 9.94029,45.14742,0.0 9.94029,45.14742,0.0 9.94029,45.14742,0.0 9.94029,45.14742,0.0 9.94029,45.14742,0.0 9.94029,45.14742,0.0 9.94029,45.14742,0.0 9.94029,45.14742,0.0 9.94029,45.14742,0.0 9.94029,45.14742,0.0 9.94029,45.14742,0.0 9.94029,45.14742,0.0 9.94029,45.14742,0.0 9.94029,45.14742,0.0 9.94029,45.14742,0.0 9.94029,45.14742,0.0 9.94029,45.14742,0.0 9.94029,45.14742,0.0 9.94029,45.14742,0.0 9.94029,45.14742,0.0 9.94029,45.14742,0.0 9.94029,45.14742,0.0 9.94029,45.14742,0.0 9.94029,45.14742,0.0 9.94029,45.14742,0.0 9.94029,45.14742,0.0 9.94029,45.14742,0.0 9.94022,45.14742,0.0 9.94022,45.14742,0.0 9.94022,45.14742,0.0 9.94022,45.14742,0.0 9.94022,45.14742,0.0 9.94022,45.14742,0.0 9.94022,45.14742,0.0 9.94022,45.14742,0.0 9.94022,45.14742,0.0 9.94029,45.14746,0.0 9.94029,45.14746,0.0 9.94029,45.14746,0.0 9.94029,45.14746,0.0 9.94029,45.14746,0.0 9.94029,45.14746,0.0 9.94029,45.14746,0.0 9.94022,45.14745,0.0 9.94022,45.14745,0.0 9.94022,45.14745,0.0 9.94022,45.14745,0.0 9.94022,45.14745,0.0 9.94022,45.14745,0.0 9.94022,45.14745,0.0 9.94022,45.14745,0.0 9.94022,45.14745,0.0 9.94022,45.14745,0.0 9.94022,45.14745,0.0 9.94015,45.14742,0.0</coordinates>
                </LineString>
            </Placemark>
            <Placemark id="154">
                <name>Rota 03:11</name>
                <styleUrl>#155</styleUrl>
                <LineString id="153">
                    <altitudeMode>clampToGround</altitudeMode>
                    <coordinates>9.94015,45.14742,0.0 9.94015,45.14742,0.0 9.94015,45.14742,0.0 9.94015,45.14742,0.0 9.94015,45.14742,0.0 9.94015,45.14742,0.0 9.9402,45.14745,0.0 9.9402,45.14745,0.0 9.9402,45.14745,0.0 9.9402,45.14745,0.0 9.9402,45.14745,0.0 9.94027,45.14746,0.0 9.94027,45.14746,0.0 9.94027,45.14746,0.0 9.94034,45.14749,0.0 9.94034,45.14749,0.0 9.94034,45.14749,0.0 9.94034,45.14749,0.0 9.94034,45.14749,0.0 9.94034,45.14749,0.0 9.94034,45.14749,0.0 9.94039,45.14745,0.0 9.94039,45.14745,0.0 9.94039,45.14745,0.0 9.94047,45.14744,0.0 9.94055,45.14744,0.0 9.94055,45.14744,0.0 9.94063,45.14744,0.0 9.94063,45.14744,0.0 9.94063,45.14744,0.0 9.94073,45.14745,0.0 9.94082,45.14746,0.0 9.94082,45.14746,0.0 9.94091,45.14746,0.0 9.94091,45.14746,0.0 9.94098,45.14746,0.0 9.94098,45.14746,0.0 9.94098,45.14746,0.0 9.94107,45.14743,0.0 9.94107,45.14743,0.0 9.94107,45.14743,0.0 9.9411,45.14737,0.0 9.9411,45.14737,0.0 9.9411,45.14737,0.0 9.94111,45.14729,0.0 9.94111,45.14729,0.0 9.94111,45.14729,0.0 9.94112,45.14722,0.0 9.94112,45.14722,0.0 9.94112,45.14722,0.0 9.94112,45.14722,0.0 9.94114,45.14716,0.0 9.94114,45.14716,0.0 9.94114,45.14716,0.0 9.94114,45.14716,0.0 9.94114,45.14716,0.0 9.94114,45.14716,0.0 9.94113,45.14721,0.0 9.94113,45.14721,0.0 9.94112,45.14726,0.0</coordinates>
                </LineString>
            </Placemark>
            <Placemark id="158">
                <name>Rota 03:12</name>
                <styleUrl>#159</styleUrl>
                <LineString id="157">
                    <altitudeMode>clampToGround</altitudeMode>
                    <coordinates>9.94112,45.14726,0.0 9.94112,45.14726,0.0 9.94112,45.14726,0.0 9.94112,45.14726,0.0 9.94112,45.14726,0.0 9.94112,45.14726,0.0 9.94112,45.14726,0.0 9.94112,45.14726,0.0 9.94112,45.14726,0.0 9.94112,45.14726,0.0 9.94112,45.14726,0.0 9.94112,45.14726,0.0 9.94112,45.14726,0.0 9.94112,45.14726,0.0 9.94112,45.14726,0.0 9.94112,45.14726,0.0 9.94112,45.14726,0.0 9.94112,45.14726,0.0 9.94112,45.14726,0.0 9.94112,45.14726,0.0 9.94112,45.14726,0.0 9.94112,45.14726,0.0 9.94112,45.14726,0.0 9.94112,45.14726,0.0 9.94112,45.14726,0.0 9.94112,45.14726,0.0 9.94112,45.14726,0.0 9.94112,45.14726,0.0 9.94112,45.14726,0.0 9.94112,45.14726,0.0 9.94112,45.14726,0.0 9.94112,45.14726,0.0 9.94112,45.14726,0.0 9.94112,45.14726,0.0 9.94112,45.14726,0.0 9.94112,45.14726,0.0 9.94112,45.14726,0.0 9.94112,45.14726,0.0 9.94112,45.14726,0.0 9.94112,45.14726,0.0 9.94112,45.14726,0.0 9.94112,45.14726,0.0 9.94112,45.14726,0.0 9.94112,45.14726,0.0 9.94112,45.14726,0.0 9.94112,45.14726,0.0 9.94112,45.14726,0.0 9.94112,45.14726,0.0 9.94112,45.14726,0.0 9.94112,45.14726,0.0 9.94112,45.14726,0.0 9.94112,45.14726,0.0 9.94112,45.14726,0.0 9.94112,45.14726,0.0 9.94112,45.14726,0.0 9.94112,45.14726,0.0 9.94112,45.14726,0.0 9.94112,45.14726,0.0 9.94112,45.14726,0.0 9.94112,45.14726,0.0</coordinates>
                </LineString>
            </Placemark>
            <Placemark id="162">
                <name>Rota 03:13</name>
                <styleUrl>#163</styleUrl>
                <LineString id="161">
                    <altitudeMode>clampToGround</altitudeMode>
                    <coordinates>9.94112,45.14726,0.0 9.94112,45.14726,0.0 9.94112,45.14726,0.0 9.94112,45.14726,0.0 9.94112,45.14726,0.0 9.94112,45.14726,0.0 9.94112,45.14726,0.0 9.94112,45.14726,0.0 9.94112,45.14726,0.0 9.94112,45.14726,0.0 9.94112,45.14726,0.0 9.94112,45.14726,0.0 9.94112,45.14726,0.0 9.94112,45.14726,0.0 9.94112,45.14726,0.0 9.94112,45.14726,0.0 9.94112,45.14726,0.0 9.94112,45.14726,0.0 9.94112,45.14726,0.0 9.94112,45.14726,0.0 9.94112,45.14726,0.0 9.94112,45.14726,0.0 9.94112,45.14726,0.0 9.94112,45.14726,0.0 9.94112,45.14726,0.0 9.94112,45.14726,0.0 9.94112,45.14726,0.0 9.94112,45.14726,0.0 9.94112,45.14726,0.0 9.94112,45.14726,0.0 9.94112,45.14726,0.0 9.94112,45.14726,0.0 9.94112,45.14726,0.0 9.94112,45.14726,0.0 9.94112,45.14726,0.0 9.94112,45.14726,0.0 9.94112,45.14726,0.0 9.94112,45.14726,0.0 9.94112,45.14726,0.0 9.94112,45.14726,0.0 9.94112,45.14726,0.0 9.94112,45.14726,0.0 9.94112,45.14726,0.0 9.94112,45.14726,0.0 9.94112,45.14726,0.0 9.94112,45.14726,0.0 9.94112,45.14726,0.0 9.94112,45.14726,0.0 9.94112,45.14726,0.0 9.94112,45.14726,0.0 9.94112,45.14726,0.0 9.94112,45.14726,0.0 9.94112,45.14726,0.0 9.94112,45.14726,0.0 9.94112,45.14726,0.0 9.94112,45.14726,0.0 9.94112,45.14726,0.0 9.94112,45.14726,0.0 9.94112,45.14726,0.0 9.94112,45.14726,0.0</coordinates>
                </LineString>
            </Placemark>
            <Placemark id="166">
                <name>Rota 03:14</name>
                <styleUrl>#167</styleUrl>
                <LineString id="165">
                    <altitudeMode>clampToGround</altitudeMode>
                    <coordinates>9.94112,45.14726,0.0 9.94112,45.14726,0.0 9.94112,45.14726,0.0 9.94112,45.14726,0.0 9.94112,45.14726,0.0 9.94112,45.14726,0.0 9.94112,45.14726,0.0 9.94112,45.14726,0.0 9.94112,45.14726,0.0 9.94112,45.14726,0.0 9.94112,45.14726,0.0 9.94112,45.14726,0.0 9.94112,45.14726,0.0 9.94112,45.14726,0.0 9.94112,45.14726,0.0 9.94112,45.14726,0.0 9.94112,45.14726,0.0 9.94112,45.14726,0.0 9.94112,45.14726,0.0 9.94112,45.14726,0.0 9.94112,45.14726,0.0 9.94112,45.14726,0.0 9.94112,45.14726,0.0 9.94112,45.14726,0.0 9.94112,45.14726,0.0 9.94112,45.14726,0.0 9.94112,45.14726,0.0 9.94112,45.14726,0.0 9.94112,45.14726,0.0 9.94112,45.14726,0.0 9.94112,45.14726,0.0 9.94112,45.14726,0.0 9.94112,45.14726,0.0 9.94112,45.14726,0.0 9.94112,45.14726,0.0 9.94112,45.14726,0.0 9.94112,45.14726,0.0 9.94112,45.14726,0.0 9.94112,45.14726,0.0 9.94112,45.14726,0.0 9.94112,45.14726,0.0 9.94112,45.14726,0.0 9.94112,45.14726,0.0 9.94112,45.14726,0.0 9.94112,45.14726,0.0 9.94112,45.14726,0.0 9.94112,45.14726,0.0 9.94112,45.14726,0.0 9.94112,45.14726,0.0 9.94112,45.14726,0.0 9.94112,45.14726,0.0 9.94112,45.14726,0.0 9.94112,45.14726,0.0 9.94112,45.14726,0.0 9.94112,45.14726,0.0 9.94112,45.14726,0.0 9.94112,45.14726,0.0 9.94112,45.14726,0.0 9.94112,45.14726,0.0 9.94112,45.14726,0.0</coordinates>
                </LineString>
            </Placemark>
            <Placemark id="170">
                <name>Rota 03:15</name>
                <styleUrl>#171</styleUrl>
                <LineString id="169">
                    <altitudeMode>clampToGround</altitudeMode>
                    <coordinates>9.94112,45.14726,0.0 9.94112,45.14726,0.0 9.94112,45.14726,0.0 9.94112,45.14726,0.0 9.94112,45.14726,0.0 9.94112,45.14726,0.0 9.94112,45.14726,0.0 9.94112,45.14726,0.0 9.94112,45.14726,0.0 9.94112,45.14726,0.0 9.94112,45.14726,0.0 9.94112,45.14726,0.0 9.94112,45.14726,0.0 9.94112,45.14726,0.0 9.94112,45.14726,0.0 9.94112,45.14726,0.0 9.94112,45.14726,0.0 9.94112,45.14726,0.0 9.94112,45.14726,0.0 9.94112,45.14726,0.0 9.94112,45.14726,0.0 9.94112,45.14726,0.0 9.94112,45.14726,0.0 9.94112,45.14726,0.0 9.94112,45.14726,0.0 9.94112,45.14726,0.0 9.94112,45.14726,0.0 9.94112,45.14726,0.0 9.94112,45.14726,0.0 9.94112,45.14726,0.0 9.94112,45.14726,0.0 9.94112,45.14726,0.0 9.94112,45.14726,0.0 9.94112,45.14726,0.0 9.94112,45.14726,0.0 9.94112,45.14726,0.0 9.94112,45.14726,0.0 9.94112,45.14726,0.0 9.94112,45.14726,0.0 9.94112,45.14726,0.0 9.94112,45.14726,0.0 9.94112,45.14726,0.0 9.94112,45.14726,0.0 9.94112,45.14726,0.0 9.94112,45.14726,0.0 9.94112,45.14726,0.0 9.94112,45.14726,0.0 9.94112,45.14726,0.0 9.94112,45.14726,0.0 9.94112,45.14726,0.0 9.94112,45.14726,0.0 9.94112,45.14726,0.0 9.94112,45.14726,0.0 9.94112,45.14726,0.0 9.94112,45.14726,0.0 9.94112,45.14726,0.0 9.94112,45.14726,0.0 9.94112,45.14726,0.0 9.94112,45.14726,0.0 9.94112,45.14726,0.0</coordinates>
                </LineString>
            </Placemark>
            <Placemark id="174">
                <name>Rota 03:16</name>
                <styleUrl>#175</styleUrl>
                <LineString id="173">
                    <altitudeMode>clampToGround</altitudeMode>
                    <coordinates>9.94112,45.14726,0.0 9.94112,45.14726,0.0 9.94112,45.14726,0.0 9.94112,45.14726,0.0 9.94112,45.14726,0.0 9.94112,45.14726,0.0 9.94112,45.14726,0.0 9.94112,45.14726,0.0 9.94112,45.14726,0.0 9.94112,45.14726,0.0 9.94112,45.14726,0.0 9.94112,45.14726,0.0 9.94112,45.14726,0.0 9.94112,45.14726,0.0 9.94112,45.14726,0.0 9.94112,45.14726,0.0 9.94112,45.14726,0.0 9.94112,45.14726,0.0 9.94112,45.14726,0.0 9.94112,45.14726,0.0 9.94112,45.14726,0.0 9.94112,45.14726,0.0 9.94112,45.14726,0.0 9.94112,45.14726,0.0 9.94112,45.14726,0.0 9.94112,45.14726,0.0 9.94112,45.14726,0.0 9.94112,45.14726,0.0 9.94112,45.14726,0.0 9.94112,45.14726,0.0 9.94112,45.14726,0.0 9.94112,45.14726,0.0 9.94112,45.14726,0.0 9.94112,45.14726,0.0 9.94112,45.14726,0.0 9.94112,45.14726,0.0 9.94112,45.14726,0.0 9.94112,45.14726,0.0 9.94112,45.14726,0.0 9.94112,45.14726,0.0 9.94112,45.14726,0.0 9.94112,45.14726,0.0 9.94112,45.14726,0.0 9.94112,45.14726,0.0 9.94112,45.14726,0.0 9.94112,45.14726,0.0 9.94112,45.14726,0.0 9.94112,45.14726,0.0 9.94112,45.14726,0.0 9.94112,45.14726,0.0 9.94112,45.14726,0.0 9.94112,45.14726,0.0 9.94112,45.14726,0.0 9.94112,45.14726,0.0 9.94112,45.14726,0.0 9.94112,45.14726,0.0 9.94112,45.14726,0.0 9.94112,45.14726,0.0 9.94112,45.14726,0.0 9.94112,45.14726,0.0</coordinates>
                </LineString>
            </Placemark>
            <Placemark id="178">
                <name>Rota 03:17</name>
                <styleUrl>#179</styleUrl>
                <LineString id="177">
                    <altitudeMode>clampToGround</altitudeMode>
                    <coordinates>9.94112,45.14726,0.0 9.94112,45.14726,0.0 9.94112,45.14726,0.0 9.94112,45.14726,0.0 9.94112,45.14726,0.0 9.94112,45.14726,0.0 9.94112,45.14726,0.0 9.94112,45.14726,0.0 9.94112,45.14726,0.0 9.94112,45.14726,0.0 9.94112,45.14726,0.0 9.94112,45.14726,0.0 9.94112,45.14726,0.0 9.94112,45.14726,0.0 9.94112,45.14726,0.0 9.94112,45.14726,0.0 9.94112,45.14726,0.0 9.94112,45.14726,0.0 9.94112,45.14726,0.0 9.94112,45.14726,0.0 9.94112,45.14726,0.0 9.94112,45.14726,0.0 9.94112,45.14726,0.0 9.94112,45.14726,0.0 9.94112,45.14726,0.0 9.94112,45.14726,0.0 9.94112,45.14726,0.0 9.94112,45.14726,0.0 9.94112,45.14726,0.0 9.94112,45.14726,0.0 9.94112,45.14726,0.0 9.94112,45.14726,0.0 9.94112,45.14726,0.0 9.94112,45.14726,0.0 9.94112,45.14726,0.0 9.94112,45.14726,0.0 9.94112,45.14726,0.0 9.94112,45.14726,0.0 9.94112,45.14726,0.0 9.94112,45.14726,0.0 9.94112,45.14726,0.0 9.94112,45.14726,0.0 9.94112,45.14726,0.0 9.94112,45.14726,0.0 9.94112,45.14726,0.0 9.94112,45.14726,0.0 9.94112,45.14726,0.0 9.94112,45.14726,0.0 9.94112,45.14726,0.0 9.94112,45.14726,0.0 9.94112,45.14726,0.0 9.94112,45.14726,0.0 9.94112,45.14726,0.0 9.94112,45.14726,0.0 9.94112,45.14726,0.0 9.94112,45.14726,0.0 9.94112,45.14726,0.0 9.94112,45.14726,0.0 9.94112,45.14726,0.0 9.94112,45.14726,0.0</coordinates>
                </LineString>
            </Placemark>
            <Placemark id="182">
                <name>Rota 03:18</name>
                <styleUrl>#183</styleUrl>
                <LineString id="181">
                    <altitudeMode>clampToGround</altitudeMode>
                    <coordinates>9.94112,45.14726,0.0 9.94112,45.14726,0.0 9.94112,45.14726,0.0 9.94112,45.14726,0.0 9.94112,45.14726,0.0 9.94112,45.14726,0.0 9.94112,45.14726,0.0 9.94112,45.14726,0.0 9.94112,45.14726,0.0 9.94112,45.14726,0.0 9.94112,45.14726,0.0 9.94112,45.14726,0.0 9.94112,45.14726,0.0 9.94112,45.14726,0.0 9.94112,45.14726,0.0 9.94112,45.14726,0.0 9.94112,45.14726,0.0 9.94112,45.14726,0.0 9.94112,45.14726,0.0 9.94112,45.14726,0.0 9.94112,45.14726,0.0 9.94112,45.14726,0.0 9.94112,45.14726,0.0 9.94112,45.14726,0.0 9.94112,45.14726,0.0 9.94112,45.14726,0.0 9.94112,45.14726,0.0 9.94112,45.14726,0.0 9.94112,45.14726,0.0 9.94112,45.14726,0.0 9.94112,45.14726,0.0 9.94112,45.14726,0.0 9.94112,45.14726,0.0 9.94112,45.14726,0.0 9.94112,45.14726,0.0 9.94112,45.14726,0.0 9.94112,45.14726,0.0 9.94112,45.14726,0.0 9.94112,45.14726,0.0 9.94112,45.14726,0.0 9.94112,45.14726,0.0 9.94112,45.14726,0.0 9.94112,45.14726,0.0 9.94112,45.14726,0.0 9.94112,45.14726,0.0 9.94112,45.14726,0.0 9.94112,45.14726,0.0 9.94112,45.14726,0.0 9.94112,45.14726,0.0 9.94112,45.14726,0.0 9.94112,45.14726,0.0 9.94112,45.14726,0.0 9.94112,45.14726,0.0 9.94112,45.14726,0.0 9.94112,45.14726,0.0 9.94112,45.14726,0.0 9.94112,45.14726,0.0 9.94112,45.14726,0.0 9.94112,45.14726,0.0 9.94112,45.14726,0.0</coordinates>
                </LineString>
            </Placemark>
            <Placemark id="186">
                <name>Rota 03:19</name>
                <styleUrl>#187</styleUrl>
                <LineString id="185">
                    <altitudeMode>clampToGround</altitudeMode>
                    <coordinates>9.94112,45.14726,0.0 9.94112,45.14726,0.0 9.94112,45.14726,0.0 9.94112,45.14726,0.0 9.94112,45.14726,0.0 9.94112,45.14726,0.0 9.94112,45.14726,0.0 9.94112,45.14726,0.0 9.94112,45.14726,0.0 9.94112,45.14726,0.0 9.94112,45.14726,0.0 9.94112,45.14726,0.0 9.94112,45.14726,0.0 9.94112,45.14726,0.0 9.94112,45.14726,0.0 9.94112,45.14726,0.0 9.94112,45.14726,0.0 9.94112,45.14726,0.0 9.94112,45.14726,0.0 9.94112,45.14726,0.0 9.94112,45.14726,0.0 9.94112,45.14726,0.0 9.94112,45.14726,0.0 9.94112,45.14726,0.0 9.94112,45.14726,0.0 9.94112,45.14726,0.0 9.94112,45.14726,0.0 9.94112,45.14726,0.0 9.94112,45.14726,0.0 9.94112,45.14726,0.0 9.94112,45.14726,0.0 9.94112,45.14726,0.0 9.94112,45.14726,0.0 9.94112,45.14726,0.0 9.94112,45.14726,0.0 9.94112,45.14726,0.0 9.94112,45.14726,0.0 9.94112,45.14726,0.0 9.94112,45.14726,0.0 9.94112,45.14726,0.0 9.94112,45.14726,0.0 9.94112,45.14726,0.0 9.94112,45.14726,0.0 9.94112,45.14726,0.0 9.94112,45.14726,0.0 9.94112,45.14726,0.0 9.94112,45.14726,0.0 9.94112,45.14726,0.0 9.94112,45.14726,0.0 9.94112,45.14726,0.0 9.94112,45.14726,0.0 9.94112,45.14726,0.0 9.94112,45.14726,0.0 9.94112,45.14726,0.0 9.94112,45.14726,0.0 9.94112,45.14726,0.0 9.94112,45.14726,0.0 9.94112,45.14726,0.0 9.94112,45.14726,0.0 9.94112,45.14726,0.0</coordinates>
                </LineString>
            </Placemark>
            <Placemark id="190">
                <name>Rota 03:20</name>
                <styleUrl>#191</styleUrl>
                <LineString id="189">
                    <altitudeMode>clampToGround</altitudeMode>
                    <coordinates>9.94112,45.14726,0.0 9.94112,45.14726,0.0 9.94112,45.14726,0.0 9.94112,45.14726,0.0 9.94112,45.14726,0.0 9.94112,45.14726,0.0 9.94112,45.14726,0.0 9.94112,45.14726,0.0 9.94112,45.14726,0.0 9.94112,45.14726,0.0 9.94112,45.14726,0.0 9.94112,45.14726,0.0 9.94112,45.14726,0.0 9.94112,45.14726,0.0 9.94112,45.14726,0.0 9.94112,45.14726,0.0 9.94112,45.14726,0.0 9.94112,45.14726,0.0 9.94112,45.14726,0.0 9.94112,45.14726,0.0 9.94112,45.14726,0.0 9.94112,45.14726,0.0 9.94112,45.14726,0.0 9.94112,45.14726,0.0 9.94112,45.14726,0.0 9.94112,45.14726,0.0 9.94112,45.14726,0.0 9.94112,45.14726,0.0 9.94112,45.14726,0.0 9.94112,45.14726,0.0 9.94112,45.14726,0.0 9.94112,45.14726,0.0 9.94112,45.14726,0.0 9.94112,45.14726,0.0 9.94112,45.14726,0.0 9.94112,45.14726,0.0 9.94112,45.14726,0.0 9.94112,45.14726,0.0 9.94112,45.14726,0.0 9.94112,45.14726,0.0 9.94112,45.14726,0.0 9.94112,45.14726,0.0 9.94112,45.14726,0.0 9.94112,45.14726,0.0 9.94112,45.14726,0.0 9.94112,45.14726,0.0 9.94112,45.14726,0.0 9.94112,45.14726,0.0 9.94112,45.14726,0.0 9.94112,45.14726,0.0 9.94112,45.14726,0.0 9.94112,45.14726,0.0 9.94112,45.14726,0.0 9.94112,45.14726,0.0 9.94112,45.14726,0.0 9.94112,45.14726,0.0 9.94112,45.14726,0.0 9.94112,45.14726,0.0 9.94112,45.14726,0.0 9.94112,45.14726,0.0</coordinates>
                </LineString>
            </Placemark>
            <Placemark id="194">
                <name>Rota 03:21</name>
                <styleUrl>#195</styleUrl>
                <LineString id="193">
                    <altitudeMode>clampToGround</altitudeMode>
                    <coordinates>9.94112,45.14726,0.0 9.94112,45.14726,0.0 9.94112,45.14726,0.0 9.94112,45.14726,0.0 9.94112,45.14726,0.0 9.94112,45.14726,0.0 9.94112,45.14726,0.0 9.94112,45.14726,0.0 9.94112,45.14726,0.0 9.94112,45.14726,0.0 9.94112,45.14726,0.0 9.94112,45.14726,0.0 9.94112,45.14726,0.0 9.94112,45.14726,0.0 9.94112,45.14726,0.0 9.94112,45.14726,0.0 9.94112,45.14726,0.0 9.94112,45.14726,0.0 9.94112,45.14726,0.0 9.94112,45.14726,0.0 9.94112,45.14726,0.0 9.94112,45.14726,0.0 9.94112,45.14726,0.0 9.94112,45.14726,0.0 9.94112,45.14726,0.0 9.94112,45.14726,0.0 9.94112,45.14726,0.0 9.94112,45.14726,0.0 9.94112,45.14726,0.0 9.94112,45.14726,0.0 9.94112,45.14726,0.0 9.94112,45.14726,0.0 9.94112,45.14726,0.0 9.94112,45.14726,0.0 9.94112,45.14726,0.0 9.94112,45.14726,0.0 9.94112,45.14726,0.0 9.94112,45.14726,0.0 9.94112,45.14726,0.0 9.94112,45.14726,0.0 9.94112,45.14726,0.0 9.94112,45.14726,0.0 9.94112,45.14726,0.0 9.94112,45.14726,0.0 9.94112,45.14726,0.0 9.94112,45.14726,0.0 9.94112,45.14726,0.0 9.94112,45.14726,0.0 9.94112,45.14726,0.0 9.94112,45.14726,0.0 9.94112,45.14726,0.0 9.94112,45.14726,0.0 9.94112,45.14726,0.0 9.94112,45.14726,0.0 9.94112,45.14726,0.0 9.94112,45.14726,0.0 9.94112,45.14726,0.0 9.94112,45.14726,0.0 9.94112,45.14726,0.0 9.94112,45.14726,0.0</coordinates>
                </LineString>
            </Placemark>
            <Placemark id="198">
                <name>Rota 03:22</name>
                <styleUrl>#199</styleUrl>
                <LineString id="197">
                    <altitudeMode>clampToGround</altitudeMode>
                    <coordinates>9.94112,45.14726,0.0 9.94112,45.14726,0.0 9.94112,45.14726,0.0 9.94112,45.14726,0.0 9.94112,45.14726,0.0 9.94112,45.14726,0.0 9.94112,45.14726,0.0 9.94112,45.14726,0.0 9.94112,45.14726,0.0 9.94112,45.14726,0.0 9.94112,45.14726,0.0 9.94112,45.14726,0.0 9.94112,45.14726,0.0 9.94112,45.14726,0.0 9.94112,45.14726,0.0 9.94112,45.14726,0.0 9.94112,45.14726,0.0 9.94112,45.14726,0.0 9.94112,45.14726,0.0 9.94112,45.14726,0.0 9.94112,45.14726,0.0 9.94112,45.14726,0.0 9.94112,45.14726,0.0 9.94112,45.14726,0.0 9.94112,45.14726,0.0 9.94112,45.14726,0.0 9.94112,45.14726,0.0 9.94112,45.14726,0.0 9.94112,45.14726,0.0 9.94112,45.14726,0.0 9.94112,45.14726,0.0 9.94112,45.14726,0.0 9.94112,45.14726,0.0 9.94112,45.14726,0.0 9.94112,45.14726,0.0 9.94112,45.14726,0.0 9.94112,45.14726,0.0 9.94112,45.14726,0.0 9.94112,45.14726,0.0 9.94112,45.14726,0.0 9.94112,45.14726,0.0 9.94112,45.14726,0.0 9.94112,45.14726,0.0 9.94112,45.14726,0.0 9.94112,45.14726,0.0 9.94112,45.14726,0.0 9.94112,45.14726,0.0 9.94112,45.14726,0.0 9.94112,45.14726,0.0 9.94112,45.14726,0.0 9.94112,45.14726,0.0 9.94112,45.14726,0.0 9.94112,45.14726,0.0 9.94112,45.14726,0.0 9.94112,45.14726,0.0 9.94112,45.14726,0.0 9.94112,45.14726,0.0 9.94112,45.14726,0.0 9.94112,45.14726,0.0 9.94112,45.14726,0.0</coordinates>
                </LineString>
            </Placemark>
            <Placemark id="202">
                <name>Rota 03:23</name>
                <styleUrl>#203</styleUrl>
                <LineString id="201">
                    <altitudeMode>clampToGround</altitudeMode>
                    <coordinates>9.94112,45.14726,0.0 9.94112,45.14726,0.0 9.94112,45.14726,0.0 9.94112,45.14726,0.0 9.94112,45.14726,0.0 9.94112,45.14726,0.0 9.94112,45.14726,0.0 9.94112,45.14726,0.0 9.94112,45.14726,0.0 9.94112,45.14726,0.0 9.94112,45.14726,0.0 9.94112,45.14726,0.0 9.94112,45.14726,0.0 9.94112,45.14726,0.0 9.94112,45.14726,0.0 9.94112,45.14726,0.0 9.94112,45.14726,0.0 9.94112,45.14726,0.0 9.94112,45.14726,0.0 9.94112,45.14726,0.0 9.94112,45.14726,0.0 9.94112,45.14726,0.0 9.94112,45.14726,0.0 9.94112,45.14726,0.0 9.94112,45.14726,0.0 9.94112,45.14726,0.0 9.94112,45.14726,0.0 9.94112,45.14726,0.0 9.94112,45.14726,0.0 9.94112,45.14726,0.0 9.94112,45.14726,0.0 9.94112,45.14726,0.0 9.94112,45.14726,0.0 9.94112,45.14726,0.0 9.94112,45.14726,0.0 9.94112,45.14726,0.0 9.94112,45.14726,0.0 9.94112,45.14726,0.0 9.94112,45.14726,0.0 9.94112,45.14726,0.0 9.94112,45.14726,0.0 9.94112,45.14726,0.0 9.94112,45.14726,0.0 9.94112,45.14726,0.0 9.94112,45.14726,0.0 9.94112,45.14726,0.0 9.94112,45.14726,0.0 9.94112,45.14726,0.0 9.94112,45.14726,0.0 9.94112,45.14726,0.0 9.94112,45.14726,0.0 9.94112,45.14726,0.0 9.94112,45.14726,0.0 9.94112,45.14726,0.0 9.94112,45.14726,0.0 9.94112,45.14726,0.0 9.94112,45.14726,0.0 9.94112,45.14726,0.0 9.94112,45.14726,0.0 9.94112,45.14726,0.0</coordinates>
                </LineString>
            </Placemark>
            <Placemark id="206">
                <name>Rota 03:24</name>
                <styleUrl>#207</styleUrl>
                <LineString id="205">
                    <altitudeMode>clampToGround</altitudeMode>
                    <coordinates>9.94112,45.14726,0.0 9.94112,45.14726,0.0 9.94112,45.14726,0.0 9.94112,45.14726,0.0 9.94112,45.14726,0.0 9.94112,45.14726,0.0 9.94112,45.14726,0.0 9.94112,45.14726,0.0 9.94112,45.14726,0.0 9.94112,45.14726,0.0 9.94112,45.14726,0.0 9.94112,45.14726,0.0 9.94112,45.14726,0.0 9.94112,45.14726,0.0 9.94112,45.14726,0.0 9.94112,45.14726,0.0 9.94112,45.14726,0.0 9.94112,45.14726,0.0 9.94112,45.14726,0.0 9.94112,45.14726,0.0 9.94112,45.14726,0.0 9.94112,45.14726,0.0 9.94112,45.14726,0.0 9.94112,45.14726,0.0 9.94112,45.14726,0.0 9.94112,45.14726,0.0 9.94112,45.14726,0.0 9.94112,45.14726,0.0 9.94112,45.14726,0.0 9.94112,45.14726,0.0 9.94112,45.14726,0.0 9.94112,45.14726,0.0 9.94112,45.14726,0.0 9.94112,45.14726,0.0 9.94112,45.14726,0.0 9.94112,45.14726,0.0 9.94112,45.14726,0.0 9.94112,45.14726,0.0 9.94112,45.14726,0.0 9.94112,45.14726,0.0 9.94112,45.14726,0.0 9.94112,45.14726,0.0 9.94112,45.14726,0.0 9.94112,45.14726,0.0 9.94112,45.14726,0.0 9.94112,45.14726,0.0 9.94112,45.14726,0.0 9.94112,45.14726,0.0 9.94112,45.14726,0.0 9.94112,45.14726,0.0 9.94112,45.14726,0.0 9.94112,45.14726,0.0 9.94112,45.14726,0.0 9.94112,45.14726,0.0 9.94112,45.14726,0.0 9.94112,45.14726,0.0 9.94112,45.14726,0.0 9.94112,45.14726,0.0 9.94112,45.14726,0.0 9.94112,45.14726,0.0</coordinates>
                </LineString>
            </Placemark>
            <Placemark id="210">
                <name>Rota 03:25</name>
                <styleUrl>#211</styleUrl>
                <LineString id="209">
                    <altitudeMode>clampToGround</altitudeMode>
                    <coordinates>9.94112,45.14726,0.0 9.94112,45.14726,0.0 9.94112,45.14726,0.0 9.94112,45.14726,0.0 9.94112,45.14726,0.0 9.94112,45.14726,0.0 9.94112,45.14726,0.0 9.94112,45.14726,0.0 9.94112,45.14726,0.0 9.94112,45.14726,0.0 9.94112,45.14726,0.0 9.94112,45.14726,0.0 9.94112,45.14726,0.0 9.94112,45.14726,0.0 9.94112,45.14726,0.0 9.94112,45.14726,0.0 9.94112,45.14726,0.0 9.94112,45.14726,0.0 9.94112,45.14726,0.0 9.94112,45.14726,0.0 9.94112,45.14726,0.0 9.94112,45.14726,0.0 9.94112,45.14726,0.0 9.94112,45.14726,0.0 9.94112,45.14726,0.0 9.94112,45.14726,0.0 9.94112,45.14726,0.0 9.94112,45.14726,0.0 9.94112,45.14726,0.0 9.94112,45.14726,0.0 9.94112,45.14726,0.0 9.94112,45.14726,0.0 9.94112,45.14726,0.0 9.94112,45.14726,0.0 9.94112,45.14726,0.0 9.94112,45.14726,0.0 9.94112,45.14726,0.0 9.94112,45.14726,0.0 9.94112,45.14726,0.0 9.94112,45.14726,0.0 9.94112,45.14726,0.0 9.94112,45.14726,0.0 9.94112,45.14726,0.0 9.94112,45.14726,0.0 9.94112,45.14726,0.0 9.94112,45.14726,0.0 9.94112,45.14726,0.0 9.94112,45.14726,0.0 9.94112,45.14726,0.0 9.94112,45.14726,0.0 9.94112,45.14726,0.0 9.94112,45.14726,0.0 9.94112,45.14726,0.0 9.94112,45.14726,0.0 9.94112,45.14726,0.0 9.94112,45.14726,0.0 9.94112,45.14726,0.0 9.94112,45.14726,0.0 9.94112,45.14726,0.0 9.94112,45.14726,0.0</coordinates>
                </LineString>
            </Placemark>
            <Placemark id="214">
                <name>Rota 03:26</name>
                <styleUrl>#215</styleUrl>
                <LineString id="213">
                    <altitudeMode>clampToGround</altitudeMode>
                    <coordinates>9.94112,45.14726,0.0 9.94112,45.14726,0.0 9.94112,45.14726,0.0 9.94112,45.14726,0.0 9.94112,45.14726,0.0 9.94112,45.14726,0.0 9.94112,45.14726,0.0 9.94112,45.14726,0.0 9.94112,45.14726,0.0 9.94112,45.14726,0.0 9.94112,45.14726,0.0 9.94112,45.14726,0.0 9.94112,45.14726,0.0 9.94112,45.14726,0.0 9.94112,45.14726,0.0 9.94112,45.14726,0.0 9.94112,45.14726,0.0 9.94112,45.14726,0.0 9.94112,45.14726,0.0 9.94112,45.14726,0.0 9.94112,45.14726,0.0 9.94112,45.14726,0.0 9.94112,45.14726,0.0 9.94112,45.14726,0.0 9.94112,45.14726,0.0 9.94112,45.14726,0.0 9.94112,45.14726,0.0 9.94112,45.14726,0.0 9.94112,45.14726,0.0 9.94112,45.14726,0.0 9.94112,45.14726,0.0 9.94112,45.14726,0.0 9.94112,45.14726,0.0 9.94112,45.14726,0.0 9.94112,45.14726,0.0 9.94112,45.14726,0.0 9.94112,45.14726,0.0 9.94112,45.14726,0.0 9.94112,45.14726,0.0 9.94112,45.14726,0.0 9.94112,45.14726,0.0 9.94112,45.14726,0.0 9.94112,45.14726,0.0 9.94112,45.14726,0.0 9.94112,45.14726,0.0 9.94112,45.14726,0.0 9.94112,45.14726,0.0 9.94112,45.14726,0.0 9.94112,45.14726,0.0 9.94112,45.14726,0.0 9.94112,45.14726,0.0 9.94112,45.14726,0.0 9.94112,45.14726,0.0 9.94112,45.14726,0.0 9.94112,45.14726,0.0 9.94112,45.14726,0.0 9.94112,45.14726,0.0 9.94112,45.14726,0.0 9.94112,45.14726,0.0 9.94112,45.14726,0.0</coordinates>
                </LineString>
            </Placemark>
            <Placemark id="218">
                <name>Rota 03:27</name>
                <styleUrl>#219</styleUrl>
                <LineString id="217">
                    <altitudeMode>clampToGround</altitudeMode>
                    <coordinates>9.94112,45.14726,0.0 9.94112,45.14726,0.0 9.94112,45.14726,0.0 9.94112,45.14726,0.0 9.94112,45.14726,0.0 9.94112,45.14726,0.0 9.94112,45.14726,0.0 9.94112,45.14726,0.0 9.94112,45.14726,0.0 9.94112,45.14726,0.0 9.94112,45.14726,0.0 9.94112,45.14726,0.0 9.94112,45.14726,0.0 9.94112,45.14726,0.0 9.94112,45.14726,0.0 9.94112,45.14726,0.0 9.94112,45.14726,0.0 9.94112,45.14726,0.0 9.94112,45.14726,0.0 9.94112,45.14726,0.0 9.94112,45.14726,0.0 9.94112,45.14726,0.0 9.94112,45.14726,0.0 9.94112,45.14726,0.0 9.94112,45.14726,0.0 9.94112,45.14726,0.0 9.94111,45.1472,0.0 9.94112,45.14712,0.0 9.94113,45.14707,0.0 9.94113,45.14707,0.0 9.94113,45.14707,0.0 9.94114,45.147,0.0 9.94114,45.14693,0.0 9.94114,45.14693,0.0 9.94115,45.14686,0.0 9.94115,45.14686,0.0 9.94115,45.14686,0.0 9.94113,45.1468,0.0 9.94113,45.1468,0.0 9.94108,45.14677,0.0 9.94108,45.14677,0.0 9.94108,45.14677,0.0 9.94108,45.14677,0.0 9.94108,45.14677,0.0 9.94108,45.14677,0.0 9.94108,45.14677,0.0 9.94108,45.14677,0.0 9.94108,45.14677,0.0 9.94108,45.14677,0.0 9.94108,45.14677,0.0 9.94108,45.14677,0.0 9.94108,45.14677,0.0 9.94108,45.14677,0.0 9.94108,45.14677,0.0 9.94108,45.14677,0.0 9.94108,45.14677,0.0 9.94108,45.14677,0.0 9.94108,45.14677,0.0 9.94108,45.14677,0.0 9.94108,45.14677,0.0</coordinates>
                </LineString>
            </Placemark>
            <Placemark id="222">
                <name>Rota 03:28</name>
                <styleUrl>#223</styleUrl>
                <LineString id="221">
                    <altitudeMode>clampToGround</altitudeMode>
                    <coordinates>9.94108,45.14677,0.0 9.94108,45.14677,0.0 9.94108,45.14677,0.0 9.94108,45.14677,0.0 9.94108,45.14677,0.0 9.94108,45.14677,0.0 9.94113,45.14672,0.0 9.94113,45.14672,0.0 9.94121,45.14669,0.0 9.94121,45.14669,0.0 9.94121,45.14669,0.0 9.94121,45.14669,0.0 9.94121,45.14669,0.0 9.94121,45.14669,0.0 9.94129,45.14667,0.0 9.94129,45.14667,0.0 9.94129,45.14667,0.0 9.94129,45.14667,0.0 9.94129,45.14667,0.0 9.94129,45.14667,0.0 9.94129,45.14667,0.0 9.94129,45.14667,0.0 9.94129,45.14667,0.0 9.94129,45.14667,0.0 9.94122,45.14667,0.0 9.94115,45.14668,0.0 9.94115,45.14668,0.0 9.94115,45.14668,0.0 9.9411,45.14672,0.0 9.9411,45.14672,0.0 9.9411,45.14672,0.0 9.9411,45.14672,0.0 9.9411,45.14666,0.0 9.9411,45.14666,0.0 9.94105,45.14659,0.0 9.94105,45.14659,0.0 9.94104,45.14654,0.0 9.94103,45.14646,0.0 9.941,45.14642,0.0 9.941,45.14642,0.0 9.94091,45.14639,0.0 9.94091,45.14639,0.0 9.94091,45.14639,0.0 9.94081,45.14642,0.0 9.94081,45.14642,0.0 9.94081,45.14642,0.0 9.94081,45.14642,0.0 9.94081,45.14642,0.0 9.94081,45.14642,0.0 9.94081,45.14642,0.0 9.94081,45.14642,0.0 9.94081,45.14642,0.0 9.94081,45.14642,0.0 9.94081,45.14642,0.0 9.94081,45.14642,0.0 9.94081,45.14642,0.0 9.94081,45.14642,0.0 9.94081,45.14642,0.0 9.94081,45.14642,0.0 9.94081,45.14642,0.0</coordinates>
                </LineString>
            </Placemark>
            <Placemark id="226">
                <name>Rota 03:29</name>
                <styleUrl>#227</styleUrl>
                <LineString id="225">
                    <altitudeMode>clampToGround</altitudeMode>
                    <coordinates>9.94081,45.14642,0.0 9.94081,45.14642,0.0 9.94081,45.14642,0.0 9.94081,45.14642,0.0 9.94081,45.14642,0.0 9.94081,45.14642,0.0 9.9409,45.14646,0.0 9.9409,45.14646,0.0 9.94101,45.14654,0.0 9.94101,45.14654,0.0 9.94107,45.1466,0.0 9.94107,45.1466,0.0 9.94107,45.1466,0.0 9.94113,45.14663,0.0 9.94113,45.14663,0.0 9.94122,45.14665,0.0 9.94122,45.14665,0.0 9.94122,45.14665,0.0 9.94122,45.14665,0.0 9.94122,45.14665,0.0 9.94122,45.14665,0.0 9.9413,45.14665,0.0 9.9413,45.14665,0.0 9.9413,45.14665,0.0 9.9413,45.14665,0.0 9.9413,45.14665,0.0 9.9413,45.14665,0.0 9.9413,45.14665,0.0 9.9413,45.14665,0.0 9.9413,45.14665,0.0 9.9413,45.14665,0.0 9.9413,45.14665,0.0 9.94121,45.14665,0.0 9.94121,45.14665,0.0 9.94114,45.14666,0.0 9.94114,45.14666,0.0 9.94114,45.14666,0.0 9.94114,45.14666,0.0 9.94114,45.14666,0.0 9.94114,45.14666,0.0 9.94112,45.1466,0.0 9.94112,45.1466,0.0 9.94109,45.14652,0.0 9.94106,45.14648,0.0 9.94106,45.14648,0.0 9.94097,45.14642,0.0 9.94097,45.14642,0.0 9.94097,45.14642,0.0 9.94082,45.14637,0.0 9.94082,45.14637,0.0 9.94082,45.14637,0.0 9.94082,45.14637,0.0 9.94078,45.14641,0.0 9.94078,45.14641,0.0 9.94078,45.14641,0.0 9.94078,45.14641,0.0 9.94078,45.14641,0.0 9.94078,45.14641,0.0 9.94078,45.14641,0.0 9.94078,45.14641,0.0</coordinates>
                </LineString>
            </Placemark>
            <Placemark id="230">
                <name>Rota 03:30</name>
                <styleUrl>#231</styleUrl>
                <LineString id="229">
                    <altitudeMode>clampToGround</altitudeMode>
                    <coordinates>9.94078,45.14641,0.0 9.94078,45.14641,0.0 9.94078,45.14641,0.0 9.94078,45.14641,0.0 9.94078,45.14641,0.0 9.94078,45.14641,0.0 9.94078,45.14641,0.0 9.94078,45.14641,0.0 9.94078,45.14641,0.0 9.94078,45.14641,0.0 9.94078,45.14641,0.0 9.94078,45.14641,0.0 9.94078,45.14641,0.0 9.94078,45.14641,0.0 9.94088,45.14644,0.0 9.94088,45.14644,0.0 9.94088,45.14644,0.0 9.941,45.14652,0.0 9.941,45.14652,0.0 9.94105,45.14659,0.0 9.94105,45.14659,0.0 9.94105,45.14659,0.0 9.94112,45.14663,0.0 9.9412,45.14665,0.0 9.9412,45.14665,0.0 9.9412,45.14665,0.0 9.9412,45.14665,0.0 9.94127,45.14665,0.0 9.94127,45.14665,0.0 9.94127,45.14665,0.0 9.94127,45.14665,0.0 9.94134,45.14665,0.0 9.94134,45.14665,0.0 9.94134,45.14665,0.0 9.94134,45.14665,0.0 9.94134,45.14665,0.0 9.94134,45.14665,0.0 9.94134,45.14665,0.0 9.94134,45.14665,0.0 9.94134,45.14665,0.0 9.94134,45.14665,0.0 9.94124,45.14664,0.0 9.94124,45.14664,0.0 9.94124,45.14664,0.0 9.94124,45.14664,0.0 9.94124,45.14664,0.0 9.94124,45.14664,0.0 9.94124,45.14664,0.0 9.94124,45.14664,0.0 9.94124,45.14664,0.0 9.94124,45.14664,0.0 9.94124,45.14664,0.0 9.94124,45.14664,0.0 9.94124,45.14664,0.0 9.94124,45.14664,0.0 9.94124,45.14664,0.0 9.94124,45.14664,0.0 9.94124,45.14664,0.0 9.94124,45.14664,0.0 9.94124,45.14664,0.0</coordinates>
                </LineString>
            </Placemark>
            <Placemark id="234">
                <name>Rota 03:31</name>
                <styleUrl>#235</styleUrl>
                <LineString id="233">
                    <altitudeMode>clampToGround</altitudeMode>
                    <coordinates>9.94124,45.14664,0.0 9.94124,45.14664,0.0 9.94124,45.14664,0.0 9.94124,45.14664,0.0 9.94124,45.14664,0.0 9.94124,45.14664,0.0 9.94124,45.14664,0.0 9.94124,45.14664,0.0 9.94124,45.14664,0.0 9.94124,45.14664,0.0 9.94124,45.14664,0.0 9.94124,45.14664,0.0 9.94124,45.14664,0.0 9.94124,45.14664,0.0 9.94124,45.14664,0.0 9.94124,45.14664,0.0 9.94124,45.14664,0.0 9.94124,45.14664,0.0 9.94124,45.14664,0.0 9.94124,45.14664,0.0 9.94124,45.14664,0.0 9.94124,45.14664,0.0 9.94124,45.14664,0.0 9.94124,45.14664,0.0 9.94124,45.14664,0.0 9.94124,45.14664,0.0 9.94124,45.14664,0.0 9.94124,45.14664,0.0 9.94124,45.14664,0.0 9.94124,45.14664,0.0 9.94124,45.14664,0.0 9.94124,45.14664,0.0 9.94124,45.14664,0.0 9.94124,45.14664,0.0 9.94124,45.14664,0.0 9.94124,45.14664,0.0 9.94124,45.14664,0.0 9.94124,45.14664,0.0 9.94124,45.14664,0.0 9.94124,45.14664,0.0 9.94124,45.14664,0.0 9.94124,45.14664,0.0 9.94124,45.14664,0.0 9.94124,45.14664,0.0 9.94124,45.14664,0.0 9.94124,45.14664,0.0 9.94124,45.14664,0.0 9.94124,45.14664,0.0 9.94124,45.14664,0.0 9.94124,45.14664,0.0 9.94124,45.14664,0.0 9.94124,45.14664,0.0 9.94124,45.14664,0.0 9.9412,45.14669,0.0 9.9412,45.14669,0.0 9.9412,45.14669,0.0 9.9412,45.14669,0.0 9.9412,45.14669,0.0 9.9412,45.14669,0.0 9.94117,45.14665,0.0</coordinates>
                </LineString>
            </Placemark>
            <Placemark id="238">
                <name>Rota 03:32</name>
                <styleUrl>#239</styleUrl>
                <LineString id="237">
                    <altitudeMode>clampToGround</altitudeMode>
                    <coordinates>9.94117,45.14665,0.0 9.94114,45.14657,0.0 9.94114,45.14657,0.0 9.94109,45.1465,0.0 9.94109,45.1465,0.0 9.94102,45.14644,0.0 9.94102,45.14644,0.0 9.94093,45.1464,0.0 9.94093,45.1464,0.0 9.94093,45.1464,0.0 9.94084,45.14642,0.0 9.94084,45.14642,0.0 9.94084,45.14642,0.0 9.94084,45.14642,0.0 9.94084,45.14642,0.0 9.94084,45.14642,0.0 9.94084,45.14642,0.0 9.94084,45.14642,0.0 9.94084,45.14642,0.0 9.94084,45.14642,0.0 9.94084,45.14642,0.0 9.94084,45.14642,0.0 9.94084,45.14642,0.0 9.94084,45.14642,0.0 9.94084,45.14642,0.0 9.94084,45.14642,0.0 9.94084,45.14642,0.0 9.94084,45.14642,0.0 9.9408,45.14638,0.0 9.9408,45.14638,0.0 9.9408,45.14638,0.0 9.9408,45.14638,0.0 9.94087,45.1464,0.0 9.94087,45.1464,0.0 9.94087,45.1464,0.0 9.94096,45.14644,0.0 9.94096,45.14644,0.0 9.94096,45.14644,0.0 9.94103,45.14649,0.0 9.94103,45.14649,0.0 9.94103,45.14649,0.0 9.94108,45.14654,0.0 9.94108,45.14654,0.0 9.94112,45.14658,0.0 9.94112,45.14658,0.0 9.94112,45.14658,0.0 9.94118,45.14662,0.0 9.94118,45.14662,0.0 9.94118,45.14662,0.0 9.94124,45.14665,0.0 9.94124,45.14665,0.0 9.94124,45.14665,0.0 9.94124,45.14665,0.0 9.94124,45.14665,0.0 9.94124,45.14665,0.0 9.94131,45.14665,0.0 9.94131,45.14665,0.0 9.94131,45.14665,0.0 9.94131,45.14665,0.0 9.94131,45.14665,0.0</coordinates>
                </LineString>
            </Placemark>
            <Placemark id="242">
                <name>Rota 03:33</name>
                <styleUrl>#243</styleUrl>
                <LineString id="241">
                    <altitudeMode>clampToGround</altitudeMode>
                    <coordinates>9.94131,45.14665,0.0 9.94131,45.14665,0.0 9.94131,45.14665,0.0 9.94131,45.14665,0.0 9.94131,45.14665,0.0 9.94131,45.14665,0.0 9.94131,45.14665,0.0 9.94124,45.14665,0.0 9.94124,45.14665,0.0 9.94117,45.14666,0.0 9.94117,45.14666,0.0 9.94117,45.14666,0.0 9.94113,45.1467,0.0 9.94113,45.1467,0.0 9.94113,45.1467,0.0 9.94113,45.1467,0.0 9.94113,45.1467,0.0 9.94113,45.1467,0.0 9.94114,45.14665,0.0 9.94114,45.14665,0.0 9.94114,45.14665,0.0 9.94114,45.14665,0.0 9.94114,45.14665,0.0 9.94114,45.14665,0.0 9.94114,45.14658,0.0 9.94114,45.14658,0.0 9.94114,45.14658,0.0 9.94114,45.14658,0.0 9.94114,45.14658,0.0 9.94111,45.14653,0.0 9.94111,45.14653,0.0 9.94111,45.14653,0.0 9.94108,45.14649,0.0 9.94108,45.14649,0.0 9.94108,45.14649,0.0 9.94108,45.14649,0.0 9.94108,45.14649,0.0 9.94108,45.14649,0.0 9.94108,45.14649,0.0 9.94108,45.14649,0.0 9.94108,45.14649,0.0 9.94108,45.14649,0.0 9.94108,45.14649,0.0 9.94108,45.14649,0.0 9.94108,45.14649,0.0 9.94108,45.14649,0.0 9.94108,45.14649,0.0 9.94108,45.14649,0.0 9.94108,45.14649,0.0 9.94108,45.14649,0.0 9.94108,45.14649,0.0 9.94108,45.14649,0.0 9.94108,45.14649,0.0 9.94105,45.14644,0.0 9.94105,45.14644,0.0 9.94105,45.14644,0.0 9.94096,45.14646,0.0 9.94096,45.14646,0.0 9.94096,45.14646,0.0 9.94096,45.14646,0.0</coordinates>
                </LineString>
            </Placemark>
            <Placemark id="246">
                <name>Rota 03:34</name>
                <styleUrl>#247</styleUrl>
                <LineString id="245">
                    <altitudeMode>clampToGround</altitudeMode>
                    <coordinates>9.94096,45.14646,0.0 9.94096,45.14646,0.0 9.94096,45.14646,0.0 9.94096,45.14646,0.0 9.94096,45.14646,0.0 9.94096,45.14646,0.0 9.94096,45.14646,0.0 9.94096,45.14646,0.0 9.94096,45.14646,0.0 9.94096,45.14646,0.0 9.94096,45.14646,0.0 9.94096,45.14646,0.0 9.94096,45.14646,0.0 9.94096,45.14646,0.0 9.94096,45.14646,0.0 9.94096,45.14646,0.0 9.94096,45.14646,0.0 9.94096,45.14646,0.0 9.94096,45.14646,0.0 9.94096,45.14646,0.0 9.94096,45.14646,0.0 9.94099,45.14653,0.0 9.94099,45.14653,0.0 9.94099,45.14653,0.0 9.94107,45.1466,0.0 9.94107,45.1466,0.0 9.94112,45.14663,0.0 9.94112,45.14663,0.0 9.94112,45.14663,0.0 9.94118,45.14665,0.0 9.94124,45.14667,0.0 9.94124,45.14667,0.0 9.94124,45.14667,0.0 9.94124,45.14667,0.0 9.94124,45.14667,0.0 9.94124,45.14667,0.0 9.94124,45.14667,0.0 9.94131,45.14666,0.0 9.94131,45.14666,0.0 9.94131,45.14666,0.0 9.94131,45.14666,0.0 9.94131,45.14666,0.0 9.94131,45.14666,0.0 9.94131,45.14666,0.0 9.94131,45.14666,0.0 9.94131,45.14666,0.0 9.94131,45.14666,0.0 9.94131,45.14666,0.0 9.94131,45.14666,0.0 9.94131,45.14666,0.0 9.94131,45.14666,0.0 9.94131,45.14666,0.0 9.94131,45.14666,0.0 9.94122,45.14666,0.0 9.94122,45.14666,0.0 9.94122,45.14666,0.0 9.94122,45.14666,0.0 9.94122,45.14666,0.0 9.94122,45.14666,0.0 9.94122,45.14666,0.0</coordinates>
                </LineString>
            </Placemark>
            <Placemark id="250">
                <name>Rota 03:35</name>
                <styleUrl>#251</styleUrl>
                <LineString id="249">
                    <altitudeMode>clampToGround</altitudeMode>
                    <coordinates>9.94122,45.14666,0.0 9.94122,45.14666,0.0 9.94122,45.14666,0.0 9.94122,45.14666,0.0 9.94122,45.14666,0.0 9.94122,45.14666,0.0 9.94122,45.14666,0.0 9.94122,45.14666,0.0 9.94122,45.14666,0.0 9.94122,45.14666,0.0 9.94122,45.14666,0.0 9.94122,45.14666,0.0 9.94122,45.14666,0.0 9.94122,45.14666,0.0 9.94122,45.14666,0.0 9.94122,45.14666,0.0 9.94122,45.14666,0.0 9.94122,45.14666,0.0 9.94122,45.14666,0.0 9.94122,45.14666,0.0 9.94122,45.14666,0.0 9.94122,45.14666,0.0 9.94122,45.14666,0.0 9.94122,45.14666,0.0 9.94122,45.14666,0.0 9.94122,45.14666,0.0 9.94122,45.14666,0.0 9.94122,45.14666,0.0 9.94122,45.14666,0.0 9.94122,45.14666,0.0 9.94122,45.14666,0.0 9.94122,45.14666,0.0 9.94122,45.14666,0.0 9.94122,45.14666,0.0 9.94122,45.14666,0.0 9.94122,45.14666,0.0 9.94122,45.14666,0.0 9.94122,45.14666,0.0 9.94122,45.14666,0.0 9.94122,45.14666,0.0 9.94122,45.14666,0.0 9.94122,45.14666,0.0 9.94122,45.14666,0.0 9.94122,45.14666,0.0 9.94122,45.14666,0.0 9.94122,45.14666,0.0 9.94122,45.14666,0.0 9.94122,45.14666,0.0 9.94122,45.14666,0.0 9.94122,45.14666,0.0 9.94122,45.14666,0.0 9.94122,45.14666,0.0 9.94122,45.14666,0.0 9.94122,45.14666,0.0 9.94122,45.14666,0.0 9.94122,45.14666,0.0 9.94122,45.14666,0.0 9.94122,45.14666,0.0 9.94122,45.14666,0.0 9.94122,45.14666,0.0</coordinates>
                </LineString>
            </Placemark>
            <Placemark id="254">
                <name>Rota 03:36</name>
                <styleUrl>#255</styleUrl>
                <LineString id="253">
                    <altitudeMode>clampToGround</altitudeMode>
                    <coordinates>9.94122,45.14666,0.0 9.94122,45.14666,0.0 9.94122,45.14666,0.0 9.94122,45.14666,0.0 9.94122,45.14666,0.0 9.94122,45.14666,0.0 9.94122,45.14666,0.0 9.94122,45.14666,0.0 9.94122,45.14666,0.0 9.94122,45.14666,0.0 9.94122,45.14666,0.0 9.94116,45.14668,0.0 9.94116,45.14668,0.0 9.94116,45.14668,0.0 9.94113,45.14673,0.0 9.94113,45.14673,0.0 9.94113,45.14673,0.0 9.94113,45.14673,0.0 9.94113,45.14673,0.0 9.94113,45.14673,0.0 9.94113,45.14673,0.0 9.94113,45.14673,0.0 9.94113,45.14673,0.0 9.94113,45.14673,0.0 9.94113,45.14673,0.0 9.94113,45.14673,0.0 9.94113,45.14673,0.0 9.94113,45.14673,0.0 9.94113,45.14673,0.0 9.94113,45.14673,0.0 9.94113,45.14673,0.0 9.94113,45.14673,0.0 9.94113,45.14673,0.0 9.94113,45.14673,0.0 9.94113,45.14673,0.0 9.94113,45.14673,0.0 9.94116,45.14666,0.0 9.94116,45.14666,0.0 9.94116,45.14666,0.0 9.94116,45.14666,0.0 9.94116,45.14666,0.0 9.94116,45.14666,0.0 9.94116,45.14666,0.0 9.94116,45.14666,0.0 9.94116,45.14666,0.0 9.94116,45.14666,0.0 9.94116,45.14666,0.0 9.94116,45.14666,0.0 9.94116,45.14666,0.0 9.94116,45.14666,0.0 9.94116,45.14666,0.0 9.94116,45.14666,0.0 9.94116,45.14666,0.0 9.94116,45.14666,0.0 9.94116,45.14666,0.0 9.94116,45.14666,0.0 9.94116,45.14666,0.0 9.94116,45.14666,0.0 9.94116,45.14666,0.0 9.94116,45.14666,0.0</coordinates>
                </LineString>
            </Placemark>
            <Placemark id="258">
                <name>Rota 03:37</name>
                <styleUrl>#259</styleUrl>
                <LineString id="257">
                    <altitudeMode>clampToGround</altitudeMode>
                    <coordinates>9.94116,45.14666,0.0 9.94116,45.14666,0.0 9.94116,45.14666,0.0 9.94116,45.14666,0.0 9.94116,45.14666,0.0 9.94116,45.14666,0.0 9.94116,45.14666,0.0 9.94116,45.14666,0.0 9.94116,45.14666,0.0 9.94116,45.14666,0.0 9.94116,45.14666,0.0 9.94116,45.14666,0.0 9.94116,45.14666,0.0 9.94116,45.14666,0.0 9.94116,45.14666,0.0 9.94116,45.14666,0.0 9.94116,45.14666,0.0 9.94116,45.14666,0.0 9.94116,45.14666,0.0 9.94116,45.14666,0.0 9.94116,45.14666,0.0 9.94116,45.14666,0.0 9.94116,45.14666,0.0 9.94116,45.14666,0.0 9.94116,45.14666,0.0 9.94116,45.14666,0.0 9.94116,45.14666,0.0 9.94116,45.14666,0.0 9.94116,45.14666,0.0 9.94116,45.14666,0.0 9.94116,45.14666,0.0 9.94116,45.14666,0.0 9.94116,45.14666,0.0 9.94116,45.14666,0.0 9.94116,45.14666,0.0 9.94116,45.14666,0.0 9.94116,45.14666,0.0 9.94116,45.14666,0.0 9.94116,45.14666,0.0 9.94116,45.14666,0.0 9.94116,45.14666,0.0 9.94116,45.14666,0.0 9.94116,45.14666,0.0 9.94116,45.14666,0.0 9.94116,45.14666,0.0 9.94116,45.14666,0.0 9.94116,45.14666,0.0 9.94116,45.14666,0.0 9.94116,45.14666,0.0 9.94116,45.14666,0.0 9.94116,45.14666,0.0 9.94116,45.14666,0.0 9.94116,45.14666,0.0 9.94116,45.14666,0.0 9.94116,45.14666,0.0 9.94116,45.14666,0.0 9.94116,45.14666,0.0 9.94122,45.14663,0.0 9.94122,45.14663,0.0 9.94122,45.14663,0.0</coordinates>
                </LineString>
            </Placemark>
            <Placemark id="262">
                <name>Rota 03:38</name>
                <styleUrl>#263</styleUrl>
                <LineString id="261">
                    <altitudeMode>clampToGround</altitudeMode>
                    <coordinates>9.94122,45.14663,0.0 9.94122,45.14663,0.0 9.94128,45.14661,0.0 9.94128,45.14661,0.0 9.94128,45.14661,0.0 9.94128,45.14661,0.0 9.94128,45.14661,0.0 9.94128,45.14661,0.0 9.94128,45.14661,0.0 9.94128,45.14661,0.0 9.94128,45.14661,0.0 9.94128,45.14661,0.0 9.94128,45.14661,0.0 9.94128,45.14661,0.0 9.94128,45.14661,0.0 9.94128,45.14661,0.0 9.94128,45.14661,0.0 9.94128,45.14661,0.0 9.94128,45.14661,0.0 9.94128,45.14661,0.0 9.94124,45.14657,0.0 9.94124,45.14657,0.0 9.94118,45.14659,0.0 9.94118,45.14659,0.0 9.94118,45.14659,0.0 9.94118,45.14659,0.0 9.94118,45.14659,0.0 9.94118,45.14659,0.0 9.94118,45.14659,0.0 9.94118,45.14659,0.0 9.94118,45.14659,0.0 9.94118,45.14659,0.0 9.94118,45.14659,0.0 9.94118,45.14659,0.0 9.94118,45.14659,0.0 9.94118,45.14659,0.0 9.94118,45.14659,0.0 9.94118,45.14659,0.0 9.94118,45.14659,0.0 9.94118,45.14659,0.0 9.94118,45.14659,0.0 9.94118,45.14659,0.0 9.94118,45.14659,0.0 9.94118,45.14659,0.0 9.94118,45.14659,0.0 9.94118,45.14659,0.0 9.94118,45.14659,0.0 9.94118,45.14659,0.0 9.94118,45.14659,0.0 9.94118,45.14659,0.0 9.94118,45.14659,0.0 9.94117,45.14669,0.0 9.94117,45.14669,0.0 9.94117,45.14669,0.0 9.94117,45.14669,0.0 9.94117,45.14669,0.0 9.94117,45.14669,0.0 9.94124,45.14668,0.0 9.94124,45.14668,0.0 9.94124,45.14668,0.0</coordinates>
                </LineString>
            </Placemark>
            <Placemark id="266">
                <name>Rota 03:39</name>
                <styleUrl>#267</styleUrl>
                <LineString id="265">
                    <altitudeMode>clampToGround</altitudeMode>
                    <coordinates>9.94124,45.14668,0.0 9.94124,45.14668,0.0 9.94132,45.14668,0.0 9.94132,45.14668,0.0 9.94132,45.14668,0.0 9.94132,45.14668,0.0 9.94132,45.14668,0.0 9.94132,45.14668,0.0 9.94132,45.14668,0.0 9.94132,45.14668,0.0 9.94132,45.14668,0.0 9.94132,45.14668,0.0 9.94132,45.14668,0.0 9.94132,45.14668,0.0 9.94132,45.14668,0.0 9.94132,45.14668,0.0 9.94123,45.14668,0.0 9.94123,45.14668,0.0 9.94116,45.14669,0.0 9.94116,45.14669,0.0 9.94116,45.14669,0.0 9.94116,45.14669,0.0 9.94116,45.14669,0.0 9.94116,45.14669,0.0 9.94116,45.14669,0.0 9.94116,45.14669,0.0 9.94116,45.14669,0.0 9.94116,45.14669,0.0 9.94116,45.14669,0.0 9.94116,45.14669,0.0 9.94116,45.14669,0.0 9.94118,45.14663,0.0 9.94118,45.14663,0.0 9.94124,45.1466,0.0 9.94124,45.1466,0.0 9.94124,45.1466,0.0 9.94124,45.1466,0.0 9.94124,45.1466,0.0 9.94124,45.1466,0.0 9.94124,45.1466,0.0 9.94124,45.1466,0.0 9.94124,45.1466,0.0 9.94124,45.1466,0.0 9.94124,45.1466,0.0 9.94124,45.1466,0.0 9.94124,45.1466,0.0 9.94124,45.1466,0.0 9.94124,45.1466,0.0 9.94124,45.1466,0.0 9.94124,45.1466,0.0 9.94124,45.1466,0.0 9.94124,45.1466,0.0 9.94124,45.1466,0.0 9.94124,45.1466,0.0 9.94124,45.1466,0.0 9.94124,45.1466,0.0 9.94117,45.14658,0.0 9.94117,45.14658,0.0 9.94117,45.14658,0.0 9.94117,45.14658,0.0</coordinates>
                </LineString>
            </Placemark>
            <Placemark id="270">
                <name>Rota 03:40</name>
                <styleUrl>#271</styleUrl>
                <LineString id="269">
                    <altitudeMode>clampToGround</altitudeMode>
                    <coordinates>9.94117,45.14658,0.0 9.94117,45.14658,0.0 9.94117,45.14658,0.0 9.94117,45.14658,0.0 9.94117,45.14658,0.0 9.94117,45.14658,0.0 9.94117,45.14658,0.0 9.94116,45.14652,0.0 9.94116,45.14652,0.0 9.94116,45.14652,0.0 9.94115,45.14647,0.0 9.94112,45.14643,0.0 9.94112,45.14643,0.0 9.94107,45.1464,0.0 9.94107,45.1464,0.0 9.94107,45.1464,0.0 9.941,45.14639,0.0 9.94093,45.1464,0.0 9.94093,45.1464,0.0 9.94085,45.14641,0.0 9.94085,45.14641,0.0 9.94085,45.14641,0.0 9.94079,45.14643,0.0 9.94079,45.14643,0.0 9.94079,45.14643,0.0 9.94079,45.14643,0.0 9.94079,45.14643,0.0 9.94079,45.14643,0.0 9.94079,45.14643,0.0 9.94079,45.14643,0.0 9.94079,45.14643,0.0 9.94079,45.14643,0.0 9.94079,45.14643,0.0 9.94079,45.14643,0.0 9.94079,45.14643,0.0 9.94079,45.14643,0.0 9.94079,45.14643,0.0 9.94079,45.14643,0.0 9.94079,45.14643,0.0 9.94073,45.14639,0.0 9.94073,45.14639,0.0 9.94073,45.14639,0.0 9.94073,45.14639,0.0 9.94073,45.14639,0.0 9.94073,45.14639,0.0 9.94081,45.14638,0.0 9.94081,45.14638,0.0 9.94081,45.14638,0.0 9.9409,45.14636,0.0 9.9409,45.14636,0.0 9.9409,45.14636,0.0 9.94099,45.14635,0.0 9.94099,45.14635,0.0 9.94099,45.14635,0.0 9.94099,45.14635,0.0 9.94108,45.14637,0.0 9.94108,45.14637,0.0 9.94111,45.14641,0.0 9.94111,45.14641,0.0 9.94111,45.14641,0.0</coordinates>
                </LineString>
            </Placemark>
            <Placemark id="274">
                <name>Rota 03:41</name>
                <styleUrl>#275</styleUrl>
                <LineString id="273">
                    <altitudeMode>clampToGround</altitudeMode>
                    <coordinates>9.94111,45.14641,0.0 9.94111,45.14641,0.0 9.94113,45.14647,0.0 9.94113,45.14647,0.0 9.94113,45.14647,0.0 9.94115,45.14652,0.0 9.94115,45.14652,0.0 9.94115,45.14652,0.0 9.94115,45.14652,0.0 9.94121,45.14654,0.0 9.94121,45.14654,0.0 9.94121,45.14654,0.0 9.94121,45.14654,0.0 9.94121,45.14654,0.0 9.94121,45.14654,0.0 9.94121,45.14654,0.0 9.94128,45.14655,0.0 9.94128,45.14655,0.0 9.94128,45.14655,0.0 9.94128,45.14655,0.0 9.94128,45.14655,0.0 9.94128,45.14655,0.0 9.94128,45.14655,0.0 9.94128,45.14655,0.0 9.94128,45.14655,0.0 9.94128,45.14655,0.0 9.94128,45.14655,0.0 9.94128,45.14655,0.0 9.94128,45.14655,0.0 9.94121,45.14656,0.0 9.94121,45.14656,0.0 9.94121,45.14656,0.0 9.94114,45.14658,0.0 9.94114,45.14658,0.0 9.94114,45.14658,0.0 9.94114,45.14658,0.0 9.94114,45.14658,0.0 9.94114,45.14658,0.0 9.94114,45.14658,0.0 9.94114,45.14658,0.0 9.94114,45.14658,0.0 9.94114,45.14658,0.0 9.94114,45.14658,0.0 9.94114,45.14658,0.0 9.94114,45.14658,0.0 9.9411,45.14654,0.0 9.9411,45.14654,0.0 9.9411,45.14654,0.0 9.9411,45.14654,0.0 9.9411,45.14654,0.0 9.9411,45.14654,0.0 9.9411,45.14654,0.0 9.9411,45.14654,0.0 9.9411,45.14654,0.0 9.9411,45.14654,0.0 9.9411,45.14654,0.0 9.9411,45.14654,0.0 9.9411,45.14654,0.0 9.9411,45.14654,0.0 9.9411,45.14654,0.0</coordinates>
                </LineString>
            </Placemark>
            <Placemark id="278">
                <name>Rota 03:42</name>
                <styleUrl>#279</styleUrl>
                <LineString id="277">
                    <altitudeMode>clampToGround</altitudeMode>
                    <coordinates>9.9411,45.14654,0.0 9.9411,45.14654,0.0 9.9411,45.14654,0.0 9.9411,45.14654,0.0 9.9411,45.14654,0.0 9.9411,45.14654,0.0 9.9411,45.14654,0.0 9.9411,45.14654,0.0 9.9411,45.14654,0.0 9.9411,45.14654,0.0 9.9411,45.14654,0.0 9.9411,45.14654,0.0 9.9411,45.14654,0.0 9.9411,45.14654,0.0 9.9411,45.14654,0.0 9.9411,45.14654,0.0 9.94116,45.14657,0.0 9.94116,45.14657,0.0 9.94116,45.14657,0.0 9.94116,45.14657,0.0 9.94116,45.14657,0.0 9.94116,45.14657,0.0 9.94116,45.14657,0.0 9.94116,45.14657,0.0 9.94116,45.14657,0.0 9.94116,45.14657,0.0 9.94116,45.14657,0.0 9.94116,45.14657,0.0 9.94116,45.14657,0.0 9.94116,45.14657,0.0 9.94116,45.14657,0.0 9.94116,45.14657,0.0 9.94116,45.14657,0.0 9.94116,45.14657,0.0 9.94116,45.14657,0.0 9.94116,45.14657,0.0 9.9411,45.14653,0.0 9.9411,45.14653,0.0 9.9411,45.14653,0.0 9.94104,45.1465,0.0 9.94104,45.1465,0.0 9.94104,45.1465,0.0 9.94104,45.1465,0.0 9.94104,45.1465,0.0 9.94097,45.1465,0.0 9.94097,45.1465,0.0 9.94097,45.1465,0.0 9.94097,45.1465,0.0 9.94097,45.1465,0.0 9.94097,45.1465,0.0 9.94097,45.1465,0.0 9.94097,45.1465,0.0 9.94097,45.1465,0.0 9.94097,45.1465,0.0 9.94097,45.1465,0.0 9.94097,45.1465,0.0 9.94097,45.1465,0.0 9.94097,45.1465,0.0 9.94102,45.14645,0.0 9.94102,45.14645,0.0</coordinates>
                </LineString>
            </Placemark>
            <Placemark id="282">
                <name>Rota 03:43</name>
                <styleUrl>#283</styleUrl>
                <LineString id="281">
                    <altitudeMode>clampToGround</altitudeMode>
                    <coordinates>9.94102,45.14645,0.0 9.94102,45.14645,0.0 9.94102,45.14645,0.0 9.94102,45.14645,0.0 9.94106,45.14651,0.0 9.94106,45.14651,0.0 9.94106,45.14651,0.0 9.94109,45.14657,0.0 9.94109,45.14657,0.0 9.94109,45.14657,0.0 9.94112,45.14661,0.0 9.94112,45.14661,0.0 9.94118,45.14665,0.0 9.94118,45.14665,0.0 9.94118,45.14665,0.0 9.94118,45.14665,0.0 9.94118,45.14665,0.0 9.94118,45.14665,0.0 9.94118,45.14665,0.0 9.94118,45.14665,0.0 9.94118,45.14665,0.0 9.94118,45.14665,0.0 9.94118,45.14665,0.0 9.94125,45.14668,0.0 9.94125,45.14668,0.0 9.94125,45.14668,0.0 9.94125,45.14668,0.0 9.94125,45.14668,0.0 9.94125,45.14668,0.0 9.94125,45.14668,0.0 9.94132,45.14668,0.0 9.94132,45.14668,0.0 9.94132,45.14668,0.0 9.94132,45.14668,0.0 9.94132,45.14668,0.0 9.94132,45.14668,0.0 9.94132,45.14668,0.0 9.94132,45.14668,0.0 9.94132,45.14668,0.0 9.94132,45.14668,0.0 9.94132,45.14668,0.0 9.94123,45.14668,0.0 9.94123,45.14668,0.0 9.94114,45.1467,0.0 9.94114,45.1467,0.0 9.94114,45.1467,0.0 9.94114,45.1467,0.0 9.94114,45.1467,0.0 9.94114,45.14664,0.0 9.94114,45.14664,0.0 9.94113,45.14657,0.0 9.94113,45.14657,0.0 9.94113,45.14657,0.0 9.94109,45.14647,0.0 9.94109,45.14647,0.0 9.94105,45.14643,0.0 9.94105,45.14643,0.0 9.94105,45.14643,0.0 9.94105,45.14643,0.0 9.94094,45.14645,0.0</coordinates>
                </LineString>
            </Placemark>
            <Placemark id="286">
                <name>Rota 03:44</name>
                <styleUrl>#287</styleUrl>
                <LineString id="285">
                    <altitudeMode>clampToGround</altitudeMode>
                    <coordinates>9.94094,45.14645,0.0 9.94094,45.14645,0.0 9.94094,45.14645,0.0 9.94094,45.14645,0.0 9.94094,45.14645,0.0 9.94094,45.14645,0.0 9.94094,45.14645,0.0 9.94094,45.14645,0.0 9.94094,45.14645,0.0 9.94094,45.14645,0.0 9.94094,45.14645,0.0 9.94094,45.14645,0.0 9.94094,45.14645,0.0 9.94094,45.14645,0.0 9.94094,45.14645,0.0 9.94094,45.14645,0.0 9.94094,45.14645,0.0 9.94094,45.14645,0.0 9.94094,45.14645,0.0 9.94094,45.14645,0.0 9.94094,45.14645,0.0 9.94094,45.14645,0.0 9.94094,45.14645,0.0 9.94094,45.14645,0.0 9.94094,45.14645,0.0 9.94094,45.14645,0.0 9.94094,45.14645,0.0 9.94094,45.14645,0.0 9.94094,45.14645,0.0 9.941,45.14648,0.0 9.94106,45.1465,0.0 9.94106,45.1465,0.0 9.94106,45.1465,0.0 9.94106,45.1465,0.0 9.94113,45.14652,0.0 9.94113,45.14652,0.0 9.94113,45.14652,0.0 9.9412,45.14654,0.0 9.9412,45.14654,0.0 9.9412,45.14654,0.0 9.9412,45.14654,0.0 9.9412,45.14654,0.0 9.9412,45.14654,0.0 9.94127,45.14655,0.0 9.94127,45.14655,0.0 9.94127,45.14655,0.0 9.94127,45.14655,0.0 9.94127,45.14655,0.0 9.94127,45.14655,0.0 9.94127,45.14655,0.0 9.94127,45.14655,0.0 9.94127,45.14655,0.0 9.94127,45.14655,0.0 9.94127,45.14655,0.0 9.94127,45.14655,0.0 9.94119,45.14656,0.0 9.94119,45.14656,0.0 9.94114,45.14659,0.0 9.94114,45.14659,0.0 9.94114,45.14659,0.0</coordinates>
                </LineString>
            </Placemark>
            <Placemark id="290">
                <name>Rota 03:45</name>
                <styleUrl>#291</styleUrl>
                <LineString id="289">
                    <altitudeMode>clampToGround</altitudeMode>
                    <coordinates>9.94114,45.14659,0.0 9.94117,45.14654,0.0 9.94117,45.14654,0.0 9.94115,45.14648,0.0 9.94115,45.14648,0.0 9.94115,45.14648,0.0 9.94108,45.14645,0.0 9.94108,45.14645,0.0 9.94102,45.14647,0.0 9.94102,45.14647,0.0 9.94102,45.14647,0.0 9.94102,45.14647,0.0 9.94095,45.1465,0.0 9.94095,45.1465,0.0 9.94095,45.1465,0.0 9.94095,45.1465,0.0 9.94095,45.1465,0.0 9.94095,45.1465,0.0 9.94095,45.1465,0.0 9.94095,45.1465,0.0 9.94095,45.1465,0.0 9.94095,45.1465,0.0 9.94095,45.1465,0.0 9.94095,45.1465,0.0 9.94095,45.1465,0.0 9.94095,45.1465,0.0 9.94095,45.1465,0.0 9.94095,45.1465,0.0 9.94095,45.1465,0.0 9.94095,45.1465,0.0 9.94095,45.1465,0.0 9.94095,45.1465,0.0 9.94101,45.14646,0.0 9.94101,45.14646,0.0 9.94101,45.14646,0.0 9.94101,45.14646,0.0 9.94101,45.14646,0.0 9.94101,45.14646,0.0 9.94103,45.14653,0.0 9.94103,45.14653,0.0 9.94103,45.14653,0.0 9.94103,45.14653,0.0 9.94108,45.14657,0.0 9.94108,45.14657,0.0 9.94108,45.14657,0.0 9.94108,45.14657,0.0 9.94108,45.14657,0.0 9.94108,45.14657,0.0 9.94108,45.14657,0.0 9.94108,45.14657,0.0 9.94108,45.14657,0.0 9.94108,45.14657,0.0 9.94108,45.14657,0.0 9.94108,45.14657,0.0 9.94108,45.14657,0.0 9.94108,45.14657,0.0 9.94108,45.14657,0.0 9.94108,45.14657,0.0 9.94108,45.14657,0.0 9.94108,45.14657,0.0</coordinates>
                </LineString>
            </Placemark>
            <Placemark id="294">
                <name>Rota 03:46</name>
                <styleUrl>#295</styleUrl>
                <LineString id="293">
                    <altitudeMode>clampToGround</altitudeMode>
                    <coordinates>9.94108,45.14657,0.0 9.94108,45.14657,0.0 9.94108,45.14657,0.0 9.94108,45.14657,0.0 9.94108,45.14657,0.0 9.94108,45.14657,0.0 9.94108,45.14657,0.0 9.94108,45.14657,0.0 9.94108,45.14657,0.0 9.94108,45.14657,0.0 9.94108,45.14657,0.0 9.94108,45.14657,0.0 9.94108,45.14657,0.0 9.94108,45.14657,0.0 9.94108,45.14657,0.0 9.94108,45.14657,0.0 9.94108,45.14657,0.0 9.94108,45.14657,0.0 9.94108,45.14657,0.0 9.94108,45.14657,0.0 9.94108,45.14657,0.0 9.94108,45.14657,0.0 9.94108,45.14657,0.0 9.94108,45.14657,0.0 9.94108,45.14657,0.0 9.94108,45.14657,0.0 9.94108,45.14657,0.0 9.94108,45.14657,0.0 9.94108,45.14657,0.0 9.94108,45.14657,0.0 9.94108,45.14657,0.0 9.94108,45.14657,0.0 9.94108,45.14657,0.0 9.94108,45.14657,0.0 9.94108,45.14657,0.0 9.94108,45.14657,0.0 9.94108,45.14657,0.0 9.94108,45.14657,0.0 9.94108,45.14657,0.0 9.94108,45.14657,0.0 9.94108,45.14657,0.0 9.94108,45.14657,0.0 9.94108,45.14657,0.0 9.94108,45.14657,0.0 9.94108,45.14657,0.0 9.94108,45.14657,0.0 9.94108,45.14657,0.0 9.94108,45.14657,0.0 9.94108,45.14657,0.0 9.94108,45.14657,0.0 9.94108,45.14657,0.0 9.94108,45.14657,0.0 9.94117,45.14662,0.0 9.94117,45.14662,0.0 9.94117,45.14662,0.0 9.94117,45.14662,0.0 9.94117,45.14662,0.0 9.94124,45.14663,0.0 9.94124,45.14663,0.0 9.94124,45.14663,0.0</coordinates>
                </LineString>
            </Placemark>
            <Placemark id="298">
                <name>Rota 03:47</name>
                <styleUrl>#299</styleUrl>
                <LineString id="297">
                    <altitudeMode>clampToGround</altitudeMode>
                    <coordinates>9.94124,45.14663,0.0 9.94124,45.14663,0.0 9.94124,45.14663,0.0 9.94124,45.14663,0.0 9.94132,45.14664,0.0 9.94132,45.14664,0.0 9.94132,45.14664,0.0 9.94132,45.14664,0.0 9.94132,45.14664,0.0 9.94132,45.14664,0.0 9.94132,45.14664,0.0 9.94132,45.14664,0.0 9.94125,45.14665,0.0 9.94125,45.14665,0.0 9.94125,45.14665,0.0 9.94125,45.14665,0.0 9.94114,45.14669,0.0 9.94114,45.14669,0.0 9.94114,45.14669,0.0 9.94114,45.14669,0.0 9.94114,45.14669,0.0 9.94114,45.14669,0.0 9.94113,45.14659,0.0 9.94113,45.14659,0.0 9.9411,45.14654,0.0 9.9411,45.14654,0.0 9.9411,45.14654,0.0 9.94104,45.14649,0.0 9.94097,45.14644,0.0 9.94097,45.14644,0.0 9.9409,45.14642,0.0 9.9409,45.14642,0.0 9.9409,45.14642,0.0 9.9409,45.14642,0.0 9.94084,45.14645,0.0 9.94084,45.14645,0.0 9.94084,45.14645,0.0 9.94084,45.14645,0.0 9.94084,45.14645,0.0 9.94084,45.14645,0.0 9.94084,45.14645,0.0 9.94084,45.14645,0.0 9.94084,45.14645,0.0 9.94084,45.14645,0.0 9.94084,45.14645,0.0 9.94084,45.14645,0.0 9.94084,45.14645,0.0 9.94084,45.14645,0.0 9.94084,45.14645,0.0 9.94084,45.14645,0.0 9.94084,45.14645,0.0 9.94084,45.14645,0.0 9.94087,45.14641,0.0 9.94087,45.14641,0.0 9.94087,45.14641,0.0 9.94087,45.14641,0.0 9.94087,45.14641,0.0 9.94087,45.14641,0.0 9.94092,45.14646,0.0 9.94097,45.14649,0.0</coordinates>
                </LineString>
            </Placemark>
            <Placemark id="302">
                <name>Rota 03:48</name>
                <styleUrl>#303</styleUrl>
                <LineString id="301">
                    <altitudeMode>clampToGround</altitudeMode>
                    <coordinates>9.94097,45.14649,0.0 9.94097,45.14649,0.0 9.94097,45.14649,0.0 9.94097,45.14649,0.0 9.94103,45.14652,0.0 9.94103,45.14652,0.0 9.94103,45.14652,0.0 9.94103,45.14652,0.0 9.94103,45.14652,0.0 9.94103,45.14652,0.0 9.94103,45.14652,0.0 9.94103,45.14652,0.0 9.94103,45.14652,0.0 9.94103,45.14652,0.0 9.9411,45.14654,0.0 9.9411,45.14654,0.0 9.9411,45.14654,0.0 9.9411,45.14654,0.0 9.9411,45.14654,0.0 9.9411,45.14654,0.0 9.9411,45.14654,0.0 9.9411,45.14654,0.0 9.9411,45.14654,0.0 9.9411,45.14654,0.0 9.9411,45.14654,0.0 9.9411,45.14654,0.0 9.9411,45.14654,0.0 9.9411,45.14654,0.0 9.9411,45.14654,0.0 9.9411,45.14654,0.0 9.9411,45.14654,0.0 9.9411,45.14654,0.0 9.9411,45.14654,0.0 9.9411,45.14654,0.0 9.9411,45.14654,0.0 9.9411,45.14654,0.0 9.9411,45.14654,0.0 9.9411,45.14654,0.0 9.9411,45.14654,0.0 9.9411,45.14654,0.0 9.9411,45.14654,0.0 9.9411,45.14654,0.0 9.9411,45.14654,0.0 9.9411,45.14654,0.0 9.9411,45.14654,0.0 9.9411,45.14654,0.0 9.9411,45.14654,0.0 9.9411,45.14654,0.0 9.9411,45.14654,0.0 9.9411,45.14654,0.0 9.9411,45.14654,0.0 9.9411,45.14654,0.0 9.9411,45.14654,0.0 9.94117,45.14654,0.0 9.94117,45.14654,0.0 9.94117,45.14654,0.0 9.94117,45.14654,0.0 9.94117,45.14654,0.0 9.94117,45.14654,0.0 9.94117,45.14654,0.0</coordinates>
                </LineString>
            </Placemark>
            <Placemark id="306">
                <name>Rota 03:49</name>
                <styleUrl>#307</styleUrl>
                <LineString id="305">
                    <altitudeMode>clampToGround</altitudeMode>
                    <coordinates>9.94125,45.14654,0.0 9.94125,45.14654,0.0 9.94125,45.14654,0.0 9.94125,45.14654,0.0 9.94125,45.14654,0.0 9.94125,45.14654,0.0 9.94125,45.14654,0.0 9.94125,45.14654,0.0 9.94125,45.14654,0.0 9.94125,45.14654,0.0 9.94125,45.14654,0.0 9.94117,45.14656,0.0 9.94117,45.14656,0.0 9.94117,45.14656,0.0 9.94117,45.14656,0.0 9.94113,45.14659,0.0 9.94113,45.14659,0.0 9.94113,45.14659,0.0 9.94113,45.14659,0.0 9.94113,45.14659,0.0 9.94114,45.14652,0.0 9.94113,45.14645,0.0 9.94113,45.14645,0.0 9.94111,45.1464,0.0 9.94111,45.1464,0.0 9.94111,45.1464,0.0 9.94105,45.14636,0.0 9.94097,45.14636,0.0 9.94097,45.14636,0.0 9.94088,45.14638,0.0 9.94088,45.14638,0.0 9.94078,45.14638,0.0 9.94078,45.14638,0.0 9.94078,45.14638,0.0 9.9407,45.14639,0.0 9.9407,45.14639,0.0 9.9407,45.14639,0.0 9.9407,45.14639,0.0 9.9407,45.14639,0.0 9.9407,45.14639,0.0 9.9407,45.14639,0.0 9.9407,45.14639,0.0 9.9407,45.14639,0.0 9.9407,45.14639,0.0 9.9407,45.14639,0.0 9.9407,45.14639,0.0 9.9407,45.14639,0.0 9.9407,45.14639,0.0 9.9407,45.14639,0.0 9.9407,45.14639,0.0 9.9407,45.14639,0.0 9.9407,45.14639,0.0 9.9407,45.14639,0.0 9.9407,45.14639,0.0 9.9407,45.14639,0.0 9.9407,45.14639,0.0 9.9407,45.14639,0.0 9.9407,45.14639,0.0 9.9407,45.14634,0.0 9.9407,45.14634,0.0</coordinates>
                </LineString>
            </Placemark>
            <Placemark id="310">
                <name>Rota 03:50</name>
                <styleUrl>#311</styleUrl>
                <LineString id="309">
                    <altitudeMode>clampToGround</altitudeMode>
                    <coordinates>9.9407,45.14634,0.0 9.9407,45.14634,0.0 9.9407,45.14634,0.0 9.9407,45.14634,0.0 9.9407,45.14634,0.0 9.9407,45.14634,0.0 9.94075,45.14637,0.0 9.94075,45.14637,0.0 9.94075,45.14637,0.0 9.94075,45.14637,0.0 9.94087,45.14636,0.0 9.94087,45.14636,0.0 9.94093,45.14634,0.0 9.94093,45.14634,0.0 9.94093,45.14634,0.0 9.94103,45.14633,0.0 9.94103,45.14633,0.0 9.94109,45.14636,0.0 9.94109,45.14636,0.0 9.94109,45.14636,0.0 9.94111,45.14641,0.0 9.94111,45.14641,0.0 9.94114,45.14647,0.0 9.94114,45.14647,0.0 9.94114,45.14647,0.0 9.94114,45.14647,0.0 9.94116,45.14652,0.0 9.94116,45.14652,0.0 9.94116,45.14652,0.0 9.94116,45.14652,0.0 9.94116,45.14652,0.0 9.94119,45.14656,0.0 9.94119,45.14656,0.0 9.94119,45.14656,0.0 9.94121,45.14661,0.0 9.94121,45.14661,0.0 9.94121,45.14661,0.0 9.94121,45.14661,0.0 9.94121,45.14661,0.0 9.94121,45.14661,0.0 9.94121,45.14661,0.0 9.94121,45.14661,0.0 9.94121,45.14661,0.0 9.94121,45.14661,0.0 9.94115,45.14655,0.0 9.94115,45.14655,0.0 9.94115,45.14655,0.0 9.94115,45.14655,0.0 9.94115,45.14655,0.0 9.94115,45.14655,0.0 9.94122,45.1466,0.0 9.94122,45.1466,0.0 9.94121,45.14665,0.0 9.94121,45.14665,0.0 9.94121,45.14665,0.0 9.9412,45.14671,0.0 9.9412,45.14671,0.0 9.9412,45.14671,0.0 9.9412,45.14671,0.0 9.9412,45.14671,0.0</coordinates>
                </LineString>
            </Placemark>
            <Placemark id="314">
                <name>Rota 03:51</name>
                <styleUrl>#315</styleUrl>
                <LineString id="313">
                    <altitudeMode>clampToGround</altitudeMode>
                    <coordinates>9.9412,45.14671,0.0 9.9412,45.14671,0.0 9.9412,45.14671,0.0 9.9412,45.14671,0.0 9.9412,45.14671,0.0 9.94123,45.14667,0.0 9.94123,45.14667,0.0 9.94123,45.14667,0.0 9.94125,45.14661,0.0 9.94125,45.14661,0.0 9.94125,45.14656,0.0 9.94125,45.14656,0.0 9.94125,45.14656,0.0 9.94125,45.14656,0.0 9.94119,45.14651,0.0 9.94119,45.14651,0.0 9.94119,45.14651,0.0 9.94119,45.14651,0.0 9.94119,45.14651,0.0 9.94119,45.14651,0.0 9.94119,45.14651,0.0 9.94124,45.14654,0.0 9.94124,45.14654,0.0 9.94124,45.14654,0.0 9.94124,45.14654,0.0 9.94124,45.14654,0.0 9.94124,45.14654,0.0 9.94124,45.14654,0.0 9.94124,45.14654,0.0 9.94131,45.14654,0.0 9.94131,45.14654,0.0 9.94131,45.14654,0.0 9.94131,45.14654,0.0 9.94131,45.14654,0.0 9.94131,45.14654,0.0 9.94131,45.14654,0.0 9.94131,45.14654,0.0 9.94131,45.14654,0.0 9.94131,45.14654,0.0 9.94131,45.14654,0.0 9.94131,45.14654,0.0 9.94123,45.14655,0.0 9.94123,45.14655,0.0 9.94123,45.14655,0.0 9.94123,45.14655,0.0 9.94117,45.14653,0.0 9.94117,45.14653,0.0 9.94117,45.14653,0.0 9.94117,45.14653,0.0 9.94117,45.14653,0.0 9.94117,45.14653,0.0 9.94117,45.14653,0.0 9.94119,45.14661,0.0 9.94119,45.14661,0.0 9.9412,45.14668,0.0 9.9412,45.14668,0.0 9.9412,45.14668,0.0 9.94121,45.14677,0.0 9.94121,45.14677,0.0 9.94123,45.14683,0.0</coordinates>
                </LineString>
            </Placemark>
            <Placemark id="318">
                <name>Rota 03:52</name>
                <styleUrl>#319</styleUrl>
                <LineString id="317">
                    <altitudeMode>clampToGround</altitudeMode>
                    <coordinates>9.94123,45.14683,0.0 9.94123,45.14683,0.0 9.94124,45.1469,0.0 9.94124,45.1469,0.0 9.94124,45.14696,0.0 9.94124,45.14696,0.0 9.94124,45.14696,0.0 9.94124,45.14696,0.0 9.94124,45.14696,0.0 9.94126,45.14701,0.0 9.94126,45.14701,0.0 9.94126,45.14701,0.0 9.94126,45.14701,0.0 9.94126,45.14701,0.0 9.94126,45.14701,0.0 9.94126,45.14701,0.0 9.94126,45.14701,0.0 9.94126,45.14701,0.0 9.94126,45.14701,0.0 9.94126,45.14701,0.0 9.94119,45.14705,0.0 9.94119,45.14705,0.0 9.94119,45.14705,0.0 9.94119,45.14705,0.0 9.94119,45.14705,0.0 9.94119,45.14705,0.0 9.94119,45.14705,0.0 9.9412,45.147,0.0 9.9412,45.147,0.0 9.94119,45.14695,0.0 9.94119,45.14695,0.0 9.94119,45.14695,0.0 9.9412,45.14689,0.0 9.9412,45.14689,0.0 9.9412,45.14689,0.0 9.94125,45.14685,0.0 9.94125,45.14685,0.0 9.94125,45.14685,0.0 9.94125,45.14685,0.0 9.94125,45.14685,0.0 9.94125,45.14685,0.0 9.94125,45.14685,0.0 9.94125,45.14685,0.0 9.94125,45.14685,0.0 9.94125,45.14685,0.0 9.94132,45.14683,0.0 9.94132,45.14683,0.0 9.94132,45.14683,0.0 9.94132,45.14683,0.0 9.94132,45.14683,0.0 9.94132,45.14683,0.0 9.94132,45.14683,0.0 9.94132,45.14683,0.0 9.94132,45.14683,0.0 9.94132,45.14683,0.0 9.94132,45.14683,0.0 9.94132,45.14683,0.0 9.94132,45.14683,0.0 9.94132,45.14683,0.0 9.94132,45.14683,0.0</coordinates>
                </LineString>
            </Placemark>
            <Placemark id="322">
                <name>Rota 03:53</name>
                <styleUrl>#323</styleUrl>
                <LineString id="321">
                    <altitudeMode>clampToGround</altitudeMode>
                    <coordinates>9.94132,45.14683,0.0 9.94132,45.14683,0.0 9.94132,45.14683,0.0 9.94132,45.14683,0.0 9.94132,45.14683,0.0 9.94132,45.14683,0.0 9.94132,45.14683,0.0 9.94132,45.14683,0.0 9.94132,45.14683,0.0 9.94132,45.14683,0.0 9.94132,45.14683,0.0 9.94125,45.14683,0.0 9.94125,45.14683,0.0 9.94125,45.14683,0.0 9.94125,45.14683,0.0 9.94125,45.14683,0.0 9.94125,45.14683,0.0 9.94125,45.14683,0.0 9.94125,45.14683,0.0 9.94125,45.14683,0.0 9.94125,45.14683,0.0 9.94125,45.14683,0.0 9.94125,45.14683,0.0 9.94125,45.14683,0.0 9.94125,45.14683,0.0 9.94125,45.14683,0.0 9.94125,45.14683,0.0 9.94125,45.14683,0.0 9.94125,45.14683,0.0 9.94125,45.14683,0.0 9.94125,45.14683,0.0 9.94125,45.14683,0.0 9.94125,45.14683,0.0 9.94125,45.14683,0.0 9.94125,45.14683,0.0 9.94125,45.14683,0.0 9.94125,45.14683,0.0 9.94125,45.14683,0.0 9.94125,45.14683,0.0 9.94125,45.14683,0.0 9.94125,45.14683,0.0 9.94125,45.14683,0.0 9.94125,45.14683,0.0 9.94125,45.14683,0.0 9.94118,45.14682,0.0 9.94118,45.14682,0.0 9.94118,45.14682,0.0 9.94118,45.14682,0.0 9.94118,45.14682,0.0 9.94118,45.14682,0.0 9.94118,45.14682,0.0 9.94121,45.14686,0.0 9.94121,45.14686,0.0 9.94121,45.14691,0.0 9.94121,45.14691,0.0 9.94121,45.14691,0.0 9.94119,45.14697,0.0 9.94119,45.14697,0.0 9.94119,45.14697,0.0 9.94119,45.14697,0.0</coordinates>
                </LineString>
            </Placemark>
            <Placemark id="326">
                <name>Rota 03:54</name>
                <styleUrl>#327</styleUrl>
                <LineString id="325">
                    <altitudeMode>clampToGround</altitudeMode>
                    <coordinates>9.94122,45.14702,0.0 9.94122,45.14702,0.0 9.94122,45.14702,0.0 9.94122,45.14702,0.0 9.94122,45.14702,0.0 9.94122,45.14702,0.0 9.94122,45.14702,0.0 9.94122,45.14702,0.0 9.94122,45.14702,0.0 9.94122,45.14702,0.0 9.94122,45.14702,0.0 9.94122,45.14702,0.0 9.94116,45.14706,0.0 9.94116,45.14706,0.0 9.94116,45.14706,0.0 9.94116,45.14706,0.0 9.94116,45.14706,0.0 9.94116,45.14706,0.0 9.94116,45.14706,0.0 9.94117,45.147,0.0 9.94117,45.147,0.0 9.94117,45.147,0.0 9.94117,45.147,0.0 9.94118,45.14695,0.0 9.94118,45.14695,0.0 9.94118,45.14695,0.0 9.9412,45.14689,0.0 9.9412,45.14689,0.0 9.9412,45.14689,0.0 9.9412,45.14689,0.0 9.94124,45.14685,0.0 9.94124,45.14685,0.0 9.94124,45.14685,0.0 9.94124,45.14685,0.0 9.94124,45.14685,0.0 9.94124,45.14685,0.0 9.94124,45.14685,0.0 9.94124,45.14685,0.0 9.94124,45.14685,0.0 9.94124,45.14685,0.0 9.94131,45.14684,0.0 9.94131,45.14684,0.0 9.94131,45.14684,0.0 9.94131,45.14684,0.0 9.94131,45.14684,0.0 9.94131,45.14684,0.0 9.94131,45.14684,0.0 9.94131,45.14684,0.0 9.94131,45.14684,0.0 9.94131,45.14684,0.0 9.94131,45.14684,0.0 9.94131,45.14684,0.0 9.94131,45.14684,0.0 9.94123,45.14684,0.0 9.94123,45.14684,0.0 9.94116,45.14686,0.0 9.94116,45.14686,0.0 9.94116,45.14686,0.0 9.94116,45.14686,0.0 9.94115,45.14689,0.0</coordinates>
                </LineString>
            </Placemark>
            <Placemark id="330">
                <name>Rota 03:55</name>
                <styleUrl>#331</styleUrl>
                <LineString id="329">
                    <altitudeMode>clampToGround</altitudeMode>
                    <coordinates>9.94115,45.14689,0.0 9.94115,45.14689,0.0 9.94115,45.14689,0.0 9.94115,45.14689,0.0 9.94115,45.14683,0.0 9.94114,45.14678,0.0 9.94114,45.14678,0.0 9.94114,45.14678,0.0 9.94113,45.14672,0.0 9.94113,45.14672,0.0 9.94113,45.14672,0.0 9.94114,45.14666,0.0 9.94114,45.14666,0.0 9.94114,45.14666,0.0 9.94114,45.14666,0.0 9.94114,45.14666,0.0 9.94114,45.14666,0.0 9.94114,45.14666,0.0 9.94114,45.14666,0.0 9.94114,45.14666,0.0 9.94114,45.14666,0.0 9.94114,45.14666,0.0 9.94114,45.14666,0.0 9.94114,45.14666,0.0 9.94114,45.14666,0.0 9.94114,45.14666,0.0 9.94114,45.14666,0.0 9.94114,45.14666,0.0 9.94114,45.14666,0.0 9.94114,45.14666,0.0 9.94114,45.14666,0.0 9.94114,45.14666,0.0 9.94114,45.14666,0.0 9.94114,45.14666,0.0 9.94114,45.14666,0.0 9.94114,45.14666,0.0 9.94114,45.14666,0.0 9.94114,45.14666,0.0 9.94114,45.14666,0.0 9.94114,45.14666,0.0 9.94114,45.14666,0.0 9.94114,45.14666,0.0 9.94114,45.14666,0.0 9.94114,45.14666,0.0 9.94114,45.14666,0.0 9.94114,45.14666,0.0 9.94114,45.14666,0.0 9.94114,45.14666,0.0 9.94114,45.14666,0.0 9.94114,45.14666,0.0 9.94114,45.14666,0.0 9.94114,45.14666,0.0 9.94114,45.14666,0.0 9.94114,45.14666,0.0 9.94114,45.14666,0.0 9.94114,45.14666,0.0 9.94114,45.14666,0.0 9.94114,45.14666,0.0 9.94114,45.14666,0.0 9.94114,45.14666,0.0</coordinates>
                </LineString>
            </Placemark>
            <Placemark id="334">
                <name>Rota 03:56</name>
                <styleUrl>#335</styleUrl>
                <LineString id="333">
                    <altitudeMode>clampToGround</altitudeMode>
                    <coordinates>9.94114,45.14666,0.0 9.94114,45.14666,0.0 9.94114,45.14666,0.0 9.94114,45.14666,0.0 9.94114,45.14666,0.0 9.94114,45.14666,0.0 9.94114,45.14666,0.0 9.94114,45.14666,0.0 9.94114,45.14666,0.0 9.94114,45.14666,0.0 9.94114,45.14666,0.0 9.94114,45.14666,0.0 9.94114,45.14666,0.0 9.94114,45.14666,0.0 9.94114,45.14666,0.0 9.94114,45.14666,0.0 9.94114,45.14666,0.0 9.94114,45.14666,0.0 9.94114,45.14666,0.0 9.94114,45.14666,0.0 9.94114,45.14666,0.0 9.94114,45.14666,0.0 9.94114,45.14666,0.0 9.94114,45.14666,0.0 9.94114,45.14666,0.0 9.94114,45.14666,0.0 9.94114,45.14666,0.0 9.94114,45.14666,0.0 9.94114,45.14666,0.0 9.94114,45.14666,0.0 9.94114,45.14666,0.0 9.94114,45.14666,0.0 9.94114,45.14666,0.0 9.94114,45.14666,0.0 9.94114,45.14666,0.0 9.94114,45.14666,0.0 9.94114,45.14666,0.0 9.94114,45.14666,0.0 9.94114,45.14666,0.0 9.94114,45.14666,0.0 9.94114,45.14666,0.0 9.94114,45.14666,0.0 9.94114,45.14666,0.0 9.94114,45.14666,0.0 9.94114,45.14666,0.0 9.94114,45.14666,0.0 9.94114,45.14666,0.0 9.94114,45.14666,0.0 9.94114,45.14666,0.0 9.94114,45.14666,0.0 9.94114,45.14666,0.0 9.94114,45.14666,0.0 9.94114,45.14666,0.0 9.94114,45.14666,0.0 9.94114,45.14666,0.0 9.94114,45.14666,0.0 9.94114,45.14666,0.0 9.94114,45.14666,0.0 9.94114,45.14666,0.0 9.94114,45.14666,0.0</coordinates>
                </LineString>
            </Placemark>
            <Placemark id="338">
                <name>Rota 03:57</name>
                <styleUrl>#339</styleUrl>
                <LineString id="337">
                    <altitudeMode>clampToGround</altitudeMode>
                    <coordinates>9.94114,45.14666,0.0 9.94114,45.14666,0.0 9.94114,45.14666,0.0 9.94114,45.14666,0.0 9.94114,45.14666,0.0 9.94114,45.14666,0.0 9.94114,45.14666,0.0 9.94114,45.14666,0.0 9.94114,45.14666,0.0 9.94114,45.14666,0.0 9.94114,45.14666,0.0 9.94114,45.14666,0.0 9.94114,45.14666,0.0 9.94114,45.14666,0.0 9.94114,45.14666,0.0 9.94114,45.14666,0.0 9.94114,45.14666,0.0 9.94114,45.14666,0.0 9.94114,45.14666,0.0 9.94114,45.14666,0.0 9.94114,45.14666,0.0 9.94114,45.14666,0.0 9.94114,45.14666,0.0 9.94114,45.14666,0.0 9.94114,45.14666,0.0 9.94114,45.14666,0.0 9.94114,45.14666,0.0 9.94114,45.14666,0.0 9.94114,45.14666,0.0 9.94114,45.14666,0.0 9.94114,45.14666,0.0 9.94114,45.14666,0.0 9.94114,45.14666,0.0 9.94114,45.14666,0.0 9.94114,45.14666,0.0 9.94114,45.14666,0.0 9.94114,45.14666,0.0 9.94114,45.14666,0.0 9.94114,45.14666,0.0 9.94114,45.14666,0.0 9.94114,45.14666,0.0 9.94114,45.14666,0.0 9.94114,45.14666,0.0 9.94114,45.14666,0.0 9.94114,45.14666,0.0 9.94114,45.14666,0.0 9.94114,45.14666,0.0 9.94114,45.14666,0.0 9.94114,45.14666,0.0 9.94114,45.14666,0.0 9.94114,45.14666,0.0 9.94114,45.14666,0.0 9.94114,45.14666,0.0 9.94114,45.14666,0.0 9.94114,45.14666,0.0 9.94114,45.14666,0.0 9.94114,45.14666,0.0 9.94114,45.14666,0.0 9.94114,45.14666,0.0 9.94114,45.14666,0.0</coordinates>
                </LineString>
            </Placemark>
            <Placemark id="342">
                <name>Rota 03:58</name>
                <styleUrl>#343</styleUrl>
                <LineString id="341">
                    <altitudeMode>clampToGround</altitudeMode>
                    <coordinates>9.94114,45.14666,0.0 9.94114,45.14666,0.0 9.94114,45.14666,0.0 9.94114,45.14666,0.0 9.94114,45.14666,0.0 9.94114,45.14666,0.0 9.94114,45.14666,0.0 9.94114,45.14666,0.0 9.94114,45.14666,0.0 9.94114,45.14666,0.0 9.94114,45.14666,0.0 9.94114,45.14666,0.0 9.94114,45.14666,0.0 9.94114,45.14666,0.0 9.94114,45.14666,0.0 9.94114,45.14666,0.0 9.94114,45.14666,0.0 9.94114,45.14666,0.0 9.94114,45.14666,0.0 9.94114,45.14666,0.0 9.94114,45.14666,0.0 9.94114,45.14666,0.0 9.94114,45.14666,0.0 9.94114,45.14666,0.0 9.94114,45.14666,0.0 9.94114,45.14666,0.0 9.94114,45.14666,0.0 9.94114,45.14666,0.0 9.94114,45.14666,0.0 9.94114,45.14666,0.0 9.94114,45.14666,0.0 9.94114,45.14666,0.0 9.94114,45.14666,0.0 9.94114,45.14666,0.0 9.94114,45.14666,0.0 9.94114,45.14666,0.0 9.94114,45.14666,0.0 9.94114,45.14666,0.0 9.94114,45.14666,0.0 9.94114,45.14666,0.0 9.94114,45.14666,0.0 9.94114,45.14666,0.0 9.94114,45.14666,0.0 9.94114,45.14666,0.0 9.94114,45.14666,0.0 9.94114,45.14666,0.0 9.94114,45.14666,0.0 9.94114,45.14666,0.0 9.94114,45.14666,0.0 9.94114,45.14666,0.0 9.94114,45.14666,0.0 9.94114,45.14666,0.0 9.94114,45.14666,0.0 9.94114,45.14666,0.0 9.94114,45.14666,0.0 9.94114,45.14666,0.0 9.94114,45.14666,0.0 9.94114,45.14666,0.0 9.94114,45.14666,0.0 9.94114,45.14666,0.0</coordinates>
                </LineString>
            </Placemark>
            <Placemark id="346">
                <name>Rota 03:59</name>
                <styleUrl>#347</styleUrl>
                <LineString id="345">
                    <altitudeMode>clampToGround</altitudeMode>
                    <coordinates>9.94114,45.14666,0.0 9.94114,45.14666,0.0 9.94114,45.14666,0.0 9.94114,45.14666,0.0 9.94114,45.14666,0.0 9.94114,45.14666,0.0 9.94114,45.14666,0.0 9.94114,45.14666,0.0 9.94114,45.14666,0.0 9.94114,45.14666,0.0 9.94114,45.14666,0.0 9.94114,45.14666,0.0 9.94114,45.14666,0.0 9.94114,45.14666,0.0 9.94114,45.14666,0.0 9.94114,45.14666,0.0 9.94114,45.14666,0.0 9.94114,45.14666,0.0 9.94114,45.14666,0.0 9.94114,45.14666,0.0 9.94114,45.14666,0.0 9.94114,45.14666,0.0 9.94114,45.14666,0.0 9.94114,45.14666,0.0 9.94114,45.14666,0.0 9.94114,45.14666,0.0 9.94114,45.14666,0.0 9.94114,45.14666,0.0 9.94114,45.14666,0.0 9.94114,45.14666,0.0 9.94114,45.14666,0.0 9.94114,45.14666,0.0 9.94114,45.14666,0.0 9.94114,45.14666,0.0 9.94114,45.14666,0.0 9.94114,45.14666,0.0 9.94114,45.14666,0.0 9.94114,45.14666,0.0 9.94114,45.14666,0.0 9.94114,45.14666,0.0 9.94114,45.14666,0.0 9.94114,45.14666,0.0 9.94114,45.14666,0.0 9.94114,45.14666,0.0 9.94114,45.14666,0.0 9.94114,45.14666,0.0 9.94114,45.14666,0.0 9.94114,45.14666,0.0 9.94114,45.14666,0.0 9.94114,45.14666,0.0 9.94114,45.14666,0.0 9.94114,45.14666,0.0 9.94114,45.14666,0.0 9.94114,45.14666,0.0 9.94114,45.14666,0.0 9.94114,45.14666,0.0 9.94114,45.14666,0.0 9.94114,45.14666,0.0 9.94114,45.14666,0.0 9.94114,45.14666,0.0</coordinates>
                </LineString>
            </Placemark>
        </Folder>
        <Folder id="349">
            <Style id="352">
                <LineStyle id="353">
                    <color>ff0000ff</color>
                    <colorMode>normal</colorMode>
                    <width>3</width>
                </LineStyle>
            </Style>
            <Style id="356">
                <LineStyle id="357">
                    <color>ff0000ff</color>
                    <colorMode>normal</colorMode>
                    <width>3</width>
                </LineStyle>
            </Style>
            <Style id="360">
                <LineStyle id="361">
                    <color>ff0000ff</color>
                    <colorMode>normal</colorMode>
                    <width>3</width>
                </LineStyle>
            </Style>
            <Style id="364">
                <LineStyle id="365">
                    <color>ff0000ff</color>
                    <colorMode>normal</colorMode>
                    <width>3</width>
                </LineStyle>
            </Style>
            <Style id="368">
                <LineStyle id="369">
                    <color>ff0000ff</color>
                    <colorMode>normal</colorMode>
                    <width>3</width>
                </LineStyle>
            </Style>
            <Style id="372">
                <LineStyle id="373">
                    <color>ff0000ff</color>
                    <colorMode>normal</colorMode>
                    <width>3</width>
                </LineStyle>
            </Style>
            <Style id="376">
                <LineStyle id="377">
                    <color>ff0000ff</color>
                    <colorMode>normal</colorMode>
                    <width>3</width>
                </LineStyle>
            </Style>
            <Style id="380">
                <LineStyle id="381">
                    <color>ff0000ff</color>
                    <colorMode>normal</colorMode>
                    <width>3</width>
                </LineStyle>
            </Style>
            <Style id="384">
                <LineStyle id="385">
                    <color>ff0000ff</color>
                    <colorMode>normal</colorMode>
                    <width>3</width>
                </LineStyle>
            </Style>
            <Style id="388">
                <LineStyle id="389">
                    <color>ff0000ff</color>
                    <colorMode>normal</colorMode>
                    <width>3</width>
                </LineStyle>
            </Style>
            <Style id="392">
                <LineStyle id="393">
                    <color>ff0000ff</color>
                    <colorMode>normal</colorMode>
                    <width>3</width>
                </LineStyle>
            </Style>
            <Style id="396">
                <LineStyle id="397">
                    <color>ff0000ff</color>
                    <colorMode>normal</colorMode>
                    <width>3</width>
                </LineStyle>
            </Style>
            <Style id="400">
                <LineStyle id="401">
                    <color>ff0000ff</color>
                    <colorMode>normal</colorMode>
                    <width>3</width>
                </LineStyle>
            </Style>
            <Style id="404">
                <LineStyle id="405">
                    <color>ff0000ff</color>
                    <colorMode>normal</colorMode>
                    <width>3</width>
                </LineStyle>
            </Style>
            <Style id="408">
                <LineStyle id="409">
                    <color>ff0000ff</color>
                    <colorMode>normal</colorMode>
                    <width>3</width>
                </LineStyle>
            </Style>
            <Style id="412">
                <LineStyle id="413">
                    <color>ff0000ff</color>
                    <colorMode>normal</colorMode>
                    <width>3</width>
                </LineStyle>
            </Style>
            <Style id="416">
                <LineStyle id="417">
                    <color>ff0000ff</color>
                    <colorMode>normal</colorMode>
                    <width>3</width>
                </LineStyle>
            </Style>
            <Style id="420">
                <LineStyle id="421">
                    <color>ff0000ff</color>
                    <colorMode>normal</colorMode>
                    <width>3</width>
                </LineStyle>
            </Style>
            <Style id="424">
                <LineStyle id="425">
                    <color>ff0000ff</color>
                    <colorMode>normal</colorMode>
                    <width>3</width>
                </LineStyle>
            </Style>
            <Style id="428">
                <LineStyle id="429">
                    <color>ff0000ff</color>
                    <colorMode>normal</colorMode>
                    <width>3</width>
                </LineStyle>
            </Style>
            <Style id="432">
                <LineStyle id="433">
                    <color>ff0000ff</color>
                    <colorMode>normal</colorMode>
                    <width>3</width>
                </LineStyle>
            </Style>
            <Style id="436">
                <LineStyle id="437">
                    <color>ff0000ff</color>
                    <colorMode>normal</colorMode>
                    <width>3</width>
                </LineStyle>
            </Style>
            <Style id="440">
                <LineStyle id="441">
                    <color>ff0000ff</color>
                    <colorMode>normal</colorMode>
                    <width>3</width>
                </LineStyle>
            </Style>
            <Style id="444">
                <LineStyle id="445">
                    <color>ff0000ff</color>
                    <colorMode>normal</colorMode>
                    <width>3</width>
                </LineStyle>
            </Style>
            <Style id="448">
                <LineStyle id="449">
                    <color>ff0000ff</color>
                    <colorMode>normal</colorMode>
                    <width>3</width>
                </LineStyle>
            </Style>
            <Style id="452">
                <LineStyle id="453">
                    <color>ff0000ff</color>
                    <colorMode>normal</colorMode>
                    <width>3</width>
                </LineStyle>
            </Style>
            <Style id="456">
                <LineStyle id="457">
                    <color>ff0000ff</color>
                    <colorMode>normal</colorMode>
                    <width>3</width>
                </LineStyle>
            </Style>
            <Style id="460">
                <LineStyle id="461">
                    <color>ff0000ff</color>
                    <colorMode>normal</colorMode>
                    <width>3</width>
                </LineStyle>
            </Style>
            <Style id="464">
                <LineStyle id="465">
                    <color>ff0000ff</color>
                    <colorMode>normal</colorMode>
                    <width>3</width>
                </LineStyle>
            </Style>
            <Style id="468">
                <LineStyle id="469">
                    <color>ff0000ff</color>
                    <colorMode>normal</colorMode>
                    <width>3</width>
                </LineStyle>
            </Style>
            <Style id="472">
                <LineStyle id="473">
                    <color>ff0000ff</color>
                    <colorMode>normal</colorMode>
                    <width>3</width>
                </LineStyle>
            </Style>
            <Style id="476">
                <LineStyle id="477">
                    <color>ff0000ff</color>
                    <colorMode>normal</colorMode>
                    <width>3</width>
                </LineStyle>
            </Style>
            <Style id="480">
                <LineStyle id="481">
                    <color>ff0000ff</color>
                    <colorMode>normal</colorMode>
                    <width>3</width>
                </LineStyle>
            </Style>
            <Style id="484">
                <LineStyle id="485">
                    <color>ff0000ff</color>
                    <colorMode>normal</colorMode>
                    <width>3</width>
                </LineStyle>
            </Style>
            <Style id="488">
                <LineStyle id="489">
                    <color>ff0000ff</color>
                    <colorMode>normal</colorMode>
                    <width>3</width>
                </LineStyle>
            </Style>
            <Style id="492">
                <LineStyle id="493">
                    <color>ff0000ff</color>
                    <colorMode>normal</colorMode>
                    <width>3</width>
                </LineStyle>
            </Style>
            <Style id="496">
                <LineStyle id="497">
                    <color>ff0000ff</color>
                    <colorMode>normal</colorMode>
                    <width>3</width>
                </LineStyle>
            </Style>
            <Style id="500">
                <LineStyle id="501">
                    <color>ff0000ff</color>
                    <colorMode>normal</colorMode>
                    <width>3</width>
                </LineStyle>
            </Style>
            <Style id="504">
                <LineStyle id="505">
                    <color>ff0000ff</color>
                    <colorMode>normal</colorMode>
                    <width>3</width>
                </LineStyle>
            </Style>
            <Style id="508">
                <LineStyle id="509">
                    <color>ff0000ff</color>
                    <colorMode>normal</colorMode>
                    <width>3</width>
                </LineStyle>
            </Style>
            <Style id="512">
                <LineStyle id="513">
                    <color>ff0000ff</color>
                    <colorMode>normal</colorMode>
                    <width>3</width>
                </LineStyle>
            </Style>
            <Style id="516">
                <LineStyle id="517">
                    <color>ff0000ff</color>
                    <colorMode>normal</colorMode>
                    <width>3</width>
                </LineStyle>
            </Style>
            <Style id="520">
                <LineStyle id="521">
                    <color>ff0000ff</color>
                    <colorMode>normal</colorMode>
                    <width>3</width>
                </LineStyle>
            </Style>
            <Style id="524">
                <LineStyle id="525">
                    <color>ff0000ff</color>
                    <colorMode>normal</colorMode>
                    <width>3</width>
                </LineStyle>
            </Style>
            <Style id="528">
                <LineStyle id="529">
                    <color>ff0000ff</color>
                    <colorMode>normal</colorMode>
                    <width>3</width>
                </LineStyle>
            </Style>
            <Style id="532">
                <LineStyle id="533">
                    <color>ff0000ff</color>
                    <colorMode>normal</colorMode>
                    <width>3</width>
                </LineStyle>
            </Style>
            <Style id="536">
                <LineStyle id="537">
                    <color>ff0000ff</color>
                    <colorMode>normal</colorMode>
                    <width>3</width>
                </LineStyle>
            </Style>
            <Style id="540">
                <LineStyle id="541">
                    <color>ff0000ff</color>
                    <colorMode>normal</colorMode>
                    <width>3</width>
                </LineStyle>
            </Style>
            <Style id="544">
                <LineStyle id="545">
                    <color>ff0000ff</color>
                    <colorMode>normal</colorMode>
                    <width>3</width>
                </LineStyle>
            </Style>
            <Style id="548">
                <LineStyle id="549">
                    <color>ff0000ff</color>
                    <colorMode>normal</colorMode>
                    <width>3</width>
                </LineStyle>
            </Style>
            <Style id="552">
                <LineStyle id="553">
                    <color>ff0000ff</color>
                    <colorMode>normal</colorMode>
                    <width>3</width>
                </LineStyle>
            </Style>
            <Style id="556">
                <LineStyle id="557">
                    <color>ff0000ff</color>
                    <colorMode>normal</colorMode>
                    <width>3</width>
                </LineStyle>
            </Style>
            <Style id="560">
                <LineStyle id="561">
                    <color>ff0000ff</color>
                    <colorMode>normal</colorMode>
                    <width>3</width>
                </LineStyle>
            </Style>
            <Style id="564">
                <LineStyle id="565">
                    <color>ff0000ff</color>
                    <colorMode>normal</colorMode>
                    <width>3</width>
                </LineStyle>
            </Style>
            <Style id="568">
                <LineStyle id="569">
                    <color>ff0000ff</color>
                    <colorMode>normal</colorMode>
                    <width>3</width>
                </LineStyle>
            </Style>
            <Style id="572">
                <LineStyle id="573">
                    <color>ff0000ff</color>
                    <colorMode>normal</colorMode>
                    <width>3</width>
                </LineStyle>
            </Style>
            <Style id="576">
                <LineStyle id="577">
                    <color>ff0000ff</color>
                    <colorMode>normal</colorMode>
                    <width>3</width>
                </LineStyle>
            </Style>
            <Style id="580">
                <LineStyle id="581">
                    <color>ff0000ff</color>
                    <colorMode>normal</colorMode>
                    <width>3</width>
                </LineStyle>
            </Style>
            <Style id="584">
                <LineStyle id="585">
                    <color>ff0000ff</color>
                    <colorMode>normal</colorMode>
                    <width>3</width>
                </LineStyle>
            </Style>
            <Style id="588">
                <LineStyle id="589">
                    <color>ff0000ff</color>
                    <colorMode>normal</colorMode>
                    <width>3</width>
                </LineStyle>
            </Style>
            <name>2026-08-23 04:00</name>
            <Placemark id="351">
                <name>Rota 04:00</name>
                <styleUrl>#352</styleUrl>
                <LineString id="350">
                    <altitudeMode>clampToGround</altitudeMode>
                    <coordinates>9.94114,45.14666,0.0 9.94114,45.14666,0.0 9.94114,45.14666,0.0 9.94114,45.14666,0.0 9.94114,45.14666,0.0 9.94114,45.14666,0.0 9.94114,45.14666,0.0 9.94114,45.14666,0.0 9.94114,45.14666,0.0 9.94114,45.14666,0.0 9.94114,45.14666,0.0 9.94114,45.14666,0.0 9.94114,45.14666,0.0 9.94114,45.14666,0.0 9.94114,45.14666,0.0 9.94114,45.14666,0.0 9.94114,45.14666,0.0 9.94114,45.14666,0.0 9.94114,45.14666,0.0 9.94114,45.14666,0.0 9.94114,45.14666,0.0 9.94114,45.14666,0.0 9.94114,45.14666,0.0 9.94114,45.14666,0.0 9.94114,45.14666,0.0 9.94114,45.14666,0.0 9.94114,45.14666,0.0 9.94114,45.14666,0.0 9.94114,45.14666,0.0 9.94114,45.14666,0.0 9.94114,45.14666,0.0 9.94114,45.14666,0.0 9.94114,45.14666,0.0 9.94114,45.14666,0.0 9.94114,45.14666,0.0 9.94114,45.14666,0.0 9.94114,45.14666,0.0 9.94114,45.14666,0.0 9.94114,45.14666,0.0 9.94114,45.14666,0.0 9.94114,45.14666,0.0 9.94114,45.14666,0.0 9.94114,45.14666,0.0 9.94114,45.14666,0.0 9.94114,45.14666,0.0 9.94114,45.14666,0.0 9.94114,45.14666,0.0 9.94114,45.14666,0.0 9.94114,45.14666,0.0 9.94114,45.14666,0.0 9.94114,45.14666,0.0 9.94114,45.14666,0.0 9.94114,45.14666,0.0 9.94114,45.14666,0.0 9.94114,45.14666,0.0 9.94114,45.14666,0.0 9.94114,45.14666,0.0 9.94114,45.14666,0.0 9.94114,45.14666,0.0 9.94125,45.14668,0.0</coordinates>
                </LineString>
            </Placemark>
            <Placemark id="355">
                <name>Rota 04:01</name>
                <styleUrl>#356</styleUrl>
                <LineString id="354">
                    <altitudeMode>clampToGround</altitudeMode>
                    <coordinates>9.94125,45.14668,0.0 9.94125,45.14668,0.0 9.94125,45.14668,0.0 9.94125,45.14668,0.0 9.94125,45.14668,0.0 9.94125,45.14668,0.0 9.94125,45.14668,0.0 9.94125,45.14668,0.0 9.94125,45.14668,0.0 9.94125,45.14668,0.0 9.94125,45.14668,0.0 9.94125,45.14668,0.0 9.94125,45.14668,0.0 9.94125,45.14668,0.0 9.94125,45.14668,0.0 9.94125,45.14668,0.0 9.94125,45.14668,0.0 9.94125,45.14668,0.0 9.94125,45.14668,0.0 9.94125,45.14668,0.0 9.94125,45.14668,0.0 9.94125,45.14668,0.0 9.94125,45.14668,0.0 9.94125,45.14668,0.0 9.94125,45.14668,0.0 9.94125,45.14668,0.0 9.94125,45.14668,0.0 9.94125,45.14668,0.0 9.94125,45.14668,0.0 9.94125,45.14668,0.0 9.94125,45.14668,0.0 9.94125,45.14668,0.0 9.94125,45.14668,0.0 9.94125,45.14668,0.0 9.94125,45.14668,0.0 9.94125,45.14668,0.0 9.94125,45.14668,0.0 9.94125,45.14668,0.0 9.94125,45.14668,0.0 9.94125,45.14668,0.0 9.94125,45.14668,0.0 9.94125,45.14668,0.0 9.94125,45.14668,0.0 9.94125,45.14668,0.0 9.94125,45.14668,0.0 9.94125,45.14668,0.0 9.94125,45.14668,0.0 9.94125,45.14668,0.0 9.94125,45.14668,0.0 9.94125,45.14668,0.0 9.94125,45.14668,0.0 9.94125,45.14668,0.0 9.94125,45.14668,0.0 9.94125,45.14668,0.0 9.94125,45.14668,0.0 9.94125,45.14668,0.0 9.94125,45.14668,0.0 9.94125,45.14668,0.0 9.94125,45.14668,0.0 9.94125,45.14668,0.0</coordinates>
                </LineString>
            </Placemark>
            <Placemark id="359">
                <name>Rota 04:02</name>
                <styleUrl>#360</styleUrl>
                <LineString id="358">
                    <altitudeMode>clampToGround</altitudeMode>
                    <coordinates>9.94125,45.14668,0.0 9.94125,45.14668,0.0 9.94125,45.14668,0.0 9.94125,45.14668,0.0 9.94125,45.14668,0.0 9.94125,45.14668,0.0 9.94125,45.14668,0.0 9.94125,45.14668,0.0 9.94125,45.14668,0.0 9.94125,45.14668,0.0 9.94125,45.14668,0.0 9.94125,45.14668,0.0 9.94125,45.14668,0.0 9.94125,45.14668,0.0 9.94125,45.14668,0.0 9.94125,45.14668,0.0 9.94125,45.14668,0.0 9.94125,45.14668,0.0 9.94125,45.14668,0.0 9.94125,45.14668,0.0 9.94125,45.14668,0.0 9.94125,45.14668,0.0 9.94125,45.14668,0.0 9.94125,45.14668,0.0 9.94125,45.14668,0.0 9.94125,45.14668,0.0 9.94125,45.14668,0.0 9.94125,45.14668,0.0 9.94125,45.14668,0.0 9.94125,45.14668,0.0 9.94125,45.14668,0.0 9.94125,45.14668,0.0 9.94125,45.14668,0.0 9.94125,45.14668,0.0 9.94125,45.14668,0.0 9.94125,45.14668,0.0 9.94125,45.14668,0.0 9.94125,45.14668,0.0 9.94125,45.14668,0.0 9.94125,45.14668,0.0 9.94125,45.14668,0.0 9.94125,45.14668,0.0 9.94125,45.14668,0.0 9.94125,45.14668,0.0 9.94125,45.14668,0.0 9.94125,45.14668,0.0 9.94125,45.14668,0.0 9.94125,45.14668,0.0 9.94125,45.14668,0.0 9.94125,45.14668,0.0 9.94125,45.14668,0.0 9.94125,45.14668,0.0 9.94125,45.14668,0.0 9.94125,45.14668,0.0 9.94125,45.14668,0.0 9.94125,45.14668,0.0 9.94125,45.14668,0.0 9.94125,45.14668,0.0 9.94125,45.14668,0.0 9.94125,45.14668,0.0</coordinates>
                </LineString>
            </Placemark>
            <Placemark id="363">
                <name>Rota 04:03</name>
                <styleUrl>#364</styleUrl>
                <LineString id="362">
                    <altitudeMode>clampToGround</altitudeMode>
                    <coordinates>9.94125,45.14668,0.0 9.94125,45.14668,0.0 9.94125,45.14668,0.0 9.94125,45.14668,0.0 9.94125,45.14668,0.0 9.94125,45.14668,0.0 9.94125,45.14668,0.0 9.94125,45.14668,0.0 9.94125,45.14668,0.0 9.94125,45.14668,0.0 9.94125,45.14668,0.0 9.94125,45.14668,0.0 9.94125,45.14668,0.0 9.94125,45.14668,0.0 9.94125,45.14668,0.0 9.94125,45.14668,0.0 9.94125,45.14668,0.0 9.94125,45.14668,0.0 9.94125,45.14668,0.0 9.94125,45.14668,0.0 9.94125,45.14668,0.0 9.94125,45.14668,0.0 9.94125,45.14668,0.0 9.94125,45.14668,0.0 9.94125,45.14668,0.0 9.94125,45.14668,0.0 9.94125,45.14668,0.0 9.94125,45.14668,0.0 9.94125,45.14668,0.0 9.94125,45.14668,0.0 9.94125,45.14668,0.0 9.94125,45.14668,0.0 9.94125,45.14668,0.0 9.94125,45.14668,0.0 9.94125,45.14668,0.0 9.94125,45.14668,0.0 9.94125,45.14668,0.0 9.94125,45.14668,0.0 9.94125,45.14668,0.0 9.94125,45.14668,0.0 9.94125,45.14668,0.0 9.94125,45.14668,0.0 9.94115,45.14674,0.0 9.94126,45.14669,0.0 9.94126,45.14669,0.0 9.94126,45.14669,0.0 9.94126,45.14669,0.0 9.94126,45.14669,0.0 9.94126,45.14669,0.0 9.94126,45.14669,0.0 9.94126,45.14669,0.0 9.94126,45.14669,0.0 9.94126,45.14669,0.0 9.94126,45.14669,0.0 9.94126,45.14669,0.0 9.94126,45.14669,0.0 9.94126,45.14669,0.0 9.94126,45.14669,0.0 9.94126,45.14669,0.0 9.94126,45.14669,0.0</coordinates>
                </LineString>
            </Placemark>
            <Placemark id="367">
                <name>Rota 04:04</name>
                <styleUrl>#368</styleUrl>
                <LineString id="366">
                    <altitudeMode>clampToGround</altitudeMode>
                    <coordinates>9.94126,45.14669,0.0 9.94126,45.14669,0.0 9.94126,45.14669,0.0 9.94126,45.14669,0.0 9.94126,45.14669,0.0 9.94126,45.14669,0.0 9.94126,45.14669,0.0 9.94126,45.14669,0.0 9.94126,45.14669,0.0 9.94126,45.14669,0.0 9.94126,45.14669,0.0 9.94126,45.14669,0.0 9.94126,45.14669,0.0 9.94126,45.14669,0.0 9.94115,45.14674,0.0 9.94115,45.14674,0.0 9.94115,45.14674,0.0 9.94115,45.14674,0.0 9.94115,45.14674,0.0 9.94115,45.14674,0.0 9.94115,45.14674,0.0 9.94115,45.14674,0.0 9.94115,45.14674,0.0 9.94115,45.14674,0.0 9.94115,45.14674,0.0 9.94115,45.14674,0.0 9.94115,45.14674,0.0 9.94115,45.14674,0.0 9.94115,45.14674,0.0 9.94115,45.14674,0.0 9.94115,45.14674,0.0 9.94115,45.14674,0.0 9.94115,45.14674,0.0 9.94115,45.14674,0.0 9.94115,45.14674,0.0 9.94115,45.14674,0.0 9.94115,45.14674,0.0 9.94115,45.14674,0.0 9.94115,45.14674,0.0 9.94115,45.14674,0.0 9.94115,45.14674,0.0 9.94115,45.14674,0.0 9.94115,45.14674,0.0 9.94115,45.14674,0.0 9.94115,45.14674,0.0 9.94115,45.14674,0.0 9.94115,45.14674,0.0 9.94115,45.14674,0.0 9.94115,45.14674,0.0 9.94115,45.14674,0.0 9.94115,45.14674,0.0 9.94115,45.14674,0.0 9.94115,45.14674,0.0 9.94115,45.14674,0.0 9.94115,45.14674,0.0 9.94115,45.14674,0.0 9.94115,45.14674,0.0 9.94115,45.14674,0.0 9.94115,45.14674,0.0 9.94115,45.14674,0.0</coordinates>
                </LineString>
            </Placemark>
            <Placemark id="371">
                <name>Rota 04:05</name>
                <styleUrl>#372</styleUrl>
                <LineString id="370">
                    <altitudeMode>clampToGround</altitudeMode>
                    <coordinates>9.94115,45.14674,0.0 9.94115,45.14674,0.0 9.94115,45.14674,0.0 9.94115,45.14674,0.0 9.94115,45.14674,0.0 9.94115,45.14674,0.0 9.94115,45.14674,0.0 9.94115,45.14674,0.0 9.94115,45.14674,0.0 9.94115,45.14674,0.0 9.94115,45.14674,0.0 9.94115,45.14674,0.0 9.94115,45.14674,0.0 9.94115,45.14674,0.0 9.94115,45.14674,0.0 9.94115,45.14674,0.0 9.94115,45.14674,0.0 9.94115,45.14674,0.0 9.94115,45.14674,0.0 9.94115,45.14674,0.0 9.94115,45.14674,0.0 9.94115,45.14674,0.0 9.94115,45.14674,0.0 9.94115,45.14674,0.0 9.94115,45.14674,0.0 9.94115,45.14674,0.0 9.94115,45.14674,0.0 9.94115,45.14674,0.0 9.94115,45.14674,0.0 9.94115,45.14674,0.0 9.94115,45.14674,0.0 9.94115,45.14674,0.0 9.94115,45.14674,0.0 9.94115,45.14674,0.0 9.94115,45.14674,0.0 9.94115,45.14674,0.0 9.94115,45.14674,0.0 9.94115,45.14674,0.0 9.94115,45.14674,0.0 9.94115,45.14674,0.0 9.94115,45.14674,0.0 9.94115,45.14674,0.0 9.94115,45.14674,0.0 9.94115,45.14674,0.0 9.94115,45.14674,0.0 9.94115,45.14674,0.0 9.94115,45.14674,0.0 9.94115,45.14674,0.0 9.94115,45.14674,0.0 9.94115,45.14674,0.0 9.94115,45.14674,0.0 9.94115,45.14674,0.0 9.94115,45.14674,0.0 9.94115,45.14674,0.0 9.94115,45.14674,0.0 9.94115,45.14674,0.0 9.94115,45.14674,0.0 9.94115,45.14674,0.0 9.94115,45.14674,0.0 9.94115,45.14674,0.0</coordinates>
                </LineString>
            </Placemark>
            <Placemark id="375">
                <name>Rota 04:06</name>
                <styleUrl>#376</styleUrl>
                <LineString id="374">
                    <altitudeMode>clampToGround</altitudeMode>
                    <coordinates>9.94115,45.14674,0.0 9.94115,45.14674,0.0 9.94115,45.14674,0.0 9.94115,45.14674,0.0 9.94115,45.14674,0.0 9.94115,45.14674,0.0 9.94115,45.14674,0.0 9.94115,45.14674,0.0 9.94115,45.14674,0.0 9.94115,45.14674,0.0 9.94115,45.14674,0.0 9.94115,45.14674,0.0 9.94115,45.14674,0.0 9.94115,45.14674,0.0 9.94115,45.14674,0.0 9.94115,45.14674,0.0 9.94115,45.14674,0.0 9.94115,45.14674,0.0 9.94115,45.14674,0.0 9.94115,45.14674,0.0 9.94115,45.14674,0.0 9.94115,45.14674,0.0 9.94115,45.14674,0.0 9.94115,45.14674,0.0 9.94115,45.14674,0.0 9.94115,45.14674,0.0 9.94115,45.14674,0.0 9.94115,45.14674,0.0 9.94115,45.14674,0.0 9.94115,45.14674,0.0 9.94115,45.14674,0.0 9.94115,45.14674,0.0 9.94115,45.14674,0.0 9.94115,45.14674,0.0 9.94115,45.14674,0.0 9.94115,45.14674,0.0 9.94115,45.14674,0.0 9.94115,45.14674,0.0 9.94115,45.14674,0.0 9.94115,45.14674,0.0 9.94115,45.14674,0.0 9.94115,45.14674,0.0 9.94115,45.14674,0.0 9.94115,45.14674,0.0 9.94115,45.14674,0.0 9.94115,45.14674,0.0 9.94115,45.14674,0.0 9.94115,45.14674,0.0 9.94115,45.14674,0.0 9.94115,45.14674,0.0 9.94115,45.14674,0.0 9.94115,45.14674,0.0 9.94115,45.14674,0.0 9.94115,45.14674,0.0 9.94115,45.14674,0.0 9.94115,45.14674,0.0 9.94115,45.14674,0.0 9.94115,45.14674,0.0 9.94115,45.14674,0.0 9.94115,45.14674,0.0</coordinates>
                </LineString>
            </Placemark>
            <Placemark id="379">
                <name>Rota 04:07</name>
                <styleUrl>#380</styleUrl>
                <LineString id="378">
                    <altitudeMode>clampToGround</altitudeMode>
                    <coordinates>9.94115,45.14674,0.0 9.94115,45.14674,0.0 9.94115,45.14674,0.0 9.94115,45.14674,0.0 9.94115,45.14674,0.0 9.94115,45.14674,0.0 9.94115,45.14674,0.0 9.94115,45.14674,0.0 9.94115,45.14674,0.0 9.94115,45.14674,0.0 9.94115,45.14674,0.0 9.94115,45.14674,0.0 9.94115,45.14674,0.0 9.94115,45.14674,0.0 9.94115,45.14674,0.0 9.94115,45.14674,0.0 9.94115,45.14674,0.0 9.94115,45.14674,0.0 9.94115,45.14674,0.0 9.94115,45.14674,0.0 9.94115,45.14674,0.0 9.94115,45.14674,0.0 9.94115,45.14674,0.0 9.94115,45.14674,0.0 9.94115,45.14674,0.0 9.94115,45.14674,0.0 9.94115,45.14674,0.0 9.94115,45.14674,0.0 9.94115,45.14674,0.0 9.94115,45.14674,0.0 9.94115,45.14674,0.0 9.94115,45.14674,0.0 9.94115,45.14674,0.0 9.94115,45.14674,0.0 9.94115,45.14674,0.0 9.94115,45.14674,0.0 9.94115,45.14674,0.0 9.94115,45.14674,0.0 9.94115,45.14674,0.0 9.94115,45.14674,0.0 9.94115,45.14674,0.0 9.94115,45.14674,0.0 9.94115,45.14674,0.0 9.94115,45.14674,0.0 9.94115,45.14674,0.0 9.94115,45.14674,0.0 9.94115,45.14674,0.0 9.94115,45.14674,0.0 9.94115,45.14674,0.0 9.94115,45.14674,0.0 9.94115,45.14674,0.0 9.94115,45.14674,0.0 9.94115,45.14674,0.0 9.94115,45.14674,0.0 9.94115,45.14674,0.0 9.94115,45.14674,0.0 9.94115,45.14674,0.0 9.94115,45.14674,0.0 9.94115,45.14674,0.0 9.94115,45.14674,0.0</coordinates>
                </LineString>
            </Placemark>
            <Placemark id="383">
                <name>Rota 04:08</name>
                <styleUrl>#384</styleUrl>
                <LineString id="382">
                    <altitudeMode>clampToGround</altitudeMode>
                    <coordinates>9.94115,45.14674,0.0 9.94115,45.14674,0.0 9.94115,45.14674,0.0 9.94115,45.14674,0.0 9.94115,45.14674,0.0 9.94115,45.14674,0.0 9.94115,45.14674,0.0 9.94115,45.14674,0.0 9.94115,45.14674,0.0 9.94115,45.14674,0.0 9.94115,45.14674,0.0 9.94115,45.14674,0.0 9.94115,45.14674,0.0 9.94115,45.14674,0.0 9.94115,45.14674,0.0 9.94115,45.14674,0.0 9.94115,45.14674,0.0 9.94115,45.14674,0.0 9.94115,45.14674,0.0 9.94115,45.14674,0.0 9.94115,45.14674,0.0 9.94115,45.14674,0.0 9.94115,45.14674,0.0 9.94115,45.14674,0.0 9.94115,45.14674,0.0 9.94115,45.14674,0.0 9.94115,45.14674,0.0 9.94115,45.14674,0.0 9.94115,45.14674,0.0 9.94115,45.14674,0.0 9.94115,45.14674,0.0 9.94115,45.14674,0.0 9.94115,45.14674,0.0 9.94115,45.14674,0.0 9.94115,45.14674,0.0 9.94115,45.14674,0.0 9.94115,45.14674,0.0 9.94115,45.14674,0.0 9.94115,45.14674,0.0 9.94115,45.14674,0.0 9.94115,45.14674,0.0 9.94115,45.14674,0.0 9.94115,45.14674,0.0 9.94115,45.14674,0.0 9.94115,45.14674,0.0 9.94115,45.14674,0.0 9.94115,45.14674,0.0 9.94115,45.14674,0.0 9.94115,45.14674,0.0 9.94115,45.14674,0.0 9.94115,45.14674,0.0 9.94115,45.14674,0.0 9.94115,45.14674,0.0 9.94115,45.14674,0.0 9.94115,45.14674,0.0 9.94115,45.14674,0.0 9.94115,45.14674,0.0 9.94115,45.14674,0.0 9.94115,45.14674,0.0 9.94115,45.14674,0.0</coordinates>
                </LineString>
            </Placemark>
            <Placemark id="387">
                <name>Rota 04:09</name>
                <styleUrl>#388</styleUrl>
                <LineString id="386">
                    <altitudeMode>clampToGround</altitudeMode>
                    <coordinates>9.94115,45.14674,0.0 9.94115,45.14674,0.0 9.94115,45.14674,0.0 9.94115,45.14674,0.0 9.94115,45.14674,0.0 9.94115,45.14674,0.0 9.94115,45.14674,0.0 9.94115,45.14674,0.0 9.94115,45.14674,0.0 9.94115,45.14674,0.0 9.94115,45.14674,0.0 9.94115,45.14674,0.0 9.94115,45.14674,0.0 9.94115,45.14674,0.0 9.94115,45.14674,0.0 9.94115,45.14674,0.0 9.94115,45.14674,0.0 9.94115,45.14674,0.0 9.94115,45.14674,0.0 9.94115,45.14674,0.0 9.94115,45.14674,0.0 9.94115,45.14674,0.0 9.94115,45.14674,0.0 9.94115,45.14674,0.0 9.94115,45.14674,0.0 9.94115,45.14674,0.0 9.94115,45.14674,0.0 9.94115,45.14674,0.0 9.94115,45.14674,0.0 9.94115,45.14674,0.0 9.94115,45.14674,0.0 9.94115,45.14674,0.0 9.94115,45.14674,0.0 9.94115,45.14674,0.0 9.94115,45.14674,0.0 9.94115,45.14674,0.0 9.94115,45.14674,0.0 9.94115,45.14674,0.0 9.94115,45.14674,0.0 9.94115,45.14674,0.0 9.94115,45.14674,0.0 9.94115,45.14674,0.0 9.94115,45.14674,0.0 9.94115,45.14674,0.0 9.94115,45.14674,0.0 9.94115,45.14674,0.0 9.94115,45.14674,0.0 9.94115,45.14674,0.0 9.94115,45.14674,0.0 9.94115,45.14674,0.0 9.94115,45.14674,0.0 9.94115,45.14674,0.0 9.94115,45.14674,0.0 9.94115,45.14674,0.0 9.94115,45.14674,0.0 9.94115,45.14674,0.0 9.94115,45.14674,0.0 9.94115,45.14674,0.0 9.94115,45.14674,0.0 9.94115,45.14674,0.0</coordinates>
                </LineString>
            </Placemark>
            <Placemark id="391">
                <name>Rota 04:10</name>
                <styleUrl>#392</styleUrl>
                <LineString id="390">
                    <altitudeMode>clampToGround</altitudeMode>
                    <coordinates>9.94115,45.14674,0.0 9.94115,45.14674,0.0 9.94115,45.14674,0.0 9.94115,45.14674,0.0 9.94115,45.14674,0.0 9.94115,45.14674,0.0 9.94115,45.14674,0.0 9.94115,45.14674,0.0 9.94115,45.14674,0.0 9.94115,45.14674,0.0 9.94115,45.14674,0.0 9.94115,45.14674,0.0 9.94115,45.14674,0.0 9.94115,45.14674,0.0 9.94115,45.14674,0.0 9.94115,45.14674,0.0 9.94115,45.14674,0.0 9.94115,45.14674,0.0 9.94115,45.14674,0.0 9.94115,45.14674,0.0 9.94115,45.14674,0.0 9.94115,45.14674,0.0 9.94115,45.14674,0.0 9.94115,45.14674,0.0 9.94115,45.14674,0.0 9.94115,45.14674,0.0 9.94115,45.14674,0.0 9.94115,45.14674,0.0 9.94115,45.14674,0.0 9.94115,45.14674,0.0 9.94115,45.14674,0.0 9.94115,45.14674,0.0 9.94115,45.14674,0.0 9.94115,45.14674,0.0 9.94115,45.14674,0.0 9.94115,45.14674,0.0 9.94115,45.14674,0.0 9.94115,45.14674,0.0 9.94115,45.14674,0.0 9.94115,45.14674,0.0 9.94115,45.14674,0.0 9.94115,45.14674,0.0 9.94115,45.14674,0.0 9.94115,45.14674,0.0 9.94115,45.14674,0.0 9.94115,45.14674,0.0 9.94115,45.14674,0.0 9.94115,45.14674,0.0 9.94115,45.14674,0.0 9.94115,45.14674,0.0 9.94115,45.14674,0.0 9.94115,45.14674,0.0 9.94115,45.14674,0.0 9.94115,45.14674,0.0 9.94115,45.14674,0.0 9.94115,45.14674,0.0 9.94115,45.14674,0.0 9.94115,45.14674,0.0 9.94115,45.14674,0.0 9.94115,45.14674,0.0</coordinates>
                </LineString>
            </Placemark>
            <Placemark id="395">
                <name>Rota 04:11</name>
                <styleUrl>#396</styleUrl>
                <LineString id="394">
                    <altitudeMode>clampToGround</altitudeMode>
                    <coordinates>9.94115,45.14674,0.0 9.94115,45.14674,0.0 9.94115,45.14674,0.0 9.94115,45.14674,0.0 9.94115,45.14674,0.0 9.94115,45.14674,0.0 9.94115,45.14674,0.0 9.94115,45.14674,0.0 9.94115,45.14674,0.0 9.94115,45.14674,0.0 9.94115,45.14674,0.0 9.94115,45.14674,0.0 9.94115,45.14674,0.0 9.94115,45.14674,0.0 9.94115,45.14674,0.0 9.94115,45.14674,0.0 9.94115,45.14674,0.0 9.94115,45.14674,0.0 9.94115,45.14674,0.0 9.94115,45.14674,0.0 9.94115,45.14674,0.0 9.94115,45.14674,0.0 9.94115,45.14674,0.0 9.94115,45.14674,0.0 9.94115,45.14674,0.0 9.94115,45.14674,0.0 9.94115,45.14674,0.0 9.94115,45.14674,0.0 9.94115,45.14674,0.0 9.94115,45.14674,0.0 9.94115,45.14674,0.0 9.94115,45.14674,0.0 9.94115,45.14674,0.0 9.94115,45.14674,0.0 9.94115,45.14674,0.0 9.94115,45.14674,0.0 9.94115,45.14674,0.0 9.94115,45.14674,0.0 9.94115,45.14674,0.0 9.94115,45.14674,0.0 9.94115,45.14674,0.0 9.94115,45.14674,0.0 9.94115,45.14674,0.0 9.94115,45.14674,0.0 9.94115,45.14674,0.0 9.94115,45.14674,0.0 9.94115,45.14674,0.0 9.94115,45.14674,0.0 9.94115,45.14674,0.0 9.94115,45.14674,0.0 9.94115,45.14674,0.0 9.94115,45.14674,0.0 9.94115,45.14674,0.0 9.94115,45.14674,0.0 9.94115,45.14674,0.0 9.94115,45.14674,0.0 9.94115,45.14674,0.0 9.94115,45.14674,0.0 9.94115,45.14674,0.0 9.94115,45.14674,0.0</coordinates>
                </LineString>
            </Placemark>
            <Placemark id="399">
                <name>Rota 04:12</name>
                <styleUrl>#400</styleUrl>
                <LineString id="398">
                    <altitudeMode>clampToGround</altitudeMode>
                    <coordinates>9.94115,45.14674,0.0 9.94115,45.14674,0.0 9.94115,45.14674,0.0 9.94115,45.14674,0.0 9.94115,45.14674,0.0 9.94115,45.14674,0.0 9.94115,45.14674,0.0 9.94115,45.14674,0.0 9.94115,45.14674,0.0 9.94115,45.14674,0.0 9.94115,45.14674,0.0 9.94115,45.14674,0.0 9.94115,45.14674,0.0 9.94115,45.14674,0.0 9.94115,45.14674,0.0 9.94115,45.14674,0.0 9.94115,45.14674,0.0 9.94115,45.14674,0.0 9.94115,45.14674,0.0 9.94115,45.14674,0.0 9.94115,45.14674,0.0 9.94115,45.14674,0.0 9.94115,45.14674,0.0 9.94115,45.14674,0.0 9.94115,45.14674,0.0 9.94115,45.14674,0.0 9.94115,45.14674,0.0 9.94115,45.14674,0.0 9.94115,45.14674,0.0 9.94115,45.14674,0.0 9.94115,45.14674,0.0 9.94115,45.14674,0.0 9.94115,45.14674,0.0 9.94115,45.14674,0.0 9.94115,45.14674,0.0 9.94115,45.14674,0.0 9.94115,45.14674,0.0 9.94115,45.14674,0.0 9.94115,45.14674,0.0 9.94115,45.14674,0.0 9.94115,45.14674,0.0 9.94115,45.14674,0.0 9.94115,45.14674,0.0 9.94115,45.14674,0.0 9.94115,45.14674,0.0 9.94115,45.14674,0.0 9.94115,45.14674,0.0 9.94115,45.14674,0.0 9.94115,45.14674,0.0 9.94115,45.14674,0.0 9.94115,45.14674,0.0 9.94115,45.14674,0.0 9.94115,45.14674,0.0 9.94115,45.14674,0.0 9.94115,45.14674,0.0 9.94115,45.14674,0.0 9.94115,45.14674,0.0 9.94115,45.14674,0.0 9.94115,45.14674,0.0 9.94115,45.14674,0.0</coordinates>
                </LineString>
            </Placemark>
            <Placemark id="403">
                <name>Rota 04:13</name>
                <styleUrl>#404</styleUrl>
                <LineString id="402">
                    <altitudeMode>clampToGround</altitudeMode>
                    <coordinates>9.94115,45.14674,0.0 9.94115,45.14674,0.0 9.94115,45.14674,0.0 9.94115,45.14674,0.0 9.94115,45.14674,0.0 9.94115,45.14674,0.0 9.94115,45.14674,0.0 9.94115,45.14674,0.0 9.94115,45.14674,0.0 9.94115,45.14674,0.0 9.94115,45.14674,0.0 9.94115,45.14674,0.0 9.94115,45.14674,0.0 9.94115,45.14674,0.0 9.94115,45.14674,0.0 9.94115,45.14674,0.0 9.94115,45.14674,0.0 9.94115,45.14674,0.0 9.94115,45.14674,0.0 9.94115,45.14674,0.0 9.94115,45.14674,0.0 9.94115,45.14674,0.0 9.94115,45.14674,0.0 9.94115,45.14674,0.0 9.94115,45.14674,0.0 9.94115,45.14674,0.0 9.94115,45.14674,0.0 9.94115,45.14674,0.0 9.94115,45.14674,0.0 9.94115,45.14674,0.0 9.94115,45.14674,0.0 9.94115,45.14674,0.0 9.94115,45.14674,0.0 9.94115,45.14674,0.0 9.94115,45.14674,0.0 9.94115,45.14674,0.0 9.94115,45.14674,0.0 9.94115,45.14674,0.0 9.94115,45.14674,0.0 9.94115,45.14674,0.0 9.94115,45.14674,0.0 9.94115,45.14674,0.0 9.94115,45.14674,0.0 9.94115,45.14674,0.0 9.94115,45.14674,0.0 9.94115,45.14674,0.0 9.94114,45.14667,0.0 9.94114,45.14667,0.0 9.94114,45.14667,0.0 9.94111,45.14661,0.0 9.94107,45.14657,0.0 9.94107,45.14657,0.0 9.94107,45.14657,0.0 9.94107,45.14657,0.0 9.94107,45.14657,0.0 9.94107,45.14657,0.0 9.941,45.14657,0.0 9.941,45.14657,0.0 9.941,45.14657,0.0 9.941,45.14657,0.0</coordinates>
                </LineString>
            </Placemark>
            <Placemark id="407">
                <name>Rota 04:14</name>
                <styleUrl>#408</styleUrl>
                <LineString id="406">
                    <altitudeMode>clampToGround</altitudeMode>
                    <coordinates>9.941,45.14657,0.0 9.941,45.14657,0.0 9.941,45.14657,0.0 9.941,45.14657,0.0 9.941,45.14657,0.0 9.941,45.14657,0.0 9.941,45.14657,0.0 9.941,45.14657,0.0 9.94102,45.14651,0.0 9.94102,45.14651,0.0 9.94102,45.14651,0.0 9.94102,45.14651,0.0 9.94102,45.14651,0.0 9.94102,45.14651,0.0 9.94102,45.14651,0.0 9.94102,45.14651,0.0 9.94102,45.14651,0.0 9.94102,45.14651,0.0 9.94102,45.14651,0.0 9.94108,45.14654,0.0 9.94108,45.14654,0.0 9.94108,45.14654,0.0 9.94113,45.14658,0.0 9.94113,45.14658,0.0 9.94113,45.14658,0.0 9.94113,45.14658,0.0 9.94113,45.14658,0.0 9.94113,45.14658,0.0 9.94113,45.14658,0.0 9.94117,45.14662,0.0 9.94117,45.14662,0.0 9.94117,45.14662,0.0 9.94117,45.14662,0.0 9.94117,45.14662,0.0 9.94117,45.14662,0.0 9.94117,45.14662,0.0 9.94117,45.14662,0.0 9.94117,45.14662,0.0 9.94117,45.14662,0.0 9.94117,45.14662,0.0 9.94117,45.14662,0.0 9.94117,45.14662,0.0 9.94117,45.14662,0.0 9.94117,45.14662,0.0 9.94117,45.14662,0.0 9.94117,45.14662,0.0 9.94117,45.14662,0.0 9.94117,45.14662,0.0 9.94117,45.14662,0.0 9.94117,45.14662,0.0 9.94117,45.14662,0.0 9.94117,45.14662,0.0 9.94117,45.14662,0.0 9.94117,45.14662,0.0 9.94117,45.14662,0.0 9.94117,45.14662,0.0 9.94117,45.14662,0.0 9.94117,45.14662,0.0 9.94117,45.14662,0.0 9.94117,45.14662,0.0</coordinates>
                </LineString>
            </Placemark>
            <Placemark id="411">
                <name>Rota 04:15</name>
                <styleUrl>#412</styleUrl>
                <LineString id="410">
                    <altitudeMode>clampToGround</altitudeMode>
                    <coordinates>9.94117,45.14662,0.0 9.94117,45.14662,0.0 9.94117,45.14662,0.0 9.94117,45.14662,0.0 9.94117,45.14662,0.0 9.94117,45.14662,0.0 9.94117,45.14662,0.0 9.94117,45.14662,0.0 9.94117,45.14662,0.0 9.94117,45.14662,0.0 9.94117,45.14662,0.0 9.94117,45.14662,0.0 9.94117,45.14662,0.0 9.94117,45.14662,0.0 9.94117,45.14662,0.0 9.94117,45.14662,0.0 9.94117,45.14662,0.0 9.94117,45.14662,0.0 9.94117,45.14662,0.0 9.94117,45.14662,0.0 9.94117,45.14662,0.0 9.94117,45.14662,0.0 9.94117,45.14662,0.0 9.94117,45.14662,0.0 9.94117,45.14662,0.0 9.94117,45.14662,0.0 9.94117,45.14662,0.0 9.94117,45.14662,0.0 9.94117,45.14662,0.0 9.94117,45.14662,0.0 9.94117,45.14662,0.0 9.94117,45.14662,0.0 9.94117,45.14662,0.0 9.94117,45.14662,0.0 9.94117,45.14662,0.0 9.94117,45.14662,0.0 9.94117,45.14662,0.0 9.94117,45.14662,0.0 9.94117,45.14662,0.0 9.94117,45.14662,0.0 9.94117,45.14662,0.0 9.94117,45.14662,0.0 9.94117,45.14662,0.0 9.94117,45.14662,0.0 9.94117,45.14662,0.0 9.94117,45.14662,0.0 9.94117,45.14662,0.0 9.94117,45.14662,0.0 9.94117,45.14662,0.0 9.94117,45.14662,0.0 9.94117,45.14662,0.0 9.94117,45.14662,0.0 9.94117,45.14662,0.0 9.94117,45.14662,0.0 9.94117,45.14662,0.0 9.94117,45.14662,0.0 9.94117,45.14662,0.0 9.94117,45.14662,0.0 9.94117,45.14662,0.0 9.94117,45.14662,0.0</coordinates>
                </LineString>
            </Placemark>
            <Placemark id="415">
                <name>Rota 04:16</name>
                <styleUrl>#416</styleUrl>
                <LineString id="414">
                    <altitudeMode>clampToGround</altitudeMode>
                    <coordinates>9.94117,45.14662,0.0 9.94117,45.14662,0.0 9.94117,45.14662,0.0 9.94117,45.14662,0.0 9.94117,45.14662,0.0 9.94117,45.14662,0.0 9.94117,45.14662,0.0 9.94117,45.14662,0.0 9.94117,45.14662,0.0 9.94117,45.14662,0.0 9.94117,45.14662,0.0 9.94117,45.14662,0.0 9.94117,45.14662,0.0 9.94117,45.14662,0.0 9.94117,45.14662,0.0 9.94117,45.14662,0.0 9.94117,45.14662,0.0 9.94117,45.14662,0.0 9.94117,45.14662,0.0 9.94117,45.14662,0.0 9.94117,45.14662,0.0 9.94117,45.14662,0.0 9.94117,45.14662,0.0 9.94117,45.14662,0.0 9.94117,45.14662,0.0 9.94117,45.14662,0.0 9.94117,45.14662,0.0 9.94117,45.14662,0.0 9.94117,45.14662,0.0 9.94117,45.14662,0.0 9.94117,45.14662,0.0 9.94117,45.14662,0.0 9.94117,45.14662,0.0 9.94117,45.14662,0.0 9.94117,45.14662,0.0 9.94117,45.14662,0.0 9.94117,45.14662,0.0 9.94117,45.14662,0.0 9.94117,45.14662,0.0 9.94117,45.14662,0.0 9.94117,45.14662,0.0 9.94117,45.14662,0.0 9.94117,45.14662,0.0 9.94117,45.14662,0.0 9.94117,45.14662,0.0 9.94117,45.14662,0.0 9.94117,45.14662,0.0 9.94117,45.14662,0.0 9.94117,45.14662,0.0 9.94117,45.14662,0.0 9.94117,45.14662,0.0 9.94117,45.14662,0.0 9.94117,45.14662,0.0 9.94117,45.14662,0.0 9.94117,45.14662,0.0 9.94117,45.14662,0.0 9.94117,45.14662,0.0 9.94117,45.14662,0.0 9.94117,45.14662,0.0 9.94117,45.14662,0.0</coordinates>
                </LineString>
            </Placemark>
            <Placemark id="419">
                <name>Rota 04:17</name>
                <styleUrl>#420</styleUrl>
                <LineString id="418">
                    <altitudeMode>clampToGround</altitudeMode>
                    <coordinates>9.94117,45.14662,0.0 9.94117,45.14662,0.0 9.94117,45.14662,0.0 9.94117,45.14662,0.0 9.94123,45.14665,0.0 9.94123,45.14665,0.0 9.94123,45.14665,0.0 9.94123,45.14665,0.0 9.94123,45.14665,0.0 9.94123,45.14665,0.0 9.9413,45.14666,0.0 9.9413,45.14666,0.0 9.9413,45.14666,0.0 9.9413,45.14666,0.0 9.9413,45.14666,0.0 9.9413,45.14666,0.0 9.9413,45.14666,0.0 9.9413,45.14666,0.0 9.9413,45.14666,0.0 9.9413,45.14666,0.0 9.9413,45.14666,0.0 9.94123,45.14666,0.0 9.94123,45.14666,0.0 9.94116,45.14667,0.0 9.94116,45.14667,0.0 9.94116,45.14667,0.0 9.94116,45.14667,0.0 9.94116,45.14667,0.0 9.94116,45.14667,0.0 9.94116,45.14662,0.0 9.94116,45.14662,0.0 9.94116,45.14656,0.0 9.94116,45.14656,0.0 9.94113,45.14651,0.0 9.94113,45.14651,0.0 9.94113,45.14651,0.0 9.94106,45.1465,0.0 9.94106,45.1465,0.0 9.94106,45.1465,0.0 9.94106,45.1465,0.0 9.94106,45.1465,0.0 9.94099,45.14651,0.0 9.94099,45.14651,0.0 9.94099,45.14651,0.0 9.94099,45.14651,0.0 9.94099,45.14651,0.0 9.94099,45.14651,0.0 9.94099,45.14651,0.0 9.94099,45.14651,0.0 9.94099,45.14651,0.0 9.94099,45.14651,0.0 9.94099,45.14651,0.0 9.94099,45.14651,0.0 9.94099,45.14651,0.0 9.94099,45.14651,0.0 9.94106,45.1465,0.0 9.94106,45.1465,0.0 9.94106,45.1465,0.0 9.94106,45.1465,0.0 9.94113,45.14647,0.0</coordinates>
                </LineString>
            </Placemark>
            <Placemark id="423">
                <name>Rota 04:18</name>
                <styleUrl>#424</styleUrl>
                <LineString id="422">
                    <altitudeMode>clampToGround</altitudeMode>
                    <coordinates>9.94113,45.14647,0.0 9.94113,45.14647,0.0 9.94113,45.14647,0.0 9.94113,45.14647,0.0 9.94113,45.14647,0.0 9.94113,45.14652,0.0 9.94113,45.14652,0.0 9.94113,45.14652,0.0 9.94113,45.14652,0.0 9.94113,45.14652,0.0 9.94118,45.1466,0.0 9.94118,45.1466,0.0 9.94118,45.1466,0.0 9.94118,45.1466,0.0 9.94118,45.1466,0.0 9.94118,45.1466,0.0 9.94118,45.1466,0.0 9.94118,45.1466,0.0 9.94118,45.1466,0.0 9.94118,45.1466,0.0 9.94118,45.1466,0.0 9.94118,45.1466,0.0 9.94118,45.1466,0.0 9.94118,45.1466,0.0 9.94119,45.14665,0.0 9.94119,45.14665,0.0 9.94119,45.14665,0.0 9.94119,45.14665,0.0 9.94125,45.14667,0.0 9.94125,45.14667,0.0 9.94125,45.14667,0.0 9.94125,45.14667,0.0 9.94125,45.14667,0.0 9.94125,45.14667,0.0 9.94133,45.14667,0.0 9.94133,45.14667,0.0 9.94133,45.14667,0.0 9.94133,45.14667,0.0 9.94133,45.14667,0.0 9.94133,45.14667,0.0 9.94133,45.14667,0.0 9.94133,45.14667,0.0 9.94133,45.14667,0.0 9.94133,45.14667,0.0 9.94133,45.14667,0.0 9.94133,45.14667,0.0 9.94133,45.14667,0.0 9.94124,45.14668,0.0 9.94124,45.14668,0.0 9.94124,45.14668,0.0 9.94117,45.14669,0.0 9.94117,45.14669,0.0 9.94117,45.14669,0.0 9.94117,45.14669,0.0 9.94117,45.14669,0.0 9.94116,45.14663,0.0 9.94116,45.14663,0.0 9.94116,45.14663,0.0 9.94116,45.14663,0.0 9.94116,45.14663,0.0</coordinates>
                </LineString>
            </Placemark>
            <Placemark id="427">
                <name>Rota 04:19</name>
                <styleUrl>#428</styleUrl>
                <LineString id="426">
                    <altitudeMode>clampToGround</altitudeMode>
                    <coordinates>9.94116,45.14663,0.0 9.94116,45.14663,0.0 9.94116,45.14663,0.0 9.94116,45.14663,0.0 9.94116,45.14663,0.0 9.94116,45.14663,0.0 9.94116,45.14663,0.0 9.94116,45.14663,0.0 9.94116,45.14663,0.0 9.94116,45.14663,0.0 9.94116,45.14663,0.0 9.94116,45.14663,0.0 9.94116,45.14657,0.0 9.94116,45.14657,0.0 9.94116,45.14657,0.0 9.94109,45.14655,0.0 9.94109,45.14655,0.0 9.94109,45.14655,0.0 9.94109,45.14655,0.0 9.94109,45.14655,0.0 9.94102,45.14656,0.0 9.94102,45.14656,0.0 9.94102,45.14656,0.0 9.94102,45.14656,0.0 9.94102,45.14656,0.0 9.94102,45.14656,0.0 9.94102,45.14656,0.0 9.94102,45.14656,0.0 9.94102,45.14656,0.0 9.94102,45.14656,0.0 9.94102,45.14656,0.0 9.94102,45.14656,0.0 9.94102,45.14656,0.0 9.94102,45.14656,0.0 9.94102,45.14656,0.0 9.94102,45.14656,0.0 9.94102,45.14656,0.0 9.94102,45.14656,0.0 9.94102,45.14656,0.0 9.94102,45.14656,0.0 9.94102,45.14656,0.0 9.94102,45.14656,0.0 9.94109,45.14654,0.0 9.94109,45.14654,0.0 9.94109,45.14654,0.0 9.94109,45.14654,0.0 9.94109,45.14654,0.0 9.94109,45.14654,0.0 9.94109,45.14654,0.0 9.94109,45.14654,0.0 9.94109,45.14654,0.0 9.9411,45.14659,0.0 9.9411,45.14659,0.0 9.9411,45.14659,0.0 9.94114,45.14663,0.0 9.94114,45.14663,0.0 9.94114,45.14663,0.0 9.94114,45.14663,0.0 9.94114,45.14663,0.0 9.94114,45.14663,0.0</coordinates>
                </LineString>
            </Placemark>
            <Placemark id="431">
                <name>Rota 04:20</name>
                <styleUrl>#432</styleUrl>
                <LineString id="430">
                    <altitudeMode>clampToGround</altitudeMode>
                    <coordinates>9.94114,45.14663,0.0 9.94114,45.14663,0.0 9.94114,45.14663,0.0 9.94114,45.14663,0.0 9.94114,45.14663,0.0 9.94114,45.14663,0.0 9.94114,45.14663,0.0 9.94114,45.14663,0.0 9.94114,45.14663,0.0 9.94114,45.14663,0.0 9.94114,45.14663,0.0 9.94114,45.14663,0.0 9.94114,45.14663,0.0 9.94114,45.14663,0.0 9.94114,45.14663,0.0 9.94114,45.14663,0.0 9.94114,45.14663,0.0 9.94114,45.14663,0.0 9.94114,45.14663,0.0 9.94114,45.14663,0.0 9.94114,45.14663,0.0 9.94114,45.14663,0.0 9.94114,45.14663,0.0 9.94114,45.14663,0.0 9.94114,45.14663,0.0 9.94114,45.14663,0.0 9.94114,45.14663,0.0 9.94114,45.14663,0.0 9.94114,45.14663,0.0 9.94114,45.14663,0.0 9.94114,45.14663,0.0 9.94114,45.14663,0.0 9.94114,45.14663,0.0 9.94114,45.14663,0.0 9.94114,45.14663,0.0 9.94114,45.14663,0.0 9.94114,45.14663,0.0 9.94114,45.14663,0.0 9.94114,45.14663,0.0 9.94114,45.14663,0.0 9.94114,45.14663,0.0 9.94114,45.14663,0.0 9.94114,45.14663,0.0 9.94114,45.14663,0.0 9.94114,45.14663,0.0 9.94114,45.14663,0.0 9.94114,45.14663,0.0 9.94114,45.14663,0.0 9.94114,45.14663,0.0 9.94114,45.14663,0.0 9.94114,45.14663,0.0 9.94114,45.14663,0.0 9.94114,45.14663,0.0 9.94114,45.14663,0.0 9.94114,45.14663,0.0 9.94114,45.14663,0.0 9.94114,45.14663,0.0 9.94114,45.14663,0.0 9.94114,45.14663,0.0 9.94114,45.14663,0.0</coordinates>
                </LineString>
            </Placemark>
            <Placemark id="435">
                <name>Rota 04:21</name>
                <styleUrl>#436</styleUrl>
                <LineString id="434">
                    <altitudeMode>clampToGround</altitudeMode>
                    <coordinates>9.94114,45.14663,0.0 9.94114,45.14663,0.0 9.94114,45.14663,0.0 9.94114,45.14663,0.0 9.94114,45.14663,0.0 9.94114,45.14663,0.0 9.94114,45.14663,0.0 9.94114,45.14663,0.0 9.94114,45.14663,0.0 9.94114,45.14663,0.0 9.94114,45.14663,0.0 9.94114,45.14663,0.0 9.94114,45.14663,0.0 9.94114,45.14663,0.0 9.94114,45.14663,0.0 9.94114,45.14663,0.0 9.94114,45.14663,0.0 9.94114,45.14663,0.0 9.94114,45.14663,0.0 9.94114,45.14663,0.0 9.94114,45.14663,0.0 9.94114,45.14663,0.0 9.94114,45.14663,0.0 9.94114,45.14663,0.0 9.94114,45.14663,0.0 9.94114,45.14663,0.0 9.94114,45.14663,0.0 9.94114,45.14663,0.0 9.94114,45.14663,0.0 9.94114,45.14663,0.0 9.94114,45.14663,0.0 9.94114,45.14663,0.0 9.94114,45.14663,0.0 9.94114,45.14663,0.0 9.94114,45.14663,0.0 9.94114,45.14663,0.0 9.94114,45.14663,0.0 9.94114,45.14663,0.0 9.94114,45.14663,0.0 9.94114,45.14663,0.0 9.94114,45.14663,0.0 9.94114,45.14663,0.0 9.94114,45.14663,0.0 9.94114,45.14663,0.0 9.94114,45.14663,0.0 9.94114,45.14663,0.0 9.94114,45.14663,0.0 9.94114,45.14663,0.0 9.94114,45.14663,0.0 9.94114,45.14663,0.0 9.94114,45.14663,0.0 9.94114,45.14663,0.0 9.94114,45.14663,0.0 9.94114,45.14663,0.0 9.94114,45.14663,0.0 9.94114,45.14663,0.0 9.94114,45.14663,0.0 9.94114,45.14663,0.0 9.94114,45.14663,0.0 9.94114,45.14663,0.0</coordinates>
                </LineString>
            </Placemark>
            <Placemark id="439">
                <name>Rota 04:22</name>
                <styleUrl>#440</styleUrl>
                <LineString id="438">
                    <altitudeMode>clampToGround</altitudeMode>
                    <coordinates>9.94114,45.14663,0.0 9.94114,45.14663,0.0 9.94114,45.14663,0.0 9.94114,45.14663,0.0 9.94114,45.14663,0.0 9.94114,45.14663,0.0 9.94114,45.14663,0.0 9.94114,45.14663,0.0 9.94114,45.14663,0.0 9.94114,45.14663,0.0 9.94114,45.14663,0.0 9.94114,45.14663,0.0 9.94114,45.14663,0.0 9.94114,45.14663,0.0 9.94114,45.14663,0.0 9.94114,45.14663,0.0 9.94114,45.14663,0.0 9.94114,45.14663,0.0 9.94114,45.14663,0.0 9.94114,45.14663,0.0 9.94114,45.14663,0.0 9.94114,45.14663,0.0 9.94114,45.14663,0.0 9.94114,45.14663,0.0 9.94114,45.14663,0.0 9.94114,45.14663,0.0 9.94114,45.14663,0.0 9.94114,45.14663,0.0 9.94114,45.14663,0.0 9.94114,45.14663,0.0 9.94114,45.14663,0.0 9.94114,45.14663,0.0 9.94114,45.14663,0.0 9.94114,45.14663,0.0 9.94114,45.14663,0.0 9.94114,45.14663,0.0 9.94114,45.14663,0.0 9.94114,45.14663,0.0 9.94114,45.14663,0.0 9.94114,45.14663,0.0 9.94114,45.14663,0.0 9.94114,45.14663,0.0 9.94114,45.14663,0.0 9.94114,45.14663,0.0 9.94114,45.14663,0.0 9.94114,45.14663,0.0 9.94114,45.14663,0.0 9.94114,45.14663,0.0 9.94114,45.14663,0.0 9.94114,45.14663,0.0 9.94114,45.14663,0.0 9.94114,45.14663,0.0 9.94114,45.14663,0.0 9.94114,45.14663,0.0 9.94114,45.14663,0.0 9.94114,45.14663,0.0 9.94114,45.14663,0.0 9.94114,45.14663,0.0 9.94114,45.14663,0.0 9.94114,45.14663,0.0</coordinates>
                </LineString>
            </Placemark>
            <Placemark id="443">
                <name>Rota 04:23</name>
                <styleUrl>#444</styleUrl>
                <LineString id="442">
                    <altitudeMode>clampToGround</altitudeMode>
                    <coordinates>9.94114,45.14663,0.0 9.94114,45.14663,0.0 9.94114,45.14663,0.0 9.94114,45.14663,0.0 9.94114,45.14663,0.0 9.94114,45.14663,0.0 9.94114,45.14663,0.0 9.94114,45.14663,0.0 9.94114,45.14663,0.0 9.94114,45.14663,0.0 9.94114,45.14663,0.0 9.94114,45.14663,0.0 9.94114,45.14663,0.0 9.94114,45.14663,0.0 9.94114,45.14663,0.0 9.94114,45.14663,0.0 9.94114,45.14663,0.0 9.94114,45.14663,0.0 9.94114,45.14663,0.0 9.94114,45.14663,0.0 9.94114,45.14663,0.0 9.94114,45.14663,0.0 9.94114,45.14663,0.0 9.94114,45.14663,0.0 9.94114,45.14663,0.0 9.94114,45.14663,0.0 9.94114,45.14663,0.0 9.94114,45.14663,0.0 9.94114,45.14663,0.0 9.94114,45.14663,0.0 9.94114,45.14663,0.0 9.94114,45.14663,0.0 9.94114,45.14663,0.0 9.94114,45.14663,0.0 9.94114,45.14663,0.0 9.94114,45.14663,0.0 9.94114,45.14663,0.0 9.94114,45.14663,0.0 9.94114,45.14663,0.0 9.94114,45.14663,0.0 9.94114,45.14663,0.0 9.94114,45.14663,0.0 9.94114,45.14663,0.0 9.94114,45.14663,0.0 9.94114,45.14663,0.0 9.94114,45.14663,0.0 9.94114,45.14663,0.0 9.94114,45.14663,0.0 9.94114,45.14663,0.0 9.94114,45.14663,0.0 9.94114,45.14663,0.0 9.94114,45.14663,0.0 9.94114,45.14663,0.0 9.94121,45.14665,0.0 9.94121,45.14665,0.0 9.94121,45.14665,0.0 9.94121,45.14665,0.0 9.94121,45.14665,0.0 9.94121,45.14665,0.0 9.94128,45.14666,0.0</coordinates>
                </LineString>
            </Placemark>
            <Placemark id="447">
                <name>Rota 04:24</name>
                <styleUrl>#448</styleUrl>
                <LineString id="446">
                    <altitudeMode>clampToGround</altitudeMode>
                    <coordinates>9.94128,45.14666,0.0 9.94128,45.14666,0.0 9.94128,45.14666,0.0 9.94128,45.14666,0.0 9.94128,45.14666,0.0 9.94135,45.14666,0.0 9.94135,45.14666,0.0 9.94135,45.14666,0.0 9.94135,45.14666,0.0 9.94135,45.14666,0.0 9.94135,45.14666,0.0 9.94135,45.14666,0.0 9.94135,45.14666,0.0 9.94135,45.14666,0.0 9.94128,45.14667,0.0 9.94128,45.14667,0.0 9.94118,45.14668,0.0 9.94118,45.14668,0.0 9.94118,45.14668,0.0 9.94118,45.14668,0.0 9.94114,45.14671,0.0 9.94114,45.14671,0.0 9.94114,45.14665,0.0 9.94114,45.14665,0.0 9.94114,45.14665,0.0 9.94114,45.14665,0.0 9.94114,45.14658,0.0 9.94115,45.14652,0.0 9.94115,45.14652,0.0 9.94116,45.14645,0.0 9.94116,45.14645,0.0 9.94112,45.14641,0.0 9.94112,45.14641,0.0 9.94112,45.14641,0.0 9.94105,45.1464,0.0 9.94105,45.1464,0.0 9.94105,45.1464,0.0 9.94105,45.1464,0.0 9.94105,45.1464,0.0 9.941,45.14643,0.0 9.941,45.14643,0.0 9.941,45.14643,0.0 9.941,45.14643,0.0 9.941,45.14643,0.0 9.941,45.14643,0.0 9.941,45.14643,0.0 9.941,45.14643,0.0 9.941,45.14643,0.0 9.941,45.14643,0.0 9.941,45.14643,0.0 9.941,45.14643,0.0 9.941,45.14643,0.0 9.941,45.14643,0.0 9.941,45.14643,0.0 9.941,45.14643,0.0 9.941,45.14643,0.0 9.941,45.14643,0.0 9.941,45.14643,0.0 9.941,45.14643,0.0 9.941,45.14643,0.0</coordinates>
                </LineString>
            </Placemark>
            <Placemark id="451">
                <name>Rota 04:25</name>
                <styleUrl>#452</styleUrl>
                <LineString id="450">
                    <altitudeMode>clampToGround</altitudeMode>
                    <coordinates>9.941,45.14643,0.0 9.941,45.14643,0.0 9.94107,45.14639,0.0 9.94107,45.14639,0.0 9.94107,45.14639,0.0 9.94107,45.14639,0.0 9.94107,45.14639,0.0 9.94107,45.14639,0.0 9.94106,45.14645,0.0 9.94106,45.14645,0.0 9.94106,45.14645,0.0 9.94108,45.14651,0.0 9.94108,45.14651,0.0 9.94108,45.14651,0.0 9.9411,45.14656,0.0 9.9411,45.14656,0.0 9.9411,45.14656,0.0 9.9411,45.14656,0.0 9.94112,45.14661,0.0 9.94112,45.14661,0.0 9.94112,45.14661,0.0 9.94112,45.14661,0.0 9.94112,45.14661,0.0 9.94112,45.14661,0.0 9.94112,45.14661,0.0 9.94112,45.14661,0.0 9.94112,45.14661,0.0 9.94112,45.14661,0.0 9.94112,45.14661,0.0 9.94112,45.14661,0.0 9.94112,45.14661,0.0 9.94112,45.14661,0.0 9.94112,45.14661,0.0 9.94112,45.14661,0.0 9.94112,45.14661,0.0 9.94112,45.14661,0.0 9.94112,45.14661,0.0 9.94112,45.14661,0.0 9.94112,45.14661,0.0 9.94112,45.14661,0.0 9.94112,45.14661,0.0 9.94112,45.14661,0.0 9.94112,45.14661,0.0 9.94112,45.14661,0.0 9.94112,45.14661,0.0 9.94112,45.14661,0.0 9.94112,45.14661,0.0 9.94112,45.14661,0.0 9.94112,45.14661,0.0 9.94112,45.14661,0.0 9.94112,45.14661,0.0 9.94112,45.14661,0.0 9.94112,45.14661,0.0 9.94112,45.14661,0.0 9.94112,45.14661,0.0 9.94112,45.14661,0.0 9.94112,45.14661,0.0 9.94112,45.14661,0.0 9.94112,45.14661,0.0 9.94112,45.14661,0.0</coordinates>
                </LineString>
            </Placemark>
            <Placemark id="455">
                <name>Rota 04:26</name>
                <styleUrl>#456</styleUrl>
                <LineString id="454">
                    <altitudeMode>clampToGround</altitudeMode>
                    <coordinates>9.94112,45.14661,0.0 9.94112,45.14661,0.0 9.94112,45.14661,0.0 9.94112,45.14661,0.0 9.94112,45.14661,0.0 9.94118,45.14664,0.0 9.94118,45.14664,0.0 9.94118,45.14664,0.0 9.94118,45.14664,0.0 9.94126,45.14665,0.0 9.94126,45.14665,0.0 9.94126,45.14665,0.0 9.94126,45.14665,0.0 9.94133,45.14665,0.0 9.94133,45.14665,0.0 9.94133,45.14665,0.0 9.94133,45.14665,0.0 9.94133,45.14665,0.0 9.94133,45.14665,0.0 9.94133,45.14665,0.0 9.94133,45.14665,0.0 9.94133,45.14665,0.0 9.94133,45.14665,0.0 9.94133,45.14665,0.0 9.94126,45.14666,0.0 9.94126,45.14666,0.0 9.94126,45.14666,0.0 9.94126,45.14666,0.0 9.94126,45.14666,0.0 9.94117,45.14664,0.0 9.94117,45.14664,0.0 9.94117,45.14664,0.0 9.94117,45.14664,0.0 9.94117,45.14664,0.0 9.94117,45.14664,0.0 9.94118,45.1467,0.0 9.94118,45.1467,0.0 9.94118,45.1467,0.0 9.94119,45.14678,0.0 9.94119,45.14678,0.0 9.94119,45.14678,0.0 9.94121,45.14684,0.0 9.94121,45.14684,0.0 9.94121,45.14684,0.0 9.94122,45.14689,0.0 9.94122,45.14695,0.0 9.94122,45.14695,0.0 9.94122,45.14695,0.0 9.94122,45.14695,0.0 9.94122,45.14695,0.0 9.94122,45.14695,0.0 9.94122,45.14695,0.0 9.94122,45.14695,0.0 9.94122,45.14695,0.0 9.94122,45.14695,0.0 9.94122,45.14695,0.0 9.94122,45.14695,0.0 9.94124,45.147,0.0 9.94124,45.147,0.0 9.94124,45.147,0.0</coordinates>
                </LineString>
            </Placemark>
            <Placemark id="459">
                <name>Rota 04:27</name>
                <styleUrl>#460</styleUrl>
                <LineString id="458">
                    <altitudeMode>clampToGround</altitudeMode>
                    <coordinates>9.94124,45.147,0.0 9.94124,45.147,0.0 9.94124,45.147,0.0 9.94124,45.147,0.0 9.94124,45.147,0.0 9.94124,45.147,0.0 9.94124,45.147,0.0 9.94124,45.147,0.0 9.94124,45.147,0.0 9.94124,45.147,0.0 9.94118,45.14704,0.0 9.94118,45.14704,0.0 9.94118,45.14704,0.0 9.94118,45.14704,0.0 9.94118,45.14704,0.0 9.94118,45.14704,0.0 9.94118,45.14704,0.0 9.94118,45.14704,0.0 9.94118,45.14704,0.0 9.94116,45.14698,0.0 9.94116,45.14698,0.0 9.94116,45.14698,0.0 9.94116,45.14693,0.0 9.94116,45.14693,0.0 9.94118,45.14687,0.0 9.94118,45.14687,0.0 9.94118,45.14687,0.0 9.94123,45.14684,0.0 9.94123,45.14684,0.0 9.94123,45.14684,0.0 9.94123,45.14684,0.0 9.94123,45.14684,0.0 9.94123,45.14684,0.0 9.94123,45.14684,0.0 9.94123,45.14684,0.0 9.9413,45.14683,0.0 9.9413,45.14683,0.0 9.9413,45.14683,0.0 9.9413,45.14683,0.0 9.9413,45.14683,0.0 9.9413,45.14683,0.0 9.9413,45.14683,0.0 9.9413,45.14683,0.0 9.9413,45.14683,0.0 9.9413,45.14683,0.0 9.9413,45.14683,0.0 9.9413,45.14683,0.0 9.9413,45.14683,0.0 9.9413,45.14683,0.0 9.9413,45.14683,0.0 9.9413,45.14683,0.0 9.9413,45.14683,0.0 9.9413,45.14683,0.0 9.9413,45.14683,0.0 9.9413,45.14683,0.0 9.9413,45.14683,0.0 9.94122,45.14684,0.0 9.94122,45.14684,0.0 9.94122,45.14684,0.0 9.94122,45.14684,0.0</coordinates>
                </LineString>
            </Placemark>
            <Placemark id="463">
                <name>Rota 04:28</name>
                <styleUrl>#464</styleUrl>
                <LineString id="462">
                    <altitudeMode>clampToGround</altitudeMode>
                    <coordinates>9.94117,45.1469,0.0 9.94117,45.1469,0.0 9.94117,45.1469,0.0 9.94117,45.14685,0.0 9.94117,45.14685,0.0 9.94117,45.14685,0.0 9.94117,45.1468,0.0 9.94117,45.1468,0.0 9.94117,45.1468,0.0 9.94117,45.1468,0.0 9.94117,45.1468,0.0 9.94117,45.1468,0.0 9.94117,45.1468,0.0 9.94117,45.1468,0.0 9.94117,45.1468,0.0 9.94117,45.1468,0.0 9.94117,45.1468,0.0 9.94117,45.1468,0.0 9.94117,45.1468,0.0 9.94117,45.1468,0.0 9.94117,45.1468,0.0 9.94117,45.1468,0.0 9.94117,45.1468,0.0 9.94117,45.1468,0.0 9.94117,45.1468,0.0 9.94117,45.1468,0.0 9.94117,45.1468,0.0 9.94117,45.1468,0.0 9.94117,45.1468,0.0 9.94117,45.1468,0.0 9.94117,45.1468,0.0 9.94117,45.1468,0.0 9.94117,45.1468,0.0 9.94117,45.1468,0.0 9.94117,45.1468,0.0 9.94117,45.1468,0.0 9.94117,45.1468,0.0 9.94117,45.1468,0.0 9.94117,45.1468,0.0 9.94117,45.1468,0.0 9.94117,45.1468,0.0 9.94117,45.1468,0.0 9.94117,45.1468,0.0 9.94117,45.1468,0.0 9.94117,45.1468,0.0 9.94117,45.1468,0.0 9.94117,45.1468,0.0 9.94117,45.1468,0.0 9.94117,45.1468,0.0 9.94117,45.1468,0.0 9.94117,45.1468,0.0 9.94117,45.1468,0.0 9.94117,45.1468,0.0 9.94117,45.1468,0.0 9.94117,45.1468,0.0 9.94117,45.1468,0.0 9.94117,45.1468,0.0 9.94117,45.1468,0.0 9.94117,45.1468,0.0 9.94117,45.1468,0.0</coordinates>
                </LineString>
            </Placemark>
            <Placemark id="467">
                <name>Rota 04:29</name>
                <styleUrl>#468</styleUrl>
                <LineString id="466">
                    <altitudeMode>clampToGround</altitudeMode>
                    <coordinates>9.94117,45.1468,0.0 9.94117,45.1468,0.0 9.94117,45.1468,0.0 9.94117,45.1468,0.0 9.94117,45.1468,0.0 9.94117,45.1468,0.0 9.94117,45.1468,0.0 9.94117,45.1468,0.0 9.94117,45.1468,0.0 9.94117,45.1468,0.0 9.94117,45.1468,0.0 9.94117,45.1468,0.0 9.94117,45.1468,0.0 9.94117,45.1468,0.0 9.94117,45.1468,0.0 9.94117,45.1468,0.0 9.94117,45.1468,0.0 9.94117,45.1468,0.0 9.94117,45.1468,0.0 9.94117,45.1468,0.0 9.94117,45.1468,0.0 9.94117,45.1468,0.0 9.94117,45.1468,0.0 9.94117,45.1468,0.0 9.94117,45.1468,0.0 9.94117,45.1468,0.0 9.94117,45.1468,0.0 9.94117,45.1468,0.0 9.94117,45.1468,0.0 9.94117,45.1468,0.0 9.94117,45.1468,0.0 9.94117,45.1468,0.0 9.94117,45.1468,0.0 9.94117,45.1468,0.0 9.94117,45.1468,0.0 9.94117,45.1468,0.0 9.94117,45.1468,0.0 9.94117,45.1468,0.0 9.94117,45.1468,0.0 9.94117,45.1468,0.0 9.94117,45.1468,0.0 9.94117,45.1468,0.0 9.94117,45.1468,0.0 9.94117,45.1468,0.0 9.94117,45.1468,0.0 9.94117,45.1468,0.0 9.94117,45.1468,0.0 9.94117,45.1468,0.0 9.94117,45.1468,0.0 9.94117,45.1468,0.0 9.94117,45.1468,0.0 9.94117,45.1468,0.0 9.94117,45.1468,0.0 9.94117,45.1468,0.0 9.94117,45.1468,0.0 9.94117,45.1468,0.0 9.94117,45.1468,0.0 9.94117,45.1468,0.0 9.94117,45.1468,0.0 9.94117,45.1468,0.0</coordinates>
                </LineString>
            </Placemark>
            <Placemark id="471">
                <name>Rota 04:30</name>
                <styleUrl>#472</styleUrl>
                <LineString id="470">
                    <altitudeMode>clampToGround</altitudeMode>
                    <coordinates>9.94117,45.1468,0.0 9.94117,45.1468,0.0 9.94117,45.1468,0.0 9.94117,45.1468,0.0 9.94117,45.1468,0.0 9.94117,45.1468,0.0 9.94117,45.1468,0.0 9.94117,45.1468,0.0 9.94117,45.1468,0.0 9.94117,45.1468,0.0 9.94117,45.1468,0.0 9.94117,45.1468,0.0 9.94117,45.1468,0.0 9.94117,45.1468,0.0 9.94117,45.1468,0.0 9.94117,45.1468,0.0 9.94117,45.1468,0.0 9.94117,45.1468,0.0 9.94117,45.1468,0.0 9.94117,45.1468,0.0 9.94117,45.1468,0.0 9.94117,45.14686,0.0 9.94117,45.14686,0.0 9.94117,45.14686,0.0 9.94117,45.14686,0.0 9.94117,45.14686,0.0 9.94117,45.14686,0.0 9.94117,45.14686,0.0 9.94117,45.14686,0.0 9.94117,45.14686,0.0 9.94117,45.14686,0.0 9.94117,45.14686,0.0 9.94117,45.14686,0.0 9.94117,45.14686,0.0 9.94117,45.14686,0.0 9.94117,45.14686,0.0 9.94117,45.14686,0.0 9.94117,45.14686,0.0 9.94117,45.14686,0.0 9.94117,45.14686,0.0 9.94117,45.14686,0.0 9.94117,45.14686,0.0 9.94117,45.14686,0.0 9.94117,45.14686,0.0 9.94117,45.14686,0.0 9.94117,45.14686,0.0 9.94117,45.14686,0.0 9.94117,45.14686,0.0 9.94117,45.14686,0.0 9.94117,45.14686,0.0 9.94117,45.14686,0.0 9.94117,45.14686,0.0 9.94117,45.14686,0.0 9.94117,45.14686,0.0 9.94117,45.14686,0.0 9.94117,45.14686,0.0 9.94117,45.14686,0.0 9.94117,45.14686,0.0 9.94117,45.14686,0.0 9.94117,45.14686,0.0</coordinates>
                </LineString>
            </Placemark>
            <Placemark id="475">
                <name>Rota 04:31</name>
                <styleUrl>#476</styleUrl>
                <LineString id="474">
                    <altitudeMode>clampToGround</altitudeMode>
                    <coordinates>9.94117,45.14686,0.0 9.94117,45.14686,0.0 9.94117,45.14686,0.0 9.94117,45.14686,0.0 9.94117,45.14686,0.0 9.94117,45.14686,0.0 9.94117,45.14686,0.0 9.94117,45.14686,0.0 9.94117,45.14686,0.0 9.94117,45.14686,0.0 9.94117,45.14686,0.0 9.94117,45.14686,0.0 9.94117,45.14686,0.0 9.94117,45.14686,0.0 9.94117,45.14686,0.0 9.94117,45.14686,0.0 9.94117,45.14686,0.0 9.94117,45.14686,0.0 9.94117,45.14686,0.0 9.94117,45.14686,0.0 9.94117,45.14686,0.0 9.94117,45.14686,0.0 9.94117,45.14686,0.0 9.94117,45.14686,0.0 9.94117,45.14686,0.0 9.94117,45.14686,0.0 9.94117,45.14686,0.0 9.94117,45.14686,0.0 9.94117,45.14686,0.0 9.94117,45.14686,0.0 9.94117,45.14686,0.0 9.94117,45.14686,0.0 9.94117,45.14686,0.0 9.94117,45.14686,0.0 9.94117,45.14686,0.0 9.94117,45.14686,0.0 9.94117,45.14686,0.0 9.94117,45.14686,0.0 9.94117,45.14686,0.0 9.94117,45.14686,0.0 9.94117,45.14686,0.0 9.94117,45.14686,0.0 9.94117,45.14686,0.0 9.94117,45.14686,0.0 9.94117,45.14686,0.0 9.94117,45.14686,0.0 9.94117,45.14686,0.0 9.94117,45.14686,0.0 9.94117,45.14686,0.0 9.94117,45.14686,0.0 9.94117,45.14686,0.0 9.94117,45.14686,0.0 9.94117,45.14686,0.0 9.94117,45.14686,0.0 9.94117,45.14686,0.0 9.94117,45.14686,0.0 9.94117,45.14686,0.0 9.94117,45.14686,0.0 9.94117,45.14686,0.0 9.94117,45.14686,0.0</coordinates>
                </LineString>
            </Placemark>
            <Placemark id="479">
                <name>Rota 04:32</name>
                <styleUrl>#480</styleUrl>
                <LineString id="478">
                    <altitudeMode>clampToGround</altitudeMode>
                    <coordinates>9.94117,45.14686,0.0 9.94117,45.14686,0.0 9.94117,45.14686,0.0 9.94117,45.14686,0.0 9.94117,45.14686,0.0 9.94117,45.14686,0.0 9.94117,45.14686,0.0 9.94117,45.14686,0.0 9.94117,45.14686,0.0 9.94117,45.14686,0.0 9.94117,45.14686,0.0 9.94117,45.14686,0.0 9.94117,45.14686,0.0 9.94117,45.14686,0.0 9.94117,45.14686,0.0 9.94117,45.14686,0.0 9.94117,45.14686,0.0 9.94117,45.14686,0.0 9.94117,45.14686,0.0 9.94117,45.14686,0.0 9.94117,45.14686,0.0 9.94117,45.14686,0.0 9.94117,45.14686,0.0 9.94117,45.14686,0.0 9.94117,45.14686,0.0 9.94117,45.14686,0.0 9.94117,45.14686,0.0 9.94117,45.14686,0.0 9.94117,45.14686,0.0 9.94117,45.14686,0.0 9.94117,45.14686,0.0 9.94117,45.14686,0.0 9.94117,45.14686,0.0 9.94117,45.14686,0.0 9.94117,45.14686,0.0 9.94117,45.14686,0.0 9.94117,45.14686,0.0 9.94117,45.14686,0.0 9.94117,45.14686,0.0 9.94117,45.14686,0.0 9.94117,45.14686,0.0 9.94117,45.14686,0.0 9.94117,45.14686,0.0 9.94117,45.14686,0.0 9.94117,45.14686,0.0 9.94117,45.14686,0.0 9.94117,45.14686,0.0 9.94117,45.14686,0.0 9.94117,45.14686,0.0 9.94117,45.14686,0.0 9.94117,45.14686,0.0 9.94117,45.14686,0.0 9.94117,45.14686,0.0 9.94117,45.14686,0.0 9.94117,45.14686,0.0 9.94117,45.14686,0.0 9.94117,45.14686,0.0 9.94117,45.14686,0.0 9.94117,45.14686,0.0 9.94117,45.14686,0.0</coordinates>
                </LineString>
            </Placemark>
            <Placemark id="483">
                <name>Rota 04:33</name>
                <styleUrl>#484</styleUrl>
                <LineString id="482">
                    <altitudeMode>clampToGround</altitudeMode>
                    <coordinates>9.94117,45.14686,0.0 9.94117,45.14686,0.0 9.94117,45.14686,0.0 9.94117,45.14686,0.0 9.94117,45.14686,0.0 9.94117,45.14686,0.0 9.94117,45.14686,0.0 9.94117,45.14686,0.0 9.94117,45.14686,0.0 9.94117,45.14686,0.0 9.94117,45.14686,0.0 9.94117,45.14686,0.0 9.94117,45.14686,0.0 9.94117,45.14686,0.0 9.94117,45.14686,0.0 9.94117,45.14686,0.0 9.94117,45.14686,0.0 9.94117,45.14686,0.0 9.94117,45.14686,0.0 9.94117,45.14686,0.0 9.94117,45.14686,0.0 9.94117,45.14686,0.0 9.94117,45.14686,0.0 9.94117,45.14686,0.0 9.94117,45.14686,0.0 9.94117,45.14686,0.0 9.94117,45.14686,0.0 9.94117,45.14686,0.0 9.94117,45.14686,0.0 9.94117,45.14686,0.0 9.94117,45.14686,0.0 9.94117,45.14686,0.0 9.94117,45.14686,0.0 9.94117,45.14686,0.0 9.94117,45.14686,0.0 9.94117,45.14686,0.0 9.94117,45.14686,0.0 9.94117,45.14686,0.0 9.94117,45.14686,0.0 9.94117,45.14686,0.0 9.94117,45.14686,0.0 9.94117,45.14686,0.0 9.94117,45.14686,0.0 9.94117,45.14686,0.0 9.94117,45.14686,0.0 9.94117,45.14686,0.0 9.94117,45.14686,0.0 9.94117,45.14686,0.0 9.94117,45.14686,0.0 9.94117,45.14686,0.0 9.94117,45.14686,0.0 9.94117,45.14686,0.0 9.94117,45.14686,0.0 9.94117,45.14686,0.0 9.94117,45.14686,0.0 9.94117,45.14686,0.0 9.94117,45.14686,0.0 9.94117,45.14686,0.0 9.94117,45.14686,0.0 9.94117,45.14686,0.0</coordinates>
                </LineString>
            </Placemark>
            <Placemark id="487">
                <name>Rota 04:34</name>
                <styleUrl>#488</styleUrl>
                <LineString id="486">
                    <altitudeMode>clampToGround</altitudeMode>
                    <coordinates>9.94117,45.14686,0.0 9.94117,45.14686,0.0 9.94117,45.14686,0.0 9.94117,45.14686,0.0 9.94117,45.14686,0.0 9.94117,45.14686,0.0 9.94117,45.14686,0.0 9.94117,45.14686,0.0 9.94117,45.14686,0.0 9.94117,45.14686,0.0 9.94117,45.14686,0.0 9.94117,45.14686,0.0 9.94117,45.14686,0.0 9.94117,45.14686,0.0 9.94117,45.14686,0.0 9.94117,45.14686,0.0 9.94117,45.14686,0.0 9.94117,45.14686,0.0 9.94117,45.14686,0.0 9.94117,45.14686,0.0 9.94117,45.14686,0.0 9.94117,45.14686,0.0 9.94117,45.14686,0.0 9.94117,45.14686,0.0 9.94117,45.14686,0.0 9.94117,45.14686,0.0 9.94117,45.14686,0.0 9.94117,45.14686,0.0 9.94117,45.14686,0.0 9.94117,45.14686,0.0 9.94117,45.14686,0.0 9.94117,45.14686,0.0 9.94117,45.14686,0.0 9.94117,45.14686,0.0 9.94117,45.14686,0.0 9.94117,45.14686,0.0 9.94117,45.14686,0.0 9.94117,45.14686,0.0 9.94117,45.14686,0.0 9.94117,45.14686,0.0 9.94117,45.14686,0.0 9.94117,45.14686,0.0 9.94117,45.14686,0.0 9.94117,45.14686,0.0 9.94117,45.14686,0.0 9.94117,45.14686,0.0 9.94117,45.14686,0.0 9.94117,45.14686,0.0 9.94117,45.14686,0.0 9.94117,45.14686,0.0 9.94117,45.14686,0.0 9.94117,45.14686,0.0 9.94117,45.14686,0.0 9.94117,45.14686,0.0 9.94117,45.14686,0.0 9.94117,45.14686,0.0 9.94117,45.14686,0.0 9.94117,45.14686,0.0 9.94117,45.14686,0.0 9.94117,45.14686,0.0</coordinates>
                </LineString>
            </Placemark>
            <Placemark id="491">
                <name>Rota 04:35</name>
                <styleUrl>#492</styleUrl>
                <LineString id="490">
                    <altitudeMode>clampToGround</altitudeMode>
                    <coordinates>9.94117,45.14686,0.0 9.94117,45.14686,0.0 9.94117,45.14686,0.0 9.94117,45.14686,0.0 9.94117,45.14686,0.0 9.94117,45.14686,0.0 9.94117,45.14686,0.0 9.94117,45.14686,0.0 9.94117,45.14686,0.0 9.94117,45.14686,0.0 9.94117,45.14686,0.0 9.94117,45.14686,0.0 9.94117,45.14686,0.0 9.94117,45.14686,0.0 9.94117,45.14686,0.0 9.94117,45.14686,0.0 9.94117,45.14686,0.0 9.94117,45.14686,0.0 9.94117,45.14686,0.0 9.94117,45.14686,0.0 9.94117,45.14686,0.0 9.94117,45.14686,0.0 9.94117,45.14686,0.0 9.94117,45.14677,0.0 9.94116,45.14671,0.0 9.94116,45.14671,0.0 9.94116,45.14671,0.0 9.94116,45.14665,0.0 9.94116,45.14665,0.0 9.94116,45.14665,0.0 9.94116,45.14658,0.0 9.94116,45.14658,0.0 9.94116,45.14653,0.0 9.94116,45.14653,0.0 9.94116,45.14653,0.0 9.94114,45.14646,0.0 9.94114,45.14646,0.0 9.94114,45.14646,0.0 9.94108,45.14642,0.0 9.94108,45.14642,0.0 9.94108,45.14642,0.0 9.941,45.14642,0.0 9.941,45.14642,0.0 9.941,45.14642,0.0 9.941,45.14642,0.0 9.941,45.14642,0.0 9.941,45.14642,0.0 9.941,45.14642,0.0 9.941,45.14642,0.0 9.941,45.14642,0.0 9.941,45.14642,0.0 9.941,45.14642,0.0 9.941,45.14642,0.0 9.941,45.14642,0.0 9.941,45.14642,0.0 9.941,45.14642,0.0 9.941,45.14642,0.0 9.941,45.14642,0.0 9.941,45.14642,0.0 9.941,45.14642,0.0</coordinates>
                </LineString>
            </Placemark>
            <Placemark id="495">
                <name>Rota 04:36</name>
                <styleUrl>#496</styleUrl>
                <LineString id="494">
                    <altitudeMode>clampToGround</altitudeMode>
                    <coordinates>9.941,45.14642,0.0 9.941,45.14642,0.0 9.941,45.14642,0.0 9.941,45.14642,0.0 9.941,45.14642,0.0 9.941,45.14642,0.0 9.941,45.14642,0.0 9.94107,45.14637,0.0 9.94107,45.14637,0.0 9.94107,45.14637,0.0 9.94114,45.14633,0.0 9.94114,45.14633,0.0 9.94114,45.14633,0.0 9.94114,45.14633,0.0 9.94114,45.14633,0.0 9.94114,45.14633,0.0 9.94114,45.14633,0.0 9.94114,45.14633,0.0 9.94114,45.14633,0.0 9.94114,45.14633,0.0 9.94119,45.14637,0.0 9.94119,45.14637,0.0 9.94119,45.14637,0.0 9.94119,45.14637,0.0 9.94121,45.14647,0.0 9.94121,45.14647,0.0 9.94121,45.14653,0.0 9.94121,45.14653,0.0 9.94121,45.14653,0.0 9.94121,45.14653,0.0 9.94123,45.14661,0.0 9.94123,45.14661,0.0 9.94123,45.14661,0.0 9.94127,45.14665,0.0 9.94127,45.14665,0.0 9.94127,45.14665,0.0 9.94127,45.14665,0.0 9.94127,45.14665,0.0 9.94127,45.14665,0.0 9.94133,45.14667,0.0 9.94133,45.14667,0.0 9.94133,45.14667,0.0 9.94133,45.14667,0.0 9.94133,45.14667,0.0 9.94133,45.14667,0.0 9.94133,45.14667,0.0 9.94133,45.14667,0.0 9.94133,45.14667,0.0 9.94133,45.14667,0.0 9.94133,45.14667,0.0 9.94133,45.14667,0.0 9.94133,45.14667,0.0 9.94133,45.14667,0.0 9.94133,45.14667,0.0 9.94126,45.14667,0.0 9.94126,45.14667,0.0 9.94126,45.14667,0.0 9.94117,45.14668,0.0 9.94117,45.14668,0.0 9.94117,45.14668,0.0</coordinates>
                </LineString>
            </Placemark>
            <Placemark id="499">
                <name>Rota 04:37</name>
                <styleUrl>#500</styleUrl>
                <LineString id="498">
                    <altitudeMode>clampToGround</altitudeMode>
                    <coordinates>9.94114,45.14673,0.0 9.94114,45.14673,0.0 9.94114,45.14673,0.0 9.94114,45.14673,0.0 9.94114,45.14673,0.0 9.94114,45.14673,0.0 9.94114,45.14668,0.0 9.94114,45.14668,0.0 9.94114,45.14668,0.0 9.94114,45.14663,0.0 9.94114,45.14663,0.0 9.94114,45.14663,0.0 9.94116,45.14656,0.0 9.94116,45.14656,0.0 9.94119,45.14652,0.0 9.94119,45.14652,0.0 9.94119,45.14652,0.0 9.94119,45.14652,0.0 9.94119,45.14652,0.0 9.94119,45.14652,0.0 9.94119,45.14652,0.0 9.94119,45.14652,0.0 9.94119,45.14652,0.0 9.94119,45.14652,0.0 9.94119,45.14652,0.0 9.94119,45.14652,0.0 9.94119,45.14652,0.0 9.94119,45.14652,0.0 9.94119,45.14652,0.0 9.94119,45.14652,0.0 9.94119,45.14652,0.0 9.94119,45.14652,0.0 9.94119,45.14652,0.0 9.94119,45.14652,0.0 9.94119,45.14652,0.0 9.94119,45.14652,0.0 9.94119,45.14652,0.0 9.94119,45.14652,0.0 9.94119,45.14652,0.0 9.94119,45.14652,0.0 9.94119,45.14652,0.0 9.94119,45.14652,0.0 9.94119,45.14652,0.0 9.94121,45.14647,0.0 9.94121,45.14647,0.0 9.94121,45.14647,0.0 9.94121,45.14647,0.0 9.94121,45.14647,0.0 9.94116,45.14643,0.0 9.94116,45.14643,0.0 9.94116,45.14643,0.0 9.94116,45.14643,0.0 9.94106,45.14645,0.0 9.94106,45.14645,0.0 9.94106,45.14645,0.0 9.94106,45.14645,0.0 9.94106,45.14645,0.0 9.94099,45.14648,0.0 9.94099,45.14648,0.0 9.94099,45.14648,0.0</coordinates>
                </LineString>
            </Placemark>
            <Placemark id="503">
                <name>Rota 04:38</name>
                <styleUrl>#504</styleUrl>
                <LineString id="502">
                    <altitudeMode>clampToGround</altitudeMode>
                    <coordinates>9.94099,45.14648,0.0 9.94099,45.14648,0.0 9.94099,45.14648,0.0 9.94099,45.14648,0.0 9.94099,45.14648,0.0 9.94099,45.14648,0.0 9.94099,45.14648,0.0 9.94099,45.14648,0.0 9.94099,45.14648,0.0 9.94099,45.14648,0.0 9.94099,45.14648,0.0 9.94099,45.14648,0.0 9.94102,45.14643,0.0 9.94102,45.14643,0.0 9.94102,45.14643,0.0 9.94102,45.14643,0.0 9.94102,45.14643,0.0 9.94105,45.14647,0.0 9.94105,45.14647,0.0 9.94105,45.14647,0.0 9.94108,45.14653,0.0 9.94108,45.14653,0.0 9.94108,45.14653,0.0 9.94111,45.14661,0.0 9.94111,45.14661,0.0 9.94116,45.14665,0.0 9.94116,45.14665,0.0 9.94116,45.14665,0.0 9.94116,45.14665,0.0 9.94126,45.14668,0.0 9.94126,45.14668,0.0 9.94126,45.14668,0.0 9.94126,45.14668,0.0 9.94126,45.14668,0.0 9.94126,45.14668,0.0 9.94133,45.14667,0.0 9.94133,45.14667,0.0 9.94133,45.14667,0.0 9.94133,45.14667,0.0 9.94133,45.14667,0.0 9.94133,45.14667,0.0 9.94133,45.14667,0.0 9.94133,45.14667,0.0 9.94133,45.14667,0.0 9.94133,45.14667,0.0 9.94126,45.14668,0.0 9.94126,45.14668,0.0 9.94119,45.14668,0.0 9.94119,45.14668,0.0 9.94119,45.14668,0.0 9.94115,45.14673,0.0 9.94115,45.14673,0.0 9.94115,45.14673,0.0 9.94115,45.14673,0.0 9.94115,45.14673,0.0 9.94114,45.14678,0.0 9.94114,45.14678,0.0 9.94114,45.14678,0.0 9.94114,45.14678,0.0 9.94114,45.14678,0.0</coordinates>
                </LineString>
            </Placemark>
            <Placemark id="507">
                <name>Rota 04:39</name>
                <styleUrl>#508</styleUrl>
                <LineString id="506">
                    <altitudeMode>clampToGround</altitudeMode>
                    <coordinates>9.94114,45.14678,0.0 9.94114,45.14678,0.0 9.94114,45.14678,0.0 9.94114,45.14678,0.0 9.94114,45.14678,0.0 9.94114,45.14678,0.0 9.94115,45.14671,0.0 9.94115,45.14671,0.0 9.94115,45.14666,0.0 9.94115,45.14666,0.0 9.94115,45.14666,0.0 9.94116,45.14661,0.0 9.94117,45.14656,0.0 9.94117,45.14656,0.0 9.94117,45.1465,0.0 9.94117,45.1465,0.0 9.94117,45.1465,0.0 9.94116,45.14645,0.0 9.94112,45.14641,0.0 9.94112,45.14641,0.0 9.94112,45.14641,0.0 9.94102,45.14641,0.0 9.94102,45.14641,0.0 9.94102,45.14641,0.0 9.94093,45.14644,0.0 9.94093,45.14644,0.0 9.94093,45.14644,0.0 9.94093,45.14644,0.0 9.94093,45.14644,0.0 9.94093,45.14644,0.0 9.94093,45.14644,0.0 9.94093,45.14644,0.0 9.94093,45.14644,0.0 9.94093,45.14644,0.0 9.94093,45.14644,0.0 9.94093,45.14644,0.0 9.94093,45.14644,0.0 9.94093,45.14644,0.0 9.94093,45.14644,0.0 9.94093,45.14644,0.0 9.94093,45.14644,0.0 9.94093,45.14644,0.0 9.94093,45.14644,0.0 9.94093,45.14644,0.0 9.94093,45.14644,0.0 9.94093,45.14644,0.0 9.94093,45.14644,0.0 9.94093,45.14644,0.0 9.94093,45.14644,0.0 9.94093,45.14644,0.0 9.94093,45.14644,0.0 9.94093,45.14644,0.0 9.94093,45.14644,0.0 9.941,45.14647,0.0 9.941,45.14647,0.0 9.941,45.14647,0.0 9.94106,45.14651,0.0 9.94106,45.14651,0.0 9.94106,45.14651,0.0 9.9411,45.14657,0.0</coordinates>
                </LineString>
            </Placemark>
            <Placemark id="511">
                <name>Rota 04:40</name>
                <styleUrl>#512</styleUrl>
                <LineString id="510">
                    <altitudeMode>clampToGround</altitudeMode>
                    <coordinates>9.9411,45.14657,0.0 9.9411,45.14657,0.0 9.94115,45.14661,0.0 9.94115,45.14661,0.0 9.94115,45.14661,0.0 9.94119,45.14665,0.0 9.94119,45.14665,0.0 9.94119,45.14665,0.0 9.94119,45.14665,0.0 9.94119,45.14665,0.0 9.94119,45.14665,0.0 9.94128,45.14667,0.0 9.94128,45.14667,0.0 9.94128,45.14667,0.0 9.94128,45.14667,0.0 9.94128,45.14667,0.0 9.94128,45.14667,0.0 9.94135,45.14666,0.0 9.94135,45.14666,0.0 9.94135,45.14666,0.0 9.94135,45.14666,0.0 9.94135,45.14666,0.0 9.94135,45.14666,0.0 9.94135,45.14666,0.0 9.94135,45.14666,0.0 9.94128,45.14667,0.0 9.94128,45.14667,0.0 9.94128,45.14667,0.0 9.94128,45.14667,0.0 9.94118,45.14669,0.0 9.94118,45.14669,0.0 9.94118,45.14669,0.0 9.94113,45.14672,0.0 9.94113,45.14672,0.0 9.94113,45.14672,0.0 9.94113,45.14672,0.0 9.94116,45.14665,0.0 9.94116,45.14665,0.0 9.94115,45.14659,0.0 9.94115,45.14659,0.0 9.94115,45.14659,0.0 9.94109,45.14655,0.0 9.94109,45.14655,0.0 9.94109,45.14655,0.0 9.94103,45.14657,0.0 9.94103,45.14657,0.0 9.94103,45.14657,0.0 9.94103,45.14657,0.0 9.94103,45.14657,0.0 9.94103,45.14657,0.0 9.94103,45.14657,0.0 9.94103,45.14657,0.0 9.94103,45.14657,0.0 9.94103,45.14657,0.0 9.94103,45.14657,0.0 9.94103,45.14657,0.0 9.94103,45.14657,0.0 9.94103,45.14657,0.0 9.94103,45.14657,0.0 9.94103,45.14657,0.0</coordinates>
                </LineString>
            </Placemark>
            <Placemark id="515">
                <name>Rota 04:41</name>
                <styleUrl>#516</styleUrl>
                <LineString id="514">
                    <altitudeMode>clampToGround</altitudeMode>
                    <coordinates>9.94103,45.14657,0.0 9.94103,45.14657,0.0 9.94103,45.14657,0.0 9.94103,45.14657,0.0 9.94103,45.14657,0.0 9.94103,45.14657,0.0 9.94111,45.14654,0.0 9.94111,45.14654,0.0 9.94111,45.14654,0.0 9.94111,45.14654,0.0 9.94111,45.14654,0.0 9.94111,45.14654,0.0 9.94111,45.14659,0.0 9.94111,45.14659,0.0 9.94111,45.14659,0.0 9.94111,45.14659,0.0 9.94111,45.14659,0.0 9.94112,45.14664,0.0 9.94112,45.14664,0.0 9.94112,45.14664,0.0 9.94112,45.14664,0.0 9.94112,45.14664,0.0 9.94112,45.14664,0.0 9.94112,45.14664,0.0 9.94112,45.14664,0.0 9.94112,45.14664,0.0 9.94112,45.14664,0.0 9.94112,45.14664,0.0 9.94112,45.14664,0.0 9.94112,45.14664,0.0 9.94112,45.14664,0.0 9.94112,45.14664,0.0 9.94112,45.14664,0.0 9.94112,45.14664,0.0 9.94112,45.14664,0.0 9.94112,45.14664,0.0 9.94112,45.14664,0.0 9.94112,45.14664,0.0 9.94112,45.14664,0.0 9.94112,45.14664,0.0 9.94112,45.14664,0.0 9.94112,45.14664,0.0 9.94112,45.14664,0.0 9.94112,45.14664,0.0 9.94112,45.14664,0.0 9.94112,45.14664,0.0 9.94112,45.14664,0.0 9.94112,45.14664,0.0 9.94112,45.14664,0.0 9.94112,45.14664,0.0 9.94112,45.14664,0.0 9.94112,45.14664,0.0 9.94112,45.14664,0.0 9.94112,45.14664,0.0 9.94112,45.14664,0.0 9.94112,45.14664,0.0 9.94112,45.14664,0.0 9.94112,45.14664,0.0 9.94112,45.14664,0.0 9.94112,45.14664,0.0</coordinates>
                </LineString>
            </Placemark>
            <Placemark id="519">
                <name>Rota 04:42</name>
                <styleUrl>#520</styleUrl>
                <LineString id="518">
                    <altitudeMode>clampToGround</altitudeMode>
                    <coordinates>9.94112,45.14664,0.0 9.94112,45.14664,0.0 9.94112,45.14664,0.0 9.94112,45.14664,0.0 9.94112,45.14664,0.0 9.94112,45.14664,0.0 9.94112,45.14664,0.0 9.94112,45.14664,0.0 9.94112,45.14664,0.0 9.94112,45.14664,0.0 9.94112,45.14664,0.0 9.94112,45.14664,0.0 9.94112,45.14664,0.0 9.94112,45.14664,0.0 9.94112,45.14664,0.0 9.94112,45.14664,0.0 9.94112,45.14664,0.0 9.94112,45.14664,0.0 9.94112,45.14664,0.0 9.94112,45.14664,0.0 9.94112,45.14664,0.0 9.94112,45.14664,0.0 9.94112,45.14664,0.0 9.94112,45.14664,0.0 9.94112,45.14664,0.0 9.94112,45.14664,0.0 9.94112,45.14664,0.0 9.94112,45.14664,0.0 9.94112,45.14664,0.0 9.94112,45.14664,0.0 9.94112,45.14664,0.0 9.94112,45.14664,0.0 9.94112,45.14664,0.0 9.94112,45.14664,0.0 9.94112,45.14664,0.0 9.94112,45.14664,0.0 9.94112,45.14664,0.0 9.94112,45.14664,0.0 9.94112,45.14664,0.0 9.94112,45.14664,0.0 9.94112,45.14664,0.0 9.94112,45.14664,0.0 9.94112,45.14664,0.0 9.94112,45.14664,0.0 9.94112,45.14664,0.0 9.94112,45.14664,0.0 9.94112,45.14664,0.0 9.94112,45.14664,0.0 9.94112,45.14664,0.0 9.94112,45.14664,0.0 9.94112,45.14664,0.0 9.94112,45.14664,0.0 9.94112,45.14664,0.0 9.94112,45.14664,0.0 9.94112,45.14664,0.0 9.94112,45.14664,0.0 9.94112,45.14664,0.0 9.94112,45.14664,0.0 9.94112,45.14664,0.0 9.94112,45.14664,0.0</coordinates>
                </LineString>
            </Placemark>
            <Placemark id="523">
                <name>Rota 04:43</name>
                <styleUrl>#524</styleUrl>
                <LineString id="522">
                    <altitudeMode>clampToGround</altitudeMode>
                    <coordinates>9.94112,45.14664,0.0 9.94112,45.14664,0.0 9.94112,45.14664,0.0 9.94112,45.14664,0.0 9.94112,45.14664,0.0 9.94112,45.14664,0.0 9.94112,45.14664,0.0 9.94112,45.14664,0.0 9.94112,45.14664,0.0 9.94112,45.14664,0.0 9.94112,45.14664,0.0 9.94112,45.14664,0.0 9.94112,45.14664,0.0 9.94112,45.14664,0.0 9.94112,45.14664,0.0 9.94112,45.14664,0.0 9.94112,45.14664,0.0 9.94112,45.14664,0.0 9.94112,45.14664,0.0 9.94112,45.14664,0.0 9.94112,45.14664,0.0 9.94112,45.14664,0.0 9.94112,45.14664,0.0 9.94112,45.14664,0.0 9.94112,45.14664,0.0 9.94112,45.14664,0.0 9.94112,45.14664,0.0 9.94112,45.14664,0.0 9.94112,45.14664,0.0 9.94112,45.14664,0.0 9.94112,45.14664,0.0 9.94112,45.14664,0.0 9.94112,45.14664,0.0 9.94112,45.14664,0.0 9.94112,45.14664,0.0 9.94112,45.14664,0.0 9.94112,45.14664,0.0 9.94112,45.14664,0.0 9.94112,45.14664,0.0 9.94112,45.14664,0.0 9.94112,45.14664,0.0 9.94112,45.14664,0.0 9.94112,45.14664,0.0 9.94112,45.14664,0.0 9.94112,45.14664,0.0 9.94112,45.14664,0.0 9.94112,45.14664,0.0 9.94112,45.14664,0.0 9.94112,45.14664,0.0 9.94112,45.14664,0.0 9.94112,45.14664,0.0 9.94112,45.14664,0.0 9.94112,45.14664,0.0 9.94112,45.14664,0.0 9.94112,45.14664,0.0 9.94112,45.14664,0.0 9.94112,45.14664,0.0 9.94112,45.14664,0.0 9.94112,45.14664,0.0 9.94112,45.14664,0.0</coordinates>
                </LineString>
            </Placemark>
            <Placemark id="527">
                <name>Rota 04:44</name>
                <styleUrl>#528</styleUrl>
                <LineString id="526">
                    <altitudeMode>clampToGround</altitudeMode>
                    <coordinates>9.94112,45.14664,0.0 9.94112,45.14664,0.0 9.94112,45.14664,0.0 9.94112,45.14664,0.0 9.94112,45.14664,0.0 9.94112,45.14664,0.0 9.94112,45.14664,0.0 9.94112,45.14664,0.0 9.94112,45.14664,0.0 9.94112,45.14664,0.0 9.94112,45.14664,0.0 9.94112,45.14664,0.0 9.94112,45.14664,0.0 9.94112,45.14664,0.0 9.94112,45.14664,0.0 9.94112,45.14664,0.0 9.94112,45.14664,0.0 9.94112,45.14664,0.0 9.94112,45.14664,0.0 9.94112,45.14664,0.0 9.94112,45.14664,0.0 9.94112,45.14664,0.0 9.94112,45.14664,0.0 9.94112,45.14664,0.0 9.94112,45.14664,0.0 9.94112,45.14664,0.0 9.94112,45.14664,0.0 9.94112,45.14664,0.0 9.94112,45.14664,0.0 9.94112,45.14664,0.0 9.94112,45.14664,0.0 9.94112,45.14664,0.0 9.94112,45.14664,0.0 9.94112,45.14664,0.0 9.94112,45.14664,0.0 9.94112,45.14664,0.0 9.94112,45.14664,0.0 9.94112,45.14664,0.0 9.94112,45.14664,0.0 9.94112,45.14664,0.0 9.94112,45.14664,0.0 9.94112,45.14664,0.0 9.94112,45.14664,0.0 9.94112,45.14664,0.0 9.94112,45.14664,0.0 9.94112,45.14664,0.0 9.94112,45.14664,0.0 9.94112,45.14664,0.0 9.94112,45.14664,0.0 9.94112,45.14664,0.0 9.94112,45.14664,0.0 9.94112,45.14664,0.0 9.94112,45.14664,0.0 9.94112,45.14664,0.0 9.94112,45.14664,0.0 9.94112,45.14664,0.0 9.94112,45.14664,0.0 9.94112,45.14664,0.0 9.94112,45.14664,0.0 9.94112,45.14664,0.0</coordinates>
                </LineString>
            </Placemark>
            <Placemark id="531">
                <name>Rota 04:45</name>
                <styleUrl>#532</styleUrl>
                <LineString id="530">
                    <altitudeMode>clampToGround</altitudeMode>
                    <coordinates>9.94112,45.14664,0.0 9.94112,45.14664,0.0 9.94112,45.14664,0.0 9.94112,45.14664,0.0 9.94112,45.14664,0.0 9.94112,45.14664,0.0 9.94112,45.14664,0.0 9.94112,45.14664,0.0 9.9412,45.14665,0.0 9.9412,45.14665,0.0 9.9412,45.14665,0.0 9.9412,45.14665,0.0 9.9412,45.14665,0.0 9.9412,45.14665,0.0 9.9412,45.14665,0.0 9.94127,45.14665,0.0 9.94127,45.14665,0.0 9.94127,45.14665,0.0 9.94127,45.14665,0.0 9.94127,45.14665,0.0 9.94127,45.14665,0.0 9.94134,45.14665,0.0 9.94134,45.14665,0.0 9.94134,45.14665,0.0 9.94134,45.14665,0.0 9.94134,45.14665,0.0 9.94134,45.14665,0.0 9.94134,45.14665,0.0 9.94134,45.14665,0.0 9.94134,45.14665,0.0 9.94125,45.14667,0.0 9.94125,45.14667,0.0 9.94118,45.14668,0.0 9.94118,45.14668,0.0 9.94118,45.14668,0.0 9.94118,45.14668,0.0 9.94118,45.14668,0.0 9.94118,45.14668,0.0 9.94117,45.14662,0.0 9.94117,45.14662,0.0 9.94117,45.14662,0.0 9.94117,45.1465,0.0 9.94117,45.14645,0.0 9.94117,45.14645,0.0 9.94118,45.14638,0.0 9.94118,45.14638,0.0 9.94118,45.14638,0.0 9.94111,45.14634,0.0 9.94111,45.14634,0.0 9.94111,45.14634,0.0 9.94111,45.14634,0.0 9.94111,45.14634,0.0 9.94111,45.14634,0.0 9.94116,45.14627,0.0 9.94116,45.14627,0.0 9.94116,45.14627,0.0 9.94116,45.14627,0.0 9.94116,45.14627,0.0 9.94116,45.14627,0.0 9.94116,45.14627,0.0</coordinates>
                </LineString>
            </Placemark>
            <Placemark id="535">
                <name>Rota 04:46</name>
                <styleUrl>#536</styleUrl>
                <LineString id="534">
                    <altitudeMode>clampToGround</altitudeMode>
                    <coordinates>9.94118,45.14634,0.0 9.94118,45.14634,0.0 9.94115,45.14638,0.0 9.94115,45.14638,0.0 9.94115,45.14638,0.0 9.9411,45.14641,0.0 9.9411,45.14641,0.0 9.9411,45.14641,0.0 9.9411,45.14641,0.0 9.9411,45.14641,0.0 9.9411,45.14641,0.0 9.9411,45.14641,0.0 9.9411,45.14641,0.0 9.9411,45.14641,0.0 9.9411,45.14641,0.0 9.9411,45.14641,0.0 9.9411,45.14641,0.0 9.9411,45.14641,0.0 9.94102,45.14644,0.0 9.94102,45.14644,0.0 9.94102,45.14644,0.0 9.94102,45.14644,0.0 9.94102,45.14644,0.0 9.94102,45.14644,0.0 9.94102,45.14644,0.0 9.94102,45.14644,0.0 9.94102,45.14644,0.0 9.94102,45.14644,0.0 9.94102,45.14644,0.0 9.94102,45.14644,0.0 9.94105,45.1465,0.0 9.94105,45.1465,0.0 9.94105,45.1465,0.0 9.94105,45.1465,0.0 9.94108,45.14654,0.0 9.94108,45.14654,0.0 9.94108,45.14654,0.0 9.94111,45.14658,0.0 9.94111,45.14658,0.0 9.94111,45.14658,0.0 9.94111,45.14658,0.0 9.94111,45.14658,0.0 9.94117,45.14662,0.0 9.94117,45.14662,0.0 9.94117,45.14662,0.0 9.94123,45.14665,0.0 9.94123,45.14665,0.0 9.94123,45.14665,0.0 9.94123,45.14665,0.0 9.94123,45.14665,0.0 9.94123,45.14665,0.0 9.94123,45.14665,0.0 9.94123,45.14665,0.0 9.94123,45.14665,0.0 9.94123,45.14665,0.0 9.94123,45.14665,0.0 9.94123,45.14665,0.0 9.94123,45.14665,0.0 9.94123,45.14665,0.0 9.94123,45.14665,0.0</coordinates>
                </LineString>
            </Placemark>
            <Placemark id="539">
                <name>Rota 04:47</name>
                <styleUrl>#540</styleUrl>
                <LineString id="538">
                    <altitudeMode>clampToGround</altitudeMode>
                    <coordinates>9.94123,45.14665,0.0 9.94123,45.14665,0.0 9.9413,45.14665,0.0 9.9413,45.14665,0.0 9.9413,45.14665,0.0 9.9413,45.14665,0.0 9.9413,45.14665,0.0 9.9413,45.14665,0.0 9.9413,45.14665,0.0 9.9413,45.14665,0.0 9.9413,45.14665,0.0 9.9413,45.14665,0.0 9.9413,45.14665,0.0 9.9413,45.14665,0.0 9.94124,45.14667,0.0 9.94124,45.14667,0.0 9.94124,45.14667,0.0 9.94124,45.14667,0.0 9.94124,45.14667,0.0 9.94124,45.14667,0.0 9.94124,45.14667,0.0 9.94124,45.14667,0.0 9.94124,45.14667,0.0 9.94124,45.14667,0.0 9.94124,45.14667,0.0 9.94124,45.14667,0.0 9.94124,45.14667,0.0 9.94124,45.14667,0.0 9.94124,45.14667,0.0 9.94124,45.14667,0.0 9.94124,45.14667,0.0 9.94124,45.14667,0.0 9.94124,45.14667,0.0 9.94124,45.14667,0.0 9.94124,45.14667,0.0 9.94124,45.14667,0.0 9.94118,45.1467,0.0 9.94118,45.1467,0.0 9.94118,45.1467,0.0 9.94118,45.1467,0.0 9.94118,45.1467,0.0 9.94117,45.14675,0.0 9.94117,45.14675,0.0 9.94117,45.14675,0.0 9.94117,45.14675,0.0 9.94117,45.14675,0.0 9.94117,45.1468,0.0 9.94117,45.1468,0.0 9.94117,45.1468,0.0 9.94117,45.1468,0.0 9.94117,45.1468,0.0 9.94117,45.1468,0.0 9.94117,45.1468,0.0 9.94117,45.1468,0.0 9.94117,45.1468,0.0 9.94117,45.1468,0.0 9.94117,45.1468,0.0 9.94117,45.1468,0.0 9.94117,45.1468,0.0 9.94117,45.1468,0.0</coordinates>
                </LineString>
            </Placemark>
            <Placemark id="543">
                <name>Rota 04:48</name>
                <styleUrl>#544</styleUrl>
                <LineString id="542">
                    <altitudeMode>clampToGround</altitudeMode>
                    <coordinates>9.94117,45.1468,0.0 9.94117,45.1468,0.0 9.94117,45.1468,0.0 9.94117,45.1468,0.0 9.94117,45.1468,0.0 9.94117,45.1468,0.0 9.94117,45.1468,0.0 9.94117,45.1468,0.0 9.94117,45.1468,0.0 9.94117,45.1468,0.0 9.94117,45.1468,0.0 9.94117,45.1468,0.0 9.94117,45.1468,0.0 9.94117,45.1468,0.0 9.94117,45.1468,0.0 9.94117,45.1468,0.0 9.94117,45.1468,0.0 9.94117,45.1468,0.0 9.94117,45.1468,0.0 9.94117,45.1468,0.0 9.94117,45.1468,0.0 9.94117,45.1468,0.0 9.94117,45.1468,0.0 9.94117,45.1468,0.0 9.94117,45.1468,0.0 9.94117,45.1468,0.0 9.94117,45.1468,0.0 9.94117,45.1468,0.0 9.94117,45.1468,0.0 9.94117,45.1468,0.0 9.94117,45.1468,0.0 9.94117,45.1468,0.0 9.94117,45.1468,0.0 9.94117,45.1468,0.0 9.94117,45.1468,0.0 9.94117,45.1468,0.0 9.94117,45.1468,0.0 9.94118,45.14685,0.0 9.94118,45.14685,0.0 9.94118,45.14685,0.0 9.94117,45.1468,0.0 9.94117,45.1468,0.0 9.94117,45.1468,0.0 9.94117,45.14675,0.0 9.94117,45.14675,0.0 9.94117,45.14675,0.0 9.94117,45.14675,0.0 9.94118,45.14665,0.0 9.94118,45.14665,0.0 9.94118,45.14659,0.0 9.94118,45.14659,0.0 9.94118,45.14659,0.0 9.94117,45.14653,0.0 9.94116,45.14646,0.0 9.94116,45.14646,0.0 9.94113,45.14642,0.0 9.94113,45.14642,0.0 9.94113,45.14642,0.0 9.94106,45.1464,0.0 9.94099,45.14641,0.0</coordinates>
                </LineString>
            </Placemark>
            <Placemark id="547">
                <name>Rota 04:49</name>
                <styleUrl>#548</styleUrl>
                <LineString id="546">
                    <altitudeMode>clampToGround</altitudeMode>
                    <coordinates>9.94099,45.14641,0.0 9.94094,45.14644,0.0 9.94094,45.14644,0.0 9.94094,45.14644,0.0 9.94094,45.14644,0.0 9.94094,45.14644,0.0 9.94094,45.14644,0.0 9.94094,45.14644,0.0 9.94094,45.14644,0.0 9.94094,45.14644,0.0 9.94094,45.14644,0.0 9.94094,45.14644,0.0 9.94094,45.14644,0.0 9.94094,45.14644,0.0 9.94094,45.14644,0.0 9.94094,45.14644,0.0 9.94094,45.14644,0.0 9.94094,45.14644,0.0 9.94094,45.14644,0.0 9.94094,45.14644,0.0 9.94094,45.14644,0.0 9.94094,45.14644,0.0 9.94086,45.14641,0.0 9.94086,45.14641,0.0 9.94086,45.14641,0.0 9.94079,45.1464,0.0 9.94079,45.1464,0.0 9.94079,45.1464,0.0 9.94079,45.1464,0.0 9.94079,45.1464,0.0 9.94086,45.14639,0.0 9.94086,45.14639,0.0 9.94086,45.14639,0.0 9.94086,45.14639,0.0 9.94095,45.14636,0.0 9.94102,45.14635,0.0 9.94102,45.14635,0.0 9.94108,45.14637,0.0 9.94108,45.14637,0.0 9.94112,45.14641,0.0 9.94112,45.14641,0.0 9.94112,45.14647,0.0 9.94112,45.14647,0.0 9.94112,45.14652,0.0 9.94112,45.14652,0.0 9.94112,45.14652,0.0 9.94112,45.14652,0.0 9.94114,45.14658,0.0 9.94114,45.14658,0.0 9.94118,45.14662,0.0 9.94118,45.14662,0.0 9.94118,45.14662,0.0 9.94118,45.14662,0.0 9.94118,45.14662,0.0 9.94124,45.14665,0.0 9.94124,45.14665,0.0 9.94124,45.14665,0.0 9.94124,45.14665,0.0 9.94124,45.14665,0.0 9.94124,45.14665,0.0</coordinates>
                </LineString>
            </Placemark>
            <Placemark id="551">
                <name>Rota 04:50</name>
                <styleUrl>#552</styleUrl>
                <LineString id="550">
                    <altitudeMode>clampToGround</altitudeMode>
                    <coordinates>9.94124,45.14665,0.0 9.94124,45.14665,0.0 9.94124,45.14665,0.0 9.94124,45.14665,0.0 9.94124,45.14665,0.0 9.94124,45.14665,0.0 9.94124,45.14665,0.0 9.94124,45.14665,0.0 9.94124,45.14665,0.0 9.94124,45.14665,0.0 9.94124,45.14665,0.0 9.94124,45.14665,0.0 9.94124,45.14665,0.0 9.94124,45.14665,0.0 9.94124,45.14665,0.0 9.94124,45.14665,0.0 9.94124,45.14665,0.0 9.94124,45.14665,0.0 9.94124,45.14665,0.0 9.94124,45.14665,0.0 9.94124,45.14665,0.0 9.94124,45.14665,0.0 9.94124,45.14665,0.0 9.94124,45.14665,0.0 9.94124,45.14665,0.0 9.94124,45.14665,0.0 9.94124,45.14665,0.0 9.94124,45.14665,0.0 9.94124,45.14665,0.0 9.94124,45.14665,0.0 9.94124,45.14665,0.0 9.94124,45.14665,0.0 9.94124,45.14665,0.0 9.94124,45.14665,0.0 9.94124,45.14665,0.0 9.94124,45.14665,0.0 9.94124,45.14665,0.0 9.94124,45.14665,0.0 9.94124,45.14665,0.0 9.94124,45.14665,0.0 9.94124,45.14665,0.0 9.94124,45.14665,0.0 9.94124,45.14665,0.0 9.94124,45.14665,0.0 9.94124,45.14665,0.0 9.94124,45.14665,0.0 9.94124,45.14665,0.0 9.94124,45.14665,0.0 9.94124,45.14665,0.0 9.94124,45.14665,0.0 9.94124,45.14665,0.0 9.94124,45.14665,0.0 9.94124,45.14665,0.0 9.94131,45.14666,0.0 9.94131,45.14666,0.0 9.94131,45.14666,0.0 9.94131,45.14666,0.0 9.94131,45.14666,0.0 9.94131,45.14666,0.0 9.94131,45.14666,0.0</coordinates>
                </LineString>
            </Placemark>
            <Placemark id="555">
                <name>Rota 04:51</name>
                <styleUrl>#556</styleUrl>
                <LineString id="554">
                    <altitudeMode>clampToGround</altitudeMode>
                    <coordinates>9.94131,45.14666,0.0 9.94131,45.14666,0.0 9.94131,45.14666,0.0 9.94131,45.14666,0.0 9.94131,45.14666,0.0 9.94124,45.14667,0.0 9.94124,45.14667,0.0 9.94124,45.14667,0.0 9.94124,45.14667,0.0 9.94114,45.1467,0.0 9.94114,45.1467,0.0 9.94114,45.1467,0.0 9.94114,45.1467,0.0 9.94114,45.1467,0.0 9.94114,45.1467,0.0 9.94114,45.1467,0.0 9.94116,45.14665,0.0 9.94116,45.14665,0.0 9.94116,45.14665,0.0 9.94116,45.14665,0.0 9.94117,45.14659,0.0 9.94117,45.14659,0.0 9.94117,45.14659,0.0 9.94117,45.14659,0.0 9.94119,45.14654,0.0 9.94119,45.14654,0.0 9.94119,45.14654,0.0 9.94119,45.14654,0.0 9.94119,45.14654,0.0 9.9412,45.14649,0.0 9.9412,45.14649,0.0 9.9412,45.14649,0.0 9.9412,45.14649,0.0 9.9412,45.14649,0.0 9.9412,45.14649,0.0 9.9412,45.14649,0.0 9.9412,45.14649,0.0 9.9412,45.14649,0.0 9.9412,45.14649,0.0 9.9412,45.14649,0.0 9.9412,45.14649,0.0 9.94118,45.14644,0.0 9.94118,45.14644,0.0 9.94108,45.14641,0.0 9.94101,45.14641,0.0 9.94101,45.14641,0.0 9.94094,45.14641,0.0 9.94078,45.14641,0.0 9.94078,45.14641,0.0 9.94066,45.14642,0.0 9.94066,45.14642,0.0 9.94066,45.14642,0.0 9.94058,45.14645,0.0 9.94058,45.14645,0.0 9.94058,45.14645,0.0 9.94058,45.14645,0.0 9.94058,45.14645,0.0 9.94058,45.14645,0.0 9.94058,45.14645,0.0 9.94058,45.14645,0.0</coordinates>
                </LineString>
            </Placemark>
            <Placemark id="559">
                <name>Rota 04:52</name>
                <styleUrl>#560</styleUrl>
                <LineString id="558">
                    <altitudeMode>clampToGround</altitudeMode>
                    <coordinates>9.94058,45.14645,0.0 9.94058,45.14645,0.0 9.94058,45.14645,0.0 9.94058,45.14645,0.0 9.94058,45.14645,0.0 9.94058,45.14645,0.0 9.94058,45.14645,0.0 9.94055,45.14649,0.0 9.94055,45.14649,0.0 9.94055,45.14649,0.0 9.94055,45.14649,0.0 9.94055,45.14649,0.0 9.94053,45.14656,0.0 9.94053,45.14656,0.0 9.94051,45.14662,0.0 9.94051,45.14662,0.0 9.94051,45.14662,0.0 9.9405,45.14672,0.0 9.9405,45.14672,0.0 9.94048,45.14677,0.0 9.94048,45.14677,0.0 9.94048,45.14677,0.0 9.94048,45.14677,0.0 9.94048,45.14677,0.0 9.94048,45.14677,0.0 9.94048,45.14677,0.0 9.94048,45.14677,0.0 9.94048,45.14677,0.0 9.94048,45.14677,0.0 9.94048,45.14677,0.0 9.94042,45.14681,0.0 9.94042,45.14681,0.0 9.94042,45.14681,0.0 9.94042,45.14681,0.0 9.94042,45.14681,0.0 9.94042,45.14681,0.0 9.94042,45.14681,0.0 9.94042,45.14681,0.0 9.94042,45.14681,0.0 9.94042,45.14681,0.0 9.94042,45.14681,0.0 9.94042,45.14681,0.0 9.94042,45.14681,0.0 9.94042,45.14681,0.0 9.94042,45.14681,0.0 9.94042,45.14681,0.0 9.94042,45.14681,0.0 9.94042,45.14681,0.0 9.94042,45.14681,0.0 9.94042,45.14681,0.0 9.94042,45.14681,0.0 9.94042,45.14681,0.0 9.94042,45.14681,0.0 9.94042,45.14681,0.0 9.94042,45.14681,0.0 9.94042,45.14681,0.0 9.94042,45.14681,0.0 9.94042,45.14681,0.0 9.94042,45.14681,0.0 9.94042,45.14681,0.0</coordinates>
                </LineString>
            </Placemark>
            <Placemark id="563">
                <name>Rota 04:53</name>
                <styleUrl>#564</styleUrl>
                <LineString id="562">
                    <altitudeMode>clampToGround</altitudeMode>
                    <coordinates>9.94042,45.14681,0.0 9.94042,45.14681,0.0 9.94042,45.14681,0.0 9.94042,45.14681,0.0 9.94042,45.14681,0.0 9.94045,45.14685,0.0 9.94045,45.14685,0.0 9.94045,45.14685,0.0 9.94045,45.14685,0.0 9.94044,45.14692,0.0 9.94044,45.14692,0.0 9.94044,45.14692,0.0 9.94042,45.14697,0.0 9.94042,45.14697,0.0 9.94042,45.14697,0.0 9.94042,45.14697,0.0 9.9404,45.14702,0.0 9.9404,45.14702,0.0 9.9404,45.14702,0.0 9.9404,45.14702,0.0 9.9404,45.14702,0.0 9.9404,45.14708,0.0 9.9404,45.14708,0.0 9.9404,45.14708,0.0 9.9404,45.14708,0.0 9.9404,45.14708,0.0 9.9404,45.14708,0.0 9.9404,45.14713,0.0 9.9404,45.14713,0.0 9.9404,45.14713,0.0 9.9404,45.14713,0.0 9.94044,45.14719,0.0 9.94046,45.14724,0.0 9.94046,45.14724,0.0 9.94047,45.14729,0.0 9.94047,45.14729,0.0 9.94047,45.14729,0.0 9.94046,45.14734,0.0 9.9404,45.14737,0.0 9.9404,45.14737,0.0 9.94032,45.14738,0.0 9.94032,45.14738,0.0 9.94032,45.14738,0.0 9.9402,45.14738,0.0 9.9402,45.14738,0.0 9.9402,45.14738,0.0 9.94011,45.14739,0.0 9.94011,45.14739,0.0 9.94011,45.14739,0.0 9.94011,45.14739,0.0 9.94,45.14738,0.0 9.94,45.14738,0.0 9.94,45.14738,0.0 9.94,45.14738,0.0 9.94,45.14738,0.0 9.93991,45.14737,0.0 9.93991,45.14737,0.0 9.93991,45.14737,0.0 9.93991,45.14737,0.0 9.93991,45.14737,0.0</coordinates>
                </LineString>
            </Placemark>
            <Placemark id="567">
                <name>Rota 04:54</name>
                <styleUrl>#568</styleUrl>
                <LineString id="566">
                    <altitudeMode>clampToGround</altitudeMode>
                    <coordinates>9.93991,45.14737,0.0 9.93991,45.14737,0.0 9.93991,45.14737,0.0 9.93991,45.14737,0.0 9.93991,45.14737,0.0 9.93991,45.14737,0.0 9.93991,45.14737,0.0 9.93991,45.14737,0.0 9.93991,45.14737,0.0 9.93991,45.14737,0.0 9.93991,45.14737,0.0 9.93991,45.14737,0.0 9.93991,45.14737,0.0 9.93991,45.14737,0.0 9.93991,45.14737,0.0 9.93991,45.14737,0.0 9.93991,45.14737,0.0 9.93991,45.14737,0.0 9.93991,45.14737,0.0 9.93991,45.14737,0.0 9.93991,45.14737,0.0 9.93991,45.14737,0.0 9.93991,45.14737,0.0 9.93991,45.14737,0.0 9.93991,45.14737,0.0 9.93991,45.14737,0.0 9.93991,45.14737,0.0 9.93991,45.14737,0.0 9.93991,45.14737,0.0 9.93991,45.14737,0.0 9.93991,45.14737,0.0 9.93991,45.14737,0.0 9.93991,45.14737,0.0 9.93991,45.14737,0.0 9.93991,45.14737,0.0 9.93991,45.14737,0.0 9.93991,45.14737,0.0 9.93991,45.14737,0.0 9.93991,45.14737,0.0 9.93991,45.14737,0.0 9.93991,45.14737,0.0 9.93991,45.14737,0.0 9.93991,45.14737,0.0 9.93991,45.14737,0.0 9.93991,45.14737,0.0 9.93991,45.14737,0.0 9.93991,45.14737,0.0 9.93991,45.14737,0.0 9.93991,45.14737,0.0 9.93991,45.14737,0.0 9.93991,45.14737,0.0 9.93991,45.14737,0.0 9.93991,45.14737,0.0 9.93991,45.14737,0.0 9.93991,45.14737,0.0 9.93991,45.14737,0.0 9.93991,45.14737,0.0 9.93991,45.14737,0.0 9.93991,45.14737,0.0 9.93991,45.14737,0.0</coordinates>
                </LineString>
            </Placemark>
            <Placemark id="571">
                <name>Rota 04:55</name>
                <styleUrl>#572</styleUrl>
                <LineString id="570">
                    <altitudeMode>clampToGround</altitudeMode>
                    <coordinates>9.93991,45.14737,0.0 9.93991,45.14737,0.0 9.93991,45.14737,0.0 9.93991,45.14737,0.0 9.93991,45.14737,0.0 9.93991,45.14737,0.0 9.93991,45.14737,0.0 9.93991,45.14737,0.0 9.93991,45.14737,0.0 9.93991,45.14737,0.0 9.93991,45.14737,0.0 9.93991,45.14737,0.0 9.93991,45.14737,0.0 9.93991,45.14737,0.0 9.93991,45.14737,0.0 9.93991,45.14737,0.0 9.93991,45.14737,0.0 9.93991,45.14737,0.0 9.93991,45.14737,0.0 9.93991,45.14737,0.0 9.93991,45.14737,0.0 9.93991,45.14737,0.0 9.93991,45.14737,0.0 9.93991,45.14737,0.0 9.93991,45.14737,0.0 9.93991,45.14737,0.0 9.93991,45.14737,0.0 9.93991,45.14737,0.0 9.93991,45.14737,0.0 9.93991,45.14737,0.0 9.93991,45.14737,0.0 9.93991,45.14737,0.0 9.93991,45.14737,0.0 9.93991,45.14737,0.0 9.93991,45.14737,0.0 9.93991,45.14737,0.0 9.93991,45.14737,0.0 9.93991,45.14737,0.0 9.93991,45.14737,0.0 9.93991,45.14737,0.0 9.93991,45.14737,0.0 9.93991,45.14737,0.0 9.93991,45.14737,0.0 9.93991,45.14737,0.0 9.93991,45.14737,0.0 9.93991,45.14737,0.0 9.93991,45.14737,0.0 9.93991,45.14737,0.0 9.93991,45.14737,0.0 9.93991,45.14737,0.0 9.93991,45.14737,0.0 9.93991,45.14737,0.0 9.93991,45.14737,0.0 9.93991,45.14737,0.0 9.93991,45.14737,0.0 9.93991,45.14737,0.0 9.93991,45.14737,0.0 9.93991,45.14737,0.0 9.93991,45.14737,0.0 9.93991,45.14737,0.0</coordinates>
                </LineString>
            </Placemark>
            <Placemark id="575">
                <name>Rota 04:56</name>
                <styleUrl>#576</styleUrl>
                <LineString id="574">
                    <altitudeMode>clampToGround</altitudeMode>
                    <coordinates>9.93991,45.14737,0.0 9.93991,45.14737,0.0 9.93991,45.14737,0.0 9.93991,45.14737,0.0 9.93991,45.14737,0.0 9.93991,45.14737,0.0 9.93991,45.14737,0.0 9.93991,45.14737,0.0 9.93991,45.14737,0.0 9.93991,45.14737,0.0 9.93991,45.14737,0.0 9.93991,45.14737,0.0 9.93991,45.14737,0.0 9.93991,45.14737,0.0 9.93991,45.14737,0.0 9.93991,45.14737,0.0 9.93991,45.14737,0.0 9.93991,45.14737,0.0 9.93991,45.14737,0.0 9.93991,45.14737,0.0 9.93991,45.14737,0.0 9.93991,45.14737,0.0 9.93991,45.14737,0.0 9.93991,45.14737,0.0 9.93991,45.14737,0.0 9.93991,45.14737,0.0 9.93991,45.14737,0.0 9.93991,45.14737,0.0 9.93991,45.14737,0.0 9.93991,45.14737,0.0 9.93991,45.14737,0.0 9.93991,45.14737,0.0 9.93991,45.14737,0.0 9.93991,45.14737,0.0 9.93991,45.14737,0.0 9.93991,45.14737,0.0 9.93991,45.14737,0.0 9.93991,45.14737,0.0 9.93991,45.14737,0.0 9.93991,45.14737,0.0 9.93991,45.14737,0.0 9.93991,45.14737,0.0 9.93991,45.14737,0.0 9.93991,45.14737,0.0 9.93991,45.14737,0.0 9.93991,45.14737,0.0 9.93991,45.14737,0.0 9.93991,45.14737,0.0 9.93991,45.14737,0.0 9.93991,45.14737,0.0 9.93991,45.14737,0.0 9.93991,45.14737,0.0 9.93991,45.14737,0.0 9.93991,45.14737,0.0 9.93991,45.14737,0.0 9.93991,45.14737,0.0 9.93991,45.14737,0.0 9.93991,45.14737,0.0 9.93991,45.14737,0.0 9.93991,45.14737,0.0</coordinates>
                </LineString>
            </Placemark>
            <Placemark id="579">
                <name>Rota 04:57</name>
                <styleUrl>#580</styleUrl>
                <LineString id="578">
                    <altitudeMode>clampToGround</altitudeMode>
                    <coordinates>9.93991,45.14737,0.0 9.93991,45.14737,0.0 9.93991,45.14737,0.0 9.93991,45.14737,0.0 9.93991,45.14737,0.0 9.93991,45.14737,0.0 9.93991,45.14737,0.0 9.93991,45.14737,0.0 9.93991,45.14737,0.0 9.93991,45.14737,0.0 9.93991,45.14737,0.0 9.93991,45.14737,0.0 9.93991,45.14737,0.0 9.93991,45.14737,0.0 9.93991,45.14737,0.0 9.93991,45.14737,0.0 9.93991,45.14737,0.0 9.93991,45.14737,0.0 9.93991,45.14737,0.0 9.93991,45.14737,0.0 9.93991,45.14737,0.0 9.93991,45.14737,0.0 9.93991,45.14737,0.0 9.93991,45.14737,0.0 9.93991,45.14737,0.0 9.93991,45.14737,0.0 9.93991,45.14737,0.0 9.93991,45.14737,0.0 9.93991,45.14737,0.0 9.93991,45.14737,0.0 9.93991,45.14737,0.0 9.93991,45.14737,0.0 9.93991,45.14737,0.0 9.93991,45.14737,0.0 9.93991,45.14737,0.0 9.93991,45.14737,0.0 9.93991,45.14737,0.0 9.93991,45.14737,0.0 9.93991,45.14737,0.0 9.93991,45.14737,0.0 9.93991,45.14737,0.0 9.93991,45.14737,0.0 9.93991,45.14737,0.0 9.93991,45.14737,0.0 9.93991,45.14737,0.0 9.93991,45.14737,0.0 9.93991,45.14737,0.0 9.93991,45.14737,0.0 9.93991,45.14737,0.0 9.93991,45.14737,0.0 9.93991,45.14737,0.0 9.93991,45.14737,0.0 9.93991,45.14737,0.0 9.93991,45.14737,0.0 9.93991,45.14737,0.0 9.93991,45.14737,0.0 9.93991,45.14737,0.0 9.93991,45.14737,0.0 9.93991,45.14737,0.0 9.93991,45.14737,0.0</coordinates>
                </LineString>
            </Placemark>
            <Placemark id="583">
                <name>Rota 04:58</name>
                <styleUrl>#584</styleUrl>
                <LineString id="582">
                    <altitudeMode>clampToGround</altitudeMode>
                    <coordinates>9.93991,45.14737,0.0 9.93991,45.14737,0.0 9.93991,45.14737,0.0 9.93991,45.14737,0.0 9.93991,45.14737,0.0 9.93991,45.14737,0.0 9.93991,45.14737,0.0 9.93991,45.14737,0.0 9.93991,45.14737,0.0 9.93991,45.14737,0.0 9.93991,45.14737,0.0 9.93991,45.14737,0.0 9.93991,45.14737,0.0 9.93991,45.14737,0.0 9.93991,45.14737,0.0 9.93991,45.14737,0.0 9.93991,45.14737,0.0 9.93991,45.14737,0.0 9.93991,45.14737,0.0 9.93991,45.14737,0.0 9.93991,45.14737,0.0 9.93991,45.14737,0.0 9.93991,45.14737,0.0 9.93991,45.14737,0.0 9.93991,45.14737,0.0 9.93991,45.14737,0.0 9.93991,45.14737,0.0 9.93991,45.14737,0.0 9.93991,45.14737,0.0 9.93991,45.14737,0.0 9.93991,45.14737,0.0 9.93991,45.14737,0.0 9.93991,45.14737,0.0 9.93991,45.14737,0.0 9.93991,45.14737,0.0 9.93991,45.14737,0.0 9.93991,45.14737,0.0 9.93991,45.14737,0.0 9.93991,45.14737,0.0 9.93991,45.14737,0.0 9.93991,45.14737,0.0 9.93991,45.14737,0.0 9.93991,45.14737,0.0 9.93991,45.14737,0.0 9.93991,45.14737,0.0 9.93991,45.14737,0.0 9.93991,45.14737,0.0 9.93991,45.14737,0.0 9.93991,45.14737,0.0 9.93991,45.14737,0.0 9.93991,45.14737,0.0 9.93991,45.14737,0.0 9.93991,45.14737,0.0 9.93991,45.14737,0.0 9.93991,45.14737,0.0 9.93991,45.14737,0.0 9.93991,45.14737,0.0 9.93991,45.14737,0.0 9.93991,45.14737,0.0 9.93991,45.14737,0.0</coordinates>
                </LineString>
            </Placemark>
            <Placemark id="587">
                <name>Rota 04:59</name>
                <styleUrl>#588</styleUrl>
                <LineString id="586">
                    <altitudeMode>clampToGround</altitudeMode>
                    <coordinates>9.93991,45.14737,0.0 9.93991,45.14737,0.0 9.93991,45.14737,0.0 9.93991,45.14737,0.0 9.93991,45.14737,0.0 9.93991,45.14737,0.0 9.93991,45.14737,0.0 9.93991,45.14737,0.0 9.93991,45.14737,0.0 9.93991,45.14737,0.0 9.93991,45.14737,0.0 9.93991,45.14737,0.0 9.93991,45.14737,0.0 9.93991,45.14737,0.0 9.93991,45.14737,0.0 9.93991,45.14737,0.0 9.93991,45.14737,0.0 9.93991,45.14737,0.0 9.93991,45.14737,0.0 9.94001,45.14739,0.0 9.94001,45.14739,0.0 9.94001,45.14739,0.0 9.94008,45.1474,0.0 9.94008,45.1474,0.0 9.94008,45.1474,0.0 9.94008,45.1474,0.0 9.94019,45.1474,0.0 9.94019,45.1474,0.0 9.94019,45.1474,0.0 9.94029,45.1474,0.0 9.94029,45.1474,0.0 9.94029,45.1474,0.0 9.94037,45.14744,0.0 9.94037,45.14744,0.0 9.94037,45.14744,0.0 9.94037,45.14744,0.0 9.94037,45.14744,0.0 9.94037,45.14744,0.0 9.94044,45.14738,0.0 9.94044,45.14738,0.0 9.94057,45.14738,0.0 9.94064,45.14739,0.0 9.94064,45.14739,0.0 9.94071,45.1474,0.0 9.94083,45.14741,0.0 9.94083,45.14741,0.0 9.94093,45.14743,0.0 9.94093,45.14743,0.0 9.94102,45.14742,0.0 9.94102,45.14742,0.0 9.94102,45.14742,0.0 9.9411,45.14734,0.0 9.9411,45.14734,0.0 9.94111,45.14727,0.0 9.94112,45.14722,0.0 9.94112,45.14722,0.0 9.94112,45.14722,0.0 9.94114,45.14708,0.0 9.94114,45.14708,0.0 9.94115,45.14699,0.0</coordinates>
                </LineString>
            </Placemark>
        </Folder>
        <Folder id="590">
            <Style id="593">
                <LineStyle id="594">
                    <color>ff0000ff</color>
                    <colorMode>normal</colorMode>
                    <width>3</width>
                </LineStyle>
            </Style>
            <Style id="597">
                <LineStyle id="598">
                    <color>ff0000ff</color>
                    <colorMode>normal</colorMode>
                    <width>3</width>
                </LineStyle>
            </Style>
            <Style id="601">
                <LineStyle id="602">
                    <color>ff0000ff</color>
                    <colorMode>normal</colorMode>
                    <width>3</width>
                </LineStyle>
            </Style>
            <Style id="605">
                <LineStyle id="606">
                    <color>ff0000ff</color>
                    <colorMode>normal</colorMode>
                    <width>3</width>
                </LineStyle>
            </Style>
            <Style id="609">
                <LineStyle id="610">
                    <color>ff0000ff</color>
                    <colorMode>normal</colorMode>
                    <width>3</width>
                </LineStyle>
            </Style>
            <Style id="613">
                <LineStyle id="614">
                    <color>ff0000ff</color>
                    <colorMode>normal</colorMode>
                    <width>3</width>
                </LineStyle>
            </Style>
            <Style id="617">
                <LineStyle id="618">
                    <color>ff0000ff</color>
                    <colorMode>normal</colorMode>
                    <width>3</width>
                </LineStyle>
            </Style>
            <Style id="621">
                <LineStyle id="622">
                    <color>ff0000ff</color>
                    <colorMode>normal</colorMode>
                    <width>3</width>
                </LineStyle>
            </Style>
            <Style id="625">
                <LineStyle id="626">
                    <color>ff0000ff</color>
                    <colorMode>normal</colorMode>
                    <width>3</width>
                </LineStyle>
            </Style>
            <Style id="629">
                <LineStyle id="630">
                    <color>ff0000ff</color>
                    <colorMode>normal</colorMode>
                    <width>3</width>
                </LineStyle>
            </Style>
            <Style id="633">
                <LineStyle id="634">
                    <color>ff0000ff</color>
                    <colorMode>normal</colorMode>
                    <width>3</width>
                </LineStyle>
            </Style>
            <Style id="637">
                <LineStyle id="638">
                    <color>ff0000ff</color>
                    <colorMode>normal</colorMode>
                    <width>3</width>
                </LineStyle>
            </Style>
            <Style id="641">
                <LineStyle id="642">
                    <color>ff0000ff</color>
                    <colorMode>normal</colorMode>
                    <width>3</width>
                </LineStyle>
            </Style>
            <Style id="645">
                <LineStyle id="646">
                    <color>ff0000ff</color>
                    <colorMode>normal</colorMode>
                    <width>3</width>
                </LineStyle>
            </Style>
            <Style id="649">
                <LineStyle id="650">
                    <color>ff0000ff</color>
                    <colorMode>normal</colorMode>
                    <width>3</width>
                </LineStyle>
            </Style>
            <Style id="653">
                <LineStyle id="654">
                    <color>ff0000ff</color>
                    <colorMode>normal</colorMode>
                    <width>3</width>
                </LineStyle>
            </Style>
            <Style id="657">
                <LineStyle id="658">
                    <color>ff0000ff</color>
                    <colorMode>normal</colorMode>
                    <width>3</width>
                </LineStyle>
            </Style>
            <Style id="661">
                <LineStyle id="662">
                    <color>ff0000ff</color>
                    <colorMode>normal</colorMode>
                    <width>3</width>
                </LineStyle>
            </Style>
            <Style id="665">
                <LineStyle id="666">
                    <color>ff0000ff</color>
                    <colorMode>normal</colorMode>
                    <width>3</width>
                </LineStyle>
            </Style>
            <Style id="669">
                <LineStyle id="670">
                    <color>ff0000ff</color>
                    <colorMode>normal</colorMode>
                    <width>3</width>
                </LineStyle>
            </Style>
            <Style id="673">
                <LineStyle id="674">
                    <color>ff0000ff</color>
                    <colorMode>normal</colorMode>
                    <width>3</width>
                </LineStyle>
            </Style>
            <name>2026-08-23 05:00</name>
            <Placemark id="592">
                <name>Rota 05:00</name>
                <styleUrl>#593</styleUrl>
                <LineString id="591">
                    <altitudeMode>clampToGround</altitudeMode>
                    <coordinates>9.94115,45.14699,0.0 9.94116,45.14692,0.0 9.94116,45.14692,0.0 9.94116,45.14687,0.0 9.94115,45.14678,0.0 9.94114,45.14673,0.0 9.94114,45.14668,0.0 9.94115,45.14663,0.0 9.94115,45.14663,0.0 9.94115,45.14663,0.0 9.94115,45.14656,0.0 9.94115,45.14656,0.0 9.94115,45.14661,0.0 9.94115,45.14661,0.0 9.94115,45.14661,0.0 9.94115,45.14661,0.0 9.94111,45.14666,0.0 9.94111,45.14666,0.0 9.94111,45.14666,0.0 9.94111,45.14666,0.0 9.94111,45.14666,0.0 9.94111,45.14666,0.0 9.94111,45.14666,0.0 9.94111,45.14666,0.0 9.94111,45.14666,0.0 9.94111,45.14666,0.0 9.94111,45.14666,0.0 9.94111,45.14666,0.0 9.94115,45.14661,0.0 9.94115,45.14661,0.0 9.94115,45.14661,0.0 9.94115,45.14661,0.0 9.94115,45.14661,0.0 9.94115,45.14661,0.0 9.94115,45.14661,0.0 9.94115,45.14661,0.0 9.94117,45.14656,0.0 9.94117,45.14656,0.0 9.94117,45.14656,0.0 9.94117,45.14656,0.0 9.94115,45.1465,0.0 9.94115,45.1465,0.0 9.94115,45.1465,0.0 9.94115,45.1465,0.0 9.94115,45.1465,0.0 9.94108,45.1465,0.0 9.94108,45.1465,0.0 9.94101,45.14654,0.0 9.94101,45.14654,0.0 9.94101,45.14654,0.0 9.94101,45.14654,0.0 9.94101,45.14654,0.0 9.94101,45.14654,0.0 9.94101,45.14654,0.0 9.94101,45.14654,0.0 9.94101,45.14654,0.0 9.94101,45.14654,0.0 9.94101,45.14654,0.0 9.94101,45.14654,0.0 9.94101,45.14654,0.0</coordinates>
                </LineString>
            </Placemark>
            <Placemark id="596">
                <name>Rota 05:01</name>
                <styleUrl>#597</styleUrl>
                <LineString id="595">
                    <altitudeMode>clampToGround</altitudeMode>
                    <coordinates>9.94101,45.14654,0.0 9.94101,45.14654,0.0 9.94101,45.14654,0.0 9.94101,45.14654,0.0 9.94101,45.14654,0.0 9.94101,45.14654,0.0 9.94101,45.14654,0.0 9.94106,45.14649,0.0 9.94106,45.14649,0.0 9.94106,45.14649,0.0 9.94105,45.14643,0.0 9.94105,45.14643,0.0 9.94105,45.14643,0.0 9.94105,45.14643,0.0 9.94105,45.14643,0.0 9.94105,45.14643,0.0 9.94105,45.14643,0.0 9.94109,45.14647,0.0 9.94109,45.14647,0.0 9.94115,45.14652,0.0 9.94115,45.14652,0.0 9.94115,45.14652,0.0 9.94115,45.14658,0.0 9.94115,45.14663,0.0 9.94115,45.14663,0.0 9.94115,45.14663,0.0 9.94115,45.14663,0.0 9.9412,45.14666,0.0 9.9412,45.14666,0.0 9.9412,45.14666,0.0 9.9412,45.14666,0.0 9.9412,45.14666,0.0 9.9412,45.14666,0.0 9.9412,45.14666,0.0 9.9412,45.14666,0.0 9.9412,45.14666,0.0 9.9412,45.14666,0.0 9.9412,45.14666,0.0 9.9412,45.14666,0.0 9.9412,45.14666,0.0 9.9412,45.14666,0.0 9.9412,45.14666,0.0 9.9412,45.14666,0.0 9.9412,45.14666,0.0 9.9412,45.14666,0.0 9.9412,45.14666,0.0 9.9412,45.14666,0.0 9.9412,45.14666,0.0 9.9412,45.14666,0.0 9.9412,45.14666,0.0 9.9412,45.14666,0.0 9.9412,45.14666,0.0 9.9412,45.14666,0.0 9.9412,45.14666,0.0 9.9412,45.14666,0.0 9.9412,45.14666,0.0 9.9412,45.14666,0.0 9.9412,45.14666,0.0 9.9412,45.14666,0.0 9.9412,45.14666,0.0</coordinates>
                </LineString>
            </Placemark>
            <Placemark id="600">
                <name>Rota 05:02</name>
                <styleUrl>#601</styleUrl>
                <LineString id="599">
                    <altitudeMode>clampToGround</altitudeMode>
                    <coordinates>9.9412,45.14666,0.0 9.9412,45.14666,0.0 9.9412,45.14666,0.0 9.9412,45.14666,0.0 9.9412,45.14666,0.0 9.9412,45.14666,0.0 9.9412,45.14666,0.0 9.9412,45.14666,0.0 9.9412,45.14666,0.0 9.9412,45.14666,0.0 9.9412,45.14666,0.0 9.9412,45.14666,0.0 9.9412,45.14666,0.0 9.9412,45.14666,0.0 9.9412,45.14666,0.0 9.9412,45.14666,0.0 9.9412,45.14666,0.0 9.9412,45.14666,0.0 9.9412,45.14666,0.0 9.9412,45.14666,0.0 9.9412,45.14666,0.0 9.9412,45.14666,0.0 9.9412,45.14666,0.0 9.9412,45.14666,0.0 9.9412,45.14666,0.0 9.9412,45.14666,0.0 9.9412,45.14666,0.0 9.9412,45.14666,0.0 9.9412,45.14666,0.0 9.9412,45.14666,0.0 9.9412,45.14666,0.0 9.9412,45.14666,0.0 9.9412,45.14666,0.0 9.9412,45.14666,0.0 9.9412,45.14666,0.0 9.9412,45.14666,0.0 9.9412,45.14666,0.0 9.9412,45.14666,0.0 9.9412,45.14666,0.0 9.9412,45.14666,0.0 9.9412,45.14666,0.0 9.9412,45.14666,0.0 9.9412,45.14666,0.0 9.9412,45.14666,0.0 9.9412,45.14666,0.0 9.9412,45.14666,0.0 9.9412,45.14666,0.0 9.9412,45.14666,0.0 9.9412,45.14666,0.0 9.9412,45.14666,0.0 9.9412,45.14666,0.0 9.9412,45.14666,0.0 9.9412,45.14666,0.0 9.9412,45.14666,0.0 9.9412,45.14666,0.0 9.9412,45.14666,0.0 9.9412,45.14666,0.0 9.9412,45.14666,0.0 9.9412,45.14666,0.0 9.9412,45.14666,0.0</coordinates>
                </LineString>
            </Placemark>
            <Placemark id="604">
                <name>Rota 05:03</name>
                <styleUrl>#605</styleUrl>
                <LineString id="603">
                    <altitudeMode>clampToGround</altitudeMode>
                    <coordinates>9.9412,45.14666,0.0 9.9412,45.14666,0.0 9.9412,45.14666,0.0 9.9412,45.14666,0.0 9.9412,45.14666,0.0 9.9412,45.14666,0.0 9.9412,45.14666,0.0 9.9412,45.14666,0.0 9.9412,45.14666,0.0 9.9412,45.14666,0.0 9.9412,45.14666,0.0 9.9412,45.14666,0.0 9.9412,45.14666,0.0 9.9412,45.14666,0.0 9.9412,45.14666,0.0 9.9412,45.14666,0.0 9.9412,45.14666,0.0 9.9412,45.14666,0.0 9.9412,45.14666,0.0 9.9412,45.14666,0.0 9.9412,45.14666,0.0 9.9412,45.14666,0.0 9.9412,45.14666,0.0 9.9412,45.14666,0.0 9.9412,45.14666,0.0 9.9412,45.14666,0.0 9.9412,45.14666,0.0 9.9412,45.14666,0.0 9.9412,45.14666,0.0 9.9412,45.14666,0.0 9.9412,45.14666,0.0 9.9412,45.14666,0.0 9.9412,45.14666,0.0 9.9412,45.14666,0.0 9.9412,45.14666,0.0 9.9412,45.14666,0.0 9.9412,45.14666,0.0 9.9412,45.14666,0.0 9.9412,45.14666,0.0 9.9412,45.14666,0.0 9.9412,45.14666,0.0 9.9412,45.14666,0.0 9.9412,45.14666,0.0 9.9412,45.14666,0.0 9.9412,45.14666,0.0 9.9412,45.14666,0.0 9.9412,45.14666,0.0 9.9412,45.14666,0.0 9.9412,45.14666,0.0 9.9412,45.14666,0.0 9.9412,45.14666,0.0 9.9412,45.14666,0.0 9.9412,45.14666,0.0 9.9412,45.14666,0.0 9.9412,45.14666,0.0 9.9412,45.14666,0.0 9.9412,45.14666,0.0 9.9412,45.14666,0.0 9.9412,45.14666,0.0 9.9412,45.14666,0.0</coordinates>
                </LineString>
            </Placemark>
            <Placemark id="608">
                <name>Rota 05:04</name>
                <styleUrl>#609</styleUrl>
                <LineString id="607">
                    <altitudeMode>clampToGround</altitudeMode>
                    <coordinates>9.9412,45.14666,0.0 9.9412,45.14666,0.0 9.9412,45.14666,0.0 9.9412,45.14666,0.0 9.9412,45.14666,0.0 9.9412,45.14666,0.0 9.9412,45.14666,0.0 9.9412,45.14666,0.0 9.9412,45.14666,0.0 9.9412,45.14666,0.0 9.9412,45.14666,0.0 9.9412,45.14666,0.0 9.9412,45.14666,0.0 9.9412,45.14666,0.0 9.9412,45.14666,0.0 9.9412,45.14666,0.0 9.9412,45.14666,0.0 9.9412,45.14666,0.0 9.9412,45.14666,0.0 9.9412,45.14666,0.0 9.9412,45.14666,0.0 9.9412,45.14666,0.0 9.9412,45.14666,0.0 9.9412,45.14666,0.0 9.9412,45.14666,0.0 9.9412,45.14666,0.0 9.9412,45.14666,0.0 9.9412,45.14666,0.0 9.9412,45.14666,0.0 9.9412,45.14666,0.0 9.9412,45.14666,0.0 9.9412,45.14666,0.0 9.9412,45.14666,0.0 9.9412,45.14666,0.0 9.9412,45.14666,0.0 9.9412,45.14666,0.0 9.9412,45.14666,0.0 9.9412,45.14666,0.0 9.9412,45.14666,0.0 9.9412,45.14666,0.0 9.9412,45.14666,0.0 9.9412,45.14666,0.0 9.9412,45.14666,0.0 9.9412,45.14666,0.0 9.9412,45.14666,0.0 9.9412,45.14666,0.0 9.9412,45.14666,0.0 9.9412,45.14666,0.0 9.9412,45.14666,0.0 9.9412,45.14666,0.0 9.9412,45.14666,0.0 9.9412,45.14666,0.0 9.9412,45.14666,0.0 9.9412,45.14666,0.0 9.9412,45.14666,0.0 9.9412,45.14666,0.0 9.9412,45.14666,0.0 9.9412,45.14666,0.0 9.9412,45.14666,0.0 9.9412,45.14666,0.0</coordinates>
                </LineString>
            </Placemark>
            <Placemark id="612">
                <name>Rota 05:05</name>
                <styleUrl>#613</styleUrl>
                <LineString id="611">
                    <altitudeMode>clampToGround</altitudeMode>
                    <coordinates>9.9412,45.14666,0.0 9.9412,45.14666,0.0 9.9412,45.14666,0.0 9.9412,45.14666,0.0 9.9412,45.14666,0.0 9.9412,45.14666,0.0 9.9412,45.14666,0.0 9.9412,45.14666,0.0 9.9412,45.14666,0.0 9.9412,45.14666,0.0 9.9412,45.14666,0.0 9.9412,45.14666,0.0 9.9412,45.14666,0.0 9.9412,45.14666,0.0 9.9412,45.14666,0.0 9.9412,45.14666,0.0 9.9412,45.14666,0.0 9.9412,45.14666,0.0 9.9412,45.14666,0.0 9.9412,45.14666,0.0 9.9412,45.14666,0.0 9.9412,45.14666,0.0 9.9412,45.14666,0.0 9.9412,45.14666,0.0 9.9412,45.14666,0.0 9.9412,45.14666,0.0 9.9412,45.14666,0.0 9.9412,45.14666,0.0 9.9412,45.14666,0.0 9.9412,45.14666,0.0 9.9412,45.14666,0.0 9.9412,45.14666,0.0 9.9412,45.14666,0.0 9.9412,45.14666,0.0 9.9412,45.14666,0.0 9.9412,45.14666,0.0 9.9412,45.14666,0.0 9.9412,45.14666,0.0 9.9412,45.14666,0.0 9.9412,45.14666,0.0 9.9412,45.14666,0.0 9.9412,45.14666,0.0 9.9412,45.14666,0.0 9.9412,45.14666,0.0 9.9412,45.14666,0.0 9.9412,45.14666,0.0 9.9412,45.14666,0.0 9.9412,45.14666,0.0 9.9412,45.14666,0.0 9.9412,45.14666,0.0 9.9412,45.14666,0.0 9.9412,45.14666,0.0 9.9412,45.14666,0.0 9.9412,45.14666,0.0 9.9412,45.14666,0.0 9.9412,45.14666,0.0 9.9412,45.14666,0.0 9.9412,45.14666,0.0 9.9412,45.14666,0.0 9.9412,45.14666,0.0</coordinates>
                </LineString>
            </Placemark>
            <Placemark id="616">
                <name>Rota 05:06</name>
                <styleUrl>#617</styleUrl>
                <LineString id="615">
                    <altitudeMode>clampToGround</altitudeMode>
                    <coordinates>9.9412,45.14666,0.0 9.9412,45.14666,0.0 9.9412,45.14666,0.0 9.9412,45.14666,0.0 9.9412,45.14666,0.0 9.9412,45.14666,0.0 9.9412,45.14666,0.0 9.9412,45.14666,0.0 9.9412,45.14666,0.0 9.9412,45.14666,0.0 9.9412,45.14666,0.0 9.9412,45.14666,0.0 9.9412,45.14666,0.0 9.9412,45.14666,0.0 9.9412,45.14666,0.0 9.9412,45.14666,0.0 9.9412,45.14666,0.0 9.9412,45.14666,0.0 9.9412,45.14666,0.0 9.9412,45.14666,0.0 9.9412,45.14666,0.0 9.9412,45.14666,0.0 9.9412,45.14666,0.0 9.9412,45.14666,0.0 9.9412,45.14666,0.0 9.9412,45.14666,0.0 9.9412,45.14666,0.0 9.9412,45.14666,0.0 9.9412,45.14666,0.0 9.9412,45.14666,0.0 9.9412,45.14666,0.0 9.9412,45.14666,0.0 9.9412,45.14666,0.0 9.9412,45.14666,0.0 9.9412,45.14666,0.0 9.9412,45.14666,0.0 9.9412,45.14666,0.0 9.9412,45.14666,0.0 9.9412,45.14666,0.0 9.9412,45.14666,0.0 9.9412,45.14666,0.0 9.9412,45.14666,0.0 9.9412,45.14666,0.0 9.9412,45.14666,0.0 9.9412,45.14666,0.0 9.9412,45.14666,0.0 9.9412,45.14666,0.0 9.9412,45.14666,0.0 9.9412,45.14666,0.0 9.9412,45.14666,0.0 9.9412,45.14666,0.0 9.9412,45.14666,0.0 9.9412,45.14666,0.0 9.9412,45.14666,0.0 9.9412,45.14666,0.0 9.9412,45.14666,0.0 9.9412,45.14666,0.0 9.9412,45.14666,0.0 9.9412,45.14666,0.0 9.9412,45.14666,0.0</coordinates>
                </LineString>
            </Placemark>
            <Placemark id="620">
                <name>Rota 05:07</name>
                <styleUrl>#621</styleUrl>
                <LineString id="619">
                    <altitudeMode>clampToGround</altitudeMode>
                    <coordinates>9.9412,45.14666,0.0 9.9412,45.14666,0.0 9.9412,45.14666,0.0 9.9412,45.14666,0.0 9.9412,45.14666,0.0 9.9412,45.14666,0.0 9.9412,45.14666,0.0 9.9412,45.14666,0.0 9.9412,45.14666,0.0 9.9412,45.14666,0.0 9.9412,45.14666,0.0 9.9412,45.14666,0.0 9.94112,45.14665,0.0 9.94112,45.14665,0.0 9.94112,45.14665,0.0 9.94112,45.14665,0.0 9.94112,45.14665,0.0 9.94112,45.14665,0.0 9.94118,45.14663,0.0 9.94118,45.14663,0.0 9.94118,45.14663,0.0 9.94118,45.14663,0.0 9.94118,45.14663,0.0 9.94118,45.14663,0.0 9.94118,45.14663,0.0 9.94118,45.14663,0.0 9.94118,45.14663,0.0 9.94118,45.14663,0.0 9.94118,45.14663,0.0 9.94118,45.14663,0.0 9.94118,45.14663,0.0 9.94118,45.14663,0.0 9.94118,45.14663,0.0 9.94118,45.14663,0.0 9.94118,45.14663,0.0 9.94118,45.14663,0.0 9.94118,45.14663,0.0 9.94118,45.14663,0.0 9.9411,45.14665,0.0 9.9411,45.14665,0.0 9.9411,45.14665,0.0 9.9411,45.14665,0.0 9.9411,45.14665,0.0 9.9411,45.14665,0.0 9.9411,45.14665,0.0 9.9411,45.14665,0.0 9.9411,45.14665,0.0 9.9411,45.14665,0.0 9.9411,45.14665,0.0 9.9411,45.14665,0.0 9.9411,45.14665,0.0 9.9411,45.14665,0.0 9.9411,45.14665,0.0 9.9411,45.14665,0.0 9.9411,45.14665,0.0 9.9411,45.14665,0.0 9.9411,45.14665,0.0 9.9411,45.14665,0.0 9.9411,45.14665,0.0 9.9411,45.14665,0.0</coordinates>
                </LineString>
            </Placemark>
            <Placemark id="624">
                <name>Rota 05:08</name>
                <styleUrl>#625</styleUrl>
                <LineString id="623">
                    <altitudeMode>clampToGround</altitudeMode>
                    <coordinates>9.9411,45.14665,0.0 9.9411,45.14665,0.0 9.9411,45.14665,0.0 9.9411,45.14665,0.0 9.9411,45.14665,0.0 9.9411,45.14665,0.0 9.9411,45.14665,0.0 9.9411,45.14665,0.0 9.9411,45.14665,0.0 9.9411,45.14665,0.0 9.9411,45.14665,0.0 9.9411,45.14665,0.0 9.9411,45.14665,0.0 9.9411,45.14665,0.0 9.9411,45.14665,0.0 9.9411,45.14665,0.0 9.9411,45.14665,0.0 9.9411,45.14665,0.0 9.9411,45.14665,0.0 9.9411,45.14665,0.0 9.9411,45.14665,0.0 9.9411,45.14665,0.0 9.9411,45.14665,0.0 9.9411,45.14665,0.0 9.9411,45.14665,0.0 9.9411,45.14665,0.0 9.9411,45.14665,0.0 9.9411,45.14665,0.0 9.9411,45.14665,0.0 9.9411,45.14665,0.0 9.9411,45.14665,0.0 9.9411,45.14665,0.0 9.9411,45.14665,0.0 9.9411,45.14665,0.0 9.9411,45.14665,0.0 9.94116,45.14662,0.0 9.94116,45.14662,0.0 9.94116,45.14662,0.0 9.94123,45.14663,0.0 9.94123,45.14663,0.0 9.94123,45.14663,0.0 9.94123,45.14663,0.0 9.94123,45.14663,0.0 9.94123,45.14663,0.0 9.94123,45.14663,0.0 9.94132,45.14664,0.0 9.94132,45.14664,0.0 9.94132,45.14664,0.0 9.94132,45.14664,0.0 9.94132,45.14664,0.0 9.94132,45.14664,0.0 9.94132,45.14664,0.0 9.94132,45.14664,0.0 9.94132,45.14664,0.0 9.94132,45.14664,0.0 9.94132,45.14664,0.0 9.94132,45.14664,0.0 9.94132,45.14664,0.0 9.94132,45.14664,0.0 9.94132,45.14664,0.0</coordinates>
                </LineString>
            </Placemark>
            <Placemark id="628">
                <name>Rota 05:09</name>
                <styleUrl>#629</styleUrl>
                <LineString id="627">
                    <altitudeMode>clampToGround</altitudeMode>
                    <coordinates>9.94132,45.14664,0.0 9.94132,45.14664,0.0 9.94122,45.14665,0.0 9.94122,45.14665,0.0 9.94115,45.14667,0.0 9.94115,45.14667,0.0 9.94115,45.14667,0.0 9.94115,45.14667,0.0 9.94115,45.14667,0.0 9.94115,45.14667,0.0 9.94115,45.14667,0.0 9.94117,45.14662,0.0 9.94117,45.14662,0.0 9.94117,45.14662,0.0 9.94117,45.14662,0.0 9.94117,45.14662,0.0 9.94117,45.14662,0.0 9.94117,45.14662,0.0 9.94117,45.14662,0.0 9.94117,45.14662,0.0 9.94117,45.14662,0.0 9.94117,45.14662,0.0 9.94117,45.14662,0.0 9.94117,45.14662,0.0 9.94117,45.14662,0.0 9.94117,45.14662,0.0 9.94117,45.14662,0.0 9.94117,45.14662,0.0 9.94117,45.14662,0.0 9.94117,45.14662,0.0 9.94117,45.14662,0.0 9.94117,45.14662,0.0 9.94117,45.14662,0.0 9.94117,45.14662,0.0 9.94117,45.14662,0.0 9.94117,45.14662,0.0 9.94117,45.14662,0.0 9.94117,45.14662,0.0 9.94117,45.14662,0.0 9.94125,45.1466,0.0 9.94125,45.1466,0.0 9.94125,45.1466,0.0 9.94125,45.1466,0.0 9.94125,45.1466,0.0 9.94125,45.1466,0.0 9.94125,45.1466,0.0 9.94131,45.14658,0.0 9.94131,45.14658,0.0 9.94131,45.14658,0.0 9.94131,45.14658,0.0 9.94131,45.14658,0.0 9.94131,45.14658,0.0 9.94131,45.14658,0.0 9.94131,45.14658,0.0 9.94131,45.14658,0.0 9.94131,45.14658,0.0 9.94131,45.14658,0.0 9.94131,45.14658,0.0 9.94131,45.14658,0.0 9.94131,45.14658,0.0</coordinates>
                </LineString>
            </Placemark>
            <Placemark id="632">
                <name>Rota 05:10</name>
                <styleUrl>#633</styleUrl>
                <LineString id="631">
                    <altitudeMode>clampToGround</altitudeMode>
                    <coordinates>9.94131,45.14658,0.0 9.94131,45.14658,0.0 9.94131,45.14658,0.0 9.94131,45.14658,0.0 9.94131,45.14658,0.0 9.94131,45.14658,0.0 9.94131,45.14658,0.0 9.94131,45.14658,0.0 9.94131,45.14658,0.0 9.94131,45.14658,0.0 9.94131,45.14658,0.0 9.94131,45.14658,0.0 9.94131,45.14658,0.0 9.94131,45.14658,0.0 9.94131,45.14658,0.0 9.94131,45.14658,0.0 9.94131,45.14658,0.0 9.94131,45.14658,0.0 9.94131,45.14658,0.0 9.94131,45.14658,0.0 9.94131,45.14658,0.0 9.94131,45.14658,0.0 9.94131,45.14658,0.0 9.94131,45.14658,0.0 9.94131,45.14658,0.0 9.94131,45.14658,0.0 9.94131,45.14658,0.0 9.9412,45.14655,0.0 9.9412,45.14655,0.0 9.9412,45.14655,0.0 9.9412,45.14655,0.0 9.94114,45.14659,0.0 9.94114,45.14659,0.0 9.94114,45.14659,0.0 9.94114,45.14659,0.0 9.94114,45.14659,0.0 9.94114,45.14659,0.0 9.94114,45.14659,0.0 9.94114,45.14659,0.0 9.94114,45.14659,0.0 9.94114,45.14659,0.0 9.94114,45.14659,0.0 9.94114,45.14659,0.0 9.94114,45.14659,0.0 9.94114,45.14659,0.0 9.94114,45.14659,0.0 9.94114,45.14659,0.0 9.94114,45.14659,0.0 9.94114,45.14659,0.0 9.94114,45.14659,0.0 9.94114,45.14659,0.0 9.94114,45.14659,0.0 9.94114,45.14659,0.0 9.94114,45.14659,0.0 9.94121,45.1466,0.0 9.94121,45.1466,0.0 9.94121,45.1466,0.0 9.94121,45.1466,0.0 9.9412,45.14654,0.0 9.9412,45.14654,0.0</coordinates>
                </LineString>
            </Placemark>
            <Placemark id="636">
                <name>Rota 05:11</name>
                <styleUrl>#637</styleUrl>
                <LineString id="635">
                    <altitudeMode>clampToGround</altitudeMode>
                    <coordinates>9.9412,45.14654,0.0 9.9412,45.14654,0.0 9.9412,45.14654,0.0 9.9412,45.14654,0.0 9.9412,45.14654,0.0 9.9412,45.14654,0.0 9.9412,45.14654,0.0 9.9412,45.14654,0.0 9.9412,45.14654,0.0 9.9412,45.14654,0.0 9.9412,45.14654,0.0 9.9412,45.14654,0.0 9.9412,45.14654,0.0 9.9412,45.14654,0.0 9.9412,45.14654,0.0 9.9412,45.14654,0.0 9.9412,45.14654,0.0 9.9412,45.14654,0.0 9.9412,45.14654,0.0 9.9412,45.14654,0.0 9.9412,45.14654,0.0 9.9412,45.14654,0.0 9.9412,45.14654,0.0 9.9412,45.14654,0.0 9.9412,45.14654,0.0 9.9412,45.14654,0.0 9.9412,45.14654,0.0 9.94114,45.14645,0.0 9.94114,45.14645,0.0 9.94114,45.14645,0.0 9.94105,45.14644,0.0 9.94105,45.14644,0.0 9.94105,45.14644,0.0 9.94087,45.14641,0.0 9.94081,45.14639,0.0 9.94075,45.14637,0.0 9.94075,45.14637,0.0 9.94065,45.14636,0.0 9.94065,45.14636,0.0 9.94065,45.14636,0.0 9.94058,45.1464,0.0 9.94058,45.1464,0.0 9.94058,45.1464,0.0 9.94058,45.1464,0.0 9.94058,45.1464,0.0 9.94058,45.1464,0.0 9.94058,45.1464,0.0 9.94058,45.1464,0.0 9.94058,45.1464,0.0 9.94058,45.1464,0.0 9.94058,45.1464,0.0 9.94058,45.1464,0.0 9.94058,45.1464,0.0 9.94058,45.1464,0.0 9.94058,45.1464,0.0 9.94058,45.1464,0.0 9.94058,45.1464,0.0 9.94058,45.1464,0.0 9.94058,45.1464,0.0 9.94058,45.1464,0.0</coordinates>
                </LineString>
            </Placemark>
            <Placemark id="640">
                <name>Rota 05:12</name>
                <styleUrl>#641</styleUrl>
                <LineString id="639">
                    <altitudeMode>clampToGround</altitudeMode>
                    <coordinates>9.94058,45.1464,0.0 9.94058,45.1464,0.0 9.94058,45.1464,0.0 9.94058,45.1464,0.0 9.94058,45.1464,0.0 9.94058,45.1464,0.0 9.94058,45.1464,0.0 9.94058,45.1464,0.0 9.94058,45.1464,0.0 9.94058,45.1464,0.0 9.94058,45.1464,0.0 9.94058,45.1464,0.0 9.94058,45.1464,0.0 9.94058,45.1464,0.0 9.94058,45.1464,0.0 9.94058,45.1464,0.0 9.94058,45.1464,0.0 9.94058,45.1464,0.0 9.94058,45.1464,0.0 9.94058,45.1464,0.0 9.94058,45.1464,0.0 9.94058,45.1464,0.0 9.94058,45.1464,0.0 9.94058,45.1464,0.0 9.94058,45.1464,0.0 9.94058,45.1464,0.0 9.94058,45.1464,0.0 9.94058,45.1464,0.0 9.94058,45.1464,0.0 9.94058,45.1464,0.0 9.94056,45.14636,0.0 9.94056,45.14636,0.0 9.94056,45.14636,0.0 9.94056,45.14636,0.0 9.94062,45.14639,0.0 9.94062,45.14639,0.0 9.94062,45.14639,0.0 9.94069,45.14638,0.0 9.94069,45.14638,0.0 9.94069,45.14638,0.0 9.94078,45.14637,0.0 9.94078,45.14637,0.0 9.94078,45.14637,0.0 9.9409,45.14636,0.0 9.9409,45.14636,0.0 9.94097,45.14638,0.0 9.94097,45.14638,0.0 9.94097,45.14638,0.0 9.94102,45.14642,0.0 9.94106,45.14647,0.0 9.94106,45.14647,0.0 9.94108,45.14652,0.0 9.94108,45.14652,0.0 9.94108,45.14652,0.0 9.94111,45.14656,0.0 9.94111,45.14656,0.0 9.94111,45.14656,0.0 9.94116,45.14659,0.0 9.94116,45.14659,0.0 9.94116,45.14659,0.0</coordinates>
                </LineString>
            </Placemark>
            <Placemark id="644">
                <name>Rota 05:13</name>
                <styleUrl>#645</styleUrl>
                <LineString id="643">
                    <altitudeMode>clampToGround</altitudeMode>
                    <coordinates>9.94121,45.14663,0.0 9.94121,45.14663,0.0 9.94121,45.14663,0.0 9.94121,45.14663,0.0 9.94121,45.14663,0.0 9.94127,45.14665,0.0 9.94127,45.14665,0.0 9.94127,45.14665,0.0 9.94127,45.14665,0.0 9.94127,45.14665,0.0 9.94127,45.14665,0.0 9.94135,45.14666,0.0 9.94135,45.14666,0.0 9.94135,45.14666,0.0 9.94135,45.14666,0.0 9.94135,45.14666,0.0 9.94135,45.14666,0.0 9.94135,45.14666,0.0 9.94135,45.14666,0.0 9.94135,45.14666,0.0 9.94135,45.14666,0.0 9.94135,45.14666,0.0 9.94135,45.14666,0.0 9.94135,45.14666,0.0 9.94135,45.14666,0.0 9.94135,45.14666,0.0 9.94129,45.14668,0.0 9.94129,45.14668,0.0 9.94129,45.14668,0.0 9.94119,45.1467,0.0 9.94119,45.1467,0.0 9.94119,45.1467,0.0 9.94119,45.1467,0.0 9.94119,45.1467,0.0 9.94119,45.1467,0.0 9.94117,45.14665,0.0 9.94117,45.14665,0.0 9.94117,45.14665,0.0 9.94117,45.14665,0.0 9.94117,45.14665,0.0 9.94115,45.14671,0.0 9.94115,45.14671,0.0 9.94107,45.1467,0.0 9.94107,45.1467,0.0 9.94107,45.1467,0.0 9.94107,45.1467,0.0 9.94114,45.14673,0.0 9.94117,45.14679,0.0 9.94117,45.14679,0.0 9.94118,45.14684,0.0 9.94118,45.14684,0.0 9.94118,45.14684,0.0 9.94118,45.1469,0.0 9.94116,45.14698,0.0 9.94115,45.14703,0.0 9.94115,45.14703,0.0 9.94114,45.1471,0.0 9.94114,45.1471,0.0 9.94113,45.14715,0.0 9.94113,45.14715,0.0</coordinates>
                </LineString>
            </Placemark>
            <Placemark id="648">
                <name>Rota 05:14</name>
                <styleUrl>#649</styleUrl>
                <LineString id="647">
                    <altitudeMode>clampToGround</altitudeMode>
                    <coordinates>9.94113,45.14715,0.0 9.94111,45.1472,0.0 9.94111,45.1472,0.0 9.94111,45.1472,0.0 9.94111,45.14727,0.0 9.94111,45.14727,0.0 9.9411,45.14733,0.0 9.9411,45.14733,0.0 9.9411,45.14733,0.0 9.9411,45.1474,0.0 9.94106,45.14744,0.0 9.94106,45.14744,0.0 9.94098,45.14746,0.0 9.94098,45.14746,0.0 9.94098,45.14746,0.0 9.94081,45.14743,0.0 9.94081,45.14743,0.0 9.94069,45.1474,0.0 9.94069,45.1474,0.0 9.94069,45.1474,0.0 9.94055,45.14738,0.0 9.94055,45.14738,0.0 9.94048,45.14736,0.0 9.94048,45.14736,0.0 9.9404,45.14737,0.0 9.9404,45.14737,0.0 9.9403,45.14739,0.0 9.9403,45.14739,0.0 9.94019,45.14741,0.0 9.94019,45.14741,0.0 9.94011,45.14742,0.0 9.94011,45.14742,0.0 9.94011,45.14742,0.0 9.94003,45.14739,0.0 9.94003,45.14739,0.0 9.94003,45.14739,0.0 9.94003,45.14739,0.0 9.93999,45.14735,0.0 9.93999,45.14735,0.0 9.93999,45.14735,0.0 9.93999,45.14735,0.0 9.93999,45.14735,0.0 9.93999,45.14735,0.0 9.93999,45.14735,0.0 9.93999,45.14735,0.0 9.93999,45.14735,0.0 9.93999,45.14735,0.0 9.93999,45.14735,0.0 9.93999,45.14735,0.0 9.93999,45.14735,0.0 9.93999,45.14735,0.0 9.93999,45.14735,0.0 9.93992,45.14733,0.0 9.93992,45.14733,0.0 9.93992,45.14733,0.0 9.93992,45.14733,0.0 9.93992,45.14733,0.0 9.93992,45.14733,0.0 9.93992,45.14733,0.0 9.93988,45.14737,0.0</coordinates>
                </LineString>
            </Placemark>
            <Placemark id="652">
                <name>Rota 05:15</name>
                <styleUrl>#653</styleUrl>
                <LineString id="651">
                    <altitudeMode>clampToGround</altitudeMode>
                    <coordinates>9.93988,45.14737,0.0 9.93988,45.14737,0.0 9.9398,45.14736,0.0 9.93971,45.14735,0.0 9.93971,45.14735,0.0 9.93971,45.14735,0.0 9.93971,45.14735,0.0 9.93971,45.14735,0.0 9.93971,45.14735,0.0 9.93971,45.14735,0.0 9.93971,45.14735,0.0 9.93971,45.14735,0.0 9.93971,45.14735,0.0 9.93974,45.1473,0.0 9.93974,45.1473,0.0 9.93974,45.1473,0.0 9.93974,45.1473,0.0 9.93974,45.1473,0.0 9.93974,45.1473,0.0 9.93974,45.1473,0.0 9.93974,45.1473,0.0 9.93974,45.1473,0.0 9.93974,45.1473,0.0 9.93974,45.1473,0.0 9.93974,45.1473,0.0 9.93974,45.1473,0.0 9.93967,45.14733,0.0 9.93967,45.14733,0.0 9.93967,45.14733,0.0 9.93967,45.14733,0.0 9.93967,45.14733,0.0 9.93977,45.14732,0.0 9.93977,45.14732,0.0 9.93985,45.14734,0.0 9.93985,45.14734,0.0 9.93993,45.14735,0.0 9.93993,45.14735,0.0 9.93993,45.14735,0.0 9.94004,45.14737,0.0 9.94004,45.14737,0.0 9.94011,45.14737,0.0 9.94011,45.14737,0.0 9.94011,45.14737,0.0 9.94022,45.14738,0.0 9.94022,45.14738,0.0 9.9403,45.14738,0.0 9.9403,45.14738,0.0 9.9403,45.14738,0.0 9.9404,45.14738,0.0 9.94053,45.14738,0.0 9.9406,45.14738,0.0 9.94067,45.14738,0.0 9.94067,45.14738,0.0 9.94067,45.14738,0.0 9.9408,45.14739,0.0 9.9409,45.14736,0.0 9.9409,45.14736,0.0 9.94096,45.14728,0.0 9.94097,45.14723,0.0 9.94097,45.14723,0.0</coordinates>
                </LineString>
            </Placemark>
            <Placemark id="656">
                <name>Rota 05:16</name>
                <styleUrl>#657</styleUrl>
                <LineString id="655">
                    <altitudeMode>clampToGround</altitudeMode>
                    <coordinates>9.94099,45.14713,0.0 9.941,45.14708,0.0 9.941,45.14703,0.0 9.94101,45.14698,0.0 9.94101,45.14698,0.0 9.94101,45.14698,0.0 9.94102,45.14687,0.0 9.94102,45.14687,0.0 9.94104,45.1468,0.0 9.94104,45.1468,0.0 9.94104,45.1468,0.0 9.94108,45.14674,0.0 9.94108,45.14674,0.0 9.94114,45.14666,0.0 9.94114,45.14666,0.0 9.94114,45.14661,0.0 9.94114,45.14661,0.0 9.94113,45.14655,0.0 9.94113,45.14655,0.0 9.94113,45.14655,0.0 9.94104,45.14648,0.0 9.94104,45.14648,0.0 9.94098,45.14646,0.0 9.94098,45.14646,0.0 9.94098,45.14646,0.0 9.94098,45.14646,0.0 9.9409,45.14649,0.0 9.9409,45.14649,0.0 9.9409,45.14649,0.0 9.9409,45.14649,0.0 9.9409,45.14649,0.0 9.9409,45.14649,0.0 9.9409,45.14649,0.0 9.9409,45.14649,0.0 9.9409,45.14649,0.0 9.9409,45.14649,0.0 9.9409,45.14649,0.0 9.9409,45.14649,0.0 9.94091,45.14644,0.0 9.94091,45.14644,0.0 9.94091,45.14644,0.0 9.94091,45.14644,0.0 9.94091,45.14644,0.0 9.94091,45.14644,0.0 9.94091,45.14644,0.0 9.94091,45.14644,0.0 9.94091,45.14644,0.0 9.94091,45.14644,0.0 9.94091,45.14644,0.0 9.94091,45.14644,0.0 9.94091,45.14644,0.0 9.94091,45.14644,0.0 9.94091,45.14644,0.0 9.94091,45.14644,0.0 9.94091,45.14644,0.0 9.94091,45.14644,0.0 9.94091,45.14644,0.0 9.94091,45.14644,0.0 9.94091,45.14644,0.0 9.94091,45.14644,0.0</coordinates>
                </LineString>
            </Placemark>
            <Placemark id="660">
                <name>Rota 05:17</name>
                <styleUrl>#661</styleUrl>
                <LineString id="659">
                    <altitudeMode>clampToGround</altitudeMode>
                    <coordinates>9.94091,45.14644,0.0 9.94091,45.14644,0.0 9.94091,45.14644,0.0 9.94091,45.14644,0.0 9.94091,45.14644,0.0 9.94091,45.14644,0.0 9.94091,45.14644,0.0 9.94091,45.14644,0.0 9.94091,45.14644,0.0 9.94091,45.14644,0.0 9.94091,45.14644,0.0 9.94091,45.14644,0.0 9.94091,45.14644,0.0 9.94091,45.14644,0.0 9.94102,45.14644,0.0 9.94102,45.14644,0.0 9.94109,45.14646,0.0 9.94109,45.14646,0.0 9.94109,45.14646,0.0 9.94114,45.14649,0.0 9.94114,45.14649,0.0 9.94117,45.14656,0.0 9.94117,45.14656,0.0 9.94117,45.14656,0.0 9.94117,45.14656,0.0 9.94117,45.14661,0.0 9.94117,45.14661,0.0 9.94117,45.14661,0.0 9.94117,45.14661,0.0 9.94117,45.14661,0.0 9.94117,45.14661,0.0 9.94117,45.14661,0.0 9.94117,45.14661,0.0 9.94117,45.14661,0.0 9.94117,45.14661,0.0 9.94117,45.14661,0.0 9.94117,45.14661,0.0 9.94117,45.14661,0.0 9.94117,45.14661,0.0 9.94117,45.14661,0.0 9.94117,45.14661,0.0 9.94117,45.14661,0.0 9.94117,45.14661,0.0 9.94117,45.14661,0.0 9.94117,45.14661,0.0 9.94117,45.14661,0.0 9.94117,45.14661,0.0 9.94117,45.14661,0.0 9.94117,45.14661,0.0 9.94117,45.14661,0.0 9.94117,45.14661,0.0 9.94117,45.14661,0.0 9.94117,45.14661,0.0 9.94117,45.14661,0.0 9.94117,45.14661,0.0 9.94117,45.14661,0.0 9.94117,45.14661,0.0 9.94117,45.14661,0.0 9.94117,45.14661,0.0 9.94117,45.14661,0.0</coordinates>
                </LineString>
            </Placemark>
            <Placemark id="664">
                <name>Rota 05:18</name>
                <styleUrl>#665</styleUrl>
                <LineString id="663">
                    <altitudeMode>clampToGround</altitudeMode>
                    <coordinates>9.94117,45.14661,0.0 9.94117,45.14661,0.0 9.94117,45.14661,0.0 9.94117,45.14661,0.0 9.94117,45.14661,0.0 9.94117,45.14661,0.0 9.94117,45.14661,0.0 9.94117,45.14661,0.0 9.94117,45.14661,0.0 9.94117,45.14661,0.0 9.94117,45.14661,0.0 9.94117,45.14661,0.0 9.94117,45.14661,0.0 9.94117,45.14661,0.0 9.94117,45.14661,0.0 9.94117,45.14661,0.0 9.94117,45.14661,0.0 9.94117,45.14661,0.0 9.94117,45.14661,0.0 9.94117,45.14661,0.0 9.94117,45.14661,0.0 9.94117,45.14661,0.0 9.94117,45.14661,0.0 9.94117,45.14661,0.0 9.94117,45.14661,0.0 9.94117,45.14661,0.0 9.94117,45.14661,0.0 9.94117,45.14661,0.0 9.94117,45.14661,0.0 9.94117,45.14661,0.0 9.94117,45.14661,0.0 9.94117,45.14661,0.0 9.94117,45.14661,0.0 9.94117,45.14661,0.0 9.94117,45.14661,0.0 9.94117,45.14661,0.0 9.94117,45.14661,0.0 9.94117,45.14661,0.0 9.94117,45.14661,0.0 9.94117,45.14661,0.0 9.94117,45.14661,0.0 9.94117,45.14661,0.0 9.94117,45.14661,0.0 9.94117,45.14661,0.0 9.94117,45.14661,0.0 9.94117,45.14661,0.0 9.94117,45.14661,0.0 9.94117,45.14661,0.0 9.94117,45.14661,0.0 9.94117,45.14661,0.0 9.94117,45.14661,0.0 9.94117,45.14661,0.0 9.94117,45.14661,0.0 9.94117,45.14661,0.0 9.94117,45.14661,0.0 9.94117,45.14661,0.0 9.94117,45.14661,0.0 9.94117,45.14661,0.0 9.94117,45.14661,0.0 9.94117,45.14661,0.0</coordinates>
                </LineString>
            </Placemark>
            <Placemark id="668">
                <name>Rota 05:19</name>
                <styleUrl>#669</styleUrl>
                <LineString id="667">
                    <altitudeMode>clampToGround</altitudeMode>
                    <coordinates>9.94117,45.14661,0.0 9.94117,45.14661,0.0 9.94117,45.14661,0.0 9.94117,45.14661,0.0 9.94117,45.14661,0.0 9.94117,45.14661,0.0 9.94117,45.14661,0.0 9.94117,45.14661,0.0 9.94117,45.14661,0.0 9.94117,45.14661,0.0 9.94117,45.14661,0.0 9.94117,45.14661,0.0 9.94117,45.14661,0.0 9.94117,45.14661,0.0 9.94117,45.14661,0.0 9.94117,45.14661,0.0 9.94117,45.14661,0.0 9.94117,45.14661,0.0 9.94117,45.14661,0.0 9.94117,45.14661,0.0 9.94117,45.14661,0.0 9.94117,45.14661,0.0 9.94117,45.14661,0.0 9.94117,45.14661,0.0 9.94117,45.14661,0.0 9.94114,45.14657,0.0 9.94114,45.14657,0.0 9.94114,45.14657,0.0 9.94114,45.14657,0.0 9.94114,45.14657,0.0 9.94119,45.1466,0.0 9.94119,45.1466,0.0 9.94119,45.1466,0.0 9.94119,45.1466,0.0 9.94119,45.1466,0.0 9.94119,45.1466,0.0 9.94119,45.1466,0.0 9.94119,45.1466,0.0 9.94119,45.1466,0.0 9.94119,45.1466,0.0 9.94125,45.14657,0.0 9.94125,45.14657,0.0 9.94125,45.14657,0.0 9.94125,45.14657,0.0 9.94125,45.14657,0.0 9.94132,45.14657,0.0 9.94132,45.14657,0.0 9.94132,45.14657,0.0 9.94132,45.14657,0.0 9.94132,45.14657,0.0 9.94132,45.14657,0.0 9.94132,45.14657,0.0 9.94132,45.14657,0.0 9.94132,45.14657,0.0 9.94132,45.14657,0.0 9.94132,45.14657,0.0 9.94132,45.14657,0.0 9.94132,45.14657,0.0 9.94132,45.14657,0.0 9.94132,45.14657,0.0</coordinates>
                </LineString>
            </Placemark>
            <Placemark id="672">
                <name>Rota 05:20</name>
                <styleUrl>#673</styleUrl>
                <LineString id="671">
                    <altitudeMode>clampToGround</altitudeMode>
                    <coordinates>9.94132,45.14657,0.0 9.94132,45.14657,0.0 9.94123,45.14658,0.0 9.94119,45.14662,0.0 9.94119,45.14662,0.0 9.94117,45.14668,0.0 9.94117,45.14668,0.0 9.94117,45.14668,0.0 9.94117,45.14668,0.0 9.94117,45.14668,0.0 9.94117,45.14668,0.0 9.94117,45.14668,0.0 9.94125,45.14667,0.0 9.94125,45.14667,0.0 9.94133,45.14667,0.0 9.94133,45.14667,0.0 9.94133,45.14667,0.0 9.94133,45.14667,0.0 9.94133,45.14667,0.0 9.94133,45.14667,0.0 9.94133,45.14667,0.0 9.94133,45.14667,0.0 9.94133,45.14667,0.0 9.94133,45.14667,0.0 9.94126,45.14668,0.0 9.94126,45.14668,0.0 9.94119,45.14668,0.0 9.94119,45.14668,0.0 9.94119,45.14668,0.0 9.94119,45.14668,0.0 9.94119,45.14668,0.0 9.94119,45.14668,0.0 9.94119,45.14668,0.0 9.94119,45.14668,0.0 9.94119,45.14668,0.0 9.94119,45.14668,0.0 9.94119,45.14683,0.0 9.94119,45.14688,0.0 9.94119,45.14693,0.0 9.94119,45.14693,0.0 9.94118,45.14698,0.0 9.94117,45.14703,0.0 9.94115,45.14712,0.0 9.94115,45.14712,0.0 9.94115,45.14712,0.0 9.94115,45.14712,0.0 9.94115,45.14712,0.0 9.94112,45.14728,0.0 9.94112,45.14728,0.0 9.94117,45.14737,0.0 9.9412,45.14742,0.0 9.94123,45.14747,0.0 9.94123,45.14747,0.0 9.94126,45.14751,0.0 9.94128,45.14759,0.0 9.94128,45.14759,0.0 9.94128,45.14759,0.0 9.94128,45.14759,0.0 9.94128,45.14759,0.0 9.94128,45.14759,0.0</coordinates>
                </LineString>
            </Placemark>
        </Folder>
    </Document>
</kml>
