<?xml version="1.0" encoding="UTF-8"?>
<kml xmlns="http://www.opengis.net/kml/2.2" xmlns:gx="http://www.google.com/kml/ext/2.2">
    <Document id="1">
        <Folder id="2">
            <Style id="5">
                <LineStyle id="6">
                    <color>ff0000ff</color>
                    <colorMode>normal</colorMode>
                    <width>3</width>
                </LineStyle>
            </Style>
            <Style id="9">
                <LineStyle id="10">
                    <color>ff0000ff</color>
                    <colorMode>normal</colorMode>
                    <width>3</width>
                </LineStyle>
            </Style>
            <Style id="13">
                <LineStyle id="14">
                    <color>ff0000ff</color>
                    <colorMode>normal</colorMode>
                    <width>3</width>
                </LineStyle>
            </Style>
            <Style id="17">
                <LineStyle id="18">
                    <color>ff0000ff</color>
                    <colorMode>normal</colorMode>
                    <width>3</width>
                </LineStyle>
            </Style>
            <Style id="21">
                <LineStyle id="22">
                    <color>ff0000ff</color>
                    <colorMode>normal</colorMode>
                    <width>3</width>
                </LineStyle>
            </Style>
            <Style id="25">
                <LineStyle id="26">
                    <color>ff0000ff</color>
                    <colorMode>normal</colorMode>
                    <width>3</width>
                </LineStyle>
            </Style>
            <Style id="29">
                <LineStyle id="30">
                    <color>ff0000ff</color>
                    <colorMode>normal</colorMode>
                    <width>3</width>
                </LineStyle>
            </Style>
            <Style id="33">
                <LineStyle id="34">
                    <color>ff0000ff</color>
                    <colorMode>normal</colorMode>
                    <width>3</width>
                </LineStyle>
            </Style>
            <Style id="37">
                <LineStyle id="38">
                    <color>ff0000ff</color>
                    <colorMode>normal</colorMode>
                    <width>3</width>
                </LineStyle>
            </Style>
            <Style id="41">
                <LineStyle id="42">
                    <color>ff0000ff</color>
                    <colorMode>normal</colorMode>
                    <width>3</width>
                </LineStyle>
            </Style>
            <Style id="45">
                <LineStyle id="46">
                    <color>ff0000ff</color>
                    <colorMode>normal</colorMode>
                    <width>3</width>
                </LineStyle>
            </Style>
            <Style id="49">
                <LineStyle id="50">
                    <color>ff0000ff</color>
                    <colorMode>normal</colorMode>
                    <width>3</width>
                </LineStyle>
            </Style>
            <Style id="53">
                <LineStyle id="54">
                    <color>ff0000ff</color>
                    <colorMode>normal</colorMode>
                    <width>3</width>
                </LineStyle>
            </Style>
            <Style id="57">
                <LineStyle id="58">
                    <color>ff0000ff</color>
                    <colorMode>normal</colorMode>
                    <width>3</width>
                </LineStyle>
            </Style>
            <Style id="61">
                <LineStyle id="62">
                    <color>ff0000ff</color>
                    <colorMode>normal</colorMode>
                    <width>3</width>
                </LineStyle>
            </Style>
            <Style id="65">
                <LineStyle id="66">
                    <color>ff0000ff</color>
                    <colorMode>normal</colorMode>
                    <width>3</width>
                </LineStyle>
            </Style>
            <Style id="69">
                <LineStyle id="70">
                    <color>ff0000ff</color>
                    <colorMode>normal</colorMode>
                    <width>3</width>
                </LineStyle>
            </Style>
            <Style id="73">
                <LineStyle id="74">
                    <color>ff0000ff</color>
                    <colorMode>normal</colorMode>
                    <width>3</width>
                </LineStyle>
            </Style>
            <Style id="77">
                <LineStyle id="78">
                    <color>ff0000ff</color>
                    <colorMode>normal</colorMode>
                    <width>3</width>
                </LineStyle>
            </Style>
            <Style id="81">
                <LineStyle id="82">
                    <color>ff0000ff</color>
                    <colorMode>normal</colorMode>
                    <width>3</width>
                </LineStyle>
            </Style>
            <Style id="85">
                <LineStyle id="86">
                    <color>ff0000ff</color>
                    <colorMode>normal</colorMode>
                    <width>3</width>
                </LineStyle>
            </Style>
            <Style id="89">
                <LineStyle id="90">
                    <color>ff0000ff</color>
                    <colorMode>normal</colorMode>
                    <width>3</width>
                </LineStyle>
            </Style>
            <Style id="93">
                <LineStyle id="94">
                    <color>ff0000ff</color>
                    <colorMode>normal</colorMode>
                    <width>3</width>
                </LineStyle>
            </Style>
            <Style id="97">
                <LineStyle id="98">
                    <color>ff0000ff</color>
                    <colorMode>normal</colorMode>
                    <width>3</width>
                </LineStyle>
            </Style>
            <Style id="101">
                <LineStyle id="102">
                    <color>ff0000ff</color>
                    <colorMode>normal</colorMode>
                    <width>3</width>
                </LineStyle>
            </Style>
            <Style id="105">
                <LineStyle id="106">
                    <color>ff0000ff</color>
                    <colorMode>normal</colorMode>
                    <width>3</width>
                </LineStyle>
            </Style>
            <Style id="109">
                <LineStyle id="110">
                    <color>ff0000ff</color>
                    <colorMode>normal</colorMode>
                    <width>3</width>
                </LineStyle>
            </Style>
            <Style id="113">
                <LineStyle id="114">
                    <color>ff0000ff</color>
                    <colorMode>normal</colorMode>
                    <width>3</width>
                </LineStyle>
            </Style>
            <Style id="117">
                <LineStyle id="118">
                    <color>ff0000ff</color>
                    <colorMode>normal</colorMode>
                    <width>3</width>
                </LineStyle>
            </Style>
            <Style id="121">
                <LineStyle id="122">
                    <color>ff0000ff</color>
                    <colorMode>normal</colorMode>
                    <width>3</width>
                </LineStyle>
            </Style>
            <Style id="125">
                <LineStyle id="126">
                    <color>ff0000ff</color>
                    <colorMode>normal</colorMode>
                    <width>3</width>
                </LineStyle>
            </Style>
            <Style id="129">
                <LineStyle id="130">
                    <color>ff0000ff</color>
                    <colorMode>normal</colorMode>
                    <width>3</width>
                </LineStyle>
            </Style>
            <Style id="133">
                <LineStyle id="134">
                    <color>ff0000ff</color>
                    <colorMode>normal</colorMode>
                    <width>3</width>
                </LineStyle>
            </Style>
            <name>2025-08-08 08:00</name>
            <Placemark id="4">
                <name>Rota 08:27</name>
                <styleUrl>#5</styleUrl>
                <LineString id="3">
                    <altitudeMode>clampToGround</altitudeMode>
                    <coordinates>9.940951,45.14729,0.0 9.940951,45.14729,0.0 9.940951,45.14729,0.0</coordinates>
                </LineString>
            </Placemark>
            <Placemark id="8">
                <name>Rota 08:28</name>
                <styleUrl>#9</styleUrl>
                <LineString id="7">
                    <altitudeMode>clampToGround</altitudeMode>
                    <coordinates>9.940561,45.14721,0.0 9.940445,45.14724,0.0 9.940463,45.14734,0.0 9.940463,45.14734,0.0 9.940663,45.1474,0.0</coordinates>
                </LineString>
            </Placemark>
            <Placemark id="12">
                <name>Rota 08:29</name>
                <styleUrl>#13</styleUrl>
                <LineString id="11">
                    <altitudeMode>clampToGround</altitudeMode>
                    <coordinates>9.940703,45.14731,0.0 9.940675,45.14742,0.0</coordinates>
                </LineString>
            </Placemark>
            <Placemark id="16">
                <name>Rota 08:30</name>
                <styleUrl>#17</styleUrl>
                <LineString id="15">
                    <altitudeMode>clampToGround</altitudeMode>
                    <coordinates>9.940534,45.14742,0.0 9.94053,45.14742,0.0 9.940515,45.14742,0.0</coordinates>
                </LineString>
            </Placemark>
            <Placemark id="20">
                <name>Rota 08:31</name>
                <styleUrl>#21</styleUrl>
                <LineString id="19">
                    <altitudeMode>clampToGround</altitudeMode>
                    <coordinates>9.940495,45.14753,0.0 9.94046,45.14752,0.0 9.940175,45.14745,0.0</coordinates>
                </LineString>
            </Placemark>
            <Placemark id="24">
                <name>Rota 08:32</name>
                <styleUrl>#25</styleUrl>
                <LineString id="23">
                    <altitudeMode>clampToGround</altitudeMode>
                    <coordinates>9.939943,45.14741,0.0 9.939878,45.14738,0.0 9.939672,45.14725,0.0 9.939485,45.14708,0.0 9.939395,45.147,0.0 9.939323,45.14688,0.0</coordinates>
                </LineString>
            </Placemark>
            <Placemark id="28">
                <name>Rota 08:33</name>
                <styleUrl>#29</styleUrl>
                <LineString id="27">
                    <altitudeMode>clampToGround</altitudeMode>
                    <coordinates>9.939223,45.14664,0.0 9.939239,45.1466,0.0 9.939323,45.14638,0.0 9.939462,45.14621,0.0 9.939617,45.14599,0.0</coordinates>
                </LineString>
            </Placemark>
            <Placemark id="32">
                <name>Rota 08:34</name>
                <styleUrl>#33</styleUrl>
                <LineString id="31">
                    <altitudeMode>clampToGround</altitudeMode>
                    <coordinates>9.93974,45.14592,0.0 9.939816,45.14586,0.0 9.93982,45.14587,0.0 9.939803,45.14585,0.0</coordinates>
                </LineString>
            </Placemark>
            <Placemark id="36">
                <name>Rota 08:35</name>
                <styleUrl>#37</styleUrl>
                <LineString id="35">
                    <altitudeMode>clampToGround</altitudeMode>
                    <coordinates>9.939508,45.14564,0.0 9.939393,45.14562,0.0 9.939241,45.14565,0.0</coordinates>
                </LineString>
            </Placemark>
            <Placemark id="40">
                <name>Rota 08:36</name>
                <styleUrl>#41</styleUrl>
                <LineString id="39">
                    <altitudeMode>clampToGround</altitudeMode>
                    <coordinates>9.939255,45.14564,0.0 9.939243,45.14563,0.0</coordinates>
                </LineString>
            </Placemark>
            <Placemark id="44">
                <name>Rota 08:37</name>
                <styleUrl>#45</styleUrl>
                <LineString id="43">
                    <altitudeMode>clampToGround</altitudeMode>
                    <coordinates>9.939214,45.14561,0.0 9.939235,45.1456,0.0 9.939232,45.14561,0.0</coordinates>
                </LineString>
            </Placemark>
            <Placemark id="48">
                <name>Rota 08:38</name>
                <styleUrl>#49</styleUrl>
                <LineString id="47">
                    <altitudeMode>clampToGround</altitudeMode>
                    <coordinates>9.939232,45.14566,0.0 9.93926,45.14567,0.0</coordinates>
                </LineString>
            </Placemark>
            <Placemark id="52">
                <name>Rota 08:39</name>
                <styleUrl>#53</styleUrl>
                <LineString id="51">
                    <altitudeMode>clampToGround</altitudeMode>
                    <coordinates>9.939288,45.14567,0.0 9.939352,45.14567,0.0</coordinates>
                </LineString>
            </Placemark>
            <Placemark id="56">
                <name>Rota 08:40</name>
                <styleUrl>#57</styleUrl>
                <LineString id="55">
                    <altitudeMode>clampToGround</altitudeMode>
                    <coordinates>9.939319,45.14566,0.0 9.939312,45.14576,0.0</coordinates>
                </LineString>
            </Placemark>
            <Placemark id="60">
                <name>Rota 08:41</name>
                <styleUrl>#61</styleUrl>
                <LineString id="59">
                    <altitudeMode>clampToGround</altitudeMode>
                    <coordinates>9.939303,45.14574,0.0 9.939301,45.14561,0.0</coordinates>
                </LineString>
            </Placemark>
            <Placemark id="64">
                <name>Rota 08:42</name>
                <styleUrl>#65</styleUrl>
                <LineString id="63">
                    <altitudeMode>clampToGround</altitudeMode>
                    <coordinates>9.939345,45.14562,0.0 9.93932,45.14566,0.0</coordinates>
                </LineString>
            </Placemark>
            <Placemark id="68">
                <name>Rota 08:43</name>
                <styleUrl>#69</styleUrl>
                <LineString id="67">
                    <altitudeMode>clampToGround</altitudeMode>
                    <coordinates>9.939333,45.14571,0.0 9.939297,45.1457,0.0</coordinates>
                </LineString>
            </Placemark>
            <Placemark id="72">
                <name>Rota 08:44</name>
                <styleUrl>#73</styleUrl>
                <LineString id="71">
                    <altitudeMode>clampToGround</altitudeMode>
                    <coordinates>9.939308,45.14568,0.0 9.939308,45.14569,0.0</coordinates>
                </LineString>
            </Placemark>
            <Placemark id="76">
                <name>Rota 08:45</name>
                <styleUrl>#77</styleUrl>
                <LineString id="75">
                    <altitudeMode>clampToGround</altitudeMode>
                    <coordinates>9.939323,45.14568,0.0 9.939323,45.14568,0.0</coordinates>
                </LineString>
            </Placemark>
            <Placemark id="80">
                <name>Rota 08:46</name>
                <styleUrl>#81</styleUrl>
                <LineString id="79">
                    <altitudeMode>clampToGround</altitudeMode>
                    <coordinates>9.939323,45.1457,0.0 9.939303,45.14573,0.0</coordinates>
                </LineString>
            </Placemark>
            <Placemark id="84">
                <name>Rota 08:47</name>
                <styleUrl>#85</styleUrl>
                <LineString id="83">
                    <altitudeMode>clampToGround</altitudeMode>
                    <coordinates>9.939281,45.14574,0.0 9.939255,45.14571,0.0 9.939219,45.14568,0.0</coordinates>
                </LineString>
            </Placemark>
            <Placemark id="88">
                <name>Rota 08:48</name>
                <styleUrl>#89</styleUrl>
                <LineString id="87">
                    <altitudeMode>clampToGround</altitudeMode>
                    <coordinates>9.939245,45.14569,0.0 9.939345,45.14576,0.0</coordinates>
                </LineString>
            </Placemark>
            <Placemark id="92">
                <name>Rota 08:49</name>
                <styleUrl>#93</styleUrl>
                <LineString id="91">
                    <altitudeMode>clampToGround</altitudeMode>
                    <coordinates>9.939292,45.14574,0.0 9.939319,45.14571,0.0</coordinates>
                </LineString>
            </Placemark>
            <Placemark id="96">
                <name>Rota 08:50</name>
                <styleUrl>#97</styleUrl>
                <LineString id="95">
                    <altitudeMode>clampToGround</altitudeMode>
                    <coordinates>9.939295,45.14566,0.0 9.939295,45.14566,0.0</coordinates>
                </LineString>
            </Placemark>
            <Placemark id="100">
                <name>Rota 08:51</name>
                <styleUrl>#101</styleUrl>
                <LineString id="99">
                    <altitudeMode>clampToGround</altitudeMode>
                    <coordinates>9.939433,45.14573,0.0 9.939425,45.14576,0.0</coordinates>
                </LineString>
            </Placemark>
            <Placemark id="104">
                <name>Rota 08:52</name>
                <styleUrl>#105</styleUrl>
                <LineString id="103">
                    <altitudeMode>clampToGround</altitudeMode>
                    <coordinates>9.939385,45.14573,0.0 9.939308,45.1457,0.0</coordinates>
                </LineString>
            </Placemark>
            <Placemark id="108">
                <name>Rota 08:53</name>
                <styleUrl>#109</styleUrl>
                <LineString id="107">
                    <altitudeMode>clampToGround</altitudeMode>
                    <coordinates>9.939326,45.14569,0.0 9.93927,45.14563,0.0</coordinates>
                </LineString>
            </Placemark>
            <Placemark id="112">
                <name>Rota 08:54</name>
                <styleUrl>#113</styleUrl>
                <LineString id="111">
                    <altitudeMode>clampToGround</altitudeMode>
                    <coordinates>9.939254,45.14561,0.0 9.939237,45.14559,0.0</coordinates>
                </LineString>
            </Placemark>
            <Placemark id="116">
                <name>Rota 08:55</name>
                <styleUrl>#117</styleUrl>
                <LineString id="115">
                    <altitudeMode>clampToGround</altitudeMode>
                    <coordinates>9.939197,45.14558,0.0 9.939208,45.14559,0.0</coordinates>
                </LineString>
            </Placemark>
            <Placemark id="120">
                <name>Rota 08:56</name>
                <styleUrl>#121</styleUrl>
                <LineString id="119">
                    <altitudeMode>clampToGround</altitudeMode>
                    <coordinates>9.939248,45.14562,0.0 9.939257,45.14568,0.0</coordinates>
                </LineString>
            </Placemark>
            <Placemark id="124">
                <name>Rota 08:57</name>
                <styleUrl>#125</styleUrl>
                <LineString id="123">
                    <altitudeMode>clampToGround</altitudeMode>
                    <coordinates>9.939263,45.14562,0.0 9.939212,45.14565,0.0 9.939187,45.14561,0.0</coordinates>
                </LineString>
            </Placemark>
            <Placemark id="128">
                <name>Rota 08:58</name>
                <styleUrl>#129</styleUrl>
                <LineString id="127">
                    <altitudeMode>clampToGround</altitudeMode>
                    <coordinates>9.939201,45.14561,0.0 9.939192,45.14561,0.0</coordinates>
                </LineString>
            </Placemark>
            <Placemark id="132">
                <name>Rota 08:59</name>
                <styleUrl>#133</styleUrl>
                <LineString id="131">
                    <altitudeMode>clampToGround</altitudeMode>
                    <coordinates>9.939195,45.14559,0.0 9.939223,45.14559,0.0</coordinates>
                </LineString>
            </Placemark>
        </Folder>
        <Folder id="135">
            <Style id="138">
                <LineStyle id="139">
                    <color>ff0000ff</color>
                    <colorMode>normal</colorMode>
                    <width>3</width>
                </LineStyle>
            </Style>
            <Style id="142">
                <LineStyle id="143">
                    <color>ff0000ff</color>
                    <colorMode>normal</colorMode>
                    <width>3</width>
                </LineStyle>
            </Style>
            <Style id="146">
                <LineStyle id="147">
                    <color>ff0000ff</color>
                    <colorMode>normal</colorMode>
                    <width>3</width>
                </LineStyle>
            </Style>
            <Style id="150">
                <LineStyle id="151">
                    <color>ff0000ff</color>
                    <colorMode>normal</colorMode>
                    <width>3</width>
                </LineStyle>
            </Style>
            <Style id="154">
                <LineStyle id="155">
                    <color>ff0000ff</color>
                    <colorMode>normal</colorMode>
                    <width>3</width>
                </LineStyle>
            </Style>
            <Style id="158">
                <LineStyle id="159">
                    <color>ff0000ff</color>
                    <colorMode>normal</colorMode>
                    <width>3</width>
                </LineStyle>
            </Style>
            <Style id="162">
                <LineStyle id="163">
                    <color>ff0000ff</color>
                    <colorMode>normal</colorMode>
                    <width>3</width>
                </LineStyle>
            </Style>
            <Style id="166">
                <LineStyle id="167">
                    <color>ff0000ff</color>
                    <colorMode>normal</colorMode>
                    <width>3</width>
                </LineStyle>
            </Style>
            <Style id="170">
                <LineStyle id="171">
                    <color>ff0000ff</color>
                    <colorMode>normal</colorMode>
                    <width>3</width>
                </LineStyle>
            </Style>
            <Style id="174">
                <LineStyle id="175">
                    <color>ff0000ff</color>
                    <colorMode>normal</colorMode>
                    <width>3</width>
                </LineStyle>
            </Style>
            <Style id="178">
                <LineStyle id="179">
                    <color>ff0000ff</color>
                    <colorMode>normal</colorMode>
                    <width>3</width>
                </LineStyle>
            </Style>
            <Style id="182">
                <LineStyle id="183">
                    <color>ff0000ff</color>
                    <colorMode>normal</colorMode>
                    <width>3</width>
                </LineStyle>
            </Style>
            <Style id="186">
                <LineStyle id="187">
                    <color>ff0000ff</color>
                    <colorMode>normal</colorMode>
                    <width>3</width>
                </LineStyle>
            </Style>
            <Style id="190">
                <LineStyle id="191">
                    <color>ff0000ff</color>
                    <colorMode>normal</colorMode>
                    <width>3</width>
                </LineStyle>
            </Style>
            <Style id="194">
                <LineStyle id="195">
                    <color>ff0000ff</color>
                    <colorMode>normal</colorMode>
                    <width>3</width>
                </LineStyle>
            </Style>
            <Style id="198">
                <LineStyle id="199">
                    <color>ff0000ff</color>
                    <colorMode>normal</colorMode>
                    <width>3</width>
                </LineStyle>
            </Style>
            <Style id="202">
                <LineStyle id="203">
                    <color>ff0000ff</color>
                    <colorMode>normal</colorMode>
                    <width>3</width>
                </LineStyle>
            </Style>
            <Style id="206">
                <LineStyle id="207">
                    <color>ff0000ff</color>
                    <colorMode>normal</colorMode>
                    <width>3</width>
                </LineStyle>
            </Style>
            <Style id="210">
                <LineStyle id="211">
                    <color>ff0000ff</color>
                    <colorMode>normal</colorMode>
                    <width>3</width>
                </LineStyle>
            </Style>
            <Style id="214">
                <LineStyle id="215">
                    <color>ff0000ff</color>
                    <colorMode>normal</colorMode>
                    <width>3</width>
                </LineStyle>
            </Style>
            <Style id="218">
                <LineStyle id="219">
                    <color>ff0000ff</color>
                    <colorMode>normal</colorMode>
                    <width>3</width>
                </LineStyle>
            </Style>
            <Style id="222">
                <LineStyle id="223">
                    <color>ff0000ff</color>
                    <colorMode>normal</colorMode>
                    <width>3</width>
                </LineStyle>
            </Style>
            <Style id="226">
                <LineStyle id="227">
                    <color>ff0000ff</color>
                    <colorMode>normal</colorMode>
                    <width>3</width>
                </LineStyle>
            </Style>
            <Style id="230">
                <LineStyle id="231">
                    <color>ff0000ff</color>
                    <colorMode>normal</colorMode>
                    <width>3</width>
                </LineStyle>
            </Style>
            <Style id="234">
                <LineStyle id="235">
                    <color>ff0000ff</color>
                    <colorMode>normal</colorMode>
                    <width>3</width>
                </LineStyle>
            </Style>
            <Style id="238">
                <LineStyle id="239">
                    <color>ff0000ff</color>
                    <colorMode>normal</colorMode>
                    <width>3</width>
                </LineStyle>
            </Style>
            <Style id="242">
                <LineStyle id="243">
                    <color>ff0000ff</color>
                    <colorMode>normal</colorMode>
                    <width>3</width>
                </LineStyle>
            </Style>
            <Style id="246">
                <LineStyle id="247">
                    <color>ff0000ff</color>
                    <colorMode>normal</colorMode>
                    <width>3</width>
                </LineStyle>
            </Style>
            <Style id="250">
                <LineStyle id="251">
                    <color>ff0000ff</color>
                    <colorMode>normal</colorMode>
                    <width>3</width>
                </LineStyle>
            </Style>
            <Style id="254">
                <LineStyle id="255">
                    <color>ff0000ff</color>
                    <colorMode>normal</colorMode>
                    <width>3</width>
                </LineStyle>
            </Style>
            <Style id="258">
                <LineStyle id="259">
                    <color>ff0000ff</color>
                    <colorMode>normal</colorMode>
                    <width>3</width>
                </LineStyle>
            </Style>
            <Style id="262">
                <LineStyle id="263">
                    <color>ff0000ff</color>
                    <colorMode>normal</colorMode>
                    <width>3</width>
                </LineStyle>
            </Style>
            <Style id="266">
                <LineStyle id="267">
                    <color>ff0000ff</color>
                    <colorMode>normal</colorMode>
                    <width>3</width>
                </LineStyle>
            </Style>
            <Style id="270">
                <LineStyle id="271">
                    <color>ff0000ff</color>
                    <colorMode>normal</colorMode>
                    <width>3</width>
                </LineStyle>
            </Style>
            <Style id="274">
                <LineStyle id="275">
                    <color>ff0000ff</color>
                    <colorMode>normal</colorMode>
                    <width>3</width>
                </LineStyle>
            </Style>
            <Style id="278">
                <LineStyle id="279">
                    <color>ff0000ff</color>
                    <colorMode>normal</colorMode>
                    <width>3</width>
                </LineStyle>
            </Style>
            <Style id="282">
                <LineStyle id="283">
                    <color>ff0000ff</color>
                    <colorMode>normal</colorMode>
                    <width>3</width>
                </LineStyle>
            </Style>
            <Style id="286">
                <LineStyle id="287">
                    <color>ff0000ff</color>
                    <colorMode>normal</colorMode>
                    <width>3</width>
                </LineStyle>
            </Style>
            <Style id="290">
                <LineStyle id="291">
                    <color>ff0000ff</color>
                    <colorMode>normal</colorMode>
                    <width>3</width>
                </LineStyle>
            </Style>
            <Style id="294">
                <LineStyle id="295">
                    <color>ff0000ff</color>
                    <colorMode>normal</colorMode>
                    <width>3</width>
                </LineStyle>
            </Style>
            <Style id="298">
                <LineStyle id="299">
                    <color>ff0000ff</color>
                    <colorMode>normal</colorMode>
                    <width>3</width>
                </LineStyle>
            </Style>
            <Style id="302">
                <LineStyle id="303">
                    <color>ff0000ff</color>
                    <colorMode>normal</colorMode>
                    <width>3</width>
                </LineStyle>
            </Style>
            <Style id="306">
                <LineStyle id="307">
                    <color>ff0000ff</color>
                    <colorMode>normal</colorMode>
                    <width>3</width>
                </LineStyle>
            </Style>
            <Style id="310">
                <LineStyle id="311">
                    <color>ff0000ff</color>
                    <colorMode>normal</colorMode>
                    <width>3</width>
                </LineStyle>
            </Style>
            <Style id="314">
                <LineStyle id="315">
                    <color>ff0000ff</color>
                    <colorMode>normal</colorMode>
                    <width>3</width>
                </LineStyle>
            </Style>
            <Style id="318">
                <LineStyle id="319">
                    <color>ff0000ff</color>
                    <colorMode>normal</colorMode>
                    <width>3</width>
                </LineStyle>
            </Style>
            <Style id="322">
                <LineStyle id="323">
                    <color>ff0000ff</color>
                    <colorMode>normal</colorMode>
                    <width>3</width>
                </LineStyle>
            </Style>
            <Style id="326">
                <LineStyle id="327">
                    <color>ff0000ff</color>
                    <colorMode>normal</colorMode>
                    <width>3</width>
                </LineStyle>
            </Style>
            <Style id="330">
                <LineStyle id="331">
                    <color>ff0000ff</color>
                    <colorMode>normal</colorMode>
                    <width>3</width>
                </LineStyle>
            </Style>
            <Style id="334">
                <LineStyle id="335">
                    <color>ff0000ff</color>
                    <colorMode>normal</colorMode>
                    <width>3</width>
                </LineStyle>
            </Style>
            <Style id="338">
                <LineStyle id="339">
                    <color>ff0000ff</color>
                    <colorMode>normal</colorMode>
                    <width>3</width>
                </LineStyle>
            </Style>
            <Style id="342">
                <LineStyle id="343">
                    <color>ff0000ff</color>
                    <colorMode>normal</colorMode>
                    <width>3</width>
                </LineStyle>
            </Style>
            <Style id="346">
                <LineStyle id="347">
                    <color>ff0000ff</color>
                    <colorMode>normal</colorMode>
                    <width>3</width>
                </LineStyle>
            </Style>
            <Style id="350">
                <LineStyle id="351">
                    <color>ff0000ff</color>
                    <colorMode>normal</colorMode>
                    <width>3</width>
                </LineStyle>
            </Style>
            <Style id="354">
                <LineStyle id="355">
                    <color>ff0000ff</color>
                    <colorMode>normal</colorMode>
                    <width>3</width>
                </LineStyle>
            </Style>
            <Style id="358">
                <LineStyle id="359">
                    <color>ff0000ff</color>
                    <colorMode>normal</colorMode>
                    <width>3</width>
                </LineStyle>
            </Style>
            <Style id="362">
                <LineStyle id="363">
                    <color>ff0000ff</color>
                    <colorMode>normal</colorMode>
                    <width>3</width>
                </LineStyle>
            </Style>
            <Style id="366">
                <LineStyle id="367">
                    <color>ff0000ff</color>
                    <colorMode>normal</colorMode>
                    <width>3</width>
                </LineStyle>
            </Style>
            <Style id="370">
                <LineStyle id="371">
                    <color>ff0000ff</color>
                    <colorMode>normal</colorMode>
                    <width>3</width>
                </LineStyle>
            </Style>
            <Style id="374">
                <LineStyle id="375">
                    <color>ff0000ff</color>
                    <colorMode>normal</colorMode>
                    <width>3</width>
                </LineStyle>
            </Style>
            <name>2025-08-08 09:00</name>
            <Placemark id="137">
                <name>Rota 09:00</name>
                <styleUrl>#138</styleUrl>
                <LineString id="136">
                    <altitudeMode>clampToGround</altitudeMode>
                    <coordinates>9.939243,45.14559,0.0 9.939241,45.1456,0.0</coordinates>
                </LineString>
            </Placemark>
            <Placemark id="141">
                <name>Rota 09:01</name>
                <styleUrl>#142</styleUrl>
                <LineString id="140">
                    <altitudeMode>clampToGround</altitudeMode>
                    <coordinates>9.93925,45.14561,0.0 9.93926,45.1456,0.0</coordinates>
                </LineString>
            </Placemark>
            <Placemark id="145">
                <name>Rota 09:02</name>
                <styleUrl>#146</styleUrl>
                <LineString id="144">
                    <altitudeMode>clampToGround</altitudeMode>
                    <coordinates>9.93926,45.14562,0.0 9.939268,45.14562,0.0</coordinates>
                </LineString>
            </Placemark>
            <Placemark id="149">
                <name>Rota 09:03</name>
                <styleUrl>#150</styleUrl>
                <LineString id="148">
                    <altitudeMode>clampToGround</altitudeMode>
                    <coordinates>9.939259,45.14562,0.0 9.939279,45.14562,0.0</coordinates>
                </LineString>
            </Placemark>
            <Placemark id="153">
                <name>Rota 09:04</name>
                <styleUrl>#154</styleUrl>
                <LineString id="152">
                    <altitudeMode>clampToGround</altitudeMode>
                    <coordinates>9.939268,45.14564,0.0 9.939308,45.14565,0.0</coordinates>
                </LineString>
            </Placemark>
            <Placemark id="157">
                <name>Rota 09:05</name>
                <styleUrl>#158</styleUrl>
                <LineString id="156">
                    <altitudeMode>clampToGround</altitudeMode>
                    <coordinates>9.939308,45.14564,0.0 9.93924,45.14566,0.0</coordinates>
                </LineString>
            </Placemark>
            <Placemark id="161">
                <name>Rota 09:06</name>
                <styleUrl>#162</styleUrl>
                <LineString id="160">
                    <altitudeMode>clampToGround</altitudeMode>
                    <coordinates>9.939315,45.14569,0.0 9.9394,45.14575,0.0</coordinates>
                </LineString>
            </Placemark>
            <Placemark id="165">
                <name>Rota 09:07</name>
                <styleUrl>#166</styleUrl>
                <LineString id="164">
                    <altitudeMode>clampToGround</altitudeMode>
                    <coordinates>9.939392,45.14576,0.0 9.93935,45.14574,0.0</coordinates>
                </LineString>
            </Placemark>
            <Placemark id="169">
                <name>Rota 09:08</name>
                <styleUrl>#170</styleUrl>
                <LineString id="168">
                    <altitudeMode>clampToGround</altitudeMode>
                    <coordinates>9.93927,45.14569,0.0 9.93927,45.14568,0.0 9.939265,45.14566,0.0</coordinates>
                </LineString>
            </Placemark>
            <Placemark id="173">
                <name>Rota 09:09</name>
                <styleUrl>#174</styleUrl>
                <LineString id="172">
                    <altitudeMode>clampToGround</altitudeMode>
                    <coordinates>9.93926,45.14565,0.0 9.939265,45.14569,0.0</coordinates>
                </LineString>
            </Placemark>
            <Placemark id="177">
                <name>Rota 09:10</name>
                <styleUrl>#178</styleUrl>
                <LineString id="176">
                    <altitudeMode>clampToGround</altitudeMode>
                    <coordinates>9.939237,45.14568,0.0 9.939223,45.14567,0.0</coordinates>
                </LineString>
            </Placemark>
            <Placemark id="181">
                <name>Rota 09:11</name>
                <styleUrl>#182</styleUrl>
                <LineString id="180">
                    <altitudeMode>clampToGround</altitudeMode>
                    <coordinates>9.939215,45.14567,0.0 9.939197,45.14567,0.0</coordinates>
                </LineString>
            </Placemark>
            <Placemark id="185">
                <name>Rota 09:12</name>
                <styleUrl>#186</styleUrl>
                <LineString id="184">
                    <altitudeMode>clampToGround</altitudeMode>
                    <coordinates>9.939214,45.14568,0.0 9.939227,45.14568,0.0</coordinates>
                </LineString>
            </Placemark>
            <Placemark id="189">
                <name>Rota 09:13</name>
                <styleUrl>#190</styleUrl>
                <LineString id="188">
                    <altitudeMode>clampToGround</altitudeMode>
                    <coordinates>9.939237,45.14567,0.0 9.939212,45.14563,0.0</coordinates>
                </LineString>
            </Placemark>
            <Placemark id="193">
                <name>Rota 09:14</name>
                <styleUrl>#194</styleUrl>
                <LineString id="192">
                    <altitudeMode>clampToGround</altitudeMode>
                    <coordinates>9.939142,45.14561,0.0 9.93916,45.14561,0.0</coordinates>
                </LineString>
            </Placemark>
            <Placemark id="197">
                <name>Rota 09:15</name>
                <styleUrl>#198</styleUrl>
                <LineString id="196">
                    <altitudeMode>clampToGround</altitudeMode>
                    <coordinates>9.9392,45.14562,0.0 9.9392,45.14561,0.0</coordinates>
                </LineString>
            </Placemark>
            <Placemark id="201">
                <name>Rota 09:16</name>
                <styleUrl>#202</styleUrl>
                <LineString id="200">
                    <altitudeMode>clampToGround</altitudeMode>
                    <coordinates>9.939239,45.14561,0.0 9.939285,45.14561,0.0</coordinates>
                </LineString>
            </Placemark>
            <Placemark id="205">
                <name>Rota 09:17</name>
                <styleUrl>#206</styleUrl>
                <LineString id="204">
                    <altitudeMode>clampToGround</altitudeMode>
                    <coordinates>9.939257,45.14563,0.0 9.939223,45.14564,0.0</coordinates>
                </LineString>
            </Placemark>
            <Placemark id="209">
                <name>Rota 09:18</name>
                <styleUrl>#210</styleUrl>
                <LineString id="208">
                    <altitudeMode>clampToGround</altitudeMode>
                    <coordinates>9.939205,45.14565,0.0 9.939205,45.14565,0.0 9.939201,45.14567,0.0</coordinates>
                </LineString>
            </Placemark>
            <Placemark id="213">
                <name>Rota 09:19</name>
                <styleUrl>#214</styleUrl>
                <LineString id="212">
                    <altitudeMode>clampToGround</altitudeMode>
                    <coordinates>9.93917,45.14565,0.0 9.939181,45.14566,0.0</coordinates>
                </LineString>
            </Placemark>
            <Placemark id="217">
                <name>Rota 09:20</name>
                <styleUrl>#218</styleUrl>
                <LineString id="216">
                    <altitudeMode>clampToGround</altitudeMode>
                    <coordinates>9.9392,45.14565,0.0 9.939265,45.14574,0.0</coordinates>
                </LineString>
            </Placemark>
            <Placemark id="221">
                <name>Rota 09:21</name>
                <styleUrl>#222</styleUrl>
                <LineString id="220">
                    <altitudeMode>clampToGround</altitudeMode>
                    <coordinates>9.939221,45.14571,0.0 9.93921,45.1457,0.0</coordinates>
                </LineString>
            </Placemark>
            <Placemark id="225">
                <name>Rota 09:22</name>
                <styleUrl>#226</styleUrl>
                <LineString id="224">
                    <altitudeMode>clampToGround</altitudeMode>
                    <coordinates>9.939214,45.14571,0.0 9.939158,45.14564,0.0</coordinates>
                </LineString>
            </Placemark>
            <Placemark id="229">
                <name>Rota 09:23</name>
                <styleUrl>#230</styleUrl>
                <LineString id="228">
                    <altitudeMode>clampToGround</altitudeMode>
                    <coordinates>9.939165,45.14562,0.0 9.939168,45.14561,0.0</coordinates>
                </LineString>
            </Placemark>
            <Placemark id="233">
                <name>Rota 09:24</name>
                <styleUrl>#234</styleUrl>
                <LineString id="232">
                    <altitudeMode>clampToGround</altitudeMode>
                    <coordinates>9.939165,45.1456,0.0 9.939172,45.14559,0.0</coordinates>
                </LineString>
            </Placemark>
            <Placemark id="237">
                <name>Rota 09:25</name>
                <styleUrl>#238</styleUrl>
                <LineString id="236">
                    <altitudeMode>clampToGround</altitudeMode>
                    <coordinates>9.939155,45.14558,0.0 9.93915,45.14559,0.0</coordinates>
                </LineString>
            </Placemark>
            <Placemark id="241">
                <name>Rota 09:26</name>
                <styleUrl>#242</styleUrl>
                <LineString id="240">
                    <altitudeMode>clampToGround</altitudeMode>
                    <coordinates>9.939134,45.14563,0.0 9.939158,45.14562,0.0</coordinates>
                </LineString>
            </Placemark>
            <Placemark id="245">
                <name>Rota 09:27</name>
                <styleUrl>#246</styleUrl>
                <LineString id="244">
                    <altitudeMode>clampToGround</altitudeMode>
                    <coordinates>9.939175,45.14564,0.0 9.939245,45.14573,0.0</coordinates>
                </LineString>
            </Placemark>
            <Placemark id="249">
                <name>Rota 09:28</name>
                <styleUrl>#250</styleUrl>
                <LineString id="248">
                    <altitudeMode>clampToGround</altitudeMode>
                    <coordinates>9.939208,45.1457,0.0 9.939201,45.14569,0.0 9.9392,45.14569,0.0 9.9392,45.14569,0.0 9.939177,45.14566,0.0</coordinates>
                </LineString>
            </Placemark>
            <Placemark id="253">
                <name>Rota 09:29</name>
                <styleUrl>#254</styleUrl>
                <LineString id="252">
                    <altitudeMode>clampToGround</altitudeMode>
                    <coordinates>9.939181,45.14567,0.0 9.939205,45.1457,0.0</coordinates>
                </LineString>
            </Placemark>
            <Placemark id="257">
                <name>Rota 09:30</name>
                <styleUrl>#258</styleUrl>
                <LineString id="256">
                    <altitudeMode>clampToGround</altitudeMode>
                    <coordinates>9.939245,45.14572,0.0 9.93921,45.1457,0.0</coordinates>
                </LineString>
            </Placemark>
            <Placemark id="261">
                <name>Rota 09:31</name>
                <styleUrl>#262</styleUrl>
                <LineString id="260">
                    <altitudeMode>clampToGround</altitudeMode>
                    <coordinates>9.939185,45.14569,0.0 9.939203,45.14575,0.0</coordinates>
                </LineString>
            </Placemark>
            <Placemark id="265">
                <name>Rota 09:32</name>
                <styleUrl>#266</styleUrl>
                <LineString id="264">
                    <altitudeMode>clampToGround</altitudeMode>
                    <coordinates>9.939272,45.14577,0.0 9.939293,45.14581,0.0</coordinates>
                </LineString>
            </Placemark>
            <Placemark id="269">
                <name>Rota 09:33</name>
                <styleUrl>#270</styleUrl>
                <LineString id="268">
                    <altitudeMode>clampToGround</altitudeMode>
                    <coordinates>9.939285,45.14577,0.0 9.939227,45.14574,0.0</coordinates>
                </LineString>
            </Placemark>
            <Placemark id="273">
                <name>Rota 09:34</name>
                <styleUrl>#274</styleUrl>
                <LineString id="272">
                    <altitudeMode>clampToGround</altitudeMode>
                    <coordinates>9.939181,45.14573,0.0 9.939194,45.14567,0.0</coordinates>
                </LineString>
            </Placemark>
            <Placemark id="277">
                <name>Rota 09:35</name>
                <styleUrl>#278</styleUrl>
                <LineString id="276">
                    <altitudeMode>clampToGround</altitudeMode>
                    <coordinates>9.93923,45.14566,0.0 9.939245,45.1456,0.0</coordinates>
                </LineString>
            </Placemark>
            <Placemark id="281">
                <name>Rota 09:36</name>
                <styleUrl>#282</styleUrl>
                <LineString id="280">
                    <altitudeMode>clampToGround</altitudeMode>
                    <coordinates>9.939257,45.14563,0.0 9.93911,45.1456,0.0</coordinates>
                </LineString>
            </Placemark>
            <Placemark id="285">
                <name>Rota 09:37</name>
                <styleUrl>#286</styleUrl>
                <LineString id="284">
                    <altitudeMode>clampToGround</altitudeMode>
                    <coordinates>9.939154,45.14562,0.0 9.939215,45.14563,0.0</coordinates>
                </LineString>
            </Placemark>
            <Placemark id="289">
                <name>Rota 09:38</name>
                <styleUrl>#290</styleUrl>
                <LineString id="288">
                    <altitudeMode>clampToGround</altitudeMode>
                    <coordinates>9.93927,45.14571,0.0 9.939255,45.14572,0.0 9.939252,45.14572,0.0</coordinates>
                </LineString>
            </Placemark>
            <Placemark id="293">
                <name>Rota 09:39</name>
                <styleUrl>#294</styleUrl>
                <LineString id="292">
                    <altitudeMode>clampToGround</altitudeMode>
                    <coordinates>9.939201,45.14572,0.0 9.939212,45.14572,0.0</coordinates>
                </LineString>
            </Placemark>
            <Placemark id="297">
                <name>Rota 09:40</name>
                <styleUrl>#298</styleUrl>
                <LineString id="296">
                    <altitudeMode>clampToGround</altitudeMode>
                    <coordinates>9.939232,45.14569,0.0 9.939207,45.14566,0.0</coordinates>
                </LineString>
            </Placemark>
            <Placemark id="301">
                <name>Rota 09:41</name>
                <styleUrl>#302</styleUrl>
                <LineString id="300">
                    <altitudeMode>clampToGround</altitudeMode>
                    <coordinates>9.93922,45.14568,0.0 9.939158,45.14565,0.0</coordinates>
                </LineString>
            </Placemark>
            <Placemark id="305">
                <name>Rota 09:42</name>
                <styleUrl>#306</styleUrl>
                <LineString id="304">
                    <altitudeMode>clampToGround</altitudeMode>
                    <coordinates>9.939197,45.14562,0.0 9.939225,45.14563,0.0</coordinates>
                </LineString>
            </Placemark>
            <Placemark id="309">
                <name>Rota 09:43</name>
                <styleUrl>#310</styleUrl>
                <LineString id="308">
                    <altitudeMode>clampToGround</altitudeMode>
                    <coordinates>9.939299,45.14568,0.0 9.939255,45.14569,0.0</coordinates>
                </LineString>
            </Placemark>
            <Placemark id="313">
                <name>Rota 09:44</name>
                <styleUrl>#314</styleUrl>
                <LineString id="312">
                    <altitudeMode>clampToGround</altitudeMode>
                    <coordinates>9.939281,45.14567,0.0 9.939225,45.14565,0.0</coordinates>
                </LineString>
            </Placemark>
            <Placemark id="317">
                <name>Rota 09:45</name>
                <styleUrl>#318</styleUrl>
                <LineString id="316">
                    <altitudeMode>clampToGround</altitudeMode>
                    <coordinates>9.939248,45.14566,0.0 9.939175,45.14562,0.0</coordinates>
                </LineString>
            </Placemark>
            <Placemark id="321">
                <name>Rota 09:46</name>
                <styleUrl>#322</styleUrl>
                <LineString id="320">
                    <altitudeMode>clampToGround</altitudeMode>
                    <coordinates>9.939187,45.14566,0.0 9.939272,45.1457,0.0</coordinates>
                </LineString>
            </Placemark>
            <Placemark id="325">
                <name>Rota 09:47</name>
                <styleUrl>#326</styleUrl>
                <LineString id="324">
                    <altitudeMode>clampToGround</altitudeMode>
                    <coordinates>9.939168,45.14566,0.0 9.939198,45.14566,0.0</coordinates>
                </LineString>
            </Placemark>
            <Placemark id="329">
                <name>Rota 09:48</name>
                <styleUrl>#330</styleUrl>
                <LineString id="328">
                    <altitudeMode>clampToGround</altitudeMode>
                    <coordinates>9.93925,45.14574,0.0 9.939267,45.14575,0.0 9.939247,45.14576,0.0</coordinates>
                </LineString>
            </Placemark>
            <Placemark id="333">
                <name>Rota 09:49</name>
                <styleUrl>#334</styleUrl>
                <LineString id="332">
                    <altitudeMode>clampToGround</altitudeMode>
                    <coordinates>9.939261,45.14575,0.0 9.939245,45.14573,0.0</coordinates>
                </LineString>
            </Placemark>
            <Placemark id="337">
                <name>Rota 09:50</name>
                <styleUrl>#338</styleUrl>
                <LineString id="336">
                    <altitudeMode>clampToGround</altitudeMode>
                    <coordinates>9.939167,45.14572,0.0 9.939157,45.14573,0.0</coordinates>
                </LineString>
            </Placemark>
            <Placemark id="341">
                <name>Rota 09:51</name>
                <styleUrl>#342</styleUrl>
                <LineString id="340">
                    <altitudeMode>clampToGround</altitudeMode>
                    <coordinates>9.93917,45.14573,0.0 9.939165,45.14572,0.0</coordinates>
                </LineString>
            </Placemark>
            <Placemark id="345">
                <name>Rota 09:52</name>
                <styleUrl>#346</styleUrl>
                <LineString id="344">
                    <altitudeMode>clampToGround</altitudeMode>
                    <coordinates>9.939163,45.14573,0.0 9.939167,45.14573,0.0</coordinates>
                </LineString>
            </Placemark>
            <Placemark id="349">
                <name>Rota 09:53</name>
                <styleUrl>#350</styleUrl>
                <LineString id="348">
                    <altitudeMode>clampToGround</altitudeMode>
                    <coordinates>9.939155,45.14571,0.0 9.93913,45.1457,0.0</coordinates>
                </LineString>
            </Placemark>
            <Placemark id="353">
                <name>Rota 09:54</name>
                <styleUrl>#354</styleUrl>
                <LineString id="352">
                    <altitudeMode>clampToGround</altitudeMode>
                    <coordinates>9.93912,45.14568,0.0 9.939129,45.14568,0.0</coordinates>
                </LineString>
            </Placemark>
            <Placemark id="357">
                <name>Rota 09:55</name>
                <styleUrl>#358</styleUrl>
                <LineString id="356">
                    <altitudeMode>clampToGround</altitudeMode>
                    <coordinates>9.93913,45.14569,0.0 9.939127,45.1457,0.0</coordinates>
                </LineString>
            </Placemark>
            <Placemark id="361">
                <name>Rota 09:56</name>
                <styleUrl>#362</styleUrl>
                <LineString id="360">
                    <altitudeMode>clampToGround</altitudeMode>
                    <coordinates>9.939134,45.1457,0.0 9.939137,45.1457,0.0</coordinates>
                </LineString>
            </Placemark>
            <Placemark id="365">
                <name>Rota 09:57</name>
                <styleUrl>#366</styleUrl>
                <LineString id="364">
                    <altitudeMode>clampToGround</altitudeMode>
                    <coordinates>9.939154,45.1457,0.0 9.939152,45.14569,0.0</coordinates>
                </LineString>
            </Placemark>
            <Placemark id="369">
                <name>Rota 09:58</name>
                <styleUrl>#370</styleUrl>
                <LineString id="368">
                    <altitudeMode>clampToGround</altitudeMode>
                    <coordinates>9.939158,45.14571,0.0 9.939154,45.14572,0.0 9.939154,45.14572,0.0</coordinates>
                </LineString>
            </Placemark>
            <Placemark id="373">
                <name>Rota 09:59</name>
                <styleUrl>#374</styleUrl>
                <LineString id="372">
                    <altitudeMode>clampToGround</altitudeMode>
                    <coordinates>9.93916,45.14573,0.0 9.93916,45.14571,0.0</coordinates>
                </LineString>
            </Placemark>
        </Folder>
        <Folder id="376">
            <Style id="379">
                <LineStyle id="380">
                    <color>ff0000ff</color>
                    <colorMode>normal</colorMode>
                    <width>3</width>
                </LineStyle>
            </Style>
            <Style id="383">
                <LineStyle id="384">
                    <color>ff0000ff</color>
                    <colorMode>normal</colorMode>
                    <width>3</width>
                </LineStyle>
            </Style>
            <Style id="387">
                <LineStyle id="388">
                    <color>ff0000ff</color>
                    <colorMode>normal</colorMode>
                    <width>3</width>
                </LineStyle>
            </Style>
            <Style id="391">
                <LineStyle id="392">
                    <color>ff0000ff</color>
                    <colorMode>normal</colorMode>
                    <width>3</width>
                </LineStyle>
            </Style>
            <Style id="395">
                <LineStyle id="396">
                    <color>ff0000ff</color>
                    <colorMode>normal</colorMode>
                    <width>3</width>
                </LineStyle>
            </Style>
            <Style id="399">
                <LineStyle id="400">
                    <color>ff0000ff</color>
                    <colorMode>normal</colorMode>
                    <width>3</width>
                </LineStyle>
            </Style>
            <Style id="403">
                <LineStyle id="404">
                    <color>ff0000ff</color>
                    <colorMode>normal</colorMode>
                    <width>3</width>
                </LineStyle>
            </Style>
            <Style id="407">
                <LineStyle id="408">
                    <color>ff0000ff</color>
                    <colorMode>normal</colorMode>
                    <width>3</width>
                </LineStyle>
            </Style>
            <Style id="411">
                <LineStyle id="412">
                    <color>ff0000ff</color>
                    <colorMode>normal</colorMode>
                    <width>3</width>
                </LineStyle>
            </Style>
            <Style id="415">
                <LineStyle id="416">
                    <color>ff0000ff</color>
                    <colorMode>normal</colorMode>
                    <width>3</width>
                </LineStyle>
            </Style>
            <Style id="419">
                <LineStyle id="420">
                    <color>ff0000ff</color>
                    <colorMode>normal</colorMode>
                    <width>3</width>
                </LineStyle>
            </Style>
            <Style id="423">
                <LineStyle id="424">
                    <color>ff0000ff</color>
                    <colorMode>normal</colorMode>
                    <width>3</width>
                </LineStyle>
            </Style>
            <Style id="427">
                <LineStyle id="428">
                    <color>ff0000ff</color>
                    <colorMode>normal</colorMode>
                    <width>3</width>
                </LineStyle>
            </Style>
            <Style id="431">
                <LineStyle id="432">
                    <color>ff0000ff</color>
                    <colorMode>normal</colorMode>
                    <width>3</width>
                </LineStyle>
            </Style>
            <Style id="435">
                <LineStyle id="436">
                    <color>ff0000ff</color>
                    <colorMode>normal</colorMode>
                    <width>3</width>
                </LineStyle>
            </Style>
            <name>2025-08-08 10:00</name>
            <Placemark id="378">
                <name>Rota 10:00</name>
                <styleUrl>#379</styleUrl>
                <LineString id="377">
                    <altitudeMode>clampToGround</altitudeMode>
                    <coordinates>9.939168,45.14571,0.0 9.939167,45.14571,0.0</coordinates>
                </LineString>
            </Placemark>
            <Placemark id="382">
                <name>Rota 10:01</name>
                <styleUrl>#383</styleUrl>
                <LineString id="381">
                    <altitudeMode>clampToGround</altitudeMode>
                    <coordinates>9.93921,45.1457,0.0 9.939205,45.1457,0.0</coordinates>
                </LineString>
            </Placemark>
            <Placemark id="386">
                <name>Rota 10:02</name>
                <styleUrl>#387</styleUrl>
                <LineString id="385">
                    <altitudeMode>clampToGround</altitudeMode>
                    <coordinates>9.939205,45.1457,0.0 9.939205,45.14571,0.0</coordinates>
                </LineString>
            </Placemark>
            <Placemark id="390">
                <name>Rota 10:03</name>
                <styleUrl>#391</styleUrl>
                <LineString id="389">
                    <altitudeMode>clampToGround</altitudeMode>
                    <coordinates>9.939192,45.14571,0.0 9.939185,45.14571,0.0</coordinates>
                </LineString>
            </Placemark>
            <Placemark id="394">
                <name>Rota 10:04</name>
                <styleUrl>#395</styleUrl>
                <LineString id="393">
                    <altitudeMode>clampToGround</altitudeMode>
                    <coordinates>9.939203,45.14571,0.0 9.939203,45.1457,0.0</coordinates>
                </LineString>
            </Placemark>
            <Placemark id="398">
                <name>Rota 10:05</name>
                <styleUrl>#399</styleUrl>
                <LineString id="397">
                    <altitudeMode>clampToGround</altitudeMode>
                    <coordinates>9.9392,45.14571,0.0 9.939215,45.14571,0.0</coordinates>
                </LineString>
            </Placemark>
            <Placemark id="402">
                <name>Rota 10:06</name>
                <styleUrl>#403</styleUrl>
                <LineString id="401">
                    <altitudeMode>clampToGround</altitudeMode>
                    <coordinates>9.939197,45.14569,0.0 9.939212,45.14569,0.0</coordinates>
                </LineString>
            </Placemark>
            <Placemark id="406">
                <name>Rota 10:07</name>
                <styleUrl>#407</styleUrl>
                <LineString id="405">
                    <altitudeMode>clampToGround</altitudeMode>
                    <coordinates>9.939268,45.14575,0.0 9.93928,45.14576,0.0</coordinates>
                </LineString>
            </Placemark>
            <Placemark id="410">
                <name>Rota 10:08</name>
                <styleUrl>#411</styleUrl>
                <LineString id="409">
                    <altitudeMode>clampToGround</altitudeMode>
                    <coordinates>9.939306,45.14574,0.0 9.939228,45.14565,0.0 9.939215,45.14565,0.0</coordinates>
                </LineString>
            </Placemark>
            <Placemark id="414">
                <name>Rota 10:09</name>
                <styleUrl>#415</styleUrl>
                <LineString id="413">
                    <altitudeMode>clampToGround</altitudeMode>
                    <coordinates>9.939493,45.14558,0.0 9.939542,45.14565,0.0 9.939565,45.14586,0.0 9.939577,45.14588,0.0</coordinates>
                </LineString>
            </Placemark>
            <Placemark id="418">
                <name>Rota 10:10</name>
                <styleUrl>#419</styleUrl>
                <LineString id="417">
                    <altitudeMode>clampToGround</altitudeMode>
                    <coordinates>9.939837,45.14601,0.0 9.940072,45.14598,0.0 9.940228,45.14597,0.0 9.94057,45.14605,0.0 9.940588,45.14605,0.0 9.940795,45.14609,0.0</coordinates>
                </LineString>
            </Placemark>
            <Placemark id="422">
                <name>Rota 10:11</name>
                <styleUrl>#423</styleUrl>
                <LineString id="421">
                    <altitudeMode>clampToGround</altitudeMode>
                    <coordinates>9.94117,45.14595,0.0 9.941198,45.14594,0.0 9.941542,45.14597,0.0 9.941742,45.14632,0.0 9.941771,45.14635,0.0 9.941852,45.14653,0.0</coordinates>
                </LineString>
            </Placemark>
            <Placemark id="426">
                <name>Rota 10:12</name>
                <styleUrl>#427</styleUrl>
                <LineString id="425">
                    <altitudeMode>clampToGround</altitudeMode>
                    <coordinates>9.94181,45.14658,0.0 9.94176,45.14683,0.0 9.941753,45.14685,0.0 9.941689,45.14717,0.0</coordinates>
                </LineString>
            </Placemark>
            <Placemark id="430">
                <name>Rota 10:13</name>
                <styleUrl>#431</styleUrl>
                <LineString id="429">
                    <altitudeMode>clampToGround</altitudeMode>
                    <coordinates>9.941426,45.14745,0.0 9.94115,45.14753,0.0 9.941042,45.1475,0.0 9.940805,45.14744,0.0 9.940799,45.14745,0.0 9.940785,45.14744,0.0 9.940785,45.14744,0.0 9.940786,45.14744,0.0 9.940786,45.14744,0.0 9.940786,45.14744,0.0</coordinates>
                </LineString>
            </Placemark>
            <Placemark id="434">
                <name>Rota 10:14</name>
                <styleUrl>#435</styleUrl>
                <LineString id="433">
                    <altitudeMode>clampToGround</altitudeMode>
                    <coordinates>9.940768,45.14745,0.0 9.940813,45.14748,0.0 9.940826,45.14749,0.0 9.940833,45.14749,0.0</coordinates>
                </LineString>
            </Placemark>
        </Folder>
        <Folder id="437">
            <Style id="440">
                <LineStyle id="441">
                    <color>ff0000ff</color>
                    <colorMode>normal</colorMode>
                    <width>3</width>
                </LineStyle>
            </Style>
            <Style id="444">
                <LineStyle id="445">
                    <color>ff0000ff</color>
                    <colorMode>normal</colorMode>
                    <width>3</width>
                </LineStyle>
            </Style>
            <Style id="448">
                <LineStyle id="449">
                    <color>ff0000ff</color>
                    <colorMode>normal</colorMode>
                    <width>3</width>
                </LineStyle>
            </Style>
            <Style id="452">
                <LineStyle id="453">
                    <color>ff0000ff</color>
                    <colorMode>normal</colorMode>
                    <width>3</width>
                </LineStyle>
            </Style>
            <Style id="456">
                <LineStyle id="457">
                    <color>ff0000ff</color>
                    <colorMode>normal</colorMode>
                    <width>3</width>
                </LineStyle>
            </Style>
            <Style id="460">
                <LineStyle id="461">
                    <color>ff0000ff</color>
                    <colorMode>normal</colorMode>
                    <width>3</width>
                </LineStyle>
            </Style>
            <Style id="464">
                <LineStyle id="465">
                    <color>ff0000ff</color>
                    <colorMode>normal</colorMode>
                    <width>3</width>
                </LineStyle>
            </Style>
            <name>2025-08-18 08:00</name>
            <Placemark id="439">
                <name>Rota 08:53</name>
                <styleUrl>#440</styleUrl>
                <LineString id="438">
                    <altitudeMode>clampToGround</altitudeMode>
                    <coordinates>9.940503,45.14871,0.0 9.940541,45.14871,0.0</coordinates>
                </LineString>
            </Placemark>
            <Placemark id="443">
                <name>Rota 08:54</name>
                <styleUrl>#444</styleUrl>
                <LineString id="442">
                    <altitudeMode>clampToGround</altitudeMode>
                    <coordinates>9.940487,45.14869,0.0 9.940498,45.1487,0.0</coordinates>
                </LineString>
            </Placemark>
            <Placemark id="447">
                <name>Rota 08:55</name>
                <styleUrl>#448</styleUrl>
                <LineString id="446">
                    <altitudeMode>clampToGround</altitudeMode>
                    <coordinates>9.940507,45.1487,0.0 9.940552,45.14875,0.0</coordinates>
                </LineString>
            </Placemark>
            <Placemark id="451">
                <name>Rota 08:56</name>
                <styleUrl>#452</styleUrl>
                <LineString id="450">
                    <altitudeMode>clampToGround</altitudeMode>
                    <coordinates>9.940547,45.14873,0.0 9.940547,45.14872,0.0 9.940554,45.14872,0.0</coordinates>
                </LineString>
            </Placemark>
            <Placemark id="455">
                <name>Rota 08:57</name>
                <styleUrl>#456</styleUrl>
                <LineString id="454">
                    <altitudeMode>clampToGround</altitudeMode>
                    <coordinates>9.940545,45.14872,0.0 9.940515,45.14874,0.0</coordinates>
                </LineString>
            </Placemark>
            <Placemark id="459">
                <name>Rota 08:58</name>
                <styleUrl>#460</styleUrl>
                <LineString id="458">
                    <altitudeMode>clampToGround</altitudeMode>
                    <coordinates>9.940518,45.14874,0.0 9.940529,45.14872,0.0</coordinates>
                </LineString>
            </Placemark>
            <Placemark id="463">
                <name>Rota 08:59</name>
                <styleUrl>#464</styleUrl>
                <LineString id="462">
                    <altitudeMode>clampToGround</altitudeMode>
                    <coordinates>9.940507,45.1487,0.0 9.940512,45.14872,0.0</coordinates>
                </LineString>
            </Placemark>
        </Folder>
        <Folder id="466">
            <Style id="469">
                <LineStyle id="470">
                    <color>ff0000ff</color>
                    <colorMode>normal</colorMode>
                    <width>3</width>
                </LineStyle>
            </Style>
            <Style id="473">
                <LineStyle id="474">
                    <color>ff0000ff</color>
                    <colorMode>normal</colorMode>
                    <width>3</width>
                </LineStyle>
            </Style>
            <Style id="477">
                <LineStyle id="478">
                    <color>ff0000ff</color>
                    <colorMode>normal</colorMode>
                    <width>3</width>
                </LineStyle>
            </Style>
            <Style id="481">
                <LineStyle id="482">
                    <color>ff0000ff</color>
                    <colorMode>normal</colorMode>
                    <width>3</width>
                </LineStyle>
            </Style>
            <Style id="485">
                <LineStyle id="486">
                    <color>ff0000ff</color>
                    <colorMode>normal</colorMode>
                    <width>3</width>
                </LineStyle>
            </Style>
            <Style id="489">
                <LineStyle id="490">
                    <color>ff0000ff</color>
                    <colorMode>normal</colorMode>
                    <width>3</width>
                </LineStyle>
            </Style>
            <Style id="493">
                <LineStyle id="494">
                    <color>ff0000ff</color>
                    <colorMode>normal</colorMode>
                    <width>3</width>
                </LineStyle>
            </Style>
            <Style id="497">
                <LineStyle id="498">
                    <color>ff0000ff</color>
                    <colorMode>normal</colorMode>
                    <width>3</width>
                </LineStyle>
            </Style>
            <Style id="501">
                <LineStyle id="502">
                    <color>ff0000ff</color>
                    <colorMode>normal</colorMode>
                    <width>3</width>
                </LineStyle>
            </Style>
            <Style id="505">
                <LineStyle id="506">
                    <color>ff0000ff</color>
                    <colorMode>normal</colorMode>
                    <width>3</width>
                </LineStyle>
            </Style>
            <Style id="509">
                <LineStyle id="510">
                    <color>ff0000ff</color>
                    <colorMode>normal</colorMode>
                    <width>3</width>
                </LineStyle>
            </Style>
            <Style id="513">
                <LineStyle id="514">
                    <color>ff0000ff</color>
                    <colorMode>normal</colorMode>
                    <width>3</width>
                </LineStyle>
            </Style>
            <Style id="517">
                <LineStyle id="518">
                    <color>ff0000ff</color>
                    <colorMode>normal</colorMode>
                    <width>3</width>
                </LineStyle>
            </Style>
            <Style id="521">
                <LineStyle id="522">
                    <color>ff0000ff</color>
                    <colorMode>normal</colorMode>
                    <width>3</width>
                </LineStyle>
            </Style>
            <Style id="525">
                <LineStyle id="526">
                    <color>ff0000ff</color>
                    <colorMode>normal</colorMode>
                    <width>3</width>
                </LineStyle>
            </Style>
            <Style id="529">
                <LineStyle id="530">
                    <color>ff0000ff</color>
                    <colorMode>normal</colorMode>
                    <width>3</width>
                </LineStyle>
            </Style>
            <Style id="533">
                <LineStyle id="534">
                    <color>ff0000ff</color>
                    <colorMode>normal</colorMode>
                    <width>3</width>
                </LineStyle>
            </Style>
            <Style id="537">
                <LineStyle id="538">
                    <color>ff0000ff</color>
                    <colorMode>normal</colorMode>
                    <width>3</width>
                </LineStyle>
            </Style>
            <Style id="541">
                <LineStyle id="542">
                    <color>ff0000ff</color>
                    <colorMode>normal</colorMode>
                    <width>3</width>
                </LineStyle>
            </Style>
            <Style id="545">
                <LineStyle id="546">
                    <color>ff0000ff</color>
                    <colorMode>normal</colorMode>
                    <width>3</width>
                </LineStyle>
            </Style>
            <Style id="549">
                <LineStyle id="550">
                    <color>ff0000ff</color>
                    <colorMode>normal</colorMode>
                    <width>3</width>
                </LineStyle>
            </Style>
            <Style id="553">
                <LineStyle id="554">
                    <color>ff0000ff</color>
                    <colorMode>normal</colorMode>
                    <width>3</width>
                </LineStyle>
            </Style>
            <Style id="557">
                <LineStyle id="558">
                    <color>ff0000ff</color>
                    <colorMode>normal</colorMode>
                    <width>3</width>
                </LineStyle>
            </Style>
            <Style id="561">
                <LineStyle id="562">
                    <color>ff0000ff</color>
                    <colorMode>normal</colorMode>
                    <width>3</width>
                </LineStyle>
            </Style>
            <Style id="565">
                <LineStyle id="566">
                    <color>ff0000ff</color>
                    <colorMode>normal</colorMode>
                    <width>3</width>
                </LineStyle>
            </Style>
            <Style id="569">
                <LineStyle id="570">
                    <color>ff0000ff</color>
                    <colorMode>normal</colorMode>
                    <width>3</width>
                </LineStyle>
            </Style>
            <Style id="573">
                <LineStyle id="574">
                    <color>ff0000ff</color>
                    <colorMode>normal</colorMode>
                    <width>3</width>
                </LineStyle>
            </Style>
            <Style id="577">
                <LineStyle id="578">
                    <color>ff0000ff</color>
                    <colorMode>normal</colorMode>
                    <width>3</width>
                </LineStyle>
            </Style>
            <Style id="581">
                <LineStyle id="582">
                    <color>ff0000ff</color>
                    <colorMode>normal</colorMode>
                    <width>3</width>
                </LineStyle>
            </Style>
            <Style id="585">
                <LineStyle id="586">
                    <color>ff0000ff</color>
                    <colorMode>normal</colorMode>
                    <width>3</width>
                </LineStyle>
            </Style>
            <Style id="589">
                <LineStyle id="590">
                    <color>ff0000ff</color>
                    <colorMode>normal</colorMode>
                    <width>3</width>
                </LineStyle>
            </Style>
            <Style id="593">
                <LineStyle id="594">
                    <color>ff0000ff</color>
                    <colorMode>normal</colorMode>
                    <width>3</width>
                </LineStyle>
            </Style>
            <Style id="597">
                <LineStyle id="598">
                    <color>ff0000ff</color>
                    <colorMode>normal</colorMode>
                    <width>3</width>
                </LineStyle>
            </Style>
            <Style id="601">
                <LineStyle id="602">
                    <color>ff0000ff</color>
                    <colorMode>normal</colorMode>
                    <width>3</width>
                </LineStyle>
            </Style>
            <Style id="605">
                <LineStyle id="606">
                    <color>ff0000ff</color>
                    <colorMode>normal</colorMode>
                    <width>3</width>
                </LineStyle>
            </Style>
            <Style id="609">
                <LineStyle id="610">
                    <color>ff0000ff</color>
                    <colorMode>normal</colorMode>
                    <width>3</width>
                </LineStyle>
            </Style>
            <Style id="613">
                <LineStyle id="614">
                    <color>ff0000ff</color>
                    <colorMode>normal</colorMode>
                    <width>3</width>
                </LineStyle>
            </Style>
            <Style id="617">
                <LineStyle id="618">
                    <color>ff0000ff</color>
                    <colorMode>normal</colorMode>
                    <width>3</width>
                </LineStyle>
            </Style>
            <Style id="621">
                <LineStyle id="622">
                    <color>ff0000ff</color>
                    <colorMode>normal</colorMode>
                    <width>3</width>
                </LineStyle>
            </Style>
            <Style id="625">
                <LineStyle id="626">
                    <color>ff0000ff</color>
                    <colorMode>normal</colorMode>
                    <width>3</width>
                </LineStyle>
            </Style>
            <Style id="629">
                <LineStyle id="630">
                    <color>ff0000ff</color>
                    <colorMode>normal</colorMode>
                    <width>3</width>
                </LineStyle>
            </Style>
            <Style id="633">
                <LineStyle id="634">
                    <color>ff0000ff</color>
                    <colorMode>normal</colorMode>
                    <width>3</width>
                </LineStyle>
            </Style>
            <Style id="637">
                <LineStyle id="638">
                    <color>ff0000ff</color>
                    <colorMode>normal</colorMode>
                    <width>3</width>
                </LineStyle>
            </Style>
            <Style id="641">
                <LineStyle id="642">
                    <color>ff0000ff</color>
                    <colorMode>normal</colorMode>
                    <width>3</width>
                </LineStyle>
            </Style>
            <Style id="645">
                <LineStyle id="646">
                    <color>ff0000ff</color>
                    <colorMode>normal</colorMode>
                    <width>3</width>
                </LineStyle>
            </Style>
            <Style id="649">
                <LineStyle id="650">
                    <color>ff0000ff</color>
                    <colorMode>normal</colorMode>
                    <width>3</width>
                </LineStyle>
            </Style>
            <Style id="653">
                <LineStyle id="654">
                    <color>ff0000ff</color>
                    <colorMode>normal</colorMode>
                    <width>3</width>
                </LineStyle>
            </Style>
            <Style id="657">
                <LineStyle id="658">
                    <color>ff0000ff</color>
                    <colorMode>normal</colorMode>
                    <width>3</width>
                </LineStyle>
            </Style>
            <Style id="661">
                <LineStyle id="662">
                    <color>ff0000ff</color>
                    <colorMode>normal</colorMode>
                    <width>3</width>
                </LineStyle>
            </Style>
            <Style id="665">
                <LineStyle id="666">
                    <color>ff0000ff</color>
                    <colorMode>normal</colorMode>
                    <width>3</width>
                </LineStyle>
            </Style>
            <Style id="669">
                <LineStyle id="670">
                    <color>ff0000ff</color>
                    <colorMode>normal</colorMode>
                    <width>3</width>
                </LineStyle>
            </Style>
            <Style id="673">
                <LineStyle id="674">
                    <color>ff0000ff</color>
                    <colorMode>normal</colorMode>
                    <width>3</width>
                </LineStyle>
            </Style>
            <Style id="677">
                <LineStyle id="678">
                    <color>ff0000ff</color>
                    <colorMode>normal</colorMode>
                    <width>3</width>
                </LineStyle>
            </Style>
            <Style id="681">
                <LineStyle id="682">
                    <color>ff0000ff</color>
                    <colorMode>normal</colorMode>
                    <width>3</width>
                </LineStyle>
            </Style>
            <Style id="685">
                <LineStyle id="686">
                    <color>ff0000ff</color>
                    <colorMode>normal</colorMode>
                    <width>3</width>
                </LineStyle>
            </Style>
            <Style id="689">
                <LineStyle id="690">
                    <color>ff0000ff</color>
                    <colorMode>normal</colorMode>
                    <width>3</width>
                </LineStyle>
            </Style>
            <Style id="693">
                <LineStyle id="694">
                    <color>ff0000ff</color>
                    <colorMode>normal</colorMode>
                    <width>3</width>
                </LineStyle>
            </Style>
            <Style id="697">
                <LineStyle id="698">
                    <color>ff0000ff</color>
                    <colorMode>normal</colorMode>
                    <width>3</width>
                </LineStyle>
            </Style>
            <Style id="701">
                <LineStyle id="702">
                    <color>ff0000ff</color>
                    <colorMode>normal</colorMode>
                    <width>3</width>
                </LineStyle>
            </Style>
            <Style id="705">
                <LineStyle id="706">
                    <color>ff0000ff</color>
                    <colorMode>normal</colorMode>
                    <width>3</width>
                </LineStyle>
            </Style>
            <name>2025-08-18 09:00</name>
            <Placemark id="468">
                <name>Rota 09:00</name>
                <styleUrl>#469</styleUrl>
                <LineString id="467">
                    <altitudeMode>clampToGround</altitudeMode>
                    <coordinates>9.940478,45.14872,0.0 9.940455,45.14874,0.0</coordinates>
                </LineString>
            </Placemark>
            <Placemark id="472">
                <name>Rota 09:01</name>
                <styleUrl>#473</styleUrl>
                <LineString id="471">
                    <altitudeMode>clampToGround</altitudeMode>
                    <coordinates>9.940443,45.14871,0.0 9.94046,45.14869,0.0</coordinates>
                </LineString>
            </Placemark>
            <Placemark id="476">
                <name>Rota 09:02</name>
                <styleUrl>#477</styleUrl>
                <LineString id="475">
                    <altitudeMode>clampToGround</altitudeMode>
                    <coordinates>9.940454,45.1487,0.0 9.940455,45.14871,0.0</coordinates>
                </LineString>
            </Placemark>
            <Placemark id="480">
                <name>Rota 09:03</name>
                <styleUrl>#481</styleUrl>
                <LineString id="479">
                    <altitudeMode>clampToGround</altitudeMode>
                    <coordinates>9.940425,45.14871,0.0 9.940454,45.14871,0.0</coordinates>
                </LineString>
            </Placemark>
            <Placemark id="484">
                <name>Rota 09:04</name>
                <styleUrl>#485</styleUrl>
                <LineString id="483">
                    <altitudeMode>clampToGround</altitudeMode>
                    <coordinates>9.94047,45.14871,0.0 9.940478,45.14871,0.0</coordinates>
                </LineString>
            </Placemark>
            <Placemark id="488">
                <name>Rota 09:05</name>
                <styleUrl>#489</styleUrl>
                <LineString id="487">
                    <altitudeMode>clampToGround</altitudeMode>
                    <coordinates>9.940494,45.14872,0.0 9.9405,45.14872,0.0</coordinates>
                </LineString>
            </Placemark>
            <Placemark id="492">
                <name>Rota 09:06</name>
                <styleUrl>#493</styleUrl>
                <LineString id="491">
                    <altitudeMode>clampToGround</altitudeMode>
                    <coordinates>9.9405,45.1487,0.0 9.940472,45.1487,0.0</coordinates>
                </LineString>
            </Placemark>
            <Placemark id="496">
                <name>Rota 09:07</name>
                <styleUrl>#497</styleUrl>
                <LineString id="495">
                    <altitudeMode>clampToGround</altitudeMode>
                    <coordinates>9.940482,45.14871,0.0 9.940476,45.14871,0.0 9.94048,45.14872,0.0</coordinates>
                </LineString>
            </Placemark>
            <Placemark id="500">
                <name>Rota 09:08</name>
                <styleUrl>#501</styleUrl>
                <LineString id="499">
                    <altitudeMode>clampToGround</altitudeMode>
                    <coordinates>9.940478,45.14872,0.0 9.940485,45.14871,0.0</coordinates>
                </LineString>
            </Placemark>
            <Placemark id="504">
                <name>Rota 09:09</name>
                <styleUrl>#505</styleUrl>
                <LineString id="503">
                    <altitudeMode>clampToGround</altitudeMode>
                    <coordinates>9.9405,45.14872,0.0 9.940489,45.14872,0.0</coordinates>
                </LineString>
            </Placemark>
            <Placemark id="508">
                <name>Rota 09:10</name>
                <styleUrl>#509</styleUrl>
                <LineString id="507">
                    <altitudeMode>clampToGround</altitudeMode>
                    <coordinates>9.940478,45.14872,0.0 9.940487,45.14872,0.0</coordinates>
                </LineString>
            </Placemark>
            <Placemark id="512">
                <name>Rota 09:11</name>
                <styleUrl>#513</styleUrl>
                <LineString id="511">
                    <altitudeMode>clampToGround</altitudeMode>
                    <coordinates>9.94049,45.14872,0.0 9.940462,45.14875,0.0</coordinates>
                </LineString>
            </Placemark>
            <Placemark id="516">
                <name>Rota 09:12</name>
                <styleUrl>#517</styleUrl>
                <LineString id="515">
                    <altitudeMode>clampToGround</altitudeMode>
                    <coordinates>9.940458,45.14876,0.0 9.940462,45.14875,0.0</coordinates>
                </LineString>
            </Placemark>
            <Placemark id="520">
                <name>Rota 09:13</name>
                <styleUrl>#521</styleUrl>
                <LineString id="519">
                    <altitudeMode>clampToGround</altitudeMode>
                    <coordinates>9.940447,45.14877,0.0 9.9404,45.14877,0.0</coordinates>
                </LineString>
            </Placemark>
            <Placemark id="524">
                <name>Rota 09:14</name>
                <styleUrl>#525</styleUrl>
                <LineString id="523">
                    <altitudeMode>clampToGround</altitudeMode>
                    <coordinates>9.940443,45.1488,0.0 9.940443,45.1488,0.0</coordinates>
                </LineString>
            </Placemark>
            <Placemark id="528">
                <name>Rota 09:15</name>
                <styleUrl>#529</styleUrl>
                <LineString id="527">
                    <altitudeMode>clampToGround</altitudeMode>
                    <coordinates>9.940472,45.14871,0.0 9.9407,45.1486,0.0 9.940706,45.14858,0.0</coordinates>
                </LineString>
            </Placemark>
            <Placemark id="532">
                <name>Rota 09:16</name>
                <styleUrl>#533</styleUrl>
                <LineString id="531">
                    <altitudeMode>clampToGround</altitudeMode>
                    <coordinates>9.940782,45.14839,0.0 9.940879,45.14838,0.0 9.940893,45.14838,0.0 9.941298,45.14837,0.0 9.941401,45.14793,0.0 9.941393,45.14789,0.0 9.941214,45.14759,0.0</coordinates>
                </LineString>
            </Placemark>
            <Placemark id="536">
                <name>Rota 09:17</name>
                <styleUrl>#537</styleUrl>
                <LineString id="535">
                    <altitudeMode>clampToGround</altitudeMode>
                    <coordinates>9.941045,45.14739,0.0 9.941049,45.14738,0.0 9.941065,45.14727,0.0 9.941107,45.14715,0.0 9.941107,45.14713,0.0</coordinates>
                </LineString>
            </Placemark>
            <Placemark id="540">
                <name>Rota 09:18</name>
                <styleUrl>#541</styleUrl>
                <LineString id="539">
                    <altitudeMode>clampToGround</altitudeMode>
                    <coordinates>9.941288,45.1471,0.0 9.941152,45.14705,0.0 9.941085,45.14688,0.0 9.941073,45.14681,0.0 9.941056,45.1467,0.0</coordinates>
                </LineString>
            </Placemark>
            <Placemark id="544">
                <name>Rota 09:19</name>
                <styleUrl>#545</styleUrl>
                <LineString id="543">
                    <altitudeMode>clampToGround</altitudeMode>
                    <coordinates>9.941125,45.14668,0.0 9.941122,45.14667,0.0</coordinates>
                </LineString>
            </Placemark>
            <Placemark id="548">
                <name>Rota 09:20</name>
                <styleUrl>#549</styleUrl>
                <LineString id="547">
                    <altitudeMode>clampToGround</altitudeMode>
                    <coordinates>9.941118,45.14668,0.0 9.941087,45.14663,0.0</coordinates>
                </LineString>
            </Placemark>
            <Placemark id="552">
                <name>Rota 09:21</name>
                <styleUrl>#553</styleUrl>
                <LineString id="551">
                    <altitudeMode>clampToGround</altitudeMode>
                    <coordinates>9.941058,45.14663,0.0 9.941022,45.14661,0.0</coordinates>
                </LineString>
            </Placemark>
            <Placemark id="556">
                <name>Rota 09:22</name>
                <styleUrl>#557</styleUrl>
                <LineString id="555">
                    <altitudeMode>clampToGround</altitudeMode>
                    <coordinates>9.941042,45.14664,0.0 9.941062,45.14663,0.0</coordinates>
                </LineString>
            </Placemark>
            <Placemark id="560">
                <name>Rota 09:23</name>
                <styleUrl>#561</styleUrl>
                <LineString id="559">
                    <altitudeMode>clampToGround</altitudeMode>
                    <coordinates>9.941065,45.14663,0.0 9.941082,45.14663,0.0</coordinates>
                </LineString>
            </Placemark>
            <Placemark id="564">
                <name>Rota 09:24</name>
                <styleUrl>#565</styleUrl>
                <LineString id="563">
                    <altitudeMode>clampToGround</altitudeMode>
                    <coordinates>9.941092,45.14666,0.0 9.941082,45.14666,0.0</coordinates>
                </LineString>
            </Placemark>
            <Placemark id="568">
                <name>Rota 09:25</name>
                <styleUrl>#569</styleUrl>
                <LineString id="567">
                    <altitudeMode>clampToGround</altitudeMode>
                    <coordinates>9.941152,45.14665,0.0 9.94113,45.14665,0.0</coordinates>
                </LineString>
            </Placemark>
            <Placemark id="572">
                <name>Rota 09:26</name>
                <styleUrl>#573</styleUrl>
                <LineString id="571">
                    <altitudeMode>clampToGround</altitudeMode>
                    <coordinates>9.941132,45.14666,0.0 9.94109,45.14665,0.0</coordinates>
                </LineString>
            </Placemark>
            <Placemark id="576">
                <name>Rota 09:27</name>
                <styleUrl>#577</styleUrl>
                <LineString id="575">
                    <altitudeMode>clampToGround</altitudeMode>
                    <coordinates>9.941017,45.14668,0.0 9.941017,45.14668,0.0 9.941025,45.14667,0.0</coordinates>
                </LineString>
            </Placemark>
            <Placemark id="580">
                <name>Rota 09:28</name>
                <styleUrl>#581</styleUrl>
                <LineString id="579">
                    <altitudeMode>clampToGround</altitudeMode>
                    <coordinates>9.94102,45.14669,0.0 9.941072,45.14673,0.0</coordinates>
                </LineString>
            </Placemark>
            <Placemark id="584">
                <name>Rota 09:29</name>
                <styleUrl>#585</styleUrl>
                <LineString id="583">
                    <altitudeMode>clampToGround</altitudeMode>
                    <coordinates>9.941056,45.14674,0.0 9.94104,45.1467,0.0</coordinates>
                </LineString>
            </Placemark>
            <Placemark id="588">
                <name>Rota 09:30</name>
                <styleUrl>#589</styleUrl>
                <LineString id="587">
                    <altitudeMode>clampToGround</altitudeMode>
                    <coordinates>9.941036,45.1467,0.0 9.94103,45.14671,0.0</coordinates>
                </LineString>
            </Placemark>
            <Placemark id="592">
                <name>Rota 09:31</name>
                <styleUrl>#593</styleUrl>
                <LineString id="591">
                    <altitudeMode>clampToGround</altitudeMode>
                    <coordinates>9.941063,45.14666,0.0 9.941035,45.14666,0.0</coordinates>
                </LineString>
            </Placemark>
            <Placemark id="596">
                <name>Rota 09:32</name>
                <styleUrl>#597</styleUrl>
                <LineString id="595">
                    <altitudeMode>clampToGround</altitudeMode>
                    <coordinates>9.941038,45.14665,0.0 9.941055,45.14666,0.0</coordinates>
                </LineString>
            </Placemark>
            <Placemark id="600">
                <name>Rota 09:33</name>
                <styleUrl>#601</styleUrl>
                <LineString id="599">
                    <altitudeMode>clampToGround</altitudeMode>
                    <coordinates>9.94106,45.14668,0.0 9.94114,45.14667,0.0</coordinates>
                </LineString>
            </Placemark>
            <Placemark id="604">
                <name>Rota 09:34</name>
                <styleUrl>#605</styleUrl>
                <LineString id="603">
                    <altitudeMode>clampToGround</altitudeMode>
                    <coordinates>9.941321,45.14672,0.0 9.941156,45.14666,0.0</coordinates>
                </LineString>
            </Placemark>
            <Placemark id="608">
                <name>Rota 09:35</name>
                <styleUrl>#609</styleUrl>
                <LineString id="607">
                    <altitudeMode>clampToGround</altitudeMode>
                    <coordinates>9.941175,45.14666,0.0 9.941187,45.14666,0.0</coordinates>
                </LineString>
            </Placemark>
            <Placemark id="612">
                <name>Rota 09:36</name>
                <styleUrl>#613</styleUrl>
                <LineString id="611">
                    <altitudeMode>clampToGround</altitudeMode>
                    <coordinates>9.941212,45.14665,0.0 9.94121,45.14666,0.0</coordinates>
                </LineString>
            </Placemark>
            <Placemark id="616">
                <name>Rota 09:37</name>
                <styleUrl>#617</styleUrl>
                <LineString id="615">
                    <altitudeMode>clampToGround</altitudeMode>
                    <coordinates>9.941203,45.14671,0.0 9.941236,45.14666,0.0 9.941236,45.14666,0.0 9.941247,45.14664,0.0 9.941223,45.14658,0.0</coordinates>
                </LineString>
            </Placemark>
            <Placemark id="620">
                <name>Rota 09:38</name>
                <styleUrl>#621</styleUrl>
                <LineString id="619">
                    <altitudeMode>clampToGround</altitudeMode>
                    <coordinates>9.941252,45.1466,0.0 9.9414,45.14637,0.0</coordinates>
                </LineString>
            </Placemark>
            <Placemark id="624">
                <name>Rota 09:39</name>
                <styleUrl>#625</styleUrl>
                <LineString id="623">
                    <altitudeMode>clampToGround</altitudeMode>
                    <coordinates>9.941357,45.14643,0.0 9.941295,45.14655,0.0</coordinates>
                </LineString>
            </Placemark>
            <Placemark id="628">
                <name>Rota 09:40</name>
                <styleUrl>#629</styleUrl>
                <LineString id="627">
                    <altitudeMode>clampToGround</altitudeMode>
                    <coordinates>9.941202,45.14658,0.0 9.941167,45.14657,0.0</coordinates>
                </LineString>
            </Placemark>
            <Placemark id="632">
                <name>Rota 09:41</name>
                <styleUrl>#633</styleUrl>
                <LineString id="631">
                    <altitudeMode>clampToGround</altitudeMode>
                    <coordinates>9.941168,45.14658,0.0 9.941198,45.14657,0.0</coordinates>
                </LineString>
            </Placemark>
            <Placemark id="636">
                <name>Rota 09:42</name>
                <styleUrl>#637</styleUrl>
                <LineString id="635">
                    <altitudeMode>clampToGround</altitudeMode>
                    <coordinates>9.94118,45.14661,0.0 9.941136,45.14661,0.0</coordinates>
                </LineString>
            </Placemark>
            <Placemark id="640">
                <name>Rota 09:43</name>
                <styleUrl>#641</styleUrl>
                <LineString id="639">
                    <altitudeMode>clampToGround</altitudeMode>
                    <coordinates>9.94121,45.1467,0.0 9.941182,45.1467,0.0</coordinates>
                </LineString>
            </Placemark>
            <Placemark id="644">
                <name>Rota 09:44</name>
                <styleUrl>#645</styleUrl>
                <LineString id="643">
                    <altitudeMode>clampToGround</altitudeMode>
                    <coordinates>9.941194,45.14669,0.0 9.94117,45.14666,0.0</coordinates>
                </LineString>
            </Placemark>
            <Placemark id="648">
                <name>Rota 09:45</name>
                <styleUrl>#649</styleUrl>
                <LineString id="647">
                    <altitudeMode>clampToGround</altitudeMode>
                    <coordinates>9.941183,45.14669,0.0 9.941215,45.14682,0.0 9.941238,45.14692,0.0 9.941254,45.14708,0.0</coordinates>
                </LineString>
            </Placemark>
            <Placemark id="652">
                <name>Rota 09:46</name>
                <styleUrl>#653</styleUrl>
                <LineString id="651">
                    <altitudeMode>clampToGround</altitudeMode>
                    <coordinates>9.941202,45.14714,0.0 9.941365,45.14721,0.0 9.94126,45.14714,0.0 9.941098,45.14708,0.0 9.941085,45.14706,0.0 9.941265,45.14709,0.0</coordinates>
                </LineString>
            </Placemark>
            <Placemark id="656">
                <name>Rota 09:47</name>
                <styleUrl>#657</styleUrl>
                <LineString id="655">
                    <altitudeMode>clampToGround</altitudeMode>
                    <coordinates>9.941172,45.14711,0.0 9.941138,45.14703,0.0 9.941118,45.14692,0.0 9.941087,45.14682,0.0 9.941118,45.14674,0.0</coordinates>
                </LineString>
            </Placemark>
            <Placemark id="660">
                <name>Rota 09:48</name>
                <styleUrl>#661</styleUrl>
                <LineString id="659">
                    <altitudeMode>clampToGround</altitudeMode>
                    <coordinates>9.941125,45.14674,0.0 9.941123,45.14672,0.0</coordinates>
                </LineString>
            </Placemark>
            <Placemark id="664">
                <name>Rota 09:49</name>
                <styleUrl>#665</styleUrl>
                <LineString id="663">
                    <altitudeMode>clampToGround</altitudeMode>
                    <coordinates>9.941123,45.14674,0.0 9.941103,45.14671,0.0</coordinates>
                </LineString>
            </Placemark>
            <Placemark id="668">
                <name>Rota 09:50</name>
                <styleUrl>#669</styleUrl>
                <LineString id="667">
                    <altitudeMode>clampToGround</altitudeMode>
                    <coordinates>9.941113,45.14672,0.0 9.941112,45.14673,0.0</coordinates>
                </LineString>
            </Placemark>
            <Placemark id="672">
                <name>Rota 09:51</name>
                <styleUrl>#673</styleUrl>
                <LineString id="671">
                    <altitudeMode>clampToGround</altitudeMode>
                    <coordinates>9.941125,45.14673,0.0 9.941109,45.14671,0.0</coordinates>
                </LineString>
            </Placemark>
            <Placemark id="676">
                <name>Rota 09:52</name>
                <styleUrl>#677</styleUrl>
                <LineString id="675">
                    <altitudeMode>clampToGround</altitudeMode>
                    <coordinates>9.941098,45.14672,0.0 9.94105,45.14673,0.0</coordinates>
                </LineString>
            </Placemark>
            <Placemark id="680">
                <name>Rota 09:53</name>
                <styleUrl>#681</styleUrl>
                <LineString id="679">
                    <altitudeMode>clampToGround</altitudeMode>
                    <coordinates>9.941051,45.14674,0.0 9.941073,45.14675,0.0</coordinates>
                </LineString>
            </Placemark>
            <Placemark id="684">
                <name>Rota 09:54</name>
                <styleUrl>#685</styleUrl>
                <LineString id="683">
                    <altitudeMode>clampToGround</altitudeMode>
                    <coordinates>9.941096,45.14678,0.0 9.941092,45.14682,0.0</coordinates>
                </LineString>
            </Placemark>
            <Placemark id="688">
                <name>Rota 09:55</name>
                <styleUrl>#689</styleUrl>
                <LineString id="687">
                    <altitudeMode>clampToGround</altitudeMode>
                    <coordinates>9.941087,45.14677,0.0 9.941109,45.14679,0.0</coordinates>
                </LineString>
            </Placemark>
            <Placemark id="692">
                <name>Rota 09:56</name>
                <styleUrl>#693</styleUrl>
                <LineString id="691">
                    <altitudeMode>clampToGround</altitudeMode>
                    <coordinates>9.941135,45.14679,0.0 9.941103,45.14679,0.0</coordinates>
                </LineString>
            </Placemark>
            <Placemark id="696">
                <name>Rota 09:57</name>
                <styleUrl>#697</styleUrl>
                <LineString id="695">
                    <altitudeMode>clampToGround</altitudeMode>
                    <coordinates>9.94118,45.1468,0.0 9.941135,45.1468,0.0 9.941118,45.1468,0.0</coordinates>
                </LineString>
            </Placemark>
            <Placemark id="700">
                <name>Rota 09:58</name>
                <styleUrl>#701</styleUrl>
                <LineString id="699">
                    <altitudeMode>clampToGround</altitudeMode>
                    <coordinates>9.941113,45.1468,0.0 9.941176,45.14682,0.0</coordinates>
                </LineString>
            </Placemark>
            <Placemark id="704">
                <name>Rota 09:59</name>
                <styleUrl>#705</styleUrl>
                <LineString id="703">
                    <altitudeMode>clampToGround</altitudeMode>
                    <coordinates>9.941221,45.14682,0.0 9.941174,45.1468,0.0</coordinates>
                </LineString>
            </Placemark>
        </Folder>
        <Folder id="707">
            <Style id="710">
                <LineStyle id="711">
                    <color>ff0000ff</color>
                    <colorMode>normal</colorMode>
                    <width>3</width>
                </LineStyle>
            </Style>
            <Style id="714">
                <LineStyle id="715">
                    <color>ff0000ff</color>
                    <colorMode>normal</colorMode>
                    <width>3</width>
                </LineStyle>
            </Style>
            <Style id="718">
                <LineStyle id="719">
                    <color>ff0000ff</color>
                    <colorMode>normal</colorMode>
                    <width>3</width>
                </LineStyle>
            </Style>
            <Style id="722">
                <LineStyle id="723">
                    <color>ff0000ff</color>
                    <colorMode>normal</colorMode>
                    <width>3</width>
                </LineStyle>
            </Style>
            <Style id="726">
                <LineStyle id="727">
                    <color>ff0000ff</color>
                    <colorMode>normal</colorMode>
                    <width>3</width>
                </LineStyle>
            </Style>
            <Style id="730">
                <LineStyle id="731">
                    <color>ff0000ff</color>
                    <colorMode>normal</colorMode>
                    <width>3</width>
                </LineStyle>
            </Style>
            <Style id="734">
                <LineStyle id="735">
                    <color>ff0000ff</color>
                    <colorMode>normal</colorMode>
                    <width>3</width>
                </LineStyle>
            </Style>
            <Style id="738">
                <LineStyle id="739">
                    <color>ff0000ff</color>
                    <colorMode>normal</colorMode>
                    <width>3</width>
                </LineStyle>
            </Style>
            <Style id="742">
                <LineStyle id="743">
                    <color>ff0000ff</color>
                    <colorMode>normal</colorMode>
                    <width>3</width>
                </LineStyle>
            </Style>
            <Style id="746">
                <LineStyle id="747">
                    <color>ff0000ff</color>
                    <colorMode>normal</colorMode>
                    <width>3</width>
                </LineStyle>
            </Style>
            <Style id="750">
                <LineStyle id="751">
                    <color>ff0000ff</color>
                    <colorMode>normal</colorMode>
                    <width>3</width>
                </LineStyle>
            </Style>
            <Style id="754">
                <LineStyle id="755">
                    <color>ff0000ff</color>
                    <colorMode>normal</colorMode>
                    <width>3</width>
                </LineStyle>
            </Style>
            <Style id="758">
                <LineStyle id="759">
                    <color>ff0000ff</color>
                    <colorMode>normal</colorMode>
                    <width>3</width>
                </LineStyle>
            </Style>
            <Style id="762">
                <LineStyle id="763">
                    <color>ff0000ff</color>
                    <colorMode>normal</colorMode>
                    <width>3</width>
                </LineStyle>
            </Style>
            <Style id="766">
                <LineStyle id="767">
                    <color>ff0000ff</color>
                    <colorMode>normal</colorMode>
                    <width>3</width>
                </LineStyle>
            </Style>
            <Style id="770">
                <LineStyle id="771">
                    <color>ff0000ff</color>
                    <colorMode>normal</colorMode>
                    <width>3</width>
                </LineStyle>
            </Style>
            <Style id="774">
                <LineStyle id="775">
                    <color>ff0000ff</color>
                    <colorMode>normal</colorMode>
                    <width>3</width>
                </LineStyle>
            </Style>
            <Style id="778">
                <LineStyle id="779">
                    <color>ff0000ff</color>
                    <colorMode>normal</colorMode>
                    <width>3</width>
                </LineStyle>
            </Style>
            <Style id="782">
                <LineStyle id="783">
                    <color>ff0000ff</color>
                    <colorMode>normal</colorMode>
                    <width>3</width>
                </LineStyle>
            </Style>
            <Style id="786">
                <LineStyle id="787">
                    <color>ff0000ff</color>
                    <colorMode>normal</colorMode>
                    <width>3</width>
                </LineStyle>
            </Style>
            <Style id="790">
                <LineStyle id="791">
                    <color>ff0000ff</color>
                    <colorMode>normal</colorMode>
                    <width>3</width>
                </LineStyle>
            </Style>
            <Style id="794">
                <LineStyle id="795">
                    <color>ff0000ff</color>
                    <colorMode>normal</colorMode>
                    <width>3</width>
                </LineStyle>
            </Style>
            <Style id="798">
                <LineStyle id="799">
                    <color>ff0000ff</color>
                    <colorMode>normal</colorMode>
                    <width>3</width>
                </LineStyle>
            </Style>
            <Style id="802">
                <LineStyle id="803">
                    <color>ff0000ff</color>
                    <colorMode>normal</colorMode>
                    <width>3</width>
                </LineStyle>
            </Style>
            <Style id="806">
                <LineStyle id="807">
                    <color>ff0000ff</color>
                    <colorMode>normal</colorMode>
                    <width>3</width>
                </LineStyle>
            </Style>
            <Style id="810">
                <LineStyle id="811">
                    <color>ff0000ff</color>
                    <colorMode>normal</colorMode>
                    <width>3</width>
                </LineStyle>
            </Style>
            <Style id="814">
                <LineStyle id="815">
                    <color>ff0000ff</color>
                    <colorMode>normal</colorMode>
                    <width>3</width>
                </LineStyle>
            </Style>
            <Style id="818">
                <LineStyle id="819">
                    <color>ff0000ff</color>
                    <colorMode>normal</colorMode>
                    <width>3</width>
                </LineStyle>
            </Style>
            <Style id="822">
                <LineStyle id="823">
                    <color>ff0000ff</color>
                    <colorMode>normal</colorMode>
                    <width>3</width>
                </LineStyle>
            </Style>
            <Style id="826">
                <LineStyle id="827">
                    <color>ff0000ff</color>
                    <colorMode>normal</colorMode>
                    <width>3</width>
                </LineStyle>
            </Style>
            <Style id="830">
                <LineStyle id="831">
                    <color>ff0000ff</color>
                    <colorMode>normal</colorMode>
                    <width>3</width>
                </LineStyle>
            </Style>
            <Style id="834">
                <LineStyle id="835">
                    <color>ff0000ff</color>
                    <colorMode>normal</colorMode>
                    <width>3</width>
                </LineStyle>
            </Style>
            <Style id="838">
                <LineStyle id="839">
                    <color>ff0000ff</color>
                    <colorMode>normal</colorMode>
                    <width>3</width>
                </LineStyle>
            </Style>
            <Style id="842">
                <LineStyle id="843">
                    <color>ff0000ff</color>
                    <colorMode>normal</colorMode>
                    <width>3</width>
                </LineStyle>
            </Style>
            <Style id="846">
                <LineStyle id="847">
                    <color>ff0000ff</color>
                    <colorMode>normal</colorMode>
                    <width>3</width>
                </LineStyle>
            </Style>
            <Style id="850">
                <LineStyle id="851">
                    <color>ff0000ff</color>
                    <colorMode>normal</colorMode>
                    <width>3</width>
                </LineStyle>
            </Style>
            <Style id="854">
                <LineStyle id="855">
                    <color>ff0000ff</color>
                    <colorMode>normal</colorMode>
                    <width>3</width>
                </LineStyle>
            </Style>
            <Style id="858">
                <LineStyle id="859">
                    <color>ff0000ff</color>
                    <colorMode>normal</colorMode>
                    <width>3</width>
                </LineStyle>
            </Style>
            <Style id="862">
                <LineStyle id="863">
                    <color>ff0000ff</color>
                    <colorMode>normal</colorMode>
                    <width>3</width>
                </LineStyle>
            </Style>
            <Style id="866">
                <LineStyle id="867">
                    <color>ff0000ff</color>
                    <colorMode>normal</colorMode>
                    <width>3</width>
                </LineStyle>
            </Style>
            <Style id="870">
                <LineStyle id="871">
                    <color>ff0000ff</color>
                    <colorMode>normal</colorMode>
                    <width>3</width>
                </LineStyle>
            </Style>
            <Style id="874">
                <LineStyle id="875">
                    <color>ff0000ff</color>
                    <colorMode>normal</colorMode>
                    <width>3</width>
                </LineStyle>
            </Style>
            <Style id="878">
                <LineStyle id="879">
                    <color>ff0000ff</color>
                    <colorMode>normal</colorMode>
                    <width>3</width>
                </LineStyle>
            </Style>
            <Style id="882">
                <LineStyle id="883">
                    <color>ff0000ff</color>
                    <colorMode>normal</colorMode>
                    <width>3</width>
                </LineStyle>
            </Style>
            <Style id="886">
                <LineStyle id="887">
                    <color>ff0000ff</color>
                    <colorMode>normal</colorMode>
                    <width>3</width>
                </LineStyle>
            </Style>
            <Style id="890">
                <LineStyle id="891">
                    <color>ff0000ff</color>
                    <colorMode>normal</colorMode>
                    <width>3</width>
                </LineStyle>
            </Style>
            <Style id="894">
                <LineStyle id="895">
                    <color>ff0000ff</color>
                    <colorMode>normal</colorMode>
                    <width>3</width>
                </LineStyle>
            </Style>
            <Style id="898">
                <LineStyle id="899">
                    <color>ff0000ff</color>
                    <colorMode>normal</colorMode>
                    <width>3</width>
                </LineStyle>
            </Style>
            <Style id="902">
                <LineStyle id="903">
                    <color>ff0000ff</color>
                    <colorMode>normal</colorMode>
                    <width>3</width>
                </LineStyle>
            </Style>
            <Style id="906">
                <LineStyle id="907">
                    <color>ff0000ff</color>
                    <colorMode>normal</colorMode>
                    <width>3</width>
                </LineStyle>
            </Style>
            <Style id="910">
                <LineStyle id="911">
                    <color>ff0000ff</color>
                    <colorMode>normal</colorMode>
                    <width>3</width>
                </LineStyle>
            </Style>
            <Style id="914">
                <LineStyle id="915">
                    <color>ff0000ff</color>
                    <colorMode>normal</colorMode>
                    <width>3</width>
                </LineStyle>
            </Style>
            <Style id="918">
                <LineStyle id="919">
                    <color>ff0000ff</color>
                    <colorMode>normal</colorMode>
                    <width>3</width>
                </LineStyle>
            </Style>
            <Style id="922">
                <LineStyle id="923">
                    <color>ff0000ff</color>
                    <colorMode>normal</colorMode>
                    <width>3</width>
                </LineStyle>
            </Style>
            <Style id="926">
                <LineStyle id="927">
                    <color>ff0000ff</color>
                    <colorMode>normal</colorMode>
                    <width>3</width>
                </LineStyle>
            </Style>
            <Style id="930">
                <LineStyle id="931">
                    <color>ff0000ff</color>
                    <colorMode>normal</colorMode>
                    <width>3</width>
                </LineStyle>
            </Style>
            <Style id="934">
                <LineStyle id="935">
                    <color>ff0000ff</color>
                    <colorMode>normal</colorMode>
                    <width>3</width>
                </LineStyle>
            </Style>
            <Style id="938">
                <LineStyle id="939">
                    <color>ff0000ff</color>
                    <colorMode>normal</colorMode>
                    <width>3</width>
                </LineStyle>
            </Style>
            <Style id="942">
                <LineStyle id="943">
                    <color>ff0000ff</color>
                    <colorMode>normal</colorMode>
                    <width>3</width>
                </LineStyle>
            </Style>
            <Style id="946">
                <LineStyle id="947">
                    <color>ff0000ff</color>
                    <colorMode>normal</colorMode>
                    <width>3</width>
                </LineStyle>
            </Style>
            <name>2025-08-18 10:00</name>
            <Placemark id="709">
                <name>Rota 10:00</name>
                <styleUrl>#710</styleUrl>
                <LineString id="708">
                    <altitudeMode>clampToGround</altitudeMode>
                    <coordinates>9.941122,45.14678,0.0 9.941058,45.14677,0.0</coordinates>
                </LineString>
            </Placemark>
            <Placemark id="713">
                <name>Rota 10:01</name>
                <styleUrl>#714</styleUrl>
                <LineString id="712">
                    <altitudeMode>clampToGround</altitudeMode>
                    <coordinates>9.941138,45.14678,0.0 9.941221,45.14685,0.0</coordinates>
                </LineString>
            </Placemark>
            <Placemark id="717">
                <name>Rota 10:02</name>
                <styleUrl>#718</styleUrl>
                <LineString id="716">
                    <altitudeMode>clampToGround</altitudeMode>
                    <coordinates>9.941045,45.14678,0.0 9.941036,45.14678,0.0</coordinates>
                </LineString>
            </Placemark>
            <Placemark id="721">
                <name>Rota 10:03</name>
                <styleUrl>#722</styleUrl>
                <LineString id="720">
                    <altitudeMode>clampToGround</altitudeMode>
                    <coordinates>9.941051,45.14679,0.0 9.94107,45.1468,0.0</coordinates>
                </LineString>
            </Placemark>
            <Placemark id="725">
                <name>Rota 10:04</name>
                <styleUrl>#726</styleUrl>
                <LineString id="724">
                    <altitudeMode>clampToGround</altitudeMode>
                    <coordinates>9.941154,45.14685,0.0 9.941035,45.14679,0.0</coordinates>
                </LineString>
            </Placemark>
            <Placemark id="729">
                <name>Rota 10:05</name>
                <styleUrl>#730</styleUrl>
                <LineString id="728">
                    <altitudeMode>clampToGround</altitudeMode>
                    <coordinates>9.940958,45.1468,0.0 9.941,45.1468,0.0</coordinates>
                </LineString>
            </Placemark>
            <Placemark id="733">
                <name>Rota 10:06</name>
                <styleUrl>#734</styleUrl>
                <LineString id="732">
                    <altitudeMode>clampToGround</altitudeMode>
                    <coordinates>9.941017,45.14682,0.0 9.941069,45.14691,0.0 9.941073,45.14697,0.0</coordinates>
                </LineString>
            </Placemark>
            <Placemark id="737">
                <name>Rota 10:07</name>
                <styleUrl>#738</styleUrl>
                <LineString id="736">
                    <altitudeMode>clampToGround</altitudeMode>
                    <coordinates>9.941194,45.14706,0.0 9.941109,45.147,0.0 9.941187,45.14698,0.0 9.94119,45.14698,0.0</coordinates>
                </LineString>
            </Placemark>
            <Placemark id="741">
                <name>Rota 10:08</name>
                <styleUrl>#742</styleUrl>
                <LineString id="740">
                    <altitudeMode>clampToGround</altitudeMode>
                    <coordinates>9.941189,45.14697,0.0 9.941118,45.14687,0.0 9.94105,45.14673,0.0</coordinates>
                </LineString>
            </Placemark>
            <Placemark id="745">
                <name>Rota 10:09</name>
                <styleUrl>#746</styleUrl>
                <LineString id="744">
                    <altitudeMode>clampToGround</altitudeMode>
                    <coordinates>9.941051,45.14674,0.0 9.941082,45.14674,0.0</coordinates>
                </LineString>
            </Placemark>
            <Placemark id="749">
                <name>Rota 10:10</name>
                <styleUrl>#750</styleUrl>
                <LineString id="748">
                    <altitudeMode>clampToGround</altitudeMode>
                    <coordinates>9.941025,45.14673,0.0 9.941065,45.14672,0.0</coordinates>
                </LineString>
            </Placemark>
            <Placemark id="753">
                <name>Rota 10:11</name>
                <styleUrl>#754</styleUrl>
                <LineString id="752">
                    <altitudeMode>clampToGround</altitudeMode>
                    <coordinates>9.941107,45.14669,0.0 9.941096,45.14669,0.0</coordinates>
                </LineString>
            </Placemark>
            <Placemark id="757">
                <name>Rota 10:12</name>
                <styleUrl>#758</styleUrl>
                <LineString id="756">
                    <altitudeMode>clampToGround</altitudeMode>
                    <coordinates>9.9411,45.14668,0.0 9.941082,45.14669,0.0</coordinates>
                </LineString>
            </Placemark>
            <Placemark id="761">
                <name>Rota 10:13</name>
                <styleUrl>#762</styleUrl>
                <LineString id="760">
                    <altitudeMode>clampToGround</altitudeMode>
                    <coordinates>9.941203,45.14677,0.0 9.941678,45.14677,0.0</coordinates>
                </LineString>
            </Placemark>
            <Placemark id="765">
                <name>Rota 10:14</name>
                <styleUrl>#766</styleUrl>
                <LineString id="764">
                    <altitudeMode>clampToGround</altitudeMode>
                    <coordinates>9.941704,45.14683,0.0 9.941727,45.14677,0.0</coordinates>
                </LineString>
            </Placemark>
            <Placemark id="769">
                <name>Rota 10:15</name>
                <styleUrl>#770</styleUrl>
                <LineString id="768">
                    <altitudeMode>clampToGround</altitudeMode>
                    <coordinates>9.941738,45.14673,0.0 9.941715,45.14674,0.0</coordinates>
                </LineString>
            </Placemark>
            <Placemark id="773">
                <name>Rota 10:16</name>
                <styleUrl>#774</styleUrl>
                <LineString id="772">
                    <altitudeMode>clampToGround</altitudeMode>
                    <coordinates>9.941582,45.14669,0.0 9.941586,45.14669,0.0</coordinates>
                </LineString>
            </Placemark>
            <Placemark id="777">
                <name>Rota 10:17</name>
                <styleUrl>#778</styleUrl>
                <LineString id="776">
                    <altitudeMode>clampToGround</altitudeMode>
                    <coordinates>9.941635,45.14671,0.0 9.941625,45.14671,0.0 9.941625,45.14671,0.0</coordinates>
                </LineString>
            </Placemark>
            <Placemark id="781">
                <name>Rota 10:18</name>
                <styleUrl>#782</styleUrl>
                <LineString id="780">
                    <altitudeMode>clampToGround</altitudeMode>
                    <coordinates>9.94154,45.14672,0.0 9.941209,45.14672,0.0</coordinates>
                </LineString>
            </Placemark>
            <Placemark id="785">
                <name>Rota 10:19</name>
                <styleUrl>#786</styleUrl>
                <LineString id="784">
                    <altitudeMode>clampToGround</altitudeMode>
                    <coordinates>9.941158,45.14672,0.0 9.941089,45.14672,0.0</coordinates>
                </LineString>
            </Placemark>
            <Placemark id="789">
                <name>Rota 10:20</name>
                <styleUrl>#790</styleUrl>
                <LineString id="788">
                    <altitudeMode>clampToGround</altitudeMode>
                    <coordinates>9.941107,45.14673,0.0 9.941125,45.14673,0.0</coordinates>
                </LineString>
            </Placemark>
            <Placemark id="793">
                <name>Rota 10:21</name>
                <styleUrl>#794</styleUrl>
                <LineString id="792">
                    <altitudeMode>clampToGround</altitudeMode>
                    <coordinates>9.941132,45.14673,0.0 9.941136,45.14673,0.0</coordinates>
                </LineString>
            </Placemark>
            <Placemark id="797">
                <name>Rota 10:22</name>
                <styleUrl>#798</styleUrl>
                <LineString id="796">
                    <altitudeMode>clampToGround</altitudeMode>
                    <coordinates>9.941172,45.14672,0.0 9.941212,45.14672,0.0</coordinates>
                </LineString>
            </Placemark>
            <Placemark id="801">
                <name>Rota 10:23</name>
                <styleUrl>#802</styleUrl>
                <LineString id="800">
                    <altitudeMode>clampToGround</altitudeMode>
                    <coordinates>9.941162,45.14671,0.0 9.94116,45.14672,0.0</coordinates>
                </LineString>
            </Placemark>
            <Placemark id="805">
                <name>Rota 10:24</name>
                <styleUrl>#806</styleUrl>
                <LineString id="804">
                    <altitudeMode>clampToGround</altitudeMode>
                    <coordinates>9.94116,45.14674,0.0 9.941154,45.14677,0.0</coordinates>
                </LineString>
            </Placemark>
            <Placemark id="809">
                <name>Rota 10:25</name>
                <styleUrl>#810</styleUrl>
                <LineString id="808">
                    <altitudeMode>clampToGround</altitudeMode>
                    <coordinates>9.941168,45.14679,0.0 9.941183,45.14681,0.0</coordinates>
                </LineString>
            </Placemark>
            <Placemark id="813">
                <name>Rota 10:26</name>
                <styleUrl>#814</styleUrl>
                <LineString id="812">
                    <altitudeMode>clampToGround</altitudeMode>
                    <coordinates>9.94119,45.14686,0.0 9.94115,45.14684,0.0</coordinates>
                </LineString>
            </Placemark>
            <Placemark id="817">
                <name>Rota 10:27</name>
                <styleUrl>#818</styleUrl>
                <LineString id="816">
                    <altitudeMode>clampToGround</altitudeMode>
                    <coordinates>9.941112,45.14684,0.0 9.941175,45.14682,0.0 9.941192,45.14682,0.0</coordinates>
                </LineString>
            </Placemark>
            <Placemark id="821">
                <name>Rota 10:28</name>
                <styleUrl>#822</styleUrl>
                <LineString id="820">
                    <altitudeMode>clampToGround</altitudeMode>
                    <coordinates>9.941216,45.14684,0.0 9.941092,45.14678,0.0</coordinates>
                </LineString>
            </Placemark>
            <Placemark id="825">
                <name>Rota 10:29</name>
                <styleUrl>#826</styleUrl>
                <LineString id="824">
                    <altitudeMode>clampToGround</altitudeMode>
                    <coordinates>9.941109,45.14676,0.0 9.941154,45.14679,0.0</coordinates>
                </LineString>
            </Placemark>
            <Placemark id="829">
                <name>Rota 10:30</name>
                <styleUrl>#830</styleUrl>
                <LineString id="828">
                    <altitudeMode>clampToGround</altitudeMode>
                    <coordinates>9.941203,45.14677,0.0 9.941202,45.14676,0.0</coordinates>
                </LineString>
            </Placemark>
            <Placemark id="833">
                <name>Rota 10:31</name>
                <styleUrl>#834</styleUrl>
                <LineString id="832">
                    <altitudeMode>clampToGround</altitudeMode>
                    <coordinates>9.941136,45.14681,0.0 9.941172,45.14683,0.0</coordinates>
                </LineString>
            </Placemark>
            <Placemark id="837">
                <name>Rota 10:32</name>
                <styleUrl>#838</styleUrl>
                <LineString id="836">
                    <altitudeMode>clampToGround</altitudeMode>
                    <coordinates>9.94113,45.14681,0.0 9.941105,45.14683,0.0</coordinates>
                </LineString>
            </Placemark>
            <Placemark id="841">
                <name>Rota 10:33</name>
                <styleUrl>#842</styleUrl>
                <LineString id="840">
                    <altitudeMode>clampToGround</altitudeMode>
                    <coordinates>9.941105,45.14682,0.0 9.94114,45.14679,0.0</coordinates>
                </LineString>
            </Placemark>
            <Placemark id="845">
                <name>Rota 10:34</name>
                <styleUrl>#846</styleUrl>
                <LineString id="844">
                    <altitudeMode>clampToGround</altitudeMode>
                    <coordinates>9.941155,45.14679,0.0 9.94116,45.1468,0.0</coordinates>
                </LineString>
            </Placemark>
            <Placemark id="849">
                <name>Rota 10:35</name>
                <styleUrl>#850</styleUrl>
                <LineString id="848">
                    <altitudeMode>clampToGround</altitudeMode>
                    <coordinates>9.941155,45.14675,0.0 9.941143,45.14677,0.0</coordinates>
                </LineString>
            </Placemark>
            <Placemark id="853">
                <name>Rota 10:36</name>
                <styleUrl>#854</styleUrl>
                <LineString id="852">
                    <altitudeMode>clampToGround</altitudeMode>
                    <coordinates>9.941143,45.14683,0.0 9.941129,45.14679,0.0</coordinates>
                </LineString>
            </Placemark>
            <Placemark id="857">
                <name>Rota 10:37</name>
                <styleUrl>#858</styleUrl>
                <LineString id="856">
                    <altitudeMode>clampToGround</altitudeMode>
                    <coordinates>9.941154,45.14672,0.0 9.941168,45.14674,0.0 9.94118,45.14676,0.0 9.94118,45.14676,0.0 9.941182,45.14676,0.0</coordinates>
                </LineString>
            </Placemark>
            <Placemark id="861">
                <name>Rota 10:38</name>
                <styleUrl>#862</styleUrl>
                <LineString id="860">
                    <altitudeMode>clampToGround</altitudeMode>
                    <coordinates>9.941198,45.14676,0.0 9.941107,45.14672,0.0</coordinates>
                </LineString>
            </Placemark>
            <Placemark id="865">
                <name>Rota 10:39</name>
                <styleUrl>#866</styleUrl>
                <LineString id="864">
                    <altitudeMode>clampToGround</altitudeMode>
                    <coordinates>9.941314,45.14675,0.0 9.941281,45.1468,0.0</coordinates>
                </LineString>
            </Placemark>
            <Placemark id="869">
                <name>Rota 10:40</name>
                <styleUrl>#870</styleUrl>
                <LineString id="868">
                    <altitudeMode>clampToGround</altitudeMode>
                    <coordinates>9.941202,45.1468,0.0 9.941174,45.1468,0.0</coordinates>
                </LineString>
            </Placemark>
            <Placemark id="873">
                <name>Rota 10:41</name>
                <styleUrl>#874</styleUrl>
                <LineString id="872">
                    <altitudeMode>clampToGround</altitudeMode>
                    <coordinates>9.941203,45.1468,0.0 9.941238,45.14682,0.0</coordinates>
                </LineString>
            </Placemark>
            <Placemark id="877">
                <name>Rota 10:42</name>
                <styleUrl>#878</styleUrl>
                <LineString id="876">
                    <altitudeMode>clampToGround</altitudeMode>
                    <coordinates>9.941189,45.14682,0.0 9.941209,45.14681,0.0</coordinates>
                </LineString>
            </Placemark>
            <Placemark id="881">
                <name>Rota 10:43</name>
                <styleUrl>#882</styleUrl>
                <LineString id="880">
                    <altitudeMode>clampToGround</altitudeMode>
                    <coordinates>9.94117,45.14701,0.0 9.941227,45.14706,0.0 9.941277,45.14707,0.0</coordinates>
                </LineString>
            </Placemark>
            <Placemark id="885">
                <name>Rota 10:44</name>
                <styleUrl>#886</styleUrl>
                <LineString id="884">
                    <altitudeMode>clampToGround</altitudeMode>
                    <coordinates>9.94122,45.1471,0.0 9.941277,45.14707,0.0 9.941183,45.14706,0.0 9.9413,45.14708,0.0 9.941185,45.14706,0.0</coordinates>
                </LineString>
            </Placemark>
            <Placemark id="889">
                <name>Rota 10:45</name>
                <styleUrl>#890</styleUrl>
                <LineString id="888">
                    <altitudeMode>clampToGround</altitudeMode>
                    <coordinates>9.941087,45.14682,0.0 9.941085,45.14682,0.0 9.941058,45.1468,0.0</coordinates>
                </LineString>
            </Placemark>
            <Placemark id="893">
                <name>Rota 10:46</name>
                <styleUrl>#894</styleUrl>
                <LineString id="892">
                    <altitudeMode>clampToGround</altitudeMode>
                    <coordinates>9.941107,45.14678,0.0 9.941127,45.14679,0.0</coordinates>
                </LineString>
            </Placemark>
            <Placemark id="897">
                <name>Rota 10:47</name>
                <styleUrl>#898</styleUrl>
                <LineString id="896">
                    <altitudeMode>clampToGround</altitudeMode>
                    <coordinates>9.941125,45.14682,0.0 9.941107,45.14682,0.0</coordinates>
                </LineString>
            </Placemark>
            <Placemark id="901">
                <name>Rota 10:48</name>
                <styleUrl>#902</styleUrl>
                <LineString id="900">
                    <altitudeMode>clampToGround</altitudeMode>
                    <coordinates>9.94111,45.14682,0.0 9.941165,45.14682,0.0 9.941195,45.14683,0.0</coordinates>
                </LineString>
            </Placemark>
            <Placemark id="905">
                <name>Rota 10:49</name>
                <styleUrl>#906</styleUrl>
                <LineString id="904">
                    <altitudeMode>clampToGround</altitudeMode>
                    <coordinates>9.941196,45.14682,0.0 9.941163,45.1468,0.0</coordinates>
                </LineString>
            </Placemark>
            <Placemark id="909">
                <name>Rota 10:50</name>
                <styleUrl>#910</styleUrl>
                <LineString id="908">
                    <altitudeMode>clampToGround</altitudeMode>
                    <coordinates>9.941143,45.14679,0.0 9.941147,45.14678,0.0</coordinates>
                </LineString>
            </Placemark>
            <Placemark id="913">
                <name>Rota 10:51</name>
                <styleUrl>#914</styleUrl>
                <LineString id="912">
                    <altitudeMode>clampToGround</altitudeMode>
                    <coordinates>9.941149,45.14692,0.0 9.94117,45.14703,0.0 9.941198,45.14709,0.0</coordinates>
                </LineString>
            </Placemark>
            <Placemark id="917">
                <name>Rota 10:52</name>
                <styleUrl>#918</styleUrl>
                <LineString id="916">
                    <altitudeMode>clampToGround</altitudeMode>
                    <coordinates>9.941205,45.14708,0.0 9.941156,45.14708,0.0</coordinates>
                </LineString>
            </Placemark>
            <Placemark id="921">
                <name>Rota 10:53</name>
                <styleUrl>#922</styleUrl>
                <LineString id="920">
                    <altitudeMode>clampToGround</altitudeMode>
                    <coordinates>9.941207,45.14709,0.0 9.941123,45.14701,0.0 9.941118,45.14702,0.0 9.941115,45.14704,0.0 9.941089,45.14721,0.0</coordinates>
                </LineString>
            </Placemark>
            <Placemark id="925">
                <name>Rota 10:54</name>
                <styleUrl>#926</styleUrl>
                <LineString id="924">
                    <altitudeMode>clampToGround</altitudeMode>
                    <coordinates>9.94092,45.14734,0.0 9.940904,45.14734,0.0 9.940675,45.14735,0.0 9.940465,45.14732,0.0 9.94036,45.14734,0.0</coordinates>
                </LineString>
            </Placemark>
            <Placemark id="929">
                <name>Rota 10:55</name>
                <styleUrl>#930</styleUrl>
                <LineString id="928">
                    <altitudeMode>clampToGround</altitudeMode>
                    <coordinates>9.940347,45.14735,0.0 9.940343,45.14735,0.0</coordinates>
                </LineString>
            </Placemark>
            <Placemark id="933">
                <name>Rota 10:56</name>
                <styleUrl>#934</styleUrl>
                <LineString id="932">
                    <altitudeMode>clampToGround</altitudeMode>
                    <coordinates>9.94031,45.14731,0.0 9.940324,45.14731,0.0</coordinates>
                </LineString>
            </Placemark>
            <Placemark id="937">
                <name>Rota 10:57</name>
                <styleUrl>#938</styleUrl>
                <LineString id="936">
                    <altitudeMode>clampToGround</altitudeMode>
                    <coordinates>9.940304,45.1473,0.0 9.940247,45.14725,0.0</coordinates>
                </LineString>
            </Placemark>
            <Placemark id="941">
                <name>Rota 10:58</name>
                <styleUrl>#942</styleUrl>
                <LineString id="940">
                    <altitudeMode>clampToGround</altitudeMode>
                    <coordinates>9.940242,45.14723,0.0 9.940197,45.1472,0.0 9.940313,45.1471,0.0 9.940351,45.14707,0.0 9.940375,45.14691,0.0</coordinates>
                </LineString>
            </Placemark>
            <Placemark id="945">
                <name>Rota 10:59</name>
                <styleUrl>#946</styleUrl>
                <LineString id="944">
                    <altitudeMode>clampToGround</altitudeMode>
                    <coordinates>9.940335,45.14699,0.0 9.940322,45.14701,0.0 9.940282,45.14719,0.0 9.940343,45.14732,0.0 9.940363,45.14732,0.0</coordinates>
                </LineString>
            </Placemark>
        </Folder>
        <Folder id="948">
            <Style id="951">
                <LineStyle id="952">
                    <color>ff0000ff</color>
                    <colorMode>normal</colorMode>
                    <width>3</width>
                </LineStyle>
            </Style>
            <Style id="955">
                <LineStyle id="956">
                    <color>ff0000ff</color>
                    <colorMode>normal</colorMode>
                    <width>3</width>
                </LineStyle>
            </Style>
            <Style id="959">
                <LineStyle id="960">
                    <color>ff0000ff</color>
                    <colorMode>normal</colorMode>
                    <width>3</width>
                </LineStyle>
            </Style>
            <Style id="963">
                <LineStyle id="964">
                    <color>ff0000ff</color>
                    <colorMode>normal</colorMode>
                    <width>3</width>
                </LineStyle>
            </Style>
            <Style id="967">
                <LineStyle id="968">
                    <color>ff0000ff</color>
                    <colorMode>normal</colorMode>
                    <width>3</width>
                </LineStyle>
            </Style>
            <Style id="971">
                <LineStyle id="972">
                    <color>ff0000ff</color>
                    <colorMode>normal</colorMode>
                    <width>3</width>
                </LineStyle>
            </Style>
            <Style id="975">
                <LineStyle id="976">
                    <color>ff0000ff</color>
                    <colorMode>normal</colorMode>
                    <width>3</width>
                </LineStyle>
            </Style>
            <Style id="979">
                <LineStyle id="980">
                    <color>ff0000ff</color>
                    <colorMode>normal</colorMode>
                    <width>3</width>
                </LineStyle>
            </Style>
            <Style id="983">
                <LineStyle id="984">
                    <color>ff0000ff</color>
                    <colorMode>normal</colorMode>
                    <width>3</width>
                </LineStyle>
            </Style>
            <Style id="987">
                <LineStyle id="988">
                    <color>ff0000ff</color>
                    <colorMode>normal</colorMode>
                    <width>3</width>
                </LineStyle>
            </Style>
            <Style id="991">
                <LineStyle id="992">
                    <color>ff0000ff</color>
                    <colorMode>normal</colorMode>
                    <width>3</width>
                </LineStyle>
            </Style>
            <Style id="995">
                <LineStyle id="996">
                    <color>ff0000ff</color>
                    <colorMode>normal</colorMode>
                    <width>3</width>
                </LineStyle>
            </Style>
            <Style id="999">
                <LineStyle id="1000">
                    <color>ff0000ff</color>
                    <colorMode>normal</colorMode>
                    <width>3</width>
                </LineStyle>
            </Style>
            <Style id="1003">
                <LineStyle id="1004">
                    <color>ff0000ff</color>
                    <colorMode>normal</colorMode>
                    <width>3</width>
                </LineStyle>
            </Style>
            <Style id="1007">
                <LineStyle id="1008">
                    <color>ff0000ff</color>
                    <colorMode>normal</colorMode>
                    <width>3</width>
                </LineStyle>
            </Style>
            <Style id="1011">
                <LineStyle id="1012">
                    <color>ff0000ff</color>
                    <colorMode>normal</colorMode>
                    <width>3</width>
                </LineStyle>
            </Style>
            <Style id="1015">
                <LineStyle id="1016">
                    <color>ff0000ff</color>
                    <colorMode>normal</colorMode>
                    <width>3</width>
                </LineStyle>
            </Style>
            <Style id="1019">
                <LineStyle id="1020">
                    <color>ff0000ff</color>
                    <colorMode>normal</colorMode>
                    <width>3</width>
                </LineStyle>
            </Style>
            <Style id="1023">
                <LineStyle id="1024">
                    <color>ff0000ff</color>
                    <colorMode>normal</colorMode>
                    <width>3</width>
                </LineStyle>
            </Style>
            <Style id="1027">
                <LineStyle id="1028">
                    <color>ff0000ff</color>
                    <colorMode>normal</colorMode>
                    <width>3</width>
                </LineStyle>
            </Style>
            <Style id="1031">
                <LineStyle id="1032">
                    <color>ff0000ff</color>
                    <colorMode>normal</colorMode>
                    <width>3</width>
                </LineStyle>
            </Style>
            <Style id="1035">
                <LineStyle id="1036">
                    <color>ff0000ff</color>
                    <colorMode>normal</colorMode>
                    <width>3</width>
                </LineStyle>
            </Style>
            <Style id="1039">
                <LineStyle id="1040">
                    <color>ff0000ff</color>
                    <colorMode>normal</colorMode>
                    <width>3</width>
                </LineStyle>
            </Style>
            <Style id="1043">
                <LineStyle id="1044">
                    <color>ff0000ff</color>
                    <colorMode>normal</colorMode>
                    <width>3</width>
                </LineStyle>
            </Style>
            <Style id="1047">
                <LineStyle id="1048">
                    <color>ff0000ff</color>
                    <colorMode>normal</colorMode>
                    <width>3</width>
                </LineStyle>
            </Style>
            <Style id="1051">
                <LineStyle id="1052">
                    <color>ff0000ff</color>
                    <colorMode>normal</colorMode>
                    <width>3</width>
                </LineStyle>
            </Style>
            <Style id="1055">
                <LineStyle id="1056">
                    <color>ff0000ff</color>
                    <colorMode>normal</colorMode>
                    <width>3</width>
                </LineStyle>
            </Style>
            <Style id="1059">
                <LineStyle id="1060">
                    <color>ff0000ff</color>
                    <colorMode>normal</colorMode>
                    <width>3</width>
                </LineStyle>
            </Style>
            <Style id="1063">
                <LineStyle id="1064">
                    <color>ff0000ff</color>
                    <colorMode>normal</colorMode>
                    <width>3</width>
                </LineStyle>
            </Style>
            <Style id="1067">
                <LineStyle id="1068">
                    <color>ff0000ff</color>
                    <colorMode>normal</colorMode>
                    <width>3</width>
                </LineStyle>
            </Style>
            <Style id="1071">
                <LineStyle id="1072">
                    <color>ff0000ff</color>
                    <colorMode>normal</colorMode>
                    <width>3</width>
                </LineStyle>
            </Style>
            <Style id="1075">
                <LineStyle id="1076">
                    <color>ff0000ff</color>
                    <colorMode>normal</colorMode>
                    <width>3</width>
                </LineStyle>
            </Style>
            <Style id="1079">
                <LineStyle id="1080">
                    <color>ff0000ff</color>
                    <colorMode>normal</colorMode>
                    <width>3</width>
                </LineStyle>
            </Style>
            <Style id="1083">
                <LineStyle id="1084">
                    <color>ff0000ff</color>
                    <colorMode>normal</colorMode>
                    <width>3</width>
                </LineStyle>
            </Style>
            <Style id="1087">
                <LineStyle id="1088">
                    <color>ff0000ff</color>
                    <colorMode>normal</colorMode>
                    <width>3</width>
                </LineStyle>
            </Style>
            <Style id="1091">
                <LineStyle id="1092">
                    <color>ff0000ff</color>
                    <colorMode>normal</colorMode>
                    <width>3</width>
                </LineStyle>
            </Style>
            <Style id="1095">
                <LineStyle id="1096">
                    <color>ff0000ff</color>
                    <colorMode>normal</colorMode>
                    <width>3</width>
                </LineStyle>
            </Style>
            <Style id="1099">
                <LineStyle id="1100">
                    <color>ff0000ff</color>
                    <colorMode>normal</colorMode>
                    <width>3</width>
                </LineStyle>
            </Style>
            <Style id="1103">
                <LineStyle id="1104">
                    <color>ff0000ff</color>
                    <colorMode>normal</colorMode>
                    <width>3</width>
                </LineStyle>
            </Style>
            <Style id="1107">
                <LineStyle id="1108">
                    <color>ff0000ff</color>
                    <colorMode>normal</colorMode>
                    <width>3</width>
                </LineStyle>
            </Style>
            <Style id="1111">
                <LineStyle id="1112">
                    <color>ff0000ff</color>
                    <colorMode>normal</colorMode>
                    <width>3</width>
                </LineStyle>
            </Style>
            <Style id="1115">
                <LineStyle id="1116">
                    <color>ff0000ff</color>
                    <colorMode>normal</colorMode>
                    <width>3</width>
                </LineStyle>
            </Style>
            <Style id="1119">
                <LineStyle id="1120">
                    <color>ff0000ff</color>
                    <colorMode>normal</colorMode>
                    <width>3</width>
                </LineStyle>
            </Style>
            <Style id="1123">
                <LineStyle id="1124">
                    <color>ff0000ff</color>
                    <colorMode>normal</colorMode>
                    <width>3</width>
                </LineStyle>
            </Style>
            <Style id="1127">
                <LineStyle id="1128">
                    <color>ff0000ff</color>
                    <colorMode>normal</colorMode>
                    <width>3</width>
                </LineStyle>
            </Style>
            <Style id="1131">
                <LineStyle id="1132">
                    <color>ff0000ff</color>
                    <colorMode>normal</colorMode>
                    <width>3</width>
                </LineStyle>
            </Style>
            <Style id="1135">
                <LineStyle id="1136">
                    <color>ff0000ff</color>
                    <colorMode>normal</colorMode>
                    <width>3</width>
                </LineStyle>
            </Style>
            <Style id="1139">
                <LineStyle id="1140">
                    <color>ff0000ff</color>
                    <colorMode>normal</colorMode>
                    <width>3</width>
                </LineStyle>
            </Style>
            <Style id="1143">
                <LineStyle id="1144">
                    <color>ff0000ff</color>
                    <colorMode>normal</colorMode>
                    <width>3</width>
                </LineStyle>
            </Style>
            <Style id="1147">
                <LineStyle id="1148">
                    <color>ff0000ff</color>
                    <colorMode>normal</colorMode>
                    <width>3</width>
                </LineStyle>
            </Style>
            <Style id="1151">
                <LineStyle id="1152">
                    <color>ff0000ff</color>
                    <colorMode>normal</colorMode>
                    <width>3</width>
                </LineStyle>
            </Style>
            <Style id="1155">
                <LineStyle id="1156">
                    <color>ff0000ff</color>
                    <colorMode>normal</colorMode>
                    <width>3</width>
                </LineStyle>
            </Style>
            <Style id="1159">
                <LineStyle id="1160">
                    <color>ff0000ff</color>
                    <colorMode>normal</colorMode>
                    <width>3</width>
                </LineStyle>
            </Style>
            <Style id="1163">
                <LineStyle id="1164">
                    <color>ff0000ff</color>
                    <colorMode>normal</colorMode>
                    <width>3</width>
                </LineStyle>
            </Style>
            <Style id="1167">
                <LineStyle id="1168">
                    <color>ff0000ff</color>
                    <colorMode>normal</colorMode>
                    <width>3</width>
                </LineStyle>
            </Style>
            <Style id="1171">
                <LineStyle id="1172">
                    <color>ff0000ff</color>
                    <colorMode>normal</colorMode>
                    <width>3</width>
                </LineStyle>
            </Style>
            <Style id="1175">
                <LineStyle id="1176">
                    <color>ff0000ff</color>
                    <colorMode>normal</colorMode>
                    <width>3</width>
                </LineStyle>
            </Style>
            <Style id="1179">
                <LineStyle id="1180">
                    <color>ff0000ff</color>
                    <colorMode>normal</colorMode>
                    <width>3</width>
                </LineStyle>
            </Style>
            <Style id="1183">
                <LineStyle id="1184">
                    <color>ff0000ff</color>
                    <colorMode>normal</colorMode>
                    <width>3</width>
                </LineStyle>
            </Style>
            <Style id="1187">
                <LineStyle id="1188">
                    <color>ff0000ff</color>
                    <colorMode>normal</colorMode>
                    <width>3</width>
                </LineStyle>
            </Style>
            <name>2025-08-18 11:00</name>
            <Placemark id="950">
                <name>Rota 11:00</name>
                <styleUrl>#951</styleUrl>
                <LineString id="949">
                    <altitudeMode>clampToGround</altitudeMode>
                    <coordinates>9.940824,45.1474,0.0 9.940993,45.1473,0.0 9.941017,45.14726,0.0 9.941198,45.14699,0.0 9.941142,45.14699,0.0</coordinates>
                </LineString>
            </Placemark>
            <Placemark id="954">
                <name>Rota 11:01</name>
                <styleUrl>#955</styleUrl>
                <LineString id="953">
                    <altitudeMode>clampToGround</altitudeMode>
                    <coordinates>9.941138,45.14685,0.0 9.94112,45.14686,0.0</coordinates>
                </LineString>
            </Placemark>
            <Placemark id="958">
                <name>Rota 11:02</name>
                <styleUrl>#959</styleUrl>
                <LineString id="957">
                    <altitudeMode>clampToGround</altitudeMode>
                    <coordinates>9.941198,45.14707,0.0 9.941215,45.14712,0.0 9.941147,45.14716,0.0</coordinates>
                </LineString>
            </Placemark>
            <Placemark id="962">
                <name>Rota 11:03</name>
                <styleUrl>#963</styleUrl>
                <LineString id="961">
                    <altitudeMode>clampToGround</altitudeMode>
                    <coordinates>9.94117,45.14717,0.0 9.941129,45.14697,0.0</coordinates>
                </LineString>
            </Placemark>
            <Placemark id="966">
                <name>Rota 11:04</name>
                <styleUrl>#967</styleUrl>
                <LineString id="965">
                    <altitudeMode>clampToGround</altitudeMode>
                    <coordinates>9.941133,45.14691,0.0 9.941102,45.14689,0.0</coordinates>
                </LineString>
            </Placemark>
            <Placemark id="970">
                <name>Rota 11:05</name>
                <styleUrl>#971</styleUrl>
                <LineString id="969">
                    <altitudeMode>clampToGround</altitudeMode>
                    <coordinates>9.941143,45.1469,0.0 9.941143,45.1469,0.0</coordinates>
                </LineString>
            </Placemark>
            <Placemark id="974">
                <name>Rota 11:06</name>
                <styleUrl>#975</styleUrl>
                <LineString id="973">
                    <altitudeMode>clampToGround</altitudeMode>
                    <coordinates>9.941122,45.14682,0.0 9.941133,45.14682,0.0</coordinates>
                </LineString>
            </Placemark>
            <Placemark id="978">
                <name>Rota 11:07</name>
                <styleUrl>#979</styleUrl>
                <LineString id="977">
                    <altitudeMode>clampToGround</altitudeMode>
                    <coordinates>9.941143,45.1468,0.0 9.94114,45.14677,0.0</coordinates>
                </LineString>
            </Placemark>
            <Placemark id="982">
                <name>Rota 11:08</name>
                <styleUrl>#983</styleUrl>
                <LineString id="981">
                    <altitudeMode>clampToGround</altitudeMode>
                    <coordinates>9.941154,45.14679,0.0 9.941154,45.14679,0.0 9.941156,45.14682,0.0</coordinates>
                </LineString>
            </Placemark>
            <Placemark id="986">
                <name>Rota 11:09</name>
                <styleUrl>#987</styleUrl>
                <LineString id="985">
                    <altitudeMode>clampToGround</altitudeMode>
                    <coordinates>9.941138,45.14681,0.0 9.941167,45.14679,0.0</coordinates>
                </LineString>
            </Placemark>
            <Placemark id="990">
                <name>Rota 11:10</name>
                <styleUrl>#991</styleUrl>
                <LineString id="989">
                    <altitudeMode>clampToGround</altitudeMode>
                    <coordinates>9.941138,45.14678,0.0 9.941098,45.14687,0.0 9.941115,45.14692,0.0</coordinates>
                </LineString>
            </Placemark>
            <Placemark id="994">
                <name>Rota 11:11</name>
                <styleUrl>#995</styleUrl>
                <LineString id="993">
                    <altitudeMode>clampToGround</altitudeMode>
                    <coordinates>9.941254,45.14714,0.0 9.941221,45.14711,0.0</coordinates>
                </LineString>
            </Placemark>
            <Placemark id="998">
                <name>Rota 11:12</name>
                <styleUrl>#999</styleUrl>
                <LineString id="997">
                    <altitudeMode>clampToGround</altitudeMode>
                    <coordinates>9.941218,45.14709,0.0 9.941092,45.14701,0.0 9.941107,45.1468,0.0</coordinates>
                </LineString>
            </Placemark>
            <Placemark id="1002">
                <name>Rota 11:13</name>
                <styleUrl>#1003</styleUrl>
                <LineString id="1001">
                    <altitudeMode>clampToGround</altitudeMode>
                    <coordinates>9.941122,45.14677,0.0 9.94114,45.14677,0.0</coordinates>
                </LineString>
            </Placemark>
            <Placemark id="1006">
                <name>Rota 11:14</name>
                <styleUrl>#1007</styleUrl>
                <LineString id="1005">
                    <altitudeMode>clampToGround</altitudeMode>
                    <coordinates>9.941163,45.14679,0.0 9.94114,45.14678,0.0</coordinates>
                </LineString>
            </Placemark>
            <Placemark id="1010">
                <name>Rota 11:15</name>
                <styleUrl>#1011</styleUrl>
                <LineString id="1009">
                    <altitudeMode>clampToGround</altitudeMode>
                    <coordinates>9.941138,45.14678,0.0 9.941167,45.14678,0.0</coordinates>
                </LineString>
            </Placemark>
            <Placemark id="1014">
                <name>Rota 11:16</name>
                <styleUrl>#1015</styleUrl>
                <LineString id="1013">
                    <altitudeMode>clampToGround</altitudeMode>
                    <coordinates>9.941156,45.14679,0.0 9.941149,45.1468,0.0</coordinates>
                </LineString>
            </Placemark>
            <Placemark id="1018">
                <name>Rota 11:17</name>
                <styleUrl>#1019</styleUrl>
                <LineString id="1017">
                    <altitudeMode>clampToGround</altitudeMode>
                    <coordinates>9.941145,45.1468,0.0 9.941122,45.14683,0.0</coordinates>
                </LineString>
            </Placemark>
            <Placemark id="1022">
                <name>Rota 11:18</name>
                <styleUrl>#1023</styleUrl>
                <LineString id="1021">
                    <altitudeMode>clampToGround</altitudeMode>
                    <coordinates>9.941096,45.14682,0.0 9.9411,45.14682,0.0 9.941096,45.14682,0.0</coordinates>
                </LineString>
            </Placemark>
            <Placemark id="1026">
                <name>Rota 11:19</name>
                <styleUrl>#1027</styleUrl>
                <LineString id="1025">
                    <altitudeMode>clampToGround</altitudeMode>
                    <coordinates>9.941098,45.14684,0.0 9.941132,45.14683,0.0</coordinates>
                </LineString>
            </Placemark>
            <Placemark id="1030">
                <name>Rota 11:20</name>
                <styleUrl>#1031</styleUrl>
                <LineString id="1029">
                    <altitudeMode>clampToGround</altitudeMode>
                    <coordinates>9.941145,45.14683,0.0 9.94113,45.14682,0.0</coordinates>
                </LineString>
            </Placemark>
            <Placemark id="1034">
                <name>Rota 11:21</name>
                <styleUrl>#1035</styleUrl>
                <LineString id="1033">
                    <altitudeMode>clampToGround</altitudeMode>
                    <coordinates>9.941147,45.14682,0.0 9.941162,45.14681,0.0</coordinates>
                </LineString>
            </Placemark>
            <Placemark id="1038">
                <name>Rota 11:22</name>
                <styleUrl>#1039</styleUrl>
                <LineString id="1037">
                    <altitudeMode>clampToGround</altitudeMode>
                    <coordinates>9.941118,45.14681,0.0 9.941047,45.14683,0.0</coordinates>
                </LineString>
            </Placemark>
            <Placemark id="1042">
                <name>Rota 11:23</name>
                <styleUrl>#1043</styleUrl>
                <LineString id="1041">
                    <altitudeMode>clampToGround</altitudeMode>
                    <coordinates>9.941102,45.1469,0.0 9.941105,45.14692,0.0 9.941221,45.14711,0.0</coordinates>
                </LineString>
            </Placemark>
            <Placemark id="1046">
                <name>Rota 11:24</name>
                <styleUrl>#1047</styleUrl>
                <LineString id="1045">
                    <altitudeMode>clampToGround</altitudeMode>
                    <coordinates>9.941176,45.14713,0.0 9.941261,45.14708,0.0</coordinates>
                </LineString>
            </Placemark>
            <Placemark id="1050">
                <name>Rota 11:25</name>
                <styleUrl>#1051</styleUrl>
                <LineString id="1049">
                    <altitudeMode>clampToGround</altitudeMode>
                    <coordinates>9.941305,45.14708,0.0 9.941062,45.147,0.0 9.941112,45.14681,0.0 9.941113,45.1468,0.0</coordinates>
                </LineString>
            </Placemark>
            <Placemark id="1054">
                <name>Rota 11:26</name>
                <styleUrl>#1055</styleUrl>
                <LineString id="1053">
                    <altitudeMode>clampToGround</altitudeMode>
                    <coordinates>9.941135,45.14676,0.0 9.941162,45.14677,0.0</coordinates>
                </LineString>
            </Placemark>
            <Placemark id="1058">
                <name>Rota 11:27</name>
                <styleUrl>#1059</styleUrl>
                <LineString id="1057">
                    <altitudeMode>clampToGround</altitudeMode>
                    <coordinates>9.941135,45.14675,0.0 9.94121,45.14671,0.0</coordinates>
                </LineString>
            </Placemark>
            <Placemark id="1062">
                <name>Rota 11:28</name>
                <styleUrl>#1063</styleUrl>
                <LineString id="1061">
                    <altitudeMode>clampToGround</altitudeMode>
                    <coordinates>9.941112,45.1467,0.0 9.941133,45.14672,0.0 9.941202,45.14677,0.0</coordinates>
                </LineString>
            </Placemark>
            <Placemark id="1066">
                <name>Rota 11:29</name>
                <styleUrl>#1067</styleUrl>
                <LineString id="1065">
                    <altitudeMode>clampToGround</altitudeMode>
                    <coordinates>9.941236,45.14674,0.0 9.941129,45.14671,0.0</coordinates>
                </LineString>
            </Placemark>
            <Placemark id="1070">
                <name>Rota 11:30</name>
                <styleUrl>#1071</styleUrl>
                <LineString id="1069">
                    <altitudeMode>clampToGround</altitudeMode>
                    <coordinates>9.941132,45.14674,0.0 9.941123,45.14675,0.0</coordinates>
                </LineString>
            </Placemark>
            <Placemark id="1074">
                <name>Rota 11:31</name>
                <styleUrl>#1075</styleUrl>
                <LineString id="1073">
                    <altitudeMode>clampToGround</altitudeMode>
                    <coordinates>9.9411,45.14687,0.0 9.941098,45.14689,0.0 9.941196,45.14706,0.0 9.941265,45.14709,0.0</coordinates>
                </LineString>
            </Placemark>
            <Placemark id="1078">
                <name>Rota 11:32</name>
                <styleUrl>#1079</styleUrl>
                <LineString id="1077">
                    <altitudeMode>clampToGround</altitudeMode>
                    <coordinates>9.941236,45.14713,0.0 9.941317,45.14712,0.0 9.941085,45.14706,0.0</coordinates>
                </LineString>
            </Placemark>
            <Placemark id="1082">
                <name>Rota 11:33</name>
                <styleUrl>#1083</styleUrl>
                <LineString id="1081">
                    <altitudeMode>clampToGround</altitudeMode>
                    <coordinates>9.941113,45.14686,0.0 9.941132,45.14682,0.0 9.941158,45.14674,0.0</coordinates>
                </LineString>
            </Placemark>
            <Placemark id="1086">
                <name>Rota 11:34</name>
                <styleUrl>#1087</styleUrl>
                <LineString id="1085">
                    <altitudeMode>clampToGround</altitudeMode>
                    <coordinates>9.941112,45.14674,0.0 9.941085,45.14675,0.0</coordinates>
                </LineString>
            </Placemark>
            <Placemark id="1090">
                <name>Rota 11:35</name>
                <styleUrl>#1091</styleUrl>
                <LineString id="1089">
                    <altitudeMode>clampToGround</altitudeMode>
                    <coordinates>9.941083,45.14674,0.0 9.941103,45.14676,0.0</coordinates>
                </LineString>
            </Placemark>
            <Placemark id="1094">
                <name>Rota 11:36</name>
                <styleUrl>#1095</styleUrl>
                <LineString id="1093">
                    <altitudeMode>clampToGround</altitudeMode>
                    <coordinates>9.941103,45.14678,0.0 9.941123,45.14676,0.0</coordinates>
                </LineString>
            </Placemark>
            <Placemark id="1098">
                <name>Rota 11:37</name>
                <styleUrl>#1099</styleUrl>
                <LineString id="1097">
                    <altitudeMode>clampToGround</altitudeMode>
                    <coordinates>9.941158,45.14676,0.0 9.94122,45.14677,0.0</coordinates>
                </LineString>
            </Placemark>
            <Placemark id="1102">
                <name>Rota 11:38</name>
                <styleUrl>#1103</styleUrl>
                <LineString id="1101">
                    <altitudeMode>clampToGround</altitudeMode>
                    <coordinates>9.941196,45.14677,0.0 9.941172,45.1468,0.0 9.94117,45.1468,0.0 9.94117,45.1468,0.0 9.941192,45.14679,0.0 9.941162,45.1469,0.0</coordinates>
                </LineString>
            </Placemark>
            <Placemark id="1106">
                <name>Rota 11:39</name>
                <styleUrl>#1107</styleUrl>
                <LineString id="1105">
                    <altitudeMode>clampToGround</altitudeMode>
                    <coordinates>9.941138,45.14705,0.0 9.941083,45.14719,0.0 9.941096,45.14724,0.0 9.9411,45.14727,0.0</coordinates>
                </LineString>
            </Placemark>
            <Placemark id="1110">
                <name>Rota 11:40</name>
                <styleUrl>#1111</styleUrl>
                <LineString id="1109">
                    <altitudeMode>clampToGround</altitudeMode>
                    <coordinates>9.941129,45.14726,0.0 9.941067,45.1474,0.0 9.941083,45.14726,0.0</coordinates>
                </LineString>
            </Placemark>
            <Placemark id="1114">
                <name>Rota 11:41</name>
                <styleUrl>#1115</styleUrl>
                <LineString id="1113">
                    <altitudeMode>clampToGround</altitudeMode>
                    <coordinates>9.941152,45.14699,0.0 9.941203,45.14692,0.0 9.94114,45.14685,0.0 9.941115,45.14676,0.0</coordinates>
                </LineString>
            </Placemark>
            <Placemark id="1118">
                <name>Rota 11:42</name>
                <styleUrl>#1119</styleUrl>
                <LineString id="1117">
                    <altitudeMode>clampToGround</altitudeMode>
                    <coordinates>9.94114,45.14676,0.0 9.941142,45.14675,0.0</coordinates>
                </LineString>
            </Placemark>
            <Placemark id="1122">
                <name>Rota 11:43</name>
                <styleUrl>#1123</styleUrl>
                <LineString id="1121">
                    <altitudeMode>clampToGround</altitudeMode>
                    <coordinates>9.941142,45.14672,0.0 9.94114,45.14672,0.0</coordinates>
                </LineString>
            </Placemark>
            <Placemark id="1126">
                <name>Rota 11:44</name>
                <styleUrl>#1127</styleUrl>
                <LineString id="1125">
                    <altitudeMode>clampToGround</altitudeMode>
                    <coordinates>9.941107,45.14672,0.0 9.941103,45.14674,0.0</coordinates>
                </LineString>
            </Placemark>
            <Placemark id="1130">
                <name>Rota 11:45</name>
                <styleUrl>#1131</styleUrl>
                <LineString id="1129">
                    <altitudeMode>clampToGround</altitudeMode>
                    <coordinates>9.941118,45.14675,0.0 9.941122,45.14676,0.0</coordinates>
                </LineString>
            </Placemark>
            <Placemark id="1134">
                <name>Rota 11:46</name>
                <styleUrl>#1135</styleUrl>
                <LineString id="1133">
                    <altitudeMode>clampToGround</altitudeMode>
                    <coordinates>9.941154,45.14678,0.0 9.941182,45.1468,0.0</coordinates>
                </LineString>
            </Placemark>
            <Placemark id="1138">
                <name>Rota 11:47</name>
                <styleUrl>#1139</styleUrl>
                <LineString id="1137">
                    <altitudeMode>clampToGround</altitudeMode>
                    <coordinates>9.941142,45.1468,0.0 9.941053,45.14677,0.0</coordinates>
                </LineString>
            </Placemark>
            <Placemark id="1142">
                <name>Rota 11:48</name>
                <styleUrl>#1143</styleUrl>
                <LineString id="1141">
                    <altitudeMode>clampToGround</altitudeMode>
                    <coordinates>9.941095,45.14677,0.0 9.941135,45.14682,0.0 9.941132,45.14681,0.0</coordinates>
                </LineString>
            </Placemark>
            <Placemark id="1146">
                <name>Rota 11:49</name>
                <styleUrl>#1147</styleUrl>
                <LineString id="1145">
                    <altitudeMode>clampToGround</altitudeMode>
                    <coordinates>9.941182,45.14677,0.0 9.941115,45.14672,0.0</coordinates>
                </LineString>
            </Placemark>
            <Placemark id="1150">
                <name>Rota 11:50</name>
                <styleUrl>#1151</styleUrl>
                <LineString id="1149">
                    <altitudeMode>clampToGround</altitudeMode>
                    <coordinates>9.941087,45.14673,0.0 9.941138,45.14671,0.0</coordinates>
                </LineString>
            </Placemark>
            <Placemark id="1154">
                <name>Rota 11:51</name>
                <styleUrl>#1155</styleUrl>
                <LineString id="1153">
                    <altitudeMode>clampToGround</altitudeMode>
                    <coordinates>9.941154,45.14665,0.0 9.941142,45.14668,0.0</coordinates>
                </LineString>
            </Placemark>
            <Placemark id="1158">
                <name>Rota 11:52</name>
                <styleUrl>#1159</styleUrl>
                <LineString id="1157">
                    <altitudeMode>clampToGround</altitudeMode>
                    <coordinates>9.941142,45.14669,0.0 9.941149,45.14669,0.0</coordinates>
                </LineString>
            </Placemark>
            <Placemark id="1162">
                <name>Rota 11:53</name>
                <styleUrl>#1163</styleUrl>
                <LineString id="1161">
                    <altitudeMode>clampToGround</altitudeMode>
                    <coordinates>9.941163,45.14682,0.0 9.941167,45.14681,0.0</coordinates>
                </LineString>
            </Placemark>
            <Placemark id="1166">
                <name>Rota 11:54</name>
                <styleUrl>#1167</styleUrl>
                <LineString id="1165">
                    <altitudeMode>clampToGround</altitudeMode>
                    <coordinates>9.941163,45.14681,0.0 9.941167,45.14682,0.0</coordinates>
                </LineString>
            </Placemark>
            <Placemark id="1170">
                <name>Rota 11:55</name>
                <styleUrl>#1171</styleUrl>
                <LineString id="1169">
                    <altitudeMode>clampToGround</altitudeMode>
                    <coordinates>9.94115,45.14687,0.0 9.941152,45.1469,0.0 9.941248,45.14706,0.0 9.941216,45.14706,0.0</coordinates>
                </LineString>
            </Placemark>
            <Placemark id="1174">
                <name>Rota 11:56</name>
                <styleUrl>#1175</styleUrl>
                <LineString id="1173">
                    <altitudeMode>clampToGround</altitudeMode>
                    <coordinates>9.941232,45.14708,0.0 9.941243,45.14708,0.0 9.941372,45.14709,0.0 9.94122,45.14711,0.0</coordinates>
                </LineString>
            </Placemark>
            <Placemark id="1178">
                <name>Rota 11:57</name>
                <styleUrl>#1179</styleUrl>
                <LineString id="1177">
                    <altitudeMode>clampToGround</altitudeMode>
                    <coordinates>9.941245,45.14712,0.0 9.941116,45.14707,0.0 9.941132,45.14679,0.0 9.94111,45.14666,0.0</coordinates>
                </LineString>
            </Placemark>
            <Placemark id="1182">
                <name>Rota 11:58</name>
                <styleUrl>#1183</styleUrl>
                <LineString id="1181">
                    <altitudeMode>clampToGround</altitudeMode>
                    <coordinates>9.941073,45.14667,0.0 9.94118,45.14662,0.0 9.94118,45.14662,0.0</coordinates>
                </LineString>
            </Placemark>
            <Placemark id="1186">
                <name>Rota 11:59</name>
                <styleUrl>#1187</styleUrl>
                <LineString id="1185">
                    <altitudeMode>clampToGround</altitudeMode>
                    <coordinates>9.94118,45.14666,0.0 9.941142,45.14663,0.0</coordinates>
                </LineString>
            </Placemark>
        </Folder>
        <Folder id="1189">
            <Style id="1192">
                <LineStyle id="1193">
                    <color>ff0000ff</color>
                    <colorMode>normal</colorMode>
                    <width>3</width>
                </LineStyle>
            </Style>
            <Style id="1196">
                <LineStyle id="1197">
                    <color>ff0000ff</color>
                    <colorMode>normal</colorMode>
                    <width>3</width>
                </LineStyle>
            </Style>
            <Style id="1200">
                <LineStyle id="1201">
                    <color>ff0000ff</color>
                    <colorMode>normal</colorMode>
                    <width>3</width>
                </LineStyle>
            </Style>
            <Style id="1204">
                <LineStyle id="1205">
                    <color>ff0000ff</color>
                    <colorMode>normal</colorMode>
                    <width>3</width>
                </LineStyle>
            </Style>
            <Style id="1208">
                <LineStyle id="1209">
                    <color>ff0000ff</color>
                    <colorMode>normal</colorMode>
                    <width>3</width>
                </LineStyle>
            </Style>
            <Style id="1212">
                <LineStyle id="1213">
                    <color>ff0000ff</color>
                    <colorMode>normal</colorMode>
                    <width>3</width>
                </LineStyle>
            </Style>
            <Style id="1216">
                <LineStyle id="1217">
                    <color>ff0000ff</color>
                    <colorMode>normal</colorMode>
                    <width>3</width>
                </LineStyle>
            </Style>
            <Style id="1220">
                <LineStyle id="1221">
                    <color>ff0000ff</color>
                    <colorMode>normal</colorMode>
                    <width>3</width>
                </LineStyle>
            </Style>
            <Style id="1224">
                <LineStyle id="1225">
                    <color>ff0000ff</color>
                    <colorMode>normal</colorMode>
                    <width>3</width>
                </LineStyle>
            </Style>
            <Style id="1228">
                <LineStyle id="1229">
                    <color>ff0000ff</color>
                    <colorMode>normal</colorMode>
                    <width>3</width>
                </LineStyle>
            </Style>
            <Style id="1232">
                <LineStyle id="1233">
                    <color>ff0000ff</color>
                    <colorMode>normal</colorMode>
                    <width>3</width>
                </LineStyle>
            </Style>
            <Style id="1236">
                <LineStyle id="1237">
                    <color>ff0000ff</color>
                    <colorMode>normal</colorMode>
                    <width>3</width>
                </LineStyle>
            </Style>
            <Style id="1240">
                <LineStyle id="1241">
                    <color>ff0000ff</color>
                    <colorMode>normal</colorMode>
                    <width>3</width>
                </LineStyle>
            </Style>
            <Style id="1244">
                <LineStyle id="1245">
                    <color>ff0000ff</color>
                    <colorMode>normal</colorMode>
                    <width>3</width>
                </LineStyle>
            </Style>
            <Style id="1248">
                <LineStyle id="1249">
                    <color>ff0000ff</color>
                    <colorMode>normal</colorMode>
                    <width>3</width>
                </LineStyle>
            </Style>
            <Style id="1252">
                <LineStyle id="1253">
                    <color>ff0000ff</color>
                    <colorMode>normal</colorMode>
                    <width>3</width>
                </LineStyle>
            </Style>
            <Style id="1256">
                <LineStyle id="1257">
                    <color>ff0000ff</color>
                    <colorMode>normal</colorMode>
                    <width>3</width>
                </LineStyle>
            </Style>
            <Style id="1260">
                <LineStyle id="1261">
                    <color>ff0000ff</color>
                    <colorMode>normal</colorMode>
                    <width>3</width>
                </LineStyle>
            </Style>
            <Style id="1264">
                <LineStyle id="1265">
                    <color>ff0000ff</color>
                    <colorMode>normal</colorMode>
                    <width>3</width>
                </LineStyle>
            </Style>
            <Style id="1268">
                <LineStyle id="1269">
                    <color>ff0000ff</color>
                    <colorMode>normal</colorMode>
                    <width>3</width>
                </LineStyle>
            </Style>
            <Style id="1272">
                <LineStyle id="1273">
                    <color>ff0000ff</color>
                    <colorMode>normal</colorMode>
                    <width>3</width>
                </LineStyle>
            </Style>
            <Style id="1276">
                <LineStyle id="1277">
                    <color>ff0000ff</color>
                    <colorMode>normal</colorMode>
                    <width>3</width>
                </LineStyle>
            </Style>
            <Style id="1280">
                <LineStyle id="1281">
                    <color>ff0000ff</color>
                    <colorMode>normal</colorMode>
                    <width>3</width>
                </LineStyle>
            </Style>
            <Style id="1284">
                <LineStyle id="1285">
                    <color>ff0000ff</color>
                    <colorMode>normal</colorMode>
                    <width>3</width>
                </LineStyle>
            </Style>
            <Style id="1288">
                <LineStyle id="1289">
                    <color>ff0000ff</color>
                    <colorMode>normal</colorMode>
                    <width>3</width>
                </LineStyle>
            </Style>
            <Style id="1292">
                <LineStyle id="1293">
                    <color>ff0000ff</color>
                    <colorMode>normal</colorMode>
                    <width>3</width>
                </LineStyle>
            </Style>
            <Style id="1296">
                <LineStyle id="1297">
                    <color>ff0000ff</color>
                    <colorMode>normal</colorMode>
                    <width>3</width>
                </LineStyle>
            </Style>
            <Style id="1300">
                <LineStyle id="1301">
                    <color>ff0000ff</color>
                    <colorMode>normal</colorMode>
                    <width>3</width>
                </LineStyle>
            </Style>
            <Style id="1304">
                <LineStyle id="1305">
                    <color>ff0000ff</color>
                    <colorMode>normal</colorMode>
                    <width>3</width>
                </LineStyle>
            </Style>
            <Style id="1308">
                <LineStyle id="1309">
                    <color>ff0000ff</color>
                    <colorMode>normal</colorMode>
                    <width>3</width>
                </LineStyle>
            </Style>
            <Style id="1312">
                <LineStyle id="1313">
                    <color>ff0000ff</color>
                    <colorMode>normal</colorMode>
                    <width>3</width>
                </LineStyle>
            </Style>
            <Style id="1316">
                <LineStyle id="1317">
                    <color>ff0000ff</color>
                    <colorMode>normal</colorMode>
                    <width>3</width>
                </LineStyle>
            </Style>
            <Style id="1320">
                <LineStyle id="1321">
                    <color>ff0000ff</color>
                    <colorMode>normal</colorMode>
                    <width>3</width>
                </LineStyle>
            </Style>
            <Style id="1324">
                <LineStyle id="1325">
                    <color>ff0000ff</color>
                    <colorMode>normal</colorMode>
                    <width>3</width>
                </LineStyle>
            </Style>
            <Style id="1328">
                <LineStyle id="1329">
                    <color>ff0000ff</color>
                    <colorMode>normal</colorMode>
                    <width>3</width>
                </LineStyle>
            </Style>
            <Style id="1332">
                <LineStyle id="1333">
                    <color>ff0000ff</color>
                    <colorMode>normal</colorMode>
                    <width>3</width>
                </LineStyle>
            </Style>
            <Style id="1336">
                <LineStyle id="1337">
                    <color>ff0000ff</color>
                    <colorMode>normal</colorMode>
                    <width>3</width>
                </LineStyle>
            </Style>
            <Style id="1340">
                <LineStyle id="1341">
                    <color>ff0000ff</color>
                    <colorMode>normal</colorMode>
                    <width>3</width>
                </LineStyle>
            </Style>
            <Style id="1344">
                <LineStyle id="1345">
                    <color>ff0000ff</color>
                    <colorMode>normal</colorMode>
                    <width>3</width>
                </LineStyle>
            </Style>
            <Style id="1348">
                <LineStyle id="1349">
                    <color>ff0000ff</color>
                    <colorMode>normal</colorMode>
                    <width>3</width>
                </LineStyle>
            </Style>
            <Style id="1352">
                <LineStyle id="1353">
                    <color>ff0000ff</color>
                    <colorMode>normal</colorMode>
                    <width>3</width>
                </LineStyle>
            </Style>
            <Style id="1356">
                <LineStyle id="1357">
                    <color>ff0000ff</color>
                    <colorMode>normal</colorMode>
                    <width>3</width>
                </LineStyle>
            </Style>
            <Style id="1360">
                <LineStyle id="1361">
                    <color>ff0000ff</color>
                    <colorMode>normal</colorMode>
                    <width>3</width>
                </LineStyle>
            </Style>
            <Style id="1364">
                <LineStyle id="1365">
                    <color>ff0000ff</color>
                    <colorMode>normal</colorMode>
                    <width>3</width>
                </LineStyle>
            </Style>
            <Style id="1368">
                <LineStyle id="1369">
                    <color>ff0000ff</color>
                    <colorMode>normal</colorMode>
                    <width>3</width>
                </LineStyle>
            </Style>
            <Style id="1372">
                <LineStyle id="1373">
                    <color>ff0000ff</color>
                    <colorMode>normal</colorMode>
                    <width>3</width>
                </LineStyle>
            </Style>
            <Style id="1376">
                <LineStyle id="1377">
                    <color>ff0000ff</color>
                    <colorMode>normal</colorMode>
                    <width>3</width>
                </LineStyle>
            </Style>
            <Style id="1380">
                <LineStyle id="1381">
                    <color>ff0000ff</color>
                    <colorMode>normal</colorMode>
                    <width>3</width>
                </LineStyle>
            </Style>
            <Style id="1384">
                <LineStyle id="1385">
                    <color>ff0000ff</color>
                    <colorMode>normal</colorMode>
                    <width>3</width>
                </LineStyle>
            </Style>
            <Style id="1388">
                <LineStyle id="1389">
                    <color>ff0000ff</color>
                    <colorMode>normal</colorMode>
                    <width>3</width>
                </LineStyle>
            </Style>
            <name>2025-08-18 12:00</name>
            <Placemark id="1191">
                <name>Rota 12:00</name>
                <styleUrl>#1192</styleUrl>
                <LineString id="1190">
                    <altitudeMode>clampToGround</altitudeMode>
                    <coordinates>9.941132,45.14661,0.0 9.941138,45.14664,0.0</coordinates>
                </LineString>
            </Placemark>
            <Placemark id="1195">
                <name>Rota 12:01</name>
                <styleUrl>#1196</styleUrl>
                <LineString id="1194">
                    <altitudeMode>clampToGround</altitudeMode>
                    <coordinates>9.941112,45.14669,0.0 9.941154,45.14669,0.0</coordinates>
                </LineString>
            </Placemark>
            <Placemark id="1199">
                <name>Rota 12:02</name>
                <styleUrl>#1200</styleUrl>
                <LineString id="1198">
                    <altitudeMode>clampToGround</altitudeMode>
                    <coordinates>9.941175,45.14668,0.0 9.941163,45.14666,0.0</coordinates>
                </LineString>
            </Placemark>
            <Placemark id="1203">
                <name>Rota 12:03</name>
                <styleUrl>#1204</styleUrl>
                <LineString id="1202">
                    <altitudeMode>clampToGround</altitudeMode>
                    <coordinates>9.941176,45.14668,0.0 9.941174,45.14666,0.0</coordinates>
                </LineString>
            </Placemark>
            <Placemark id="1207">
                <name>Rota 12:04</name>
                <styleUrl>#1208</styleUrl>
                <LineString id="1206">
                    <altitudeMode>clampToGround</altitudeMode>
                    <coordinates>9.941189,45.14664,0.0 9.941216,45.14664,0.0</coordinates>
                </LineString>
            </Placemark>
            <Placemark id="1211">
                <name>Rota 12:05</name>
                <styleUrl>#1212</styleUrl>
                <LineString id="1210">
                    <altitudeMode>clampToGround</altitudeMode>
                    <coordinates>9.941254,45.14663,0.0 9.941195,45.14662,0.0</coordinates>
                </LineString>
            </Placemark>
            <Placemark id="1215">
                <name>Rota 12:06</name>
                <styleUrl>#1216</styleUrl>
                <LineString id="1214">
                    <altitudeMode>clampToGround</altitudeMode>
                    <coordinates>9.941089,45.14666,0.0 9.941187,45.14663,0.0</coordinates>
                </LineString>
            </Placemark>
            <Placemark id="1219">
                <name>Rota 12:07</name>
                <styleUrl>#1220</styleUrl>
                <LineString id="1218">
                    <altitudeMode>clampToGround</altitudeMode>
                    <coordinates>9.941187,45.14658,0.0 9.941274,45.14659,0.0</coordinates>
                </LineString>
            </Placemark>
            <Placemark id="1223">
                <name>Rota 12:08</name>
                <styleUrl>#1224</styleUrl>
                <LineString id="1222">
                    <altitudeMode>clampToGround</altitudeMode>
                    <coordinates>9.941288,45.14661,0.0 9.941182,45.14663,0.0 9.941175,45.14663,0.0</coordinates>
                </LineString>
            </Placemark>
            <Placemark id="1227">
                <name>Rota 12:09</name>
                <styleUrl>#1228</styleUrl>
                <LineString id="1226">
                    <altitudeMode>clampToGround</altitudeMode>
                    <coordinates>9.941163,45.14662,0.0 9.941158,45.14664,0.0</coordinates>
                </LineString>
            </Placemark>
            <Placemark id="1231">
                <name>Rota 12:10</name>
                <styleUrl>#1232</styleUrl>
                <LineString id="1230">
                    <altitudeMode>clampToGround</altitudeMode>
                    <coordinates>9.941155,45.14665,0.0 9.94112,45.14666,0.0</coordinates>
                </LineString>
            </Placemark>
            <Placemark id="1235">
                <name>Rota 12:11</name>
                <styleUrl>#1236</styleUrl>
                <LineString id="1234">
                    <altitudeMode>clampToGround</altitudeMode>
                    <coordinates>9.941116,45.14666,0.0 9.94112,45.14667,0.0</coordinates>
                </LineString>
            </Placemark>
            <Placemark id="1239">
                <name>Rota 12:12</name>
                <styleUrl>#1240</styleUrl>
                <LineString id="1238">
                    <altitudeMode>clampToGround</altitudeMode>
                    <coordinates>9.941116,45.14668,0.0 9.941118,45.14668,0.0</coordinates>
                </LineString>
            </Placemark>
            <Placemark id="1243">
                <name>Rota 12:13</name>
                <styleUrl>#1244</styleUrl>
                <LineString id="1242">
                    <altitudeMode>clampToGround</altitudeMode>
                    <coordinates>9.941118,45.14668,0.0 9.941112,45.14667,0.0</coordinates>
                </LineString>
            </Placemark>
            <Placemark id="1247">
                <name>Rota 12:14</name>
                <styleUrl>#1248</styleUrl>
                <LineString id="1246">
                    <altitudeMode>clampToGround</altitudeMode>
                    <coordinates>9.941112,45.14667,0.0 9.941174,45.14666,0.0</coordinates>
                </LineString>
            </Placemark>
            <Placemark id="1251">
                <name>Rota 12:15</name>
                <styleUrl>#1252</styleUrl>
                <LineString id="1250">
                    <altitudeMode>clampToGround</altitudeMode>
                    <coordinates>9.941185,45.14668,0.0 9.941167,45.14668,0.0</coordinates>
                </LineString>
            </Placemark>
            <Placemark id="1255">
                <name>Rota 12:16</name>
                <styleUrl>#1256</styleUrl>
                <LineString id="1254">
                    <altitudeMode>clampToGround</altitudeMode>
                    <coordinates>9.941102,45.14669,0.0 9.941096,45.14666,0.0</coordinates>
                </LineString>
            </Placemark>
            <Placemark id="1259">
                <name>Rota 12:17</name>
                <styleUrl>#1260</styleUrl>
                <LineString id="1258">
                    <altitudeMode>clampToGround</altitudeMode>
                    <coordinates>9.941135,45.14664,0.0 9.941142,45.14664,0.0</coordinates>
                </LineString>
            </Placemark>
            <Placemark id="1263">
                <name>Rota 12:18</name>
                <styleUrl>#1264</styleUrl>
                <LineString id="1262">
                    <altitudeMode>clampToGround</altitudeMode>
                    <coordinates>9.941149,45.1466,0.0 9.941154,45.14662,0.0 9.941168,45.14664,0.0</coordinates>
                </LineString>
            </Placemark>
            <Placemark id="1267">
                <name>Rota 12:19</name>
                <styleUrl>#1268</styleUrl>
                <LineString id="1266">
                    <altitudeMode>clampToGround</altitudeMode>
                    <coordinates>9.941154,45.14666,0.0 9.941152,45.14666,0.0</coordinates>
                </LineString>
            </Placemark>
            <Placemark id="1271">
                <name>Rota 12:20</name>
                <styleUrl>#1272</styleUrl>
                <LineString id="1270">
                    <altitudeMode>clampToGround</altitudeMode>
                    <coordinates>9.94116,45.14669,0.0 9.94118,45.14665,0.0</coordinates>
                </LineString>
            </Placemark>
            <Placemark id="1275">
                <name>Rota 12:21</name>
                <styleUrl>#1276</styleUrl>
                <LineString id="1274">
                    <altitudeMode>clampToGround</altitudeMode>
                    <coordinates>9.941172,45.14668,0.0 9.941138,45.14668,0.0</coordinates>
                </LineString>
            </Placemark>
            <Placemark id="1279">
                <name>Rota 12:22</name>
                <styleUrl>#1280</styleUrl>
                <LineString id="1278">
                    <altitudeMode>clampToGround</altitudeMode>
                    <coordinates>9.941138,45.14666,0.0 9.941165,45.14665,0.0</coordinates>
                </LineString>
            </Placemark>
            <Placemark id="1283">
                <name>Rota 12:23</name>
                <styleUrl>#1284</styleUrl>
                <LineString id="1282">
                    <altitudeMode>clampToGround</altitudeMode>
                    <coordinates>9.94114,45.14665,0.0 9.941133,45.14666,0.0</coordinates>
                </LineString>
            </Placemark>
            <Placemark id="1287">
                <name>Rota 12:24</name>
                <styleUrl>#1288</styleUrl>
                <LineString id="1286">
                    <altitudeMode>clampToGround</altitudeMode>
                    <coordinates>9.94111,45.14666,0.0 9.941093,45.14666,0.0</coordinates>
                </LineString>
            </Placemark>
            <Placemark id="1291">
                <name>Rota 12:25</name>
                <styleUrl>#1292</styleUrl>
                <LineString id="1290">
                    <altitudeMode>clampToGround</altitudeMode>
                    <coordinates>9.941095,45.14664,0.0 9.941107,45.14664,0.0</coordinates>
                </LineString>
            </Placemark>
            <Placemark id="1295">
                <name>Rota 12:26</name>
                <styleUrl>#1296</styleUrl>
                <LineString id="1294">
                    <altitudeMode>clampToGround</altitudeMode>
                    <coordinates>9.94112,45.14664,0.0 9.941122,45.14665,0.0</coordinates>
                </LineString>
            </Placemark>
            <Placemark id="1299">
                <name>Rota 12:27</name>
                <styleUrl>#1300</styleUrl>
                <LineString id="1298">
                    <altitudeMode>clampToGround</altitudeMode>
                    <coordinates>9.941122,45.14665,0.0 9.941135,45.14665,0.0</coordinates>
                </LineString>
            </Placemark>
            <Placemark id="1303">
                <name>Rota 12:28</name>
                <styleUrl>#1304</styleUrl>
                <LineString id="1302">
                    <altitudeMode>clampToGround</altitudeMode>
                    <coordinates>9.941116,45.14665,0.0 9.941136,45.14666,0.0</coordinates>
                </LineString>
            </Placemark>
            <Placemark id="1307">
                <name>Rota 12:29</name>
                <styleUrl>#1308</styleUrl>
                <LineString id="1306">
                    <altitudeMode>clampToGround</altitudeMode>
                    <coordinates>9.941147,45.14666,0.0 9.941136,45.14665,0.0 9.941109,45.14679,0.0 9.94111,45.14685,0.0 9.941149,45.14701,0.0</coordinates>
                </LineString>
            </Placemark>
            <Placemark id="1311">
                <name>Rota 12:30</name>
                <styleUrl>#1312</styleUrl>
                <LineString id="1310">
                    <altitudeMode>clampToGround</altitudeMode>
                    <coordinates>9.941158,45.14705,0.0 9.941261,45.14705,0.0 9.94116,45.14703,0.0</coordinates>
                </LineString>
            </Placemark>
            <Placemark id="1315">
                <name>Rota 12:31</name>
                <styleUrl>#1316</styleUrl>
                <LineString id="1314">
                    <altitudeMode>clampToGround</altitudeMode>
                    <coordinates>9.94122,45.14706,0.0 9.941135,45.147,0.0 9.94112,45.14706,0.0</coordinates>
                </LineString>
            </Placemark>
            <Placemark id="1319">
                <name>Rota 12:32</name>
                <styleUrl>#1320</styleUrl>
                <LineString id="1318">
                    <altitudeMode>clampToGround</altitudeMode>
                    <coordinates>9.940697,45.14733,0.0 9.940389,45.1474,0.0 9.940385,45.14743,0.0 9.940393,45.14761,0.0 9.940375,45.14766,0.0 9.94039,45.14767,0.0 9.94039,45.14767,0.0 9.94039,45.14767,0.0 9.94039,45.14767,0.0</coordinates>
                </LineString>
            </Placemark>
            <Placemark id="1323">
                <name>Rota 12:33</name>
                <styleUrl>#1324</styleUrl>
                <LineString id="1322">
                    <altitudeMode>clampToGround</altitudeMode>
                    <coordinates>9.94039,45.14767,0.0 9.94038,45.14767,0.0 9.94037,45.14767,0.0 9.94037,45.14768,0.0</coordinates>
                </LineString>
            </Placemark>
            <Placemark id="1327">
                <name>Rota 12:44</name>
                <styleUrl>#1328</styleUrl>
                <LineString id="1326">
                    <altitudeMode>clampToGround</altitudeMode>
                    <coordinates>9.940365,45.14768,0.0 9.940365,45.14768,0.0 9.940365,45.14768,0.0 9.940315,45.14759,0.0 9.940335,45.1476,0.0 9.940335,45.1476,0.0 9.940475,45.14761,0.0</coordinates>
                </LineString>
            </Placemark>
            <Placemark id="1331">
                <name>Rota 12:45</name>
                <styleUrl>#1332</styleUrl>
                <LineString id="1330">
                    <altitudeMode>clampToGround</altitudeMode>
                    <coordinates>9.940475,45.14759,0.0 9.940452,45.1476,0.0 9.940387,45.14765,0.0 9.940363,45.14768,0.0</coordinates>
                </LineString>
            </Placemark>
            <Placemark id="1335">
                <name>Rota 12:46</name>
                <styleUrl>#1336</styleUrl>
                <LineString id="1334">
                    <altitudeMode>clampToGround</altitudeMode>
                    <coordinates>9.940358,45.14768,0.0 9.940382,45.1476,0.0</coordinates>
                </LineString>
            </Placemark>
            <Placemark id="1339">
                <name>Rota 12:47</name>
                <styleUrl>#1340</styleUrl>
                <LineString id="1338">
                    <altitudeMode>clampToGround</altitudeMode>
                    <coordinates>9.940378,45.1476,0.0 9.940378,45.1476,0.0 9.940378,45.1476,0.0</coordinates>
                </LineString>
            </Placemark>
            <Placemark id="1343">
                <name>Rota 12:48</name>
                <styleUrl>#1344</styleUrl>
                <LineString id="1342">
                    <altitudeMode>clampToGround</altitudeMode>
                    <coordinates>9.940365,45.14762,0.0 9.94038,45.14764,0.0</coordinates>
                </LineString>
            </Placemark>
            <Placemark id="1347">
                <name>Rota 12:49</name>
                <styleUrl>#1348</styleUrl>
                <LineString id="1346">
                    <altitudeMode>clampToGround</altitudeMode>
                    <coordinates>9.940369,45.14764,0.0 9.940347,45.14764,0.0</coordinates>
                </LineString>
            </Placemark>
            <Placemark id="1351">
                <name>Rota 12:50</name>
                <styleUrl>#1352</styleUrl>
                <LineString id="1350">
                    <altitudeMode>clampToGround</altitudeMode>
                    <coordinates>9.940327,45.14766,0.0 9.940302,45.14767,0.0</coordinates>
                </LineString>
            </Placemark>
            <Placemark id="1355">
                <name>Rota 12:51</name>
                <styleUrl>#1356</styleUrl>
                <LineString id="1354">
                    <altitudeMode>clampToGround</altitudeMode>
                    <coordinates>9.940302,45.14767,0.0 9.940298,45.14767,0.0</coordinates>
                </LineString>
            </Placemark>
            <Placemark id="1359">
                <name>Rota 12:52</name>
                <styleUrl>#1360</styleUrl>
                <LineString id="1358">
                    <altitudeMode>clampToGround</altitudeMode>
                    <coordinates>9.940336,45.1476,0.0 9.940298,45.14739,0.0 9.940675,45.14738,0.0 9.940828,45.1474,0.0 9.941082,45.14705,0.0</coordinates>
                </LineString>
            </Placemark>
            <Placemark id="1363">
                <name>Rota 12:53</name>
                <styleUrl>#1364</styleUrl>
                <LineString id="1362">
                    <altitudeMode>clampToGround</altitudeMode>
                    <coordinates>9.941167,45.14706,0.0 9.941223,45.14709,0.0 9.941215,45.14708,0.0 9.941115,45.147,0.0</coordinates>
                </LineString>
            </Placemark>
            <Placemark id="1367">
                <name>Rota 12:54</name>
                <styleUrl>#1368</styleUrl>
                <LineString id="1366">
                    <altitudeMode>clampToGround</altitudeMode>
                    <coordinates>9.94111,45.14679,0.0 9.941123,45.14674,0.0 9.941136,45.1466,0.0 9.941143,45.1466,0.0</coordinates>
                </LineString>
            </Placemark>
            <Placemark id="1371">
                <name>Rota 12:55</name>
                <styleUrl>#1372</styleUrl>
                <LineString id="1370">
                    <altitudeMode>clampToGround</altitudeMode>
                    <coordinates>9.941156,45.14658,0.0 9.941165,45.14658,0.0</coordinates>
                </LineString>
            </Placemark>
            <Placemark id="1375">
                <name>Rota 12:56</name>
                <styleUrl>#1376</styleUrl>
                <LineString id="1374">
                    <altitudeMode>clampToGround</altitudeMode>
                    <coordinates>9.94116,45.14658,0.0 9.94116,45.14659,0.0</coordinates>
                </LineString>
            </Placemark>
            <Placemark id="1379">
                <name>Rota 12:57</name>
                <styleUrl>#1380</styleUrl>
                <LineString id="1378">
                    <altitudeMode>clampToGround</altitudeMode>
                    <coordinates>9.941142,45.1466,0.0 9.941122,45.14661,0.0</coordinates>
                </LineString>
            </Placemark>
            <Placemark id="1383">
                <name>Rota 12:58</name>
                <styleUrl>#1384</styleUrl>
                <LineString id="1382">
                    <altitudeMode>clampToGround</altitudeMode>
                    <coordinates>9.941154,45.14662,0.0 9.941155,45.1466,0.0</coordinates>
                </LineString>
            </Placemark>
            <Placemark id="1387">
                <name>Rota 12:59</name>
                <styleUrl>#1388</styleUrl>
                <LineString id="1386">
                    <altitudeMode>clampToGround</altitudeMode>
                    <coordinates>9.941156,45.1466,0.0 9.941174,45.14661,0.0</coordinates>
                </LineString>
            </Placemark>
        </Folder>
        <Folder id="1390">
            <Style id="1393">
                <LineStyle id="1394">
                    <color>ff0000ff</color>
                    <colorMode>normal</colorMode>
                    <width>3</width>
                </LineStyle>
            </Style>
            <Style id="1397">
                <LineStyle id="1398">
                    <color>ff0000ff</color>
                    <colorMode>normal</colorMode>
                    <width>3</width>
                </LineStyle>
            </Style>
            <Style id="1401">
                <LineStyle id="1402">
                    <color>ff0000ff</color>
                    <colorMode>normal</colorMode>
                    <width>3</width>
                </LineStyle>
            </Style>
            <Style id="1405">
                <LineStyle id="1406">
                    <color>ff0000ff</color>
                    <colorMode>normal</colorMode>
                    <width>3</width>
                </LineStyle>
            </Style>
            <Style id="1409">
                <LineStyle id="1410">
                    <color>ff0000ff</color>
                    <colorMode>normal</colorMode>
                    <width>3</width>
                </LineStyle>
            </Style>
            <Style id="1413">
                <LineStyle id="1414">
                    <color>ff0000ff</color>
                    <colorMode>normal</colorMode>
                    <width>3</width>
                </LineStyle>
            </Style>
            <Style id="1417">
                <LineStyle id="1418">
                    <color>ff0000ff</color>
                    <colorMode>normal</colorMode>
                    <width>3</width>
                </LineStyle>
            </Style>
            <Style id="1421">
                <LineStyle id="1422">
                    <color>ff0000ff</color>
                    <colorMode>normal</colorMode>
                    <width>3</width>
                </LineStyle>
            </Style>
            <Style id="1425">
                <LineStyle id="1426">
                    <color>ff0000ff</color>
                    <colorMode>normal</colorMode>
                    <width>3</width>
                </LineStyle>
            </Style>
            <Style id="1429">
                <LineStyle id="1430">
                    <color>ff0000ff</color>
                    <colorMode>normal</colorMode>
                    <width>3</width>
                </LineStyle>
            </Style>
            <Style id="1433">
                <LineStyle id="1434">
                    <color>ff0000ff</color>
                    <colorMode>normal</colorMode>
                    <width>3</width>
                </LineStyle>
            </Style>
            <Style id="1437">
                <LineStyle id="1438">
                    <color>ff0000ff</color>
                    <colorMode>normal</colorMode>
                    <width>3</width>
                </LineStyle>
            </Style>
            <Style id="1441">
                <LineStyle id="1442">
                    <color>ff0000ff</color>
                    <colorMode>normal</colorMode>
                    <width>3</width>
                </LineStyle>
            </Style>
            <Style id="1445">
                <LineStyle id="1446">
                    <color>ff0000ff</color>
                    <colorMode>normal</colorMode>
                    <width>3</width>
                </LineStyle>
            </Style>
            <Style id="1449">
                <LineStyle id="1450">
                    <color>ff0000ff</color>
                    <colorMode>normal</colorMode>
                    <width>3</width>
                </LineStyle>
            </Style>
            <Style id="1453">
                <LineStyle id="1454">
                    <color>ff0000ff</color>
                    <colorMode>normal</colorMode>
                    <width>3</width>
                </LineStyle>
            </Style>
            <Style id="1457">
                <LineStyle id="1458">
                    <color>ff0000ff</color>
                    <colorMode>normal</colorMode>
                    <width>3</width>
                </LineStyle>
            </Style>
            <Style id="1461">
                <LineStyle id="1462">
                    <color>ff0000ff</color>
                    <colorMode>normal</colorMode>
                    <width>3</width>
                </LineStyle>
            </Style>
            <Style id="1465">
                <LineStyle id="1466">
                    <color>ff0000ff</color>
                    <colorMode>normal</colorMode>
                    <width>3</width>
                </LineStyle>
            </Style>
            <Style id="1469">
                <LineStyle id="1470">
                    <color>ff0000ff</color>
                    <colorMode>normal</colorMode>
                    <width>3</width>
                </LineStyle>
            </Style>
            <Style id="1473">
                <LineStyle id="1474">
                    <color>ff0000ff</color>
                    <colorMode>normal</colorMode>
                    <width>3</width>
                </LineStyle>
            </Style>
            <Style id="1477">
                <LineStyle id="1478">
                    <color>ff0000ff</color>
                    <colorMode>normal</colorMode>
                    <width>3</width>
                </LineStyle>
            </Style>
            <Style id="1481">
                <LineStyle id="1482">
                    <color>ff0000ff</color>
                    <colorMode>normal</colorMode>
                    <width>3</width>
                </LineStyle>
            </Style>
            <Style id="1485">
                <LineStyle id="1486">
                    <color>ff0000ff</color>
                    <colorMode>normal</colorMode>
                    <width>3</width>
                </LineStyle>
            </Style>
            <Style id="1489">
                <LineStyle id="1490">
                    <color>ff0000ff</color>
                    <colorMode>normal</colorMode>
                    <width>3</width>
                </LineStyle>
            </Style>
            <Style id="1493">
                <LineStyle id="1494">
                    <color>ff0000ff</color>
                    <colorMode>normal</colorMode>
                    <width>3</width>
                </LineStyle>
            </Style>
            <Style id="1497">
                <LineStyle id="1498">
                    <color>ff0000ff</color>
                    <colorMode>normal</colorMode>
                    <width>3</width>
                </LineStyle>
            </Style>
            <Style id="1501">
                <LineStyle id="1502">
                    <color>ff0000ff</color>
                    <colorMode>normal</colorMode>
                    <width>3</width>
                </LineStyle>
            </Style>
            <Style id="1505">
                <LineStyle id="1506">
                    <color>ff0000ff</color>
                    <colorMode>normal</colorMode>
                    <width>3</width>
                </LineStyle>
            </Style>
            <Style id="1509">
                <LineStyle id="1510">
                    <color>ff0000ff</color>
                    <colorMode>normal</colorMode>
                    <width>3</width>
                </LineStyle>
            </Style>
            <Style id="1513">
                <LineStyle id="1514">
                    <color>ff0000ff</color>
                    <colorMode>normal</colorMode>
                    <width>3</width>
                </LineStyle>
            </Style>
            <Style id="1517">
                <LineStyle id="1518">
                    <color>ff0000ff</color>
                    <colorMode>normal</colorMode>
                    <width>3</width>
                </LineStyle>
            </Style>
            <Style id="1521">
                <LineStyle id="1522">
                    <color>ff0000ff</color>
                    <colorMode>normal</colorMode>
                    <width>3</width>
                </LineStyle>
            </Style>
            <Style id="1525">
                <LineStyle id="1526">
                    <color>ff0000ff</color>
                    <colorMode>normal</colorMode>
                    <width>3</width>
                </LineStyle>
            </Style>
            <Style id="1529">
                <LineStyle id="1530">
                    <color>ff0000ff</color>
                    <colorMode>normal</colorMode>
                    <width>3</width>
                </LineStyle>
            </Style>
            <Style id="1533">
                <LineStyle id="1534">
                    <color>ff0000ff</color>
                    <colorMode>normal</colorMode>
                    <width>3</width>
                </LineStyle>
            </Style>
            <Style id="1537">
                <LineStyle id="1538">
                    <color>ff0000ff</color>
                    <colorMode>normal</colorMode>
                    <width>3</width>
                </LineStyle>
            </Style>
            <Style id="1541">
                <LineStyle id="1542">
                    <color>ff0000ff</color>
                    <colorMode>normal</colorMode>
                    <width>3</width>
                </LineStyle>
            </Style>
            <Style id="1545">
                <LineStyle id="1546">
                    <color>ff0000ff</color>
                    <colorMode>normal</colorMode>
                    <width>3</width>
                </LineStyle>
            </Style>
            <Style id="1549">
                <LineStyle id="1550">
                    <color>ff0000ff</color>
                    <colorMode>normal</colorMode>
                    <width>3</width>
                </LineStyle>
            </Style>
            <Style id="1553">
                <LineStyle id="1554">
                    <color>ff0000ff</color>
                    <colorMode>normal</colorMode>
                    <width>3</width>
                </LineStyle>
            </Style>
            <Style id="1557">
                <LineStyle id="1558">
                    <color>ff0000ff</color>
                    <colorMode>normal</colorMode>
                    <width>3</width>
                </LineStyle>
            </Style>
            <Style id="1561">
                <LineStyle id="1562">
                    <color>ff0000ff</color>
                    <colorMode>normal</colorMode>
                    <width>3</width>
                </LineStyle>
            </Style>
            <Style id="1565">
                <LineStyle id="1566">
                    <color>ff0000ff</color>
                    <colorMode>normal</colorMode>
                    <width>3</width>
                </LineStyle>
            </Style>
            <Style id="1569">
                <LineStyle id="1570">
                    <color>ff0000ff</color>
                    <colorMode>normal</colorMode>
                    <width>3</width>
                </LineStyle>
            </Style>
            <Style id="1573">
                <LineStyle id="1574">
                    <color>ff0000ff</color>
                    <colorMode>normal</colorMode>
                    <width>3</width>
                </LineStyle>
            </Style>
            <Style id="1577">
                <LineStyle id="1578">
                    <color>ff0000ff</color>
                    <colorMode>normal</colorMode>
                    <width>3</width>
                </LineStyle>
            </Style>
            <Style id="1581">
                <LineStyle id="1582">
                    <color>ff0000ff</color>
                    <colorMode>normal</colorMode>
                    <width>3</width>
                </LineStyle>
            </Style>
            <Style id="1585">
                <LineStyle id="1586">
                    <color>ff0000ff</color>
                    <colorMode>normal</colorMode>
                    <width>3</width>
                </LineStyle>
            </Style>
            <Style id="1589">
                <LineStyle id="1590">
                    <color>ff0000ff</color>
                    <colorMode>normal</colorMode>
                    <width>3</width>
                </LineStyle>
            </Style>
            <Style id="1593">
                <LineStyle id="1594">
                    <color>ff0000ff</color>
                    <colorMode>normal</colorMode>
                    <width>3</width>
                </LineStyle>
            </Style>
            <Style id="1597">
                <LineStyle id="1598">
                    <color>ff0000ff</color>
                    <colorMode>normal</colorMode>
                    <width>3</width>
                </LineStyle>
            </Style>
            <Style id="1601">
                <LineStyle id="1602">
                    <color>ff0000ff</color>
                    <colorMode>normal</colorMode>
                    <width>3</width>
                </LineStyle>
            </Style>
            <Style id="1605">
                <LineStyle id="1606">
                    <color>ff0000ff</color>
                    <colorMode>normal</colorMode>
                    <width>3</width>
                </LineStyle>
            </Style>
            <Style id="1609">
                <LineStyle id="1610">
                    <color>ff0000ff</color>
                    <colorMode>normal</colorMode>
                    <width>3</width>
                </LineStyle>
            </Style>
            <Style id="1613">
                <LineStyle id="1614">
                    <color>ff0000ff</color>
                    <colorMode>normal</colorMode>
                    <width>3</width>
                </LineStyle>
            </Style>
            <Style id="1617">
                <LineStyle id="1618">
                    <color>ff0000ff</color>
                    <colorMode>normal</colorMode>
                    <width>3</width>
                </LineStyle>
            </Style>
            <Style id="1621">
                <LineStyle id="1622">
                    <color>ff0000ff</color>
                    <colorMode>normal</colorMode>
                    <width>3</width>
                </LineStyle>
            </Style>
            <Style id="1625">
                <LineStyle id="1626">
                    <color>ff0000ff</color>
                    <colorMode>normal</colorMode>
                    <width>3</width>
                </LineStyle>
            </Style>
            <Style id="1629">
                <LineStyle id="1630">
                    <color>ff0000ff</color>
                    <colorMode>normal</colorMode>
                    <width>3</width>
                </LineStyle>
            </Style>
            <name>2025-08-18 13:00</name>
            <Placemark id="1392">
                <name>Rota 13:00</name>
                <styleUrl>#1393</styleUrl>
                <LineString id="1391">
                    <altitudeMode>clampToGround</altitudeMode>
                    <coordinates>9.941154,45.14661,0.0 9.941156,45.1466,0.0</coordinates>
                </LineString>
            </Placemark>
            <Placemark id="1396">
                <name>Rota 13:01</name>
                <styleUrl>#1397</styleUrl>
                <LineString id="1395">
                    <altitudeMode>clampToGround</altitudeMode>
                    <coordinates>9.941136,45.14661,0.0 9.94115,45.1466,0.0</coordinates>
                </LineString>
            </Placemark>
            <Placemark id="1400">
                <name>Rota 13:02</name>
                <styleUrl>#1401</styleUrl>
                <LineString id="1399">
                    <altitudeMode>clampToGround</altitudeMode>
                    <coordinates>9.941135,45.1466,0.0 9.941147,45.14657,0.0</coordinates>
                </LineString>
            </Placemark>
            <Placemark id="1404">
                <name>Rota 13:03</name>
                <styleUrl>#1405</styleUrl>
                <LineString id="1403">
                    <altitudeMode>clampToGround</altitudeMode>
                    <coordinates>9.941196,45.14653,0.0 9.941176,45.14656,0.0</coordinates>
                </LineString>
            </Placemark>
            <Placemark id="1408">
                <name>Rota 13:04</name>
                <styleUrl>#1409</styleUrl>
                <LineString id="1407">
                    <altitudeMode>clampToGround</altitudeMode>
                    <coordinates>9.94116,45.14658,0.0 9.941263,45.14652,0.0 9.941162,45.14656,0.0</coordinates>
                </LineString>
            </Placemark>
            <Placemark id="1412">
                <name>Rota 13:05</name>
                <styleUrl>#1413</styleUrl>
                <LineString id="1411">
                    <altitudeMode>clampToGround</altitudeMode>
                    <coordinates>9.941158,45.14656,0.0 9.941147,45.14656,0.0</coordinates>
                </LineString>
            </Placemark>
            <Placemark id="1416">
                <name>Rota 13:06</name>
                <styleUrl>#1417</styleUrl>
                <LineString id="1415">
                    <altitudeMode>clampToGround</altitudeMode>
                    <coordinates>9.941155,45.14658,0.0 9.941087,45.14666,0.0</coordinates>
                </LineString>
            </Placemark>
            <Placemark id="1420">
                <name>Rota 13:07</name>
                <styleUrl>#1421</styleUrl>
                <LineString id="1419">
                    <altitudeMode>clampToGround</altitudeMode>
                    <coordinates>9.941073,45.14668,0.0 9.941062,45.14669,0.0</coordinates>
                </LineString>
            </Placemark>
            <Placemark id="1424">
                <name>Rota 13:08</name>
                <styleUrl>#1425</styleUrl>
                <LineString id="1423">
                    <altitudeMode>clampToGround</altitudeMode>
                    <coordinates>9.941055,45.14668,0.0 9.94106,45.14671,0.0</coordinates>
                </LineString>
            </Placemark>
            <Placemark id="1428">
                <name>Rota 13:09</name>
                <styleUrl>#1429</styleUrl>
                <LineString id="1427">
                    <altitudeMode>clampToGround</altitudeMode>
                    <coordinates>9.941072,45.1467,0.0 9.941102,45.14671,0.0</coordinates>
                </LineString>
            </Placemark>
            <Placemark id="1432">
                <name>Rota 13:10</name>
                <styleUrl>#1433</styleUrl>
                <LineString id="1431">
                    <altitudeMode>clampToGround</altitudeMode>
                    <coordinates>9.94109,45.14668,0.0 9.941072,45.14666,0.0</coordinates>
                </LineString>
            </Placemark>
            <Placemark id="1436">
                <name>Rota 13:11</name>
                <styleUrl>#1437</styleUrl>
                <LineString id="1435">
                    <altitudeMode>clampToGround</altitudeMode>
                    <coordinates>9.941056,45.14666,0.0 9.940973,45.14662,0.0</coordinates>
                </LineString>
            </Placemark>
            <Placemark id="1440">
                <name>Rota 13:12</name>
                <styleUrl>#1441</styleUrl>
                <LineString id="1439">
                    <altitudeMode>clampToGround</altitudeMode>
                    <coordinates>9.940987,45.14667,0.0 9.941011,45.14668,0.0</coordinates>
                </LineString>
            </Placemark>
            <Placemark id="1444">
                <name>Rota 13:13</name>
                <styleUrl>#1445</styleUrl>
                <LineString id="1443">
                    <altitudeMode>clampToGround</altitudeMode>
                    <coordinates>9.940969,45.14663,0.0 9.941011,45.14665,0.0</coordinates>
                </LineString>
            </Placemark>
            <Placemark id="1448">
                <name>Rota 13:14</name>
                <styleUrl>#1449</styleUrl>
                <LineString id="1447">
                    <altitudeMode>clampToGround</altitudeMode>
                    <coordinates>9.941073,45.14669,0.0 9.941067,45.14667,0.0 9.941067,45.14665,0.0</coordinates>
                </LineString>
            </Placemark>
            <Placemark id="1452">
                <name>Rota 13:15</name>
                <styleUrl>#1453</styleUrl>
                <LineString id="1451">
                    <altitudeMode>clampToGround</altitudeMode>
                    <coordinates>9.941056,45.14664,0.0 9.94105,45.14663,0.0</coordinates>
                </LineString>
            </Placemark>
            <Placemark id="1456">
                <name>Rota 13:16</name>
                <styleUrl>#1457</styleUrl>
                <LineString id="1455">
                    <altitudeMode>clampToGround</altitudeMode>
                    <coordinates>9.941069,45.14664,0.0 9.941025,45.14664,0.0</coordinates>
                </LineString>
            </Placemark>
            <Placemark id="1460">
                <name>Rota 13:17</name>
                <styleUrl>#1461</styleUrl>
                <LineString id="1459">
                    <altitudeMode>clampToGround</altitudeMode>
                    <coordinates>9.940965,45.14669,0.0 9.941002,45.14672,0.0</coordinates>
                </LineString>
            </Placemark>
            <Placemark id="1464">
                <name>Rota 13:18</name>
                <styleUrl>#1465</styleUrl>
                <LineString id="1463">
                    <altitudeMode>clampToGround</altitudeMode>
                    <coordinates>9.941029,45.14671,0.0 9.94106,45.14669,0.0</coordinates>
                </LineString>
            </Placemark>
            <Placemark id="1468">
                <name>Rota 13:19</name>
                <styleUrl>#1469</styleUrl>
                <LineString id="1467">
                    <altitudeMode>clampToGround</altitudeMode>
                    <coordinates>9.941072,45.14664,0.0 9.941022,45.14673,0.0 9.941031,45.14679,0.0 9.94108,45.14688,0.0</coordinates>
                </LineString>
            </Placemark>
            <Placemark id="1472">
                <name>Rota 13:20</name>
                <styleUrl>#1473</styleUrl>
                <LineString id="1471">
                    <altitudeMode>clampToGround</altitudeMode>
                    <coordinates>9.941087,45.14687,0.0 9.941116,45.14686,0.0</coordinates>
                </LineString>
            </Placemark>
            <Placemark id="1476">
                <name>Rota 13:21</name>
                <styleUrl>#1477</styleUrl>
                <LineString id="1475">
                    <altitudeMode>clampToGround</altitudeMode>
                    <coordinates>9.941145,45.14685,0.0 9.941102,45.14685,0.0</coordinates>
                </LineString>
            </Placemark>
            <Placemark id="1480">
                <name>Rota 13:22</name>
                <styleUrl>#1481</styleUrl>
                <LineString id="1479">
                    <altitudeMode>clampToGround</altitudeMode>
                    <coordinates>9.941024,45.14686,0.0 9.941123,45.14702,0.0</coordinates>
                </LineString>
            </Placemark>
            <Placemark id="1484">
                <name>Rota 13:23</name>
                <styleUrl>#1485</styleUrl>
                <LineString id="1483">
                    <altitudeMode>clampToGround</altitudeMode>
                    <coordinates>9.941256,45.14711,0.0 9.941192,45.14716,0.0 9.941268,45.14716,0.0 9.941297,45.14713,0.0 9.941205,45.1471,0.0</coordinates>
                </LineString>
            </Placemark>
            <Placemark id="1488">
                <name>Rota 13:24</name>
                <styleUrl>#1489</styleUrl>
                <LineString id="1487">
                    <altitudeMode>clampToGround</altitudeMode>
                    <coordinates>9.941172,45.14703,0.0 9.941072,45.14674,0.0 9.941069,45.1466,0.0 9.941096,45.14659,0.0</coordinates>
                </LineString>
            </Placemark>
            <Placemark id="1492">
                <name>Rota 13:25</name>
                <styleUrl>#1493</styleUrl>
                <LineString id="1491">
                    <altitudeMode>clampToGround</altitudeMode>
                    <coordinates>9.94109,45.1466,0.0 9.941085,45.1466,0.0</coordinates>
                </LineString>
            </Placemark>
            <Placemark id="1496">
                <name>Rota 13:26</name>
                <styleUrl>#1497</styleUrl>
                <LineString id="1495">
                    <altitudeMode>clampToGround</altitudeMode>
                    <coordinates>9.94109,45.1466,0.0 9.941083,45.14658,0.0</coordinates>
                </LineString>
            </Placemark>
            <Placemark id="1500">
                <name>Rota 13:27</name>
                <styleUrl>#1501</styleUrl>
                <LineString id="1499">
                    <altitudeMode>clampToGround</altitudeMode>
                    <coordinates>9.941051,45.14659,0.0 9.941038,45.14658,0.0</coordinates>
                </LineString>
            </Placemark>
            <Placemark id="1504">
                <name>Rota 13:28</name>
                <styleUrl>#1505</styleUrl>
                <LineString id="1503">
                    <altitudeMode>clampToGround</altitudeMode>
                    <coordinates>9.941135,45.1466,0.0 9.941136,45.14661,0.0</coordinates>
                </LineString>
            </Placemark>
            <Placemark id="1508">
                <name>Rota 13:29</name>
                <styleUrl>#1509</styleUrl>
                <LineString id="1507">
                    <altitudeMode>clampToGround</altitudeMode>
                    <coordinates>9.941098,45.1466,0.0 9.9411,45.1466,0.0</coordinates>
                </LineString>
            </Placemark>
            <Placemark id="1512">
                <name>Rota 13:30</name>
                <styleUrl>#1513</styleUrl>
                <LineString id="1511">
                    <altitudeMode>clampToGround</altitudeMode>
                    <coordinates>9.941103,45.14661,0.0 9.941082,45.14658,0.0</coordinates>
                </LineString>
            </Placemark>
            <Placemark id="1516">
                <name>Rota 13:31</name>
                <styleUrl>#1517</styleUrl>
                <LineString id="1515">
                    <altitudeMode>clampToGround</altitudeMode>
                    <coordinates>9.94103,45.14658,0.0 9.941025,45.14655,0.0</coordinates>
                </LineString>
            </Placemark>
            <Placemark id="1520">
                <name>Rota 13:32</name>
                <styleUrl>#1521</styleUrl>
                <LineString id="1519">
                    <altitudeMode>clampToGround</altitudeMode>
                    <coordinates>9.941027,45.14655,0.0 9.94104,45.14656,0.0</coordinates>
                </LineString>
            </Placemark>
            <Placemark id="1524">
                <name>Rota 13:33</name>
                <styleUrl>#1525</styleUrl>
                <LineString id="1523">
                    <altitudeMode>clampToGround</altitudeMode>
                    <coordinates>9.941063,45.14657,0.0 9.941056,45.14657,0.0</coordinates>
                </LineString>
            </Placemark>
            <Placemark id="1528">
                <name>Rota 13:34</name>
                <styleUrl>#1529</styleUrl>
                <LineString id="1527">
                    <altitudeMode>clampToGround</altitudeMode>
                    <coordinates>9.941044,45.14658,0.0 9.941055,45.14659,0.0 9.94102,45.14661,0.0</coordinates>
                </LineString>
            </Placemark>
            <Placemark id="1532">
                <name>Rota 13:35</name>
                <styleUrl>#1533</styleUrl>
                <LineString id="1531">
                    <altitudeMode>clampToGround</altitudeMode>
                    <coordinates>9.94102,45.14661,0.0 9.941018,45.14663,0.0</coordinates>
                </LineString>
            </Placemark>
            <Placemark id="1536">
                <name>Rota 13:36</name>
                <styleUrl>#1537</styleUrl>
                <LineString id="1535">
                    <altitudeMode>clampToGround</altitudeMode>
                    <coordinates>9.941033,45.14661,0.0 9.941058,45.14661,0.0</coordinates>
                </LineString>
            </Placemark>
            <Placemark id="1540">
                <name>Rota 13:37</name>
                <styleUrl>#1541</styleUrl>
                <LineString id="1539">
                    <altitudeMode>clampToGround</altitudeMode>
                    <coordinates>9.941063,45.14661,0.0 9.94109,45.14661,0.0</coordinates>
                </LineString>
            </Placemark>
            <Placemark id="1544">
                <name>Rota 13:38</name>
                <styleUrl>#1545</styleUrl>
                <LineString id="1543">
                    <altitudeMode>clampToGround</altitudeMode>
                    <coordinates>9.941062,45.1466,0.0 9.941055,45.14661,0.0</coordinates>
                </LineString>
            </Placemark>
            <Placemark id="1548">
                <name>Rota 13:39</name>
                <styleUrl>#1549</styleUrl>
                <LineString id="1547">
                    <altitudeMode>clampToGround</altitudeMode>
                    <coordinates>9.941063,45.14662,0.0 9.941063,45.1466,0.0</coordinates>
                </LineString>
            </Placemark>
            <Placemark id="1552">
                <name>Rota 13:40</name>
                <styleUrl>#1553</styleUrl>
                <LineString id="1551">
                    <altitudeMode>clampToGround</altitudeMode>
                    <coordinates>9.941075,45.14661,0.0 9.94105,45.14661,0.0</coordinates>
                </LineString>
            </Placemark>
            <Placemark id="1556">
                <name>Rota 13:41</name>
                <styleUrl>#1557</styleUrl>
                <LineString id="1555">
                    <altitudeMode>clampToGround</altitudeMode>
                    <coordinates>9.941075,45.14659,0.0 9.941087,45.1466,0.0</coordinates>
                </LineString>
            </Placemark>
            <Placemark id="1560">
                <name>Rota 13:42</name>
                <styleUrl>#1561</styleUrl>
                <LineString id="1559">
                    <altitudeMode>clampToGround</altitudeMode>
                    <coordinates>9.941083,45.14661,0.0 9.941107,45.14666,0.0</coordinates>
                </LineString>
            </Placemark>
            <Placemark id="1564">
                <name>Rota 13:43</name>
                <styleUrl>#1565</styleUrl>
                <LineString id="1563">
                    <altitudeMode>clampToGround</altitudeMode>
                    <coordinates>9.941083,45.14666,0.0 9.94108,45.14668,0.0</coordinates>
                </LineString>
            </Placemark>
            <Placemark id="1568">
                <name>Rota 13:44</name>
                <styleUrl>#1569</styleUrl>
                <LineString id="1567">
                    <altitudeMode>clampToGround</altitudeMode>
                    <coordinates>9.94108,45.1467,0.0 9.94109,45.14671,0.0</coordinates>
                </LineString>
            </Placemark>
            <Placemark id="1572">
                <name>Rota 13:45</name>
                <styleUrl>#1573</styleUrl>
                <LineString id="1571">
                    <altitudeMode>clampToGround</altitudeMode>
                    <coordinates>9.941109,45.1467,0.0 9.94111,45.1467,0.0 9.941112,45.1467,0.0 9.941112,45.1467,0.0 9.941122,45.1467,0.0</coordinates>
                </LineString>
            </Placemark>
            <Placemark id="1576">
                <name>Rota 13:46</name>
                <styleUrl>#1577</styleUrl>
                <LineString id="1575">
                    <altitudeMode>clampToGround</altitudeMode>
                    <coordinates>9.941115,45.14669,0.0 9.941087,45.14668,0.0</coordinates>
                </LineString>
            </Placemark>
            <Placemark id="1580">
                <name>Rota 13:47</name>
                <styleUrl>#1581</styleUrl>
                <LineString id="1579">
                    <altitudeMode>clampToGround</altitudeMode>
                    <coordinates>9.941083,45.14668,0.0 9.941075,45.14668,0.0</coordinates>
                </LineString>
            </Placemark>
            <Placemark id="1584">
                <name>Rota 13:48</name>
                <styleUrl>#1585</styleUrl>
                <LineString id="1583">
                    <altitudeMode>clampToGround</altitudeMode>
                    <coordinates>9.941082,45.14669,0.0 9.941135,45.14684,0.0 9.941136,45.14697,0.0 9.941274,45.14702,0.0</coordinates>
                </LineString>
            </Placemark>
            <Placemark id="1588">
                <name>Rota 13:49</name>
                <styleUrl>#1589</styleUrl>
                <LineString id="1587">
                    <altitudeMode>clampToGround</altitudeMode>
                    <coordinates>9.941303,45.14707,0.0 9.941397,45.14701,0.0</coordinates>
                </LineString>
            </Placemark>
            <Placemark id="1592">
                <name>Rota 13:50</name>
                <styleUrl>#1593</styleUrl>
                <LineString id="1591">
                    <altitudeMode>clampToGround</altitudeMode>
                    <coordinates>9.941267,45.1469,0.0 9.941247,45.14689,0.0</coordinates>
                </LineString>
            </Placemark>
            <Placemark id="1596">
                <name>Rota 13:51</name>
                <styleUrl>#1597</styleUrl>
                <LineString id="1595">
                    <altitudeMode>clampToGround</altitudeMode>
                    <coordinates>9.94124,45.14689,0.0 9.941229,45.14691,0.0</coordinates>
                </LineString>
            </Placemark>
            <Placemark id="1600">
                <name>Rota 13:52</name>
                <styleUrl>#1601</styleUrl>
                <LineString id="1599">
                    <altitudeMode>clampToGround</altitudeMode>
                    <coordinates>9.941215,45.1469,0.0 9.941215,45.14688,0.0</coordinates>
                </LineString>
            </Placemark>
            <Placemark id="1604">
                <name>Rota 13:53</name>
                <styleUrl>#1605</styleUrl>
                <LineString id="1603">
                    <altitudeMode>clampToGround</altitudeMode>
                    <coordinates>9.941236,45.14688,0.0 9.941232,45.14688,0.0</coordinates>
                </LineString>
            </Placemark>
            <Placemark id="1608">
                <name>Rota 13:54</name>
                <styleUrl>#1609</styleUrl>
                <LineString id="1607">
                    <altitudeMode>clampToGround</altitudeMode>
                    <coordinates>9.941227,45.14689,0.0 9.941214,45.14694,0.0</coordinates>
                </LineString>
            </Placemark>
            <Placemark id="1612">
                <name>Rota 13:55</name>
                <styleUrl>#1613</styleUrl>
                <LineString id="1611">
                    <altitudeMode>clampToGround</altitudeMode>
                    <coordinates>9.941225,45.14705,0.0 9.941247,45.14707,0.0 9.941287,45.14711,0.0</coordinates>
                </LineString>
            </Placemark>
            <Placemark id="1616">
                <name>Rota 13:56</name>
                <styleUrl>#1617</styleUrl>
                <LineString id="1615">
                    <altitudeMode>clampToGround</altitudeMode>
                    <coordinates>9.941183,45.14699,0.0 9.9411,45.14697,0.0</coordinates>
                </LineString>
            </Placemark>
            <Placemark id="1620">
                <name>Rota 13:57</name>
                <styleUrl>#1621</styleUrl>
                <LineString id="1619">
                    <altitudeMode>clampToGround</altitudeMode>
                    <coordinates>9.941089,45.14684,0.0 9.94114,45.14682,0.0</coordinates>
                </LineString>
            </Placemark>
            <Placemark id="1624">
                <name>Rota 13:58</name>
                <styleUrl>#1625</styleUrl>
                <LineString id="1623">
                    <altitudeMode>clampToGround</altitudeMode>
                    <coordinates>9.941116,45.14679,0.0 9.941113,45.1468,0.0</coordinates>
                </LineString>
            </Placemark>
            <Placemark id="1628">
                <name>Rota 13:59</name>
                <styleUrl>#1629</styleUrl>
                <LineString id="1627">
                    <altitudeMode>clampToGround</altitudeMode>
                    <coordinates>9.941113,45.1468,0.0 9.94111,45.1468,0.0</coordinates>
                </LineString>
            </Placemark>
        </Folder>
        <Folder id="1631">
            <Style id="1634">
                <LineStyle id="1635">
                    <color>ff0000ff</color>
                    <colorMode>normal</colorMode>
                    <width>3</width>
                </LineStyle>
            </Style>
            <Style id="1638">
                <LineStyle id="1639">
                    <color>ff0000ff</color>
                    <colorMode>normal</colorMode>
                    <width>3</width>
                </LineStyle>
            </Style>
            <Style id="1642">
                <LineStyle id="1643">
                    <color>ff0000ff</color>
                    <colorMode>normal</colorMode>
                    <width>3</width>
                </LineStyle>
            </Style>
            <Style id="1646">
                <LineStyle id="1647">
                    <color>ff0000ff</color>
                    <colorMode>normal</colorMode>
                    <width>3</width>
                </LineStyle>
            </Style>
            <Style id="1650">
                <LineStyle id="1651">
                    <color>ff0000ff</color>
                    <colorMode>normal</colorMode>
                    <width>3</width>
                </LineStyle>
            </Style>
            <Style id="1654">
                <LineStyle id="1655">
                    <color>ff0000ff</color>
                    <colorMode>normal</colorMode>
                    <width>3</width>
                </LineStyle>
            </Style>
            <Style id="1658">
                <LineStyle id="1659">
                    <color>ff0000ff</color>
                    <colorMode>normal</colorMode>
                    <width>3</width>
                </LineStyle>
            </Style>
            <Style id="1662">
                <LineStyle id="1663">
                    <color>ff0000ff</color>
                    <colorMode>normal</colorMode>
                    <width>3</width>
                </LineStyle>
            </Style>
            <Style id="1666">
                <LineStyle id="1667">
                    <color>ff0000ff</color>
                    <colorMode>normal</colorMode>
                    <width>3</width>
                </LineStyle>
            </Style>
            <Style id="1670">
                <LineStyle id="1671">
                    <color>ff0000ff</color>
                    <colorMode>normal</colorMode>
                    <width>3</width>
                </LineStyle>
            </Style>
            <Style id="1674">
                <LineStyle id="1675">
                    <color>ff0000ff</color>
                    <colorMode>normal</colorMode>
                    <width>3</width>
                </LineStyle>
            </Style>
            <Style id="1678">
                <LineStyle id="1679">
                    <color>ff0000ff</color>
                    <colorMode>normal</colorMode>
                    <width>3</width>
                </LineStyle>
            </Style>
            <Style id="1682">
                <LineStyle id="1683">
                    <color>ff0000ff</color>
                    <colorMode>normal</colorMode>
                    <width>3</width>
                </LineStyle>
            </Style>
            <Style id="1686">
                <LineStyle id="1687">
                    <color>ff0000ff</color>
                    <colorMode>normal</colorMode>
                    <width>3</width>
                </LineStyle>
            </Style>
            <Style id="1690">
                <LineStyle id="1691">
                    <color>ff0000ff</color>
                    <colorMode>normal</colorMode>
                    <width>3</width>
                </LineStyle>
            </Style>
            <Style id="1694">
                <LineStyle id="1695">
                    <color>ff0000ff</color>
                    <colorMode>normal</colorMode>
                    <width>3</width>
                </LineStyle>
            </Style>
            <Style id="1698">
                <LineStyle id="1699">
                    <color>ff0000ff</color>
                    <colorMode>normal</colorMode>
                    <width>3</width>
                </LineStyle>
            </Style>
            <Style id="1702">
                <LineStyle id="1703">
                    <color>ff0000ff</color>
                    <colorMode>normal</colorMode>
                    <width>3</width>
                </LineStyle>
            </Style>
            <Style id="1706">
                <LineStyle id="1707">
                    <color>ff0000ff</color>
                    <colorMode>normal</colorMode>
                    <width>3</width>
                </LineStyle>
            </Style>
            <Style id="1710">
                <LineStyle id="1711">
                    <color>ff0000ff</color>
                    <colorMode>normal</colorMode>
                    <width>3</width>
                </LineStyle>
            </Style>
            <Style id="1714">
                <LineStyle id="1715">
                    <color>ff0000ff</color>
                    <colorMode>normal</colorMode>
                    <width>3</width>
                </LineStyle>
            </Style>
            <Style id="1718">
                <LineStyle id="1719">
                    <color>ff0000ff</color>
                    <colorMode>normal</colorMode>
                    <width>3</width>
                </LineStyle>
            </Style>
            <Style id="1722">
                <LineStyle id="1723">
                    <color>ff0000ff</color>
                    <colorMode>normal</colorMode>
                    <width>3</width>
                </LineStyle>
            </Style>
            <Style id="1726">
                <LineStyle id="1727">
                    <color>ff0000ff</color>
                    <colorMode>normal</colorMode>
                    <width>3</width>
                </LineStyle>
            </Style>
            <Style id="1730">
                <LineStyle id="1731">
                    <color>ff0000ff</color>
                    <colorMode>normal</colorMode>
                    <width>3</width>
                </LineStyle>
            </Style>
            <Style id="1734">
                <LineStyle id="1735">
                    <color>ff0000ff</color>
                    <colorMode>normal</colorMode>
                    <width>3</width>
                </LineStyle>
            </Style>
            <Style id="1738">
                <LineStyle id="1739">
                    <color>ff0000ff</color>
                    <colorMode>normal</colorMode>
                    <width>3</width>
                </LineStyle>
            </Style>
            <Style id="1742">
                <LineStyle id="1743">
                    <color>ff0000ff</color>
                    <colorMode>normal</colorMode>
                    <width>3</width>
                </LineStyle>
            </Style>
            <Style id="1746">
                <LineStyle id="1747">
                    <color>ff0000ff</color>
                    <colorMode>normal</colorMode>
                    <width>3</width>
                </LineStyle>
            </Style>
            <Style id="1750">
                <LineStyle id="1751">
                    <color>ff0000ff</color>
                    <colorMode>normal</colorMode>
                    <width>3</width>
                </LineStyle>
            </Style>
            <Style id="1754">
                <LineStyle id="1755">
                    <color>ff0000ff</color>
                    <colorMode>normal</colorMode>
                    <width>3</width>
                </LineStyle>
            </Style>
            <Style id="1758">
                <LineStyle id="1759">
                    <color>ff0000ff</color>
                    <colorMode>normal</colorMode>
                    <width>3</width>
                </LineStyle>
            </Style>
            <Style id="1762">
                <LineStyle id="1763">
                    <color>ff0000ff</color>
                    <colorMode>normal</colorMode>
                    <width>3</width>
                </LineStyle>
            </Style>
            <Style id="1766">
                <LineStyle id="1767">
                    <color>ff0000ff</color>
                    <colorMode>normal</colorMode>
                    <width>3</width>
                </LineStyle>
            </Style>
            <Style id="1770">
                <LineStyle id="1771">
                    <color>ff0000ff</color>
                    <colorMode>normal</colorMode>
                    <width>3</width>
                </LineStyle>
            </Style>
            <Style id="1774">
                <LineStyle id="1775">
                    <color>ff0000ff</color>
                    <colorMode>normal</colorMode>
                    <width>3</width>
                </LineStyle>
            </Style>
            <Style id="1778">
                <LineStyle id="1779">
                    <color>ff0000ff</color>
                    <colorMode>normal</colorMode>
                    <width>3</width>
                </LineStyle>
            </Style>
            <Style id="1782">
                <LineStyle id="1783">
                    <color>ff0000ff</color>
                    <colorMode>normal</colorMode>
                    <width>3</width>
                </LineStyle>
            </Style>
            <Style id="1786">
                <LineStyle id="1787">
                    <color>ff0000ff</color>
                    <colorMode>normal</colorMode>
                    <width>3</width>
                </LineStyle>
            </Style>
            <Style id="1790">
                <LineStyle id="1791">
                    <color>ff0000ff</color>
                    <colorMode>normal</colorMode>
                    <width>3</width>
                </LineStyle>
            </Style>
            <Style id="1794">
                <LineStyle id="1795">
                    <color>ff0000ff</color>
                    <colorMode>normal</colorMode>
                    <width>3</width>
                </LineStyle>
            </Style>
            <Style id="1798">
                <LineStyle id="1799">
                    <color>ff0000ff</color>
                    <colorMode>normal</colorMode>
                    <width>3</width>
                </LineStyle>
            </Style>
            <Style id="1802">
                <LineStyle id="1803">
                    <color>ff0000ff</color>
                    <colorMode>normal</colorMode>
                    <width>3</width>
                </LineStyle>
            </Style>
            <Style id="1806">
                <LineStyle id="1807">
                    <color>ff0000ff</color>
                    <colorMode>normal</colorMode>
                    <width>3</width>
                </LineStyle>
            </Style>
            <Style id="1810">
                <LineStyle id="1811">
                    <color>ff0000ff</color>
                    <colorMode>normal</colorMode>
                    <width>3</width>
                </LineStyle>
            </Style>
            <Style id="1814">
                <LineStyle id="1815">
                    <color>ff0000ff</color>
                    <colorMode>normal</colorMode>
                    <width>3</width>
                </LineStyle>
            </Style>
            <Style id="1818">
                <LineStyle id="1819">
                    <color>ff0000ff</color>
                    <colorMode>normal</colorMode>
                    <width>3</width>
                </LineStyle>
            </Style>
            <Style id="1822">
                <LineStyle id="1823">
                    <color>ff0000ff</color>
                    <colorMode>normal</colorMode>
                    <width>3</width>
                </LineStyle>
            </Style>
            <Style id="1826">
                <LineStyle id="1827">
                    <color>ff0000ff</color>
                    <colorMode>normal</colorMode>
                    <width>3</width>
                </LineStyle>
            </Style>
            <Style id="1830">
                <LineStyle id="1831">
                    <color>ff0000ff</color>
                    <colorMode>normal</colorMode>
                    <width>3</width>
                </LineStyle>
            </Style>
            <Style id="1834">
                <LineStyle id="1835">
                    <color>ff0000ff</color>
                    <colorMode>normal</colorMode>
                    <width>3</width>
                </LineStyle>
            </Style>
            <Style id="1838">
                <LineStyle id="1839">
                    <color>ff0000ff</color>
                    <colorMode>normal</colorMode>
                    <width>3</width>
                </LineStyle>
            </Style>
            <Style id="1842">
                <LineStyle id="1843">
                    <color>ff0000ff</color>
                    <colorMode>normal</colorMode>
                    <width>3</width>
                </LineStyle>
            </Style>
            <Style id="1846">
                <LineStyle id="1847">
                    <color>ff0000ff</color>
                    <colorMode>normal</colorMode>
                    <width>3</width>
                </LineStyle>
            </Style>
            <Style id="1850">
                <LineStyle id="1851">
                    <color>ff0000ff</color>
                    <colorMode>normal</colorMode>
                    <width>3</width>
                </LineStyle>
            </Style>
            <Style id="1854">
                <LineStyle id="1855">
                    <color>ff0000ff</color>
                    <colorMode>normal</colorMode>
                    <width>3</width>
                </LineStyle>
            </Style>
            <Style id="1858">
                <LineStyle id="1859">
                    <color>ff0000ff</color>
                    <colorMode>normal</colorMode>
                    <width>3</width>
                </LineStyle>
            </Style>
            <Style id="1862">
                <LineStyle id="1863">
                    <color>ff0000ff</color>
                    <colorMode>normal</colorMode>
                    <width>3</width>
                </LineStyle>
            </Style>
            <Style id="1866">
                <LineStyle id="1867">
                    <color>ff0000ff</color>
                    <colorMode>normal</colorMode>
                    <width>3</width>
                </LineStyle>
            </Style>
            <Style id="1870">
                <LineStyle id="1871">
                    <color>ff0000ff</color>
                    <colorMode>normal</colorMode>
                    <width>3</width>
                </LineStyle>
            </Style>
            <name>2025-08-18 14:00</name>
            <Placemark id="1633">
                <name>Rota 14:00</name>
                <styleUrl>#1634</styleUrl>
                <LineString id="1632">
                    <altitudeMode>clampToGround</altitudeMode>
                    <coordinates>9.941105,45.1468,0.0 9.941107,45.14681,0.0</coordinates>
                </LineString>
            </Placemark>
            <Placemark id="1637">
                <name>Rota 14:01</name>
                <styleUrl>#1638</styleUrl>
                <LineString id="1636">
                    <altitudeMode>clampToGround</altitudeMode>
                    <coordinates>9.941112,45.1468,0.0 9.941135,45.14678,0.0</coordinates>
                </LineString>
            </Placemark>
            <Placemark id="1641">
                <name>Rota 14:02</name>
                <styleUrl>#1642</styleUrl>
                <LineString id="1640">
                    <altitudeMode>clampToGround</altitudeMode>
                    <coordinates>9.941102,45.14678,0.0 9.941107,45.14678,0.0</coordinates>
                </LineString>
            </Placemark>
            <Placemark id="1645">
                <name>Rota 14:03</name>
                <styleUrl>#1646</styleUrl>
                <LineString id="1644">
                    <altitudeMode>clampToGround</altitudeMode>
                    <coordinates>9.941127,45.14677,0.0 9.941143,45.14677,0.0 9.941085,45.14696,0.0 9.940844,45.14724,0.0</coordinates>
                </LineString>
            </Placemark>
            <Placemark id="1649">
                <name>Rota 14:04</name>
                <styleUrl>#1650</styleUrl>
                <LineString id="1648">
                    <altitudeMode>clampToGround</altitudeMode>
                    <coordinates>9.940795,45.1473,0.0 9.940392,45.14727,0.0 9.940298,45.14724,0.0</coordinates>
                </LineString>
            </Placemark>
            <Placemark id="1653">
                <name>Rota 14:05</name>
                <styleUrl>#1654</styleUrl>
                <LineString id="1652">
                    <altitudeMode>clampToGround</altitudeMode>
                    <coordinates>9.940295,45.14723,0.0 9.940285,45.14721,0.0 9.940287,45.14723,0.0</coordinates>
                </LineString>
            </Placemark>
            <Placemark id="1657">
                <name>Rota 14:06</name>
                <styleUrl>#1658</styleUrl>
                <LineString id="1656">
                    <altitudeMode>clampToGround</altitudeMode>
                    <coordinates>9.940233,45.14727,0.0 9.940204,45.14729,0.0 9.940378,45.14732,0.0 9.940779,45.14737,0.0 9.940806,45.14737,0.0 9.940953,45.14717,0.0</coordinates>
                </LineString>
            </Placemark>
            <Placemark id="1661">
                <name>Rota 14:07</name>
                <styleUrl>#1662</styleUrl>
                <LineString id="1660">
                    <altitudeMode>clampToGround</altitudeMode>
                    <coordinates>9.940955,45.147,0.0 9.940964,45.14698,0.0 9.941011,45.14682,0.0</coordinates>
                </LineString>
            </Placemark>
            <Placemark id="1665">
                <name>Rota 14:08</name>
                <styleUrl>#1666</styleUrl>
                <LineString id="1664">
                    <altitudeMode>clampToGround</altitudeMode>
                    <coordinates>9.941009,45.14682,0.0 9.941018,45.14684,0.0</coordinates>
                </LineString>
            </Placemark>
            <Placemark id="1669">
                <name>Rota 14:09</name>
                <styleUrl>#1670</styleUrl>
                <LineString id="1668">
                    <altitudeMode>clampToGround</altitudeMode>
                    <coordinates>9.94104,45.14686,0.0 9.941073,45.14687,0.0</coordinates>
                </LineString>
            </Placemark>
            <Placemark id="1673">
                <name>Rota 14:10</name>
                <styleUrl>#1674</styleUrl>
                <LineString id="1672">
                    <altitudeMode>clampToGround</altitudeMode>
                    <coordinates>9.941051,45.14685,0.0 9.941031,45.14682,0.0</coordinates>
                </LineString>
            </Placemark>
            <Placemark id="1677">
                <name>Rota 14:11</name>
                <styleUrl>#1678</styleUrl>
                <LineString id="1676">
                    <altitudeMode>clampToGround</altitudeMode>
                    <coordinates>9.941025,45.14679,0.0 9.941027,45.14679,0.0</coordinates>
                </LineString>
            </Placemark>
            <Placemark id="1681">
                <name>Rota 14:12</name>
                <styleUrl>#1682</styleUrl>
                <LineString id="1680">
                    <altitudeMode>clampToGround</altitudeMode>
                    <coordinates>9.94108,45.14688,0.0 9.941105,45.14699,0.0 9.94114,45.14706,0.0</coordinates>
                </LineString>
            </Placemark>
            <Placemark id="1685">
                <name>Rota 14:13</name>
                <styleUrl>#1686</styleUrl>
                <LineString id="1684">
                    <altitudeMode>clampToGround</altitudeMode>
                    <coordinates>9.941136,45.14704,0.0 9.941168,45.14703,0.0</coordinates>
                </LineString>
            </Placemark>
            <Placemark id="1689">
                <name>Rota 14:14</name>
                <styleUrl>#1690</styleUrl>
                <LineString id="1688">
                    <altitudeMode>clampToGround</altitudeMode>
                    <coordinates>9.941105,45.14685,0.0 9.94113,45.14681,0.0</coordinates>
                </LineString>
            </Placemark>
            <Placemark id="1693">
                <name>Rota 14:15</name>
                <styleUrl>#1694</styleUrl>
                <LineString id="1692">
                    <altitudeMode>clampToGround</altitudeMode>
                    <coordinates>9.941102,45.14677,0.0 9.941116,45.14679,0.0 9.941138,45.14681,0.0</coordinates>
                </LineString>
            </Placemark>
            <Placemark id="1697">
                <name>Rota 14:16</name>
                <styleUrl>#1698</styleUrl>
                <LineString id="1696">
                    <altitudeMode>clampToGround</altitudeMode>
                    <coordinates>9.941132,45.14681,0.0 9.941112,45.1468,0.0</coordinates>
                </LineString>
            </Placemark>
            <Placemark id="1701">
                <name>Rota 14:17</name>
                <styleUrl>#1702</styleUrl>
                <LineString id="1700">
                    <altitudeMode>clampToGround</altitudeMode>
                    <coordinates>9.941082,45.14672,0.0 9.9411,45.14684,0.0 9.9411,45.147,0.0</coordinates>
                </LineString>
            </Placemark>
            <Placemark id="1705">
                <name>Rota 14:18</name>
                <styleUrl>#1706</styleUrl>
                <LineString id="1704">
                    <altitudeMode>clampToGround</altitudeMode>
                    <coordinates>9.941274,45.14713,0.0 9.94116,45.14705,0.0 9.941102,45.14714,0.0 9.940882,45.14728,0.0</coordinates>
                </LineString>
            </Placemark>
            <Placemark id="1709">
                <name>Rota 14:19</name>
                <styleUrl>#1710</styleUrl>
                <LineString id="1708">
                    <altitudeMode>clampToGround</altitudeMode>
                    <coordinates>9.940469,45.14737,0.0 9.940458,45.14737,0.0 9.94029,45.14735,0.0 9.94029,45.14737,0.0 9.940358,45.14727,0.0</coordinates>
                </LineString>
            </Placemark>
            <Placemark id="1713">
                <name>Rota 14:20</name>
                <styleUrl>#1714</styleUrl>
                <LineString id="1712">
                    <altitudeMode>clampToGround</altitudeMode>
                    <coordinates>9.940345,45.14679,0.0 9.940438,45.14649,0.0 9.940737,45.14656,0.0 9.940853,45.14661,0.0 9.94099,45.14669,0.0</coordinates>
                </LineString>
            </Placemark>
            <Placemark id="1717">
                <name>Rota 14:21</name>
                <styleUrl>#1718</styleUrl>
                <LineString id="1716">
                    <altitudeMode>clampToGround</altitudeMode>
                    <coordinates>9.941113,45.14679,0.0 9.941092,45.14687,0.0</coordinates>
                </LineString>
            </Placemark>
            <Placemark id="1721">
                <name>Rota 14:22</name>
                <styleUrl>#1722</styleUrl>
                <LineString id="1720">
                    <altitudeMode>clampToGround</altitudeMode>
                    <coordinates>9.941087,45.14682,0.0 9.940976,45.1468,0.0</coordinates>
                </LineString>
            </Placemark>
            <Placemark id="1725">
                <name>Rota 14:23</name>
                <styleUrl>#1726</styleUrl>
                <LineString id="1724">
                    <altitudeMode>clampToGround</altitudeMode>
                    <coordinates>9.940984,45.1468,0.0 9.941011,45.1468,0.0</coordinates>
                </LineString>
            </Placemark>
            <Placemark id="1729">
                <name>Rota 14:24</name>
                <styleUrl>#1730</styleUrl>
                <LineString id="1728">
                    <altitudeMode>clampToGround</altitudeMode>
                    <coordinates>9.940998,45.1468,0.0 9.941107,45.1468,0.0 9.941058,45.14687,0.0</coordinates>
                </LineString>
            </Placemark>
            <Placemark id="1733">
                <name>Rota 14:25</name>
                <styleUrl>#1734</styleUrl>
                <LineString id="1732">
                    <altitudeMode>clampToGround</altitudeMode>
                    <coordinates>9.941004,45.14701,0.0 9.940973,45.14701,0.0 9.940973,45.14701,0.0</coordinates>
                </LineString>
            </Placemark>
            <Placemark id="1737">
                <name>Rota 14:26</name>
                <styleUrl>#1738</styleUrl>
                <LineString id="1736">
                    <altitudeMode>clampToGround</altitudeMode>
                    <coordinates>9.940987,45.14701,0.0 9.940985,45.147,0.0</coordinates>
                </LineString>
            </Placemark>
            <Placemark id="1741">
                <name>Rota 14:27</name>
                <styleUrl>#1742</styleUrl>
                <LineString id="1740">
                    <altitudeMode>clampToGround</altitudeMode>
                    <coordinates>9.941096,45.14706,0.0 9.94117,45.14711,0.0 9.941078,45.14687,0.0</coordinates>
                </LineString>
            </Placemark>
            <Placemark id="1745">
                <name>Rota 14:28</name>
                <styleUrl>#1746</styleUrl>
                <LineString id="1744">
                    <altitudeMode>clampToGround</altitudeMode>
                    <coordinates>9.941075,45.14684,0.0 9.941062,45.14676,0.0</coordinates>
                </LineString>
            </Placemark>
            <Placemark id="1749">
                <name>Rota 14:29</name>
                <styleUrl>#1750</styleUrl>
                <LineString id="1748">
                    <altitudeMode>clampToGround</altitudeMode>
                    <coordinates>9.941058,45.14678,0.0 9.9411,45.1469,0.0</coordinates>
                </LineString>
            </Placemark>
            <Placemark id="1753">
                <name>Rota 14:30</name>
                <styleUrl>#1754</styleUrl>
                <LineString id="1752">
                    <altitudeMode>clampToGround</altitudeMode>
                    <coordinates>9.941044,45.14689,0.0 9.941029,45.14688,0.0</coordinates>
                </LineString>
            </Placemark>
            <Placemark id="1757">
                <name>Rota 14:31</name>
                <styleUrl>#1758</styleUrl>
                <LineString id="1756">
                    <altitudeMode>clampToGround</altitudeMode>
                    <coordinates>9.941025,45.14688,0.0 9.941067,45.14688,0.0</coordinates>
                </LineString>
            </Placemark>
            <Placemark id="1761">
                <name>Rota 14:32</name>
                <styleUrl>#1762</styleUrl>
                <LineString id="1760">
                    <altitudeMode>clampToGround</altitudeMode>
                    <coordinates>9.941072,45.14688,0.0 9.94105,45.1469,0.0</coordinates>
                </LineString>
            </Placemark>
            <Placemark id="1765">
                <name>Rota 14:33</name>
                <styleUrl>#1766</styleUrl>
                <LineString id="1764">
                    <altitudeMode>clampToGround</altitudeMode>
                    <coordinates>9.941083,45.14688,0.0 9.941096,45.14692,0.0 9.94107,45.14696,0.0</coordinates>
                </LineString>
            </Placemark>
            <Placemark id="1769">
                <name>Rota 14:34</name>
                <styleUrl>#1770</styleUrl>
                <LineString id="1768">
                    <altitudeMode>clampToGround</altitudeMode>
                    <coordinates>9.941132,45.14706,0.0 9.941098,45.14709,0.0</coordinates>
                </LineString>
            </Placemark>
            <Placemark id="1773">
                <name>Rota 14:35</name>
                <styleUrl>#1774</styleUrl>
                <LineString id="1772">
                    <altitudeMode>clampToGround</altitudeMode>
                    <coordinates>9.941047,45.14706,0.0 9.94105,45.14693,0.0 9.941053,45.14692,0.0</coordinates>
                </LineString>
            </Placemark>
            <Placemark id="1777">
                <name>Rota 14:36</name>
                <styleUrl>#1778</styleUrl>
                <LineString id="1776">
                    <altitudeMode>clampToGround</altitudeMode>
                    <coordinates>9.941073,45.14704,0.0 9.941053,45.14711,0.0 9.940904,45.14728,0.0 9.940667,45.14735,0.0 9.94061,45.14734,0.0 9.940369,45.14727,0.0</coordinates>
                </LineString>
            </Placemark>
            <Placemark id="1781">
                <name>Rota 14:37</name>
                <styleUrl>#1782</styleUrl>
                <LineString id="1780">
                    <altitudeMode>clampToGround</altitudeMode>
                    <coordinates>9.940343,45.14724,0.0 9.940264,45.14727,0.0</coordinates>
                </LineString>
            </Placemark>
            <Placemark id="1785">
                <name>Rota 14:38</name>
                <styleUrl>#1786</styleUrl>
                <LineString id="1784">
                    <altitudeMode>clampToGround</altitudeMode>
                    <coordinates>9.940305,45.14726,0.0 9.940195,45.14729,0.0</coordinates>
                </LineString>
            </Placemark>
            <Placemark id="1789">
                <name>Rota 14:39</name>
                <styleUrl>#1790</styleUrl>
                <LineString id="1788">
                    <altitudeMode>clampToGround</altitudeMode>
                    <coordinates>9.940059,45.14736,0.0 9.94002,45.14735,0.0</coordinates>
                </LineString>
            </Placemark>
            <Placemark id="1793">
                <name>Rota 14:40</name>
                <styleUrl>#1794</styleUrl>
                <LineString id="1792">
                    <altitudeMode>clampToGround</altitudeMode>
                    <coordinates>9.940017,45.14735,0.0 9.940012,45.14735,0.0</coordinates>
                </LineString>
            </Placemark>
            <Placemark id="1797">
                <name>Rota 14:41</name>
                <styleUrl>#1798</styleUrl>
                <LineString id="1796">
                    <altitudeMode>clampToGround</altitudeMode>
                    <coordinates>9.939908,45.14739,0.0 9.939881,45.14738,0.0</coordinates>
                </LineString>
            </Placemark>
            <Placemark id="1801">
                <name>Rota 14:42</name>
                <styleUrl>#1802</styleUrl>
                <LineString id="1800">
                    <altitudeMode>clampToGround</altitudeMode>
                    <coordinates>9.93987,45.14737,0.0 9.940108,45.14735,0.0</coordinates>
                </LineString>
            </Placemark>
            <Placemark id="1805">
                <name>Rota 14:43</name>
                <styleUrl>#1806</styleUrl>
                <LineString id="1804">
                    <altitudeMode>clampToGround</altitudeMode>
                    <coordinates>9.940137,45.14733,0.0 9.940017,45.14736,0.0</coordinates>
                </LineString>
            </Placemark>
            <Placemark id="1809">
                <name>Rota 14:44</name>
                <styleUrl>#1810</styleUrl>
                <LineString id="1808">
                    <altitudeMode>clampToGround</altitudeMode>
                    <coordinates>9.940013,45.14737,0.0 9.939977,45.14738,0.0</coordinates>
                </LineString>
            </Placemark>
            <Placemark id="1813">
                <name>Rota 14:45</name>
                <styleUrl>#1814</styleUrl>
                <LineString id="1812">
                    <altitudeMode>clampToGround</altitudeMode>
                    <coordinates>9.939932,45.1474,0.0 9.93992,45.1474,0.0 9.939919,45.14738,0.0 9.93992,45.14738,0.0 9.93992,45.14738,0.0</coordinates>
                </LineString>
            </Placemark>
            <Placemark id="1817">
                <name>Rota 14:46</name>
                <styleUrl>#1818</styleUrl>
                <LineString id="1816">
                    <altitudeMode>clampToGround</altitudeMode>
                    <coordinates>9.939914,45.14738,0.0 9.939915,45.1474,0.0</coordinates>
                </LineString>
            </Placemark>
            <Placemark id="1821">
                <name>Rota 14:47</name>
                <styleUrl>#1822</styleUrl>
                <LineString id="1820">
                    <altitudeMode>clampToGround</altitudeMode>
                    <coordinates>9.939933,45.14743,0.0 9.940075,45.14737,0.0</coordinates>
                </LineString>
            </Placemark>
            <Placemark id="1825">
                <name>Rota 14:48</name>
                <styleUrl>#1826</styleUrl>
                <LineString id="1824">
                    <altitudeMode>clampToGround</altitudeMode>
                    <coordinates>9.940231,45.14734,0.0 9.940258,45.1473,0.0</coordinates>
                </LineString>
            </Placemark>
            <Placemark id="1829">
                <name>Rota 14:49</name>
                <styleUrl>#1830</styleUrl>
                <LineString id="1828">
                    <altitudeMode>clampToGround</altitudeMode>
                    <coordinates>9.940166,45.14735,0.0 9.940148,45.14735,0.0 9.940042,45.14734,0.0</coordinates>
                </LineString>
            </Placemark>
            <Placemark id="1833">
                <name>Rota 14:50</name>
                <styleUrl>#1834</styleUrl>
                <LineString id="1832">
                    <altitudeMode>clampToGround</altitudeMode>
                    <coordinates>9.94005,45.14733,0.0 9.940046,45.14734,0.0</coordinates>
                </LineString>
            </Placemark>
            <Placemark id="1837">
                <name>Rota 14:51</name>
                <styleUrl>#1838</styleUrl>
                <LineString id="1836">
                    <altitudeMode>clampToGround</altitudeMode>
                    <coordinates>9.940055,45.14734,0.0 9.940065,45.14734,0.0</coordinates>
                </LineString>
            </Placemark>
            <Placemark id="1841">
                <name>Rota 14:52</name>
                <styleUrl>#1842</styleUrl>
                <LineString id="1840">
                    <altitudeMode>clampToGround</altitudeMode>
                    <coordinates>9.94006,45.14733,0.0 9.940075,45.14733,0.0</coordinates>
                </LineString>
            </Placemark>
            <Placemark id="1845">
                <name>Rota 14:53</name>
                <styleUrl>#1846</styleUrl>
                <LineString id="1844">
                    <altitudeMode>clampToGround</altitudeMode>
                    <coordinates>9.940066,45.14731,0.0 9.94014,45.14732,0.0</coordinates>
                </LineString>
            </Placemark>
            <Placemark id="1849">
                <name>Rota 14:54</name>
                <styleUrl>#1850</styleUrl>
                <LineString id="1848">
                    <altitudeMode>clampToGround</altitudeMode>
                    <coordinates>9.940117,45.14733,0.0 9.940082,45.14735,0.0</coordinates>
                </LineString>
            </Placemark>
            <Placemark id="1853">
                <name>Rota 14:55</name>
                <styleUrl>#1854</styleUrl>
                <LineString id="1852">
                    <altitudeMode>clampToGround</altitudeMode>
                    <coordinates>9.939994,45.14735,0.0 9.939935,45.14736,0.0 9.939945,45.14737,0.0</coordinates>
                </LineString>
            </Placemark>
            <Placemark id="1857">
                <name>Rota 14:56</name>
                <styleUrl>#1858</styleUrl>
                <LineString id="1856">
                    <altitudeMode>clampToGround</altitudeMode>
                    <coordinates>9.940073,45.14734,0.0 9.940132,45.14735,0.0</coordinates>
                </LineString>
            </Placemark>
            <Placemark id="1861">
                <name>Rota 14:57</name>
                <styleUrl>#1862</styleUrl>
                <LineString id="1860">
                    <altitudeMode>clampToGround</altitudeMode>
                    <coordinates>9.940293,45.14734,0.0 9.940133,45.14739,0.0</coordinates>
                </LineString>
            </Placemark>
            <Placemark id="1865">
                <name>Rota 14:58</name>
                <styleUrl>#1866</styleUrl>
                <LineString id="1864">
                    <altitudeMode>clampToGround</altitudeMode>
                    <coordinates>9.94007,45.14739,0.0 9.94007,45.14739,0.0</coordinates>
                </LineString>
            </Placemark>
            <Placemark id="1869">
                <name>Rota 14:59</name>
                <styleUrl>#1870</styleUrl>
                <LineString id="1868">
                    <altitudeMode>clampToGround</altitudeMode>
                    <coordinates>9.940062,45.1474,0.0 9.940068,45.1474,0.0</coordinates>
                </LineString>
            </Placemark>
        </Folder>
        <Folder id="1872">
            <Style id="1875">
                <LineStyle id="1876">
                    <color>ff0000ff</color>
                    <colorMode>normal</colorMode>
                    <width>3</width>
                </LineStyle>
            </Style>
            <Style id="1879">
                <LineStyle id="1880">
                    <color>ff0000ff</color>
                    <colorMode>normal</colorMode>
                    <width>3</width>
                </LineStyle>
            </Style>
            <Style id="1883">
                <LineStyle id="1884">
                    <color>ff0000ff</color>
                    <colorMode>normal</colorMode>
                    <width>3</width>
                </LineStyle>
            </Style>
            <Style id="1887">
                <LineStyle id="1888">
                    <color>ff0000ff</color>
                    <colorMode>normal</colorMode>
                    <width>3</width>
                </LineStyle>
            </Style>
            <Style id="1891">
                <LineStyle id="1892">
                    <color>ff0000ff</color>
                    <colorMode>normal</colorMode>
                    <width>3</width>
                </LineStyle>
            </Style>
            <Style id="1895">
                <LineStyle id="1896">
                    <color>ff0000ff</color>
                    <colorMode>normal</colorMode>
                    <width>3</width>
                </LineStyle>
            </Style>
            <Style id="1899">
                <LineStyle id="1900">
                    <color>ff0000ff</color>
                    <colorMode>normal</colorMode>
                    <width>3</width>
                </LineStyle>
            </Style>
            <Style id="1903">
                <LineStyle id="1904">
                    <color>ff0000ff</color>
                    <colorMode>normal</colorMode>
                    <width>3</width>
                </LineStyle>
            </Style>
            <Style id="1907">
                <LineStyle id="1908">
                    <color>ff0000ff</color>
                    <colorMode>normal</colorMode>
                    <width>3</width>
                </LineStyle>
            </Style>
            <Style id="1911">
                <LineStyle id="1912">
                    <color>ff0000ff</color>
                    <colorMode>normal</colorMode>
                    <width>3</width>
                </LineStyle>
            </Style>
            <Style id="1915">
                <LineStyle id="1916">
                    <color>ff0000ff</color>
                    <colorMode>normal</colorMode>
                    <width>3</width>
                </LineStyle>
            </Style>
            <Style id="1919">
                <LineStyle id="1920">
                    <color>ff0000ff</color>
                    <colorMode>normal</colorMode>
                    <width>3</width>
                </LineStyle>
            </Style>
            <Style id="1923">
                <LineStyle id="1924">
                    <color>ff0000ff</color>
                    <colorMode>normal</colorMode>
                    <width>3</width>
                </LineStyle>
            </Style>
            <Style id="1927">
                <LineStyle id="1928">
                    <color>ff0000ff</color>
                    <colorMode>normal</colorMode>
                    <width>3</width>
                </LineStyle>
            </Style>
            <Style id="1931">
                <LineStyle id="1932">
                    <color>ff0000ff</color>
                    <colorMode>normal</colorMode>
                    <width>3</width>
                </LineStyle>
            </Style>
            <Style id="1935">
                <LineStyle id="1936">
                    <color>ff0000ff</color>
                    <colorMode>normal</colorMode>
                    <width>3</width>
                </LineStyle>
            </Style>
            <Style id="1939">
                <LineStyle id="1940">
                    <color>ff0000ff</color>
                    <colorMode>normal</colorMode>
                    <width>3</width>
                </LineStyle>
            </Style>
            <Style id="1943">
                <LineStyle id="1944">
                    <color>ff0000ff</color>
                    <colorMode>normal</colorMode>
                    <width>3</width>
                </LineStyle>
            </Style>
            <Style id="1947">
                <LineStyle id="1948">
                    <color>ff0000ff</color>
                    <colorMode>normal</colorMode>
                    <width>3</width>
                </LineStyle>
            </Style>
            <Style id="1951">
                <LineStyle id="1952">
                    <color>ff0000ff</color>
                    <colorMode>normal</colorMode>
                    <width>3</width>
                </LineStyle>
            </Style>
            <Style id="1955">
                <LineStyle id="1956">
                    <color>ff0000ff</color>
                    <colorMode>normal</colorMode>
                    <width>3</width>
                </LineStyle>
            </Style>
            <Style id="1959">
                <LineStyle id="1960">
                    <color>ff0000ff</color>
                    <colorMode>normal</colorMode>
                    <width>3</width>
                </LineStyle>
            </Style>
            <Style id="1963">
                <LineStyle id="1964">
                    <color>ff0000ff</color>
                    <colorMode>normal</colorMode>
                    <width>3</width>
                </LineStyle>
            </Style>
            <Style id="1967">
                <LineStyle id="1968">
                    <color>ff0000ff</color>
                    <colorMode>normal</colorMode>
                    <width>3</width>
                </LineStyle>
            </Style>
            <Style id="1971">
                <LineStyle id="1972">
                    <color>ff0000ff</color>
                    <colorMode>normal</colorMode>
                    <width>3</width>
                </LineStyle>
            </Style>
            <Style id="1975">
                <LineStyle id="1976">
                    <color>ff0000ff</color>
                    <colorMode>normal</colorMode>
                    <width>3</width>
                </LineStyle>
            </Style>
            <Style id="1979">
                <LineStyle id="1980">
                    <color>ff0000ff</color>
                    <colorMode>normal</colorMode>
                    <width>3</width>
                </LineStyle>
            </Style>
            <Style id="1983">
                <LineStyle id="1984">
                    <color>ff0000ff</color>
                    <colorMode>normal</colorMode>
                    <width>3</width>
                </LineStyle>
            </Style>
            <Style id="1987">
                <LineStyle id="1988">
                    <color>ff0000ff</color>
                    <colorMode>normal</colorMode>
                    <width>3</width>
                </LineStyle>
            </Style>
            <Style id="1991">
                <LineStyle id="1992">
                    <color>ff0000ff</color>
                    <colorMode>normal</colorMode>
                    <width>3</width>
                </LineStyle>
            </Style>
            <Style id="1995">
                <LineStyle id="1996">
                    <color>ff0000ff</color>
                    <colorMode>normal</colorMode>
                    <width>3</width>
                </LineStyle>
            </Style>
            <Style id="1999">
                <LineStyle id="2000">
                    <color>ff0000ff</color>
                    <colorMode>normal</colorMode>
                    <width>3</width>
                </LineStyle>
            </Style>
            <Style id="2003">
                <LineStyle id="2004">
                    <color>ff0000ff</color>
                    <colorMode>normal</colorMode>
                    <width>3</width>
                </LineStyle>
            </Style>
            <Style id="2007">
                <LineStyle id="2008">
                    <color>ff0000ff</color>
                    <colorMode>normal</colorMode>
                    <width>3</width>
                </LineStyle>
            </Style>
            <Style id="2011">
                <LineStyle id="2012">
                    <color>ff0000ff</color>
                    <colorMode>normal</colorMode>
                    <width>3</width>
                </LineStyle>
            </Style>
            <Style id="2015">
                <LineStyle id="2016">
                    <color>ff0000ff</color>
                    <colorMode>normal</colorMode>
                    <width>3</width>
                </LineStyle>
            </Style>
            <Style id="2019">
                <LineStyle id="2020">
                    <color>ff0000ff</color>
                    <colorMode>normal</colorMode>
                    <width>3</width>
                </LineStyle>
            </Style>
            <Style id="2023">
                <LineStyle id="2024">
                    <color>ff0000ff</color>
                    <colorMode>normal</colorMode>
                    <width>3</width>
                </LineStyle>
            </Style>
            <Style id="2027">
                <LineStyle id="2028">
                    <color>ff0000ff</color>
                    <colorMode>normal</colorMode>
                    <width>3</width>
                </LineStyle>
            </Style>
            <Style id="2031">
                <LineStyle id="2032">
                    <color>ff0000ff</color>
                    <colorMode>normal</colorMode>
                    <width>3</width>
                </LineStyle>
            </Style>
            <Style id="2035">
                <LineStyle id="2036">
                    <color>ff0000ff</color>
                    <colorMode>normal</colorMode>
                    <width>3</width>
                </LineStyle>
            </Style>
            <Style id="2039">
                <LineStyle id="2040">
                    <color>ff0000ff</color>
                    <colorMode>normal</colorMode>
                    <width>3</width>
                </LineStyle>
            </Style>
            <Style id="2043">
                <LineStyle id="2044">
                    <color>ff0000ff</color>
                    <colorMode>normal</colorMode>
                    <width>3</width>
                </LineStyle>
            </Style>
            <Style id="2047">
                <LineStyle id="2048">
                    <color>ff0000ff</color>
                    <colorMode>normal</colorMode>
                    <width>3</width>
                </LineStyle>
            </Style>
            <Style id="2051">
                <LineStyle id="2052">
                    <color>ff0000ff</color>
                    <colorMode>normal</colorMode>
                    <width>3</width>
                </LineStyle>
            </Style>
            <Style id="2055">
                <LineStyle id="2056">
                    <color>ff0000ff</color>
                    <colorMode>normal</colorMode>
                    <width>3</width>
                </LineStyle>
            </Style>
            <Style id="2059">
                <LineStyle id="2060">
                    <color>ff0000ff</color>
                    <colorMode>normal</colorMode>
                    <width>3</width>
                </LineStyle>
            </Style>
            <Style id="2063">
                <LineStyle id="2064">
                    <color>ff0000ff</color>
                    <colorMode>normal</colorMode>
                    <width>3</width>
                </LineStyle>
            </Style>
            <Style id="2067">
                <LineStyle id="2068">
                    <color>ff0000ff</color>
                    <colorMode>normal</colorMode>
                    <width>3</width>
                </LineStyle>
            </Style>
            <Style id="2071">
                <LineStyle id="2072">
                    <color>ff0000ff</color>
                    <colorMode>normal</colorMode>
                    <width>3</width>
                </LineStyle>
            </Style>
            <Style id="2075">
                <LineStyle id="2076">
                    <color>ff0000ff</color>
                    <colorMode>normal</colorMode>
                    <width>3</width>
                </LineStyle>
            </Style>
            <Style id="2079">
                <LineStyle id="2080">
                    <color>ff0000ff</color>
                    <colorMode>normal</colorMode>
                    <width>3</width>
                </LineStyle>
            </Style>
            <Style id="2083">
                <LineStyle id="2084">
                    <color>ff0000ff</color>
                    <colorMode>normal</colorMode>
                    <width>3</width>
                </LineStyle>
            </Style>
            <Style id="2087">
                <LineStyle id="2088">
                    <color>ff0000ff</color>
                    <colorMode>normal</colorMode>
                    <width>3</width>
                </LineStyle>
            </Style>
            <Style id="2091">
                <LineStyle id="2092">
                    <color>ff0000ff</color>
                    <colorMode>normal</colorMode>
                    <width>3</width>
                </LineStyle>
            </Style>
            <Style id="2095">
                <LineStyle id="2096">
                    <color>ff0000ff</color>
                    <colorMode>normal</colorMode>
                    <width>3</width>
                </LineStyle>
            </Style>
            <Style id="2099">
                <LineStyle id="2100">
                    <color>ff0000ff</color>
                    <colorMode>normal</colorMode>
                    <width>3</width>
                </LineStyle>
            </Style>
            <Style id="2103">
                <LineStyle id="2104">
                    <color>ff0000ff</color>
                    <colorMode>normal</colorMode>
                    <width>3</width>
                </LineStyle>
            </Style>
            <Style id="2107">
                <LineStyle id="2108">
                    <color>ff0000ff</color>
                    <colorMode>normal</colorMode>
                    <width>3</width>
                </LineStyle>
            </Style>
            <name>2025-08-18 15:00</name>
            <Placemark id="1874">
                <name>Rota 15:00</name>
                <styleUrl>#1875</styleUrl>
                <LineString id="1873">
                    <altitudeMode>clampToGround</altitudeMode>
                    <coordinates>9.940062,45.1474,0.0 9.940053,45.14739,0.0</coordinates>
                </LineString>
            </Placemark>
            <Placemark id="1878">
                <name>Rota 15:01</name>
                <styleUrl>#1879</styleUrl>
                <LineString id="1877">
                    <altitudeMode>clampToGround</altitudeMode>
                    <coordinates>9.940059,45.14739,0.0 9.940063,45.14738,0.0</coordinates>
                </LineString>
            </Placemark>
            <Placemark id="1882">
                <name>Rota 15:02</name>
                <styleUrl>#1883</styleUrl>
                <LineString id="1881">
                    <altitudeMode>clampToGround</altitudeMode>
                    <coordinates>9.940079,45.14736,0.0 9.94008,45.14736,0.0</coordinates>
                </LineString>
            </Placemark>
            <Placemark id="1886">
                <name>Rota 15:03</name>
                <styleUrl>#1887</styleUrl>
                <LineString id="1885">
                    <altitudeMode>clampToGround</altitudeMode>
                    <coordinates>9.940073,45.14737,0.0 9.94008,45.14737,0.0</coordinates>
                </LineString>
            </Placemark>
            <Placemark id="1890">
                <name>Rota 15:04</name>
                <styleUrl>#1891</styleUrl>
                <LineString id="1889">
                    <altitudeMode>clampToGround</altitudeMode>
                    <coordinates>9.940086,45.14736,0.0 9.9401,45.14736,0.0</coordinates>
                </LineString>
            </Placemark>
            <Placemark id="1894">
                <name>Rota 15:05</name>
                <styleUrl>#1895</styleUrl>
                <LineString id="1893">
                    <altitudeMode>clampToGround</altitudeMode>
                    <coordinates>9.940105,45.14736,0.0 9.940108,45.14737,0.0 9.940271,45.14735,0.0</coordinates>
                </LineString>
            </Placemark>
            <Placemark id="1898">
                <name>Rota 15:06</name>
                <styleUrl>#1899</styleUrl>
                <LineString id="1897">
                    <altitudeMode>clampToGround</altitudeMode>
                    <coordinates>9.940277,45.14734,0.0 9.94026,45.14727,0.0</coordinates>
                </LineString>
            </Placemark>
            <Placemark id="1902">
                <name>Rota 15:07</name>
                <styleUrl>#1903</styleUrl>
                <LineString id="1901">
                    <altitudeMode>clampToGround</altitudeMode>
                    <coordinates>9.940309,45.14723,0.0 9.940365,45.14732,0.0 9.940335,45.14722,0.0 9.940322,45.14732,0.0</coordinates>
                </LineString>
            </Placemark>
            <Placemark id="1906">
                <name>Rota 15:08</name>
                <styleUrl>#1907</styleUrl>
                <LineString id="1905">
                    <altitudeMode>clampToGround</altitudeMode>
                    <coordinates>9.940124,45.14739,0.0 9.940112,45.14739,0.0</coordinates>
                </LineString>
            </Placemark>
            <Placemark id="1910">
                <name>Rota 15:09</name>
                <styleUrl>#1911</styleUrl>
                <LineString id="1909">
                    <altitudeMode>clampToGround</altitudeMode>
                    <coordinates>9.940039,45.14738,0.0 9.940057,45.14738,0.0</coordinates>
                </LineString>
            </Placemark>
            <Placemark id="1914">
                <name>Rota 15:10</name>
                <styleUrl>#1915</styleUrl>
                <LineString id="1913">
                    <altitudeMode>clampToGround</altitudeMode>
                    <coordinates>9.940017,45.1474,0.0 9.940019,45.1474,0.0</coordinates>
                </LineString>
            </Placemark>
            <Placemark id="1918">
                <name>Rota 15:11</name>
                <styleUrl>#1919</styleUrl>
                <LineString id="1917">
                    <altitudeMode>clampToGround</altitudeMode>
                    <coordinates>9.940023,45.1474,0.0 9.940028,45.1474,0.0</coordinates>
                </LineString>
            </Placemark>
            <Placemark id="1922">
                <name>Rota 15:12</name>
                <styleUrl>#1923</styleUrl>
                <LineString id="1921">
                    <altitudeMode>clampToGround</altitudeMode>
                    <coordinates>9.940026,45.1474,0.0 9.940035,45.1474,0.0</coordinates>
                </LineString>
            </Placemark>
            <Placemark id="1926">
                <name>Rota 15:13</name>
                <styleUrl>#1927</styleUrl>
                <LineString id="1925">
                    <altitudeMode>clampToGround</altitudeMode>
                    <coordinates>9.94004,45.14739,0.0 9.94019,45.14743,0.0 9.940619,45.1474,0.0 9.940655,45.1474,0.0 9.940886,45.14739,0.0</coordinates>
                </LineString>
            </Placemark>
            <Placemark id="1930">
                <name>Rota 15:14</name>
                <styleUrl>#1931</styleUrl>
                <LineString id="1929">
                    <altitudeMode>clampToGround</altitudeMode>
                    <coordinates>9.940904,45.14739,0.0 9.94098,45.14727,0.0 9.941242,45.14714,0.0 9.94126,45.14716,0.0</coordinates>
                </LineString>
            </Placemark>
            <Placemark id="1934">
                <name>Rota 15:15</name>
                <styleUrl>#1935</styleUrl>
                <LineString id="1933">
                    <altitudeMode>clampToGround</altitudeMode>
                    <coordinates>9.94122,45.14713,0.0 9.941125,45.1471,0.0 9.941078,45.14708,0.0 9.941036,45.14717,0.0 9.941056,45.14737,0.0 9.940913,45.1474,0.0</coordinates>
                </LineString>
            </Placemark>
            <Placemark id="1938">
                <name>Rota 15:16</name>
                <styleUrl>#1939</styleUrl>
                <LineString id="1937">
                    <altitudeMode>clampToGround</altitudeMode>
                    <coordinates>9.94089,45.1474,0.0 9.940813,45.14738,0.0 9.940463,45.1474,0.0 9.940287,45.14736,0.0 9.940285,45.14736,0.0</coordinates>
                </LineString>
            </Placemark>
            <Placemark id="1942">
                <name>Rota 15:17</name>
                <styleUrl>#1943</styleUrl>
                <LineString id="1941">
                    <altitudeMode>clampToGround</altitudeMode>
                    <coordinates>9.940186,45.14746,0.0 9.940177,45.14746,0.0</coordinates>
                </LineString>
            </Placemark>
            <Placemark id="1946">
                <name>Rota 15:18</name>
                <styleUrl>#1947</styleUrl>
                <LineString id="1945">
                    <altitudeMode>clampToGround</altitudeMode>
                    <coordinates>9.940184,45.14747,0.0 9.940184,45.14747,0.0</coordinates>
                </LineString>
            </Placemark>
            <Placemark id="1950">
                <name>Rota 15:19</name>
                <styleUrl>#1951</styleUrl>
                <LineString id="1949">
                    <altitudeMode>clampToGround</altitudeMode>
                    <coordinates>9.94016,45.14747,0.0 9.940152,45.14748,0.0</coordinates>
                </LineString>
            </Placemark>
            <Placemark id="1954">
                <name>Rota 15:20</name>
                <styleUrl>#1955</styleUrl>
                <LineString id="1953">
                    <altitudeMode>clampToGround</altitudeMode>
                    <coordinates>9.940128,45.14747,0.0 9.940133,45.14746,0.0</coordinates>
                </LineString>
            </Placemark>
            <Placemark id="1958">
                <name>Rota 15:21</name>
                <styleUrl>#1959</styleUrl>
                <LineString id="1957">
                    <altitudeMode>clampToGround</altitudeMode>
                    <coordinates>9.94015,45.14739,0.0 9.94022,45.14737,0.0</coordinates>
                </LineString>
            </Placemark>
            <Placemark id="1962">
                <name>Rota 15:22</name>
                <styleUrl>#1963</styleUrl>
                <LineString id="1961">
                    <altitudeMode>clampToGround</altitudeMode>
                    <coordinates>9.940258,45.14732,0.0 9.940238,45.1473,0.0</coordinates>
                </LineString>
            </Placemark>
            <Placemark id="1966">
                <name>Rota 15:23</name>
                <styleUrl>#1967</styleUrl>
                <LineString id="1965">
                    <altitudeMode>clampToGround</altitudeMode>
                    <coordinates>9.94018,45.14735,0.0 9.940472,45.14736,0.0 9.9409,45.14738,0.0 9.940915,45.14738,0.0 9.941072,45.14717,0.0 9.941278,45.14713,0.0</coordinates>
                </LineString>
            </Placemark>
            <Placemark id="1970">
                <name>Rota 15:24</name>
                <styleUrl>#1971</styleUrl>
                <LineString id="1969">
                    <altitudeMode>clampToGround</altitudeMode>
                    <coordinates>9.941305,45.14713,0.0 9.941175,45.14712,0.0 9.941082,45.14701,0.0</coordinates>
                </LineString>
            </Placemark>
            <Placemark id="1974">
                <name>Rota 15:25</name>
                <styleUrl>#1975</styleUrl>
                <LineString id="1973">
                    <altitudeMode>clampToGround</altitudeMode>
                    <coordinates>9.941085,45.14689,0.0 9.941115,45.1469,0.0</coordinates>
                </LineString>
            </Placemark>
            <Placemark id="1978">
                <name>Rota 15:26</name>
                <styleUrl>#1979</styleUrl>
                <LineString id="1977">
                    <altitudeMode>clampToGround</altitudeMode>
                    <coordinates>9.941156,45.14694,0.0 9.941167,45.14694,0.0 9.941174,45.14693,0.0</coordinates>
                </LineString>
            </Placemark>
            <Placemark id="1982">
                <name>Rota 15:27</name>
                <styleUrl>#1983</styleUrl>
                <LineString id="1981">
                    <altitudeMode>clampToGround</altitudeMode>
                    <coordinates>9.941082,45.1469,0.0 9.941083,45.14693,0.0 9.941098,45.14707,0.0</coordinates>
                </LineString>
            </Placemark>
            <Placemark id="1986">
                <name>Rota 15:28</name>
                <styleUrl>#1987</styleUrl>
                <LineString id="1985">
                    <altitudeMode>clampToGround</altitudeMode>
                    <coordinates>9.941234,45.14713,0.0 9.94111,45.14705,0.0 9.941105,45.14704,0.0 9.940998,45.14719,0.0</coordinates>
                </LineString>
            </Placemark>
            <Placemark id="1990">
                <name>Rota 15:29</name>
                <styleUrl>#1991</styleUrl>
                <LineString id="1989">
                    <altitudeMode>clampToGround</altitudeMode>
                    <coordinates>9.940969,45.14731,0.0 9.940873,45.14736,0.0 9.940667,45.14735,0.0 9.940409,45.14737,0.0</coordinates>
                </LineString>
            </Placemark>
            <Placemark id="1994">
                <name>Rota 15:30</name>
                <styleUrl>#1995</styleUrl>
                <LineString id="1993">
                    <altitudeMode>clampToGround</altitudeMode>
                    <coordinates>9.9403,45.14738,0.0 9.94029,45.14739,0.0</coordinates>
                </LineString>
            </Placemark>
            <Placemark id="1998">
                <name>Rota 15:31</name>
                <styleUrl>#1999</styleUrl>
                <LineString id="1997">
                    <altitudeMode>clampToGround</altitudeMode>
                    <coordinates>9.94029,45.14739,0.0 9.940293,45.1474,0.0</coordinates>
                </LineString>
            </Placemark>
            <Placemark id="2002">
                <name>Rota 15:32</name>
                <styleUrl>#2003</styleUrl>
                <LineString id="2001">
                    <altitudeMode>clampToGround</altitudeMode>
                    <coordinates>9.94023,45.14737,0.0 9.940257,45.14732,0.0</coordinates>
                </LineString>
            </Placemark>
            <Placemark id="2006">
                <name>Rota 15:33</name>
                <styleUrl>#2007</styleUrl>
                <LineString id="2005">
                    <altitudeMode>clampToGround</altitudeMode>
                    <coordinates>9.940242,45.14728,0.0 9.940245,45.1473,0.0</coordinates>
                </LineString>
            </Placemark>
            <Placemark id="2010">
                <name>Rota 15:34</name>
                <styleUrl>#2011</styleUrl>
                <LineString id="2009">
                    <altitudeMode>clampToGround</altitudeMode>
                    <coordinates>9.940225,45.1473,0.0 9.94026,45.14736,0.0</coordinates>
                </LineString>
            </Placemark>
            <Placemark id="2014">
                <name>Rota 15:35</name>
                <styleUrl>#2015</styleUrl>
                <LineString id="2013">
                    <altitudeMode>clampToGround</altitudeMode>
                    <coordinates>9.940316,45.14737,0.0 9.940267,45.14733,0.0</coordinates>
                </LineString>
            </Placemark>
            <Placemark id="2018">
                <name>Rota 15:36</name>
                <styleUrl>#2019</styleUrl>
                <LineString id="2017">
                    <altitudeMode>clampToGround</altitudeMode>
                    <coordinates>9.94003,45.1474,0.0 9.94002,45.1474,0.0 9.940019,45.14743,0.0</coordinates>
                </LineString>
            </Placemark>
            <Placemark id="2022">
                <name>Rota 15:37</name>
                <styleUrl>#2023</styleUrl>
                <LineString id="2021">
                    <altitudeMode>clampToGround</altitudeMode>
                    <coordinates>9.940026,45.14744,0.0 9.940005,45.14745,0.0 9.939847,45.14745,0.0</coordinates>
                </LineString>
            </Placemark>
            <Placemark id="2026">
                <name>Rota 15:38</name>
                <styleUrl>#2027</styleUrl>
                <LineString id="2025">
                    <altitudeMode>clampToGround</altitudeMode>
                    <coordinates>9.939774,45.1474,0.0 9.939705,45.14732,0.0 9.939466,45.14708,0.0 9.93943,45.14702,0.0 9.939353,45.14675,0.0 9.939362,45.14659,0.0</coordinates>
                </LineString>
            </Placemark>
            <Placemark id="2030">
                <name>Rota 15:39</name>
                <styleUrl>#2031</styleUrl>
                <LineString id="2029">
                    <altitudeMode>clampToGround</altitudeMode>
                    <coordinates>9.939384,45.14654,0.0 9.939535,45.14637,0.0 9.939749,45.14621,0.0 9.939667,45.14611,0.0 9.939567,45.14596,0.0</coordinates>
                </LineString>
            </Placemark>
            <Placemark id="2034">
                <name>Rota 15:40</name>
                <styleUrl>#2035</styleUrl>
                <LineString id="2033">
                    <altitudeMode>clampToGround</altitudeMode>
                    <coordinates>9.939525,45.14571,0.0 9.939426,45.14572,0.0 9.939542,45.14564,0.0</coordinates>
                </LineString>
            </Placemark>
            <Placemark id="2038">
                <name>Rota 15:41</name>
                <styleUrl>#2039</styleUrl>
                <LineString id="2037">
                    <altitudeMode>clampToGround</altitudeMode>
                    <coordinates>9.93951,45.14563,0.0 9.939384,45.14566,0.0</coordinates>
                </LineString>
            </Placemark>
            <Placemark id="2042">
                <name>Rota 15:42</name>
                <styleUrl>#2043</styleUrl>
                <LineString id="2041">
                    <altitudeMode>clampToGround</altitudeMode>
                    <coordinates>9.939448,45.14563,0.0 9.939493,45.14563,0.0</coordinates>
                </LineString>
            </Placemark>
            <Placemark id="2046">
                <name>Rota 15:43</name>
                <styleUrl>#2047</styleUrl>
                <LineString id="2045">
                    <altitudeMode>clampToGround</altitudeMode>
                    <coordinates>9.939393,45.14567,0.0 9.939082,45.14564,0.0</coordinates>
                </LineString>
            </Placemark>
            <Placemark id="2050">
                <name>Rota 15:44</name>
                <styleUrl>#2051</styleUrl>
                <LineString id="2049">
                    <altitudeMode>clampToGround</altitudeMode>
                    <coordinates>9.93909,45.14563,0.0 9.93909,45.14563,0.0</coordinates>
                </LineString>
            </Placemark>
            <Placemark id="2054">
                <name>Rota 15:45</name>
                <styleUrl>#2055</styleUrl>
                <LineString id="2053">
                    <altitudeMode>clampToGround</altitudeMode>
                    <coordinates>9.939067,45.14564,0.0 9.93906,45.14565,0.0</coordinates>
                </LineString>
            </Placemark>
            <Placemark id="2058">
                <name>Rota 15:46</name>
                <styleUrl>#2059</styleUrl>
                <LineString id="2057">
                    <altitudeMode>clampToGround</altitudeMode>
                    <coordinates>9.938962,45.14567,0.0 9.938945,45.14569,0.0 9.938942,45.14569,0.0 9.938944,45.14569,0.0 9.93904,45.14566,0.0</coordinates>
                </LineString>
            </Placemark>
            <Placemark id="2062">
                <name>Rota 15:47</name>
                <styleUrl>#2063</styleUrl>
                <LineString id="2061">
                    <altitudeMode>clampToGround</altitudeMode>
                    <coordinates>9.939007,45.14566,0.0 9.938993,45.14563,0.0</coordinates>
                </LineString>
            </Placemark>
            <Placemark id="2066">
                <name>Rota 15:48</name>
                <styleUrl>#2067</styleUrl>
                <LineString id="2065">
                    <altitudeMode>clampToGround</altitudeMode>
                    <coordinates>9.939034,45.14565,0.0 9.939022,45.1456,0.0</coordinates>
                </LineString>
            </Placemark>
            <Placemark id="2070">
                <name>Rota 15:49</name>
                <styleUrl>#2071</styleUrl>
                <LineString id="2069">
                    <altitudeMode>clampToGround</altitudeMode>
                    <coordinates>9.938992,45.14563,0.0 9.938992,45.14563,0.0</coordinates>
                </LineString>
            </Placemark>
            <Placemark id="2074">
                <name>Rota 15:50</name>
                <styleUrl>#2075</styleUrl>
                <LineString id="2073">
                    <altitudeMode>clampToGround</altitudeMode>
                    <coordinates>9.938989,45.14562,0.0 9.938972,45.14561,0.0</coordinates>
                </LineString>
            </Placemark>
            <Placemark id="2078">
                <name>Rota 15:51</name>
                <styleUrl>#2079</styleUrl>
                <LineString id="2077">
                    <altitudeMode>clampToGround</altitudeMode>
                    <coordinates>9.93898,45.14561,0.0 9.93898,45.1456,0.0</coordinates>
                </LineString>
            </Placemark>
            <Placemark id="2082">
                <name>Rota 15:52</name>
                <styleUrl>#2083</styleUrl>
                <LineString id="2081">
                    <altitudeMode>clampToGround</altitudeMode>
                    <coordinates>9.938985,45.14562,0.0 9.939155,45.14561,0.0</coordinates>
                </LineString>
            </Placemark>
            <Placemark id="2086">
                <name>Rota 15:53</name>
                <styleUrl>#2087</styleUrl>
                <LineString id="2085">
                    <altitudeMode>clampToGround</altitudeMode>
                    <coordinates>9.939444,45.14569,0.0 9.939562,45.14581,0.0 9.939729,45.14598,0.0 9.939807,45.14604,0.0 9.940202,45.14598,0.0 9.940349,45.14621,0.0</coordinates>
                </LineString>
            </Placemark>
            <Placemark id="2090">
                <name>Rota 15:54</name>
                <styleUrl>#2091</styleUrl>
                <LineString id="2089">
                    <altitudeMode>clampToGround</altitudeMode>
                    <coordinates>9.940336,45.14648,0.0 9.940282,45.14695,0.0 9.940297,45.14704,0.0</coordinates>
                </LineString>
            </Placemark>
            <Placemark id="2094">
                <name>Rota 15:55</name>
                <styleUrl>#2095</styleUrl>
                <LineString id="2093">
                    <altitudeMode>clampToGround</altitudeMode>
                    <coordinates>9.940315,45.14703,0.0 9.940305,45.14704,0.0</coordinates>
                </LineString>
            </Placemark>
            <Placemark id="2098">
                <name>Rota 15:56</name>
                <styleUrl>#2099</styleUrl>
                <LineString id="2097">
                    <altitudeMode>clampToGround</altitudeMode>
                    <coordinates>9.9403,45.14704,0.0 9.9403,45.14703,0.0 9.9403,45.14704,0.0</coordinates>
                </LineString>
            </Placemark>
            <Placemark id="2102">
                <name>Rota 15:57</name>
                <styleUrl>#2103</styleUrl>
                <LineString id="2101">
                    <altitudeMode>clampToGround</altitudeMode>
                    <coordinates>9.940342,45.1471,0.0 9.940367,45.14702,0.0</coordinates>
                </LineString>
            </Placemark>
            <Placemark id="2106">
                <name>Rota 15:58</name>
                <styleUrl>#2107</styleUrl>
                <LineString id="2105">
                    <altitudeMode>clampToGround</altitudeMode>
                    <coordinates>9.940355,45.14701,0.0 9.940355,45.14701,0.0</coordinates>
                </LineString>
            </Placemark>
        </Folder>
        <Folder id="2109">
            <Style id="2112">
                <LineStyle id="2113">
                    <color>ff0000ff</color>
                    <colorMode>normal</colorMode>
                    <width>3</width>
                </LineStyle>
            </Style>
            <Style id="2116">
                <LineStyle id="2117">
                    <color>ff0000ff</color>
                    <colorMode>normal</colorMode>
                    <width>3</width>
                </LineStyle>
            </Style>
            <Style id="2120">
                <LineStyle id="2121">
                    <color>ff0000ff</color>
                    <colorMode>normal</colorMode>
                    <width>3</width>
                </LineStyle>
            </Style>
            <Style id="2124">
                <LineStyle id="2125">
                    <color>ff0000ff</color>
                    <colorMode>normal</colorMode>
                    <width>3</width>
                </LineStyle>
            </Style>
            <Style id="2128">
                <LineStyle id="2129">
                    <color>ff0000ff</color>
                    <colorMode>normal</colorMode>
                    <width>3</width>
                </LineStyle>
            </Style>
            <Style id="2132">
                <LineStyle id="2133">
                    <color>ff0000ff</color>
                    <colorMode>normal</colorMode>
                    <width>3</width>
                </LineStyle>
            </Style>
            <Style id="2136">
                <LineStyle id="2137">
                    <color>ff0000ff</color>
                    <colorMode>normal</colorMode>
                    <width>3</width>
                </LineStyle>
            </Style>
            <Style id="2140">
                <LineStyle id="2141">
                    <color>ff0000ff</color>
                    <colorMode>normal</colorMode>
                    <width>3</width>
                </LineStyle>
            </Style>
            <Style id="2144">
                <LineStyle id="2145">
                    <color>ff0000ff</color>
                    <colorMode>normal</colorMode>
                    <width>3</width>
                </LineStyle>
            </Style>
            <Style id="2148">
                <LineStyle id="2149">
                    <color>ff0000ff</color>
                    <colorMode>normal</colorMode>
                    <width>3</width>
                </LineStyle>
            </Style>
            <Style id="2152">
                <LineStyle id="2153">
                    <color>ff0000ff</color>
                    <colorMode>normal</colorMode>
                    <width>3</width>
                </LineStyle>
            </Style>
            <Style id="2156">
                <LineStyle id="2157">
                    <color>ff0000ff</color>
                    <colorMode>normal</colorMode>
                    <width>3</width>
                </LineStyle>
            </Style>
            <Style id="2160">
                <LineStyle id="2161">
                    <color>ff0000ff</color>
                    <colorMode>normal</colorMode>
                    <width>3</width>
                </LineStyle>
            </Style>
            <Style id="2164">
                <LineStyle id="2165">
                    <color>ff0000ff</color>
                    <colorMode>normal</colorMode>
                    <width>3</width>
                </LineStyle>
            </Style>
            <Style id="2168">
                <LineStyle id="2169">
                    <color>ff0000ff</color>
                    <colorMode>normal</colorMode>
                    <width>3</width>
                </LineStyle>
            </Style>
            <Style id="2172">
                <LineStyle id="2173">
                    <color>ff0000ff</color>
                    <colorMode>normal</colorMode>
                    <width>3</width>
                </LineStyle>
            </Style>
            <Style id="2176">
                <LineStyle id="2177">
                    <color>ff0000ff</color>
                    <colorMode>normal</colorMode>
                    <width>3</width>
                </LineStyle>
            </Style>
            <Style id="2180">
                <LineStyle id="2181">
                    <color>ff0000ff</color>
                    <colorMode>normal</colorMode>
                    <width>3</width>
                </LineStyle>
            </Style>
            <Style id="2184">
                <LineStyle id="2185">
                    <color>ff0000ff</color>
                    <colorMode>normal</colorMode>
                    <width>3</width>
                </LineStyle>
            </Style>
            <Style id="2188">
                <LineStyle id="2189">
                    <color>ff0000ff</color>
                    <colorMode>normal</colorMode>
                    <width>3</width>
                </LineStyle>
            </Style>
            <Style id="2192">
                <LineStyle id="2193">
                    <color>ff0000ff</color>
                    <colorMode>normal</colorMode>
                    <width>3</width>
                </LineStyle>
            </Style>
            <Style id="2196">
                <LineStyle id="2197">
                    <color>ff0000ff</color>
                    <colorMode>normal</colorMode>
                    <width>3</width>
                </LineStyle>
            </Style>
            <Style id="2200">
                <LineStyle id="2201">
                    <color>ff0000ff</color>
                    <colorMode>normal</colorMode>
                    <width>3</width>
                </LineStyle>
            </Style>
            <Style id="2204">
                <LineStyle id="2205">
                    <color>ff0000ff</color>
                    <colorMode>normal</colorMode>
                    <width>3</width>
                </LineStyle>
            </Style>
            <Style id="2208">
                <LineStyle id="2209">
                    <color>ff0000ff</color>
                    <colorMode>normal</colorMode>
                    <width>3</width>
                </LineStyle>
            </Style>
            <Style id="2212">
                <LineStyle id="2213">
                    <color>ff0000ff</color>
                    <colorMode>normal</colorMode>
                    <width>3</width>
                </LineStyle>
            </Style>
            <Style id="2216">
                <LineStyle id="2217">
                    <color>ff0000ff</color>
                    <colorMode>normal</colorMode>
                    <width>3</width>
                </LineStyle>
            </Style>
            <Style id="2220">
                <LineStyle id="2221">
                    <color>ff0000ff</color>
                    <colorMode>normal</colorMode>
                    <width>3</width>
                </LineStyle>
            </Style>
            <Style id="2224">
                <LineStyle id="2225">
                    <color>ff0000ff</color>
                    <colorMode>normal</colorMode>
                    <width>3</width>
                </LineStyle>
            </Style>
            <Style id="2228">
                <LineStyle id="2229">
                    <color>ff0000ff</color>
                    <colorMode>normal</colorMode>
                    <width>3</width>
                </LineStyle>
            </Style>
            <Style id="2232">
                <LineStyle id="2233">
                    <color>ff0000ff</color>
                    <colorMode>normal</colorMode>
                    <width>3</width>
                </LineStyle>
            </Style>
            <Style id="2236">
                <LineStyle id="2237">
                    <color>ff0000ff</color>
                    <colorMode>normal</colorMode>
                    <width>3</width>
                </LineStyle>
            </Style>
            <Style id="2240">
                <LineStyle id="2241">
                    <color>ff0000ff</color>
                    <colorMode>normal</colorMode>
                    <width>3</width>
                </LineStyle>
            </Style>
            <Style id="2244">
                <LineStyle id="2245">
                    <color>ff0000ff</color>
                    <colorMode>normal</colorMode>
                    <width>3</width>
                </LineStyle>
            </Style>
            <Style id="2248">
                <LineStyle id="2249">
                    <color>ff0000ff</color>
                    <colorMode>normal</colorMode>
                    <width>3</width>
                </LineStyle>
            </Style>
            <Style id="2252">
                <LineStyle id="2253">
                    <color>ff0000ff</color>
                    <colorMode>normal</colorMode>
                    <width>3</width>
                </LineStyle>
            </Style>
            <Style id="2256">
                <LineStyle id="2257">
                    <color>ff0000ff</color>
                    <colorMode>normal</colorMode>
                    <width>3</width>
                </LineStyle>
            </Style>
            <Style id="2260">
                <LineStyle id="2261">
                    <color>ff0000ff</color>
                    <colorMode>normal</colorMode>
                    <width>3</width>
                </LineStyle>
            </Style>
            <Style id="2264">
                <LineStyle id="2265">
                    <color>ff0000ff</color>
                    <colorMode>normal</colorMode>
                    <width>3</width>
                </LineStyle>
            </Style>
            <Style id="2268">
                <LineStyle id="2269">
                    <color>ff0000ff</color>
                    <colorMode>normal</colorMode>
                    <width>3</width>
                </LineStyle>
            </Style>
            <Style id="2272">
                <LineStyle id="2273">
                    <color>ff0000ff</color>
                    <colorMode>normal</colorMode>
                    <width>3</width>
                </LineStyle>
            </Style>
            <Style id="2276">
                <LineStyle id="2277">
                    <color>ff0000ff</color>
                    <colorMode>normal</colorMode>
                    <width>3</width>
                </LineStyle>
            </Style>
            <Style id="2280">
                <LineStyle id="2281">
                    <color>ff0000ff</color>
                    <colorMode>normal</colorMode>
                    <width>3</width>
                </LineStyle>
            </Style>
            <Style id="2284">
                <LineStyle id="2285">
                    <color>ff0000ff</color>
                    <colorMode>normal</colorMode>
                    <width>3</width>
                </LineStyle>
            </Style>
            <Style id="2288">
                <LineStyle id="2289">
                    <color>ff0000ff</color>
                    <colorMode>normal</colorMode>
                    <width>3</width>
                </LineStyle>
            </Style>
            <Style id="2292">
                <LineStyle id="2293">
                    <color>ff0000ff</color>
                    <colorMode>normal</colorMode>
                    <width>3</width>
                </LineStyle>
            </Style>
            <Style id="2296">
                <LineStyle id="2297">
                    <color>ff0000ff</color>
                    <colorMode>normal</colorMode>
                    <width>3</width>
                </LineStyle>
            </Style>
            <Style id="2300">
                <LineStyle id="2301">
                    <color>ff0000ff</color>
                    <colorMode>normal</colorMode>
                    <width>3</width>
                </LineStyle>
            </Style>
            <Style id="2304">
                <LineStyle id="2305">
                    <color>ff0000ff</color>
                    <colorMode>normal</colorMode>
                    <width>3</width>
                </LineStyle>
            </Style>
            <Style id="2308">
                <LineStyle id="2309">
                    <color>ff0000ff</color>
                    <colorMode>normal</colorMode>
                    <width>3</width>
                </LineStyle>
            </Style>
            <Style id="2312">
                <LineStyle id="2313">
                    <color>ff0000ff</color>
                    <colorMode>normal</colorMode>
                    <width>3</width>
                </LineStyle>
            </Style>
            <Style id="2316">
                <LineStyle id="2317">
                    <color>ff0000ff</color>
                    <colorMode>normal</colorMode>
                    <width>3</width>
                </LineStyle>
            </Style>
            <Style id="2320">
                <LineStyle id="2321">
                    <color>ff0000ff</color>
                    <colorMode>normal</colorMode>
                    <width>3</width>
                </LineStyle>
            </Style>
            <Style id="2324">
                <LineStyle id="2325">
                    <color>ff0000ff</color>
                    <colorMode>normal</colorMode>
                    <width>3</width>
                </LineStyle>
            </Style>
            <Style id="2328">
                <LineStyle id="2329">
                    <color>ff0000ff</color>
                    <colorMode>normal</colorMode>
                    <width>3</width>
                </LineStyle>
            </Style>
            <Style id="2332">
                <LineStyle id="2333">
                    <color>ff0000ff</color>
                    <colorMode>normal</colorMode>
                    <width>3</width>
                </LineStyle>
            </Style>
            <Style id="2336">
                <LineStyle id="2337">
                    <color>ff0000ff</color>
                    <colorMode>normal</colorMode>
                    <width>3</width>
                </LineStyle>
            </Style>
            <Style id="2340">
                <LineStyle id="2341">
                    <color>ff0000ff</color>
                    <colorMode>normal</colorMode>
                    <width>3</width>
                </LineStyle>
            </Style>
            <name>2025-08-18 16:00</name>
            <Placemark id="2111">
                <name>Rota 16:02</name>
                <styleUrl>#2112</styleUrl>
                <LineString id="2110">
                    <altitudeMode>clampToGround</altitudeMode>
                    <coordinates>9.940347,45.14709,0.0 9.940318,45.14721,0.0 9.940759,45.14735,0.0 9.940788,45.14735,0.0 9.940997,45.14723,0.0</coordinates>
                </LineString>
            </Placemark>
            <Placemark id="2115">
                <name>Rota 16:03</name>
                <styleUrl>#2116</styleUrl>
                <LineString id="2114">
                    <altitudeMode>clampToGround</altitudeMode>
                    <coordinates>9.941051,45.14711,0.0 9.941138,45.14705,0.0 9.941247,45.14701,0.0</coordinates>
                </LineString>
            </Placemark>
            <Placemark id="2119">
                <name>Rota 16:04</name>
                <styleUrl>#2120</styleUrl>
                <LineString id="2118">
                    <altitudeMode>clampToGround</altitudeMode>
                    <coordinates>9.941347,45.14704,0.0 9.941497,45.14704,0.0</coordinates>
                </LineString>
            </Placemark>
            <Placemark id="2123">
                <name>Rota 16:05</name>
                <styleUrl>#2124</styleUrl>
                <LineString id="2122">
                    <altitudeMode>clampToGround</altitudeMode>
                    <coordinates>9.941408,45.14705,0.0 9.941265,45.14714,0.0 9.94114,45.14704,0.0 9.94114,45.14704,0.0</coordinates>
                </LineString>
            </Placemark>
            <Placemark id="2127">
                <name>Rota 16:06</name>
                <styleUrl>#2128</styleUrl>
                <LineString id="2126">
                    <altitudeMode>clampToGround</altitudeMode>
                    <coordinates>9.941203,45.14681,0.0 9.94123,45.14678,0.0 9.94123,45.14678,0.0</coordinates>
                </LineString>
            </Placemark>
            <Placemark id="2131">
                <name>Rota 16:07</name>
                <styleUrl>#2132</styleUrl>
                <LineString id="2130">
                    <altitudeMode>clampToGround</altitudeMode>
                    <coordinates>9.941265,45.14675,0.0 9.941435,45.14673,0.0</coordinates>
                </LineString>
            </Placemark>
            <Placemark id="2135">
                <name>Rota 16:08</name>
                <styleUrl>#2136</styleUrl>
                <LineString id="2134">
                    <altitudeMode>clampToGround</altitudeMode>
                    <coordinates>9.941443,45.14673,0.0 9.94146,45.14674,0.0</coordinates>
                </LineString>
            </Placemark>
            <Placemark id="2139">
                <name>Rota 16:09</name>
                <styleUrl>#2140</styleUrl>
                <LineString id="2138">
                    <altitudeMode>clampToGround</altitudeMode>
                    <coordinates>9.941485,45.14672,0.0 9.941488,45.14672,0.0</coordinates>
                </LineString>
            </Placemark>
            <Placemark id="2143">
                <name>Rota 16:10</name>
                <styleUrl>#2144</styleUrl>
                <LineString id="2142">
                    <altitudeMode>clampToGround</altitudeMode>
                    <coordinates>9.941477,45.14672,0.0 9.941448,45.14673,0.0</coordinates>
                </LineString>
            </Placemark>
            <Placemark id="2147">
                <name>Rota 16:11</name>
                <styleUrl>#2148</styleUrl>
                <LineString id="2146">
                    <altitudeMode>clampToGround</altitudeMode>
                    <coordinates>9.941432,45.14674,0.0 9.941442,45.14674,0.0</coordinates>
                </LineString>
            </Placemark>
            <Placemark id="2151">
                <name>Rota 16:12</name>
                <styleUrl>#2152</styleUrl>
                <LineString id="2150">
                    <altitudeMode>clampToGround</altitudeMode>
                    <coordinates>9.941435,45.14676,0.0 9.941422,45.14676,0.0</coordinates>
                </LineString>
            </Placemark>
            <Placemark id="2155">
                <name>Rota 16:13</name>
                <styleUrl>#2156</styleUrl>
                <LineString id="2154">
                    <altitudeMode>clampToGround</altitudeMode>
                    <coordinates>9.941374,45.14683,0.0 9.941397,45.14682,0.0</coordinates>
                </LineString>
            </Placemark>
            <Placemark id="2159">
                <name>Rota 16:14</name>
                <styleUrl>#2160</styleUrl>
                <LineString id="2158">
                    <altitudeMode>clampToGround</altitudeMode>
                    <coordinates>9.941232,45.14673,0.0 9.941149,45.14681,0.0 9.94129,45.14694,0.0</coordinates>
                </LineString>
            </Placemark>
            <Placemark id="2163">
                <name>Rota 16:15</name>
                <styleUrl>#2164</styleUrl>
                <LineString id="2162">
                    <altitudeMode>clampToGround</altitudeMode>
                    <coordinates>9.94128,45.14708,0.0 9.941196,45.14712,0.0</coordinates>
                </LineString>
            </Placemark>
            <Placemark id="2167">
                <name>Rota 16:16</name>
                <styleUrl>#2168</styleUrl>
                <LineString id="2166">
                    <altitudeMode>clampToGround</altitudeMode>
                    <coordinates>9.941096,45.14712,0.0 9.941115,45.14712,0.0 9.941107,45.14705,0.0 9.941127,45.14705,0.0 9.941073,45.14713,0.0 9.941044,45.14722,0.0 9.940799,45.14736,0.0</coordinates>
                </LineString>
            </Placemark>
            <Placemark id="2171">
                <name>Rota 16:17</name>
                <styleUrl>#2172</styleUrl>
                <LineString id="2170">
                    <altitudeMode>clampToGround</altitudeMode>
                    <coordinates>9.94056,45.14735,0.0 9.940455,45.14738,0.0 9.940347,45.14746,0.0</coordinates>
                </LineString>
            </Placemark>
            <Placemark id="2175">
                <name>Rota 16:18</name>
                <styleUrl>#2176</styleUrl>
                <LineString id="2174">
                    <altitudeMode>clampToGround</altitudeMode>
                    <coordinates>9.940362,45.1475,0.0 9.940362,45.1475,0.0</coordinates>
                </LineString>
            </Placemark>
            <Placemark id="2179">
                <name>Rota 16:19</name>
                <styleUrl>#2180</styleUrl>
                <LineString id="2178">
                    <altitudeMode>clampToGround</altitudeMode>
                    <coordinates>9.940345,45.14751,0.0 9.940358,45.1475,0.0</coordinates>
                </LineString>
            </Placemark>
            <Placemark id="2183">
                <name>Rota 16:20</name>
                <styleUrl>#2184</styleUrl>
                <LineString id="2182">
                    <altitudeMode>clampToGround</altitudeMode>
                    <coordinates>9.940342,45.1475,0.0 9.940355,45.14743,0.0</coordinates>
                </LineString>
            </Placemark>
            <Placemark id="2187">
                <name>Rota 16:21</name>
                <styleUrl>#2188</styleUrl>
                <LineString id="2186">
                    <altitudeMode>clampToGround</altitudeMode>
                    <coordinates>9.940327,45.14742,0.0 9.940311,45.14738,0.0</coordinates>
                </LineString>
            </Placemark>
            <Placemark id="2191">
                <name>Rota 16:22</name>
                <styleUrl>#2192</styleUrl>
                <LineString id="2190">
                    <altitudeMode>clampToGround</altitudeMode>
                    <coordinates>9.940313,45.14732,0.0 9.940324,45.14745,0.0 9.940353,45.14753,0.0</coordinates>
                </LineString>
            </Placemark>
            <Placemark id="2195">
                <name>Rota 16:23</name>
                <styleUrl>#2196</styleUrl>
                <LineString id="2194">
                    <altitudeMode>clampToGround</altitudeMode>
                    <coordinates>9.940342,45.14759,0.0 9.940331,45.14759,0.0</coordinates>
                </LineString>
            </Placemark>
            <Placemark id="2199">
                <name>Rota 16:24</name>
                <styleUrl>#2200</styleUrl>
                <LineString id="2198">
                    <altitudeMode>clampToGround</altitudeMode>
                    <coordinates>9.94036,45.14759,0.0 9.940362,45.1476,0.0</coordinates>
                </LineString>
            </Placemark>
            <Placemark id="2203">
                <name>Rota 16:25</name>
                <styleUrl>#2204</styleUrl>
                <LineString id="2202">
                    <altitudeMode>clampToGround</altitudeMode>
                    <coordinates>9.940363,45.14758,0.0 9.94036,45.14758,0.0</coordinates>
                </LineString>
            </Placemark>
            <Placemark id="2207">
                <name>Rota 16:26</name>
                <styleUrl>#2208</styleUrl>
                <LineString id="2206">
                    <altitudeMode>clampToGround</altitudeMode>
                    <coordinates>9.940324,45.14759,0.0 9.94031,45.14759,0.0 9.940307,45.14758,0.0</coordinates>
                </LineString>
            </Placemark>
            <Placemark id="2211">
                <name>Rota 16:27</name>
                <styleUrl>#2212</styleUrl>
                <LineString id="2210">
                    <altitudeMode>clampToGround</altitudeMode>
                    <coordinates>9.9403,45.14758,0.0 9.940302,45.14758,0.0</coordinates>
                </LineString>
            </Placemark>
            <Placemark id="2215">
                <name>Rota 16:28</name>
                <styleUrl>#2216</styleUrl>
                <LineString id="2214">
                    <altitudeMode>clampToGround</altitudeMode>
                    <coordinates>9.940293,45.14759,0.0 9.940297,45.14747,0.0 9.940275,45.1474,0.0 9.940242,45.14739,0.0</coordinates>
                </LineString>
            </Placemark>
            <Placemark id="2219">
                <name>Rota 16:29</name>
                <styleUrl>#2220</styleUrl>
                <LineString id="2218">
                    <altitudeMode>clampToGround</altitudeMode>
                    <coordinates>9.94028,45.14736,0.0 9.94029,45.14735,0.0</coordinates>
                </LineString>
            </Placemark>
            <Placemark id="2223">
                <name>Rota 16:30</name>
                <styleUrl>#2224</styleUrl>
                <LineString id="2222">
                    <altitudeMode>clampToGround</altitudeMode>
                    <coordinates>9.940282,45.1473,0.0 9.940327,45.14754,0.0</coordinates>
                </LineString>
            </Placemark>
            <Placemark id="2227">
                <name>Rota 16:31</name>
                <styleUrl>#2228</styleUrl>
                <LineString id="2226">
                    <altitudeMode>clampToGround</altitudeMode>
                    <coordinates>9.940331,45.14759,0.0 9.940343,45.1476,0.0</coordinates>
                </LineString>
            </Placemark>
            <Placemark id="2231">
                <name>Rota 16:32</name>
                <styleUrl>#2232</styleUrl>
                <LineString id="2230">
                    <altitudeMode>clampToGround</altitudeMode>
                    <coordinates>9.94034,45.14767,0.0 9.940367,45.14762,0.0</coordinates>
                </LineString>
            </Placemark>
            <Placemark id="2235">
                <name>Rota 16:33</name>
                <styleUrl>#2236</styleUrl>
                <LineString id="2234">
                    <altitudeMode>clampToGround</altitudeMode>
                    <coordinates>9.940383,45.1476,0.0 9.94038,45.14758,0.0</coordinates>
                </LineString>
            </Placemark>
            <Placemark id="2239">
                <name>Rota 16:34</name>
                <styleUrl>#2240</styleUrl>
                <LineString id="2238">
                    <altitudeMode>clampToGround</altitudeMode>
                    <coordinates>9.940373,45.1476,0.0 9.94034,45.14758,0.0</coordinates>
                </LineString>
            </Placemark>
            <Placemark id="2243">
                <name>Rota 16:35</name>
                <styleUrl>#2244</styleUrl>
                <LineString id="2242">
                    <altitudeMode>clampToGround</altitudeMode>
                    <coordinates>9.940342,45.14759,0.0 9.940335,45.14758,0.0</coordinates>
                </LineString>
            </Placemark>
            <Placemark id="2247">
                <name>Rota 16:36</name>
                <styleUrl>#2248</styleUrl>
                <LineString id="2246">
                    <altitudeMode>clampToGround</altitudeMode>
                    <coordinates>9.940356,45.14756,0.0 9.940342,45.14756,0.0 9.94033,45.14754,0.0</coordinates>
                </LineString>
            </Placemark>
            <Placemark id="2251">
                <name>Rota 16:37</name>
                <styleUrl>#2252</styleUrl>
                <LineString id="2250">
                    <altitudeMode>clampToGround</altitudeMode>
                    <coordinates>9.940318,45.14753,0.0 9.940369,45.14754,0.0</coordinates>
                </LineString>
            </Placemark>
            <Placemark id="2255">
                <name>Rota 16:38</name>
                <styleUrl>#2256</styleUrl>
                <LineString id="2254">
                    <altitudeMode>clampToGround</altitudeMode>
                    <coordinates>9.940403,45.14752,0.0 9.940353,45.1474,0.0 9.940267,45.14736,0.0</coordinates>
                </LineString>
            </Placemark>
            <Placemark id="2259">
                <name>Rota 16:39</name>
                <styleUrl>#2260</styleUrl>
                <LineString id="2258">
                    <altitudeMode>clampToGround</altitudeMode>
                    <coordinates>9.940291,45.14735,0.0 9.940302,45.14734,0.0</coordinates>
                </LineString>
            </Placemark>
            <Placemark id="2263">
                <name>Rota 16:40</name>
                <styleUrl>#2264</styleUrl>
                <LineString id="2262">
                    <altitudeMode>clampToGround</altitudeMode>
                    <coordinates>9.940336,45.14734,0.0 9.940343,45.14751,0.0</coordinates>
                </LineString>
            </Placemark>
            <Placemark id="2267">
                <name>Rota 16:41</name>
                <styleUrl>#2268</styleUrl>
                <LineString id="2266">
                    <altitudeMode>clampToGround</altitudeMode>
                    <coordinates>9.940369,45.1475,0.0 9.940525,45.14745,0.0 9.940585,45.14744,0.0 9.940913,45.14743,0.0</coordinates>
                </LineString>
            </Placemark>
            <Placemark id="2271">
                <name>Rota 16:42</name>
                <styleUrl>#2272</styleUrl>
                <LineString id="2270">
                    <altitudeMode>clampToGround</altitudeMode>
                    <coordinates>9.941083,45.14719,0.0 9.941098,45.14717,0.0 9.941195,45.14711,0.0</coordinates>
                </LineString>
            </Placemark>
            <Placemark id="2275">
                <name>Rota 16:43</name>
                <styleUrl>#2276</styleUrl>
                <LineString id="2274">
                    <altitudeMode>clampToGround</altitudeMode>
                    <coordinates>9.941045,45.14693,0.0 9.941083,45.14684,0.0</coordinates>
                </LineString>
            </Placemark>
            <Placemark id="2279">
                <name>Rota 16:44</name>
                <styleUrl>#2280</styleUrl>
                <LineString id="2278">
                    <altitudeMode>clampToGround</altitudeMode>
                    <coordinates>9.941107,45.14683,0.0 9.941093,45.14682,0.0</coordinates>
                </LineString>
            </Placemark>
            <Placemark id="2283">
                <name>Rota 16:45</name>
                <styleUrl>#2284</styleUrl>
                <LineString id="2282">
                    <altitudeMode>clampToGround</altitudeMode>
                    <coordinates>9.941122,45.14683,0.0 9.941143,45.14685,0.0</coordinates>
                </LineString>
            </Placemark>
            <Placemark id="2287">
                <name>Rota 16:46</name>
                <styleUrl>#2288</styleUrl>
                <LineString id="2286">
                    <altitudeMode>clampToGround</altitudeMode>
                    <coordinates>9.941149,45.14685,0.0 9.941163,45.14684,0.0 9.941147,45.14683,0.0 9.941152,45.14685,0.0 9.941152,45.14685,0.0</coordinates>
                </LineString>
            </Placemark>
            <Placemark id="2291">
                <name>Rota 16:47</name>
                <styleUrl>#2292</styleUrl>
                <LineString id="2290">
                    <altitudeMode>clampToGround</altitudeMode>
                    <coordinates>9.94115,45.14693,0.0 9.941143,45.14693,0.0 9.94125,45.1471,0.0</coordinates>
                </LineString>
            </Placemark>
            <Placemark id="2295">
                <name>Rota 16:48</name>
                <styleUrl>#2296</styleUrl>
                <LineString id="2294">
                    <altitudeMode>clampToGround</altitudeMode>
                    <coordinates>9.941198,45.14713,0.0 9.94119,45.14705,0.0 9.941073,45.14712,0.0 9.94101,45.1472,0.0 9.940804,45.14734,0.0</coordinates>
                </LineString>
            </Placemark>
            <Placemark id="2299">
                <name>Rota 16:49</name>
                <styleUrl>#2300</styleUrl>
                <LineString id="2298">
                    <altitudeMode>clampToGround</altitudeMode>
                    <coordinates>9.940619,45.14734,0.0 9.940601,45.14733,0.0 9.940409,45.14733,0.0 9.940277,45.1473,0.0</coordinates>
                </LineString>
            </Placemark>
            <Placemark id="2303">
                <name>Rota 16:50</name>
                <styleUrl>#2304</styleUrl>
                <LineString id="2302">
                    <altitudeMode>clampToGround</altitudeMode>
                    <coordinates>9.940309,45.14741,0.0 9.940273,45.14739,0.0</coordinates>
                </LineString>
            </Placemark>
            <Placemark id="2307">
                <name>Rota 16:51</name>
                <styleUrl>#2308</styleUrl>
                <LineString id="2306">
                    <altitudeMode>clampToGround</altitudeMode>
                    <coordinates>9.940142,45.14747,0.0 9.940015,45.14745,0.0</coordinates>
                </LineString>
            </Placemark>
            <Placemark id="2311">
                <name>Rota 16:52</name>
                <styleUrl>#2312</styleUrl>
                <LineString id="2310">
                    <altitudeMode>clampToGround</altitudeMode>
                    <coordinates>9.940028,45.14749,0.0 9.940039,45.14749,0.0 9.940233,45.14738,0.0</coordinates>
                </LineString>
            </Placemark>
            <Placemark id="2315">
                <name>Rota 16:53</name>
                <styleUrl>#2316</styleUrl>
                <LineString id="2314">
                    <altitudeMode>clampToGround</altitudeMode>
                    <coordinates>9.940382,45.14686,0.0 9.940392,45.14683,0.0 9.9404,45.14615,0.0 9.940392,45.14605,0.0 9.939943,45.14604,0.0</coordinates>
                </LineString>
            </Placemark>
            <Placemark id="2319">
                <name>Rota 16:54</name>
                <styleUrl>#2320</styleUrl>
                <LineString id="2318">
                    <altitudeMode>clampToGround</altitudeMode>
                    <coordinates>9.939805,45.14597,0.0 9.939709,45.14582,0.0 9.939527,45.1456,0.0 9.93954,45.14556,0.0 9.939466,45.14569,0.0</coordinates>
                </LineString>
            </Placemark>
            <Placemark id="2323">
                <name>Rota 16:55</name>
                <styleUrl>#2324</styleUrl>
                <LineString id="2322">
                    <altitudeMode>clampToGround</altitudeMode>
                    <coordinates>9.939495,45.14582,0.0 9.939553,45.14595,0.0 9.939838,45.14602,0.0 9.940015,45.14596,0.0 9.94004,45.14595,0.0 9.939903,45.14605,0.0</coordinates>
                </LineString>
            </Placemark>
            <Placemark id="2327">
                <name>Rota 16:56</name>
                <styleUrl>#2328</styleUrl>
                <LineString id="2326">
                    <altitudeMode>clampToGround</altitudeMode>
                    <coordinates>9.939868,45.14611,0.0 9.939795,45.14603,0.0 9.939649,45.14585,0.0 9.939558,45.14577,0.0 9.939459,45.14567,0.0 9.93939,45.14555,0.0</coordinates>
                </LineString>
            </Placemark>
            <Placemark id="2331">
                <name>Rota 16:57</name>
                <styleUrl>#2332</styleUrl>
                <LineString id="2330">
                    <altitudeMode>clampToGround</altitudeMode>
                    <coordinates>9.939397,45.14555,0.0 9.939353,45.14552,0.0</coordinates>
                </LineString>
            </Placemark>
            <Placemark id="2335">
                <name>Rota 16:58</name>
                <styleUrl>#2336</styleUrl>
                <LineString id="2334">
                    <altitudeMode>clampToGround</altitudeMode>
                    <coordinates>9.939335,45.14552,0.0 9.93934,45.14553,0.0</coordinates>
                </LineString>
            </Placemark>
            <Placemark id="2339">
                <name>Rota 16:59</name>
                <styleUrl>#2340</styleUrl>
                <LineString id="2338">
                    <altitudeMode>clampToGround</altitudeMode>
                    <coordinates>9.939343,45.14552,0.0 9.939345,45.14552,0.0</coordinates>
                </LineString>
            </Placemark>
        </Folder>
        <Folder id="2342">
            <Style id="2345">
                <LineStyle id="2346">
                    <color>ff0000ff</color>
                    <colorMode>normal</colorMode>
                    <width>3</width>
                </LineStyle>
            </Style>
            <Style id="2349">
                <LineStyle id="2350">
                    <color>ff0000ff</color>
                    <colorMode>normal</colorMode>
                    <width>3</width>
                </LineStyle>
            </Style>
            <Style id="2353">
                <LineStyle id="2354">
                    <color>ff0000ff</color>
                    <colorMode>normal</colorMode>
                    <width>3</width>
                </LineStyle>
            </Style>
            <Style id="2357">
                <LineStyle id="2358">
                    <color>ff0000ff</color>
                    <colorMode>normal</colorMode>
                    <width>3</width>
                </LineStyle>
            </Style>
            <Style id="2361">
                <LineStyle id="2362">
                    <color>ff0000ff</color>
                    <colorMode>normal</colorMode>
                    <width>3</width>
                </LineStyle>
            </Style>
            <Style id="2365">
                <LineStyle id="2366">
                    <color>ff0000ff</color>
                    <colorMode>normal</colorMode>
                    <width>3</width>
                </LineStyle>
            </Style>
            <Style id="2369">
                <LineStyle id="2370">
                    <color>ff0000ff</color>
                    <colorMode>normal</colorMode>
                    <width>3</width>
                </LineStyle>
            </Style>
            <Style id="2373">
                <LineStyle id="2374">
                    <color>ff0000ff</color>
                    <colorMode>normal</colorMode>
                    <width>3</width>
                </LineStyle>
            </Style>
            <Style id="2377">
                <LineStyle id="2378">
                    <color>ff0000ff</color>
                    <colorMode>normal</colorMode>
                    <width>3</width>
                </LineStyle>
            </Style>
            <Style id="2381">
                <LineStyle id="2382">
                    <color>ff0000ff</color>
                    <colorMode>normal</colorMode>
                    <width>3</width>
                </LineStyle>
            </Style>
            <Style id="2385">
                <LineStyle id="2386">
                    <color>ff0000ff</color>
                    <colorMode>normal</colorMode>
                    <width>3</width>
                </LineStyle>
            </Style>
            <Style id="2389">
                <LineStyle id="2390">
                    <color>ff0000ff</color>
                    <colorMode>normal</colorMode>
                    <width>3</width>
                </LineStyle>
            </Style>
            <Style id="2393">
                <LineStyle id="2394">
                    <color>ff0000ff</color>
                    <colorMode>normal</colorMode>
                    <width>3</width>
                </LineStyle>
            </Style>
            <Style id="2397">
                <LineStyle id="2398">
                    <color>ff0000ff</color>
                    <colorMode>normal</colorMode>
                    <width>3</width>
                </LineStyle>
            </Style>
            <Style id="2401">
                <LineStyle id="2402">
                    <color>ff0000ff</color>
                    <colorMode>normal</colorMode>
                    <width>3</width>
                </LineStyle>
            </Style>
            <Style id="2405">
                <LineStyle id="2406">
                    <color>ff0000ff</color>
                    <colorMode>normal</colorMode>
                    <width>3</width>
                </LineStyle>
            </Style>
            <Style id="2409">
                <LineStyle id="2410">
                    <color>ff0000ff</color>
                    <colorMode>normal</colorMode>
                    <width>3</width>
                </LineStyle>
            </Style>
            <Style id="2413">
                <LineStyle id="2414">
                    <color>ff0000ff</color>
                    <colorMode>normal</colorMode>
                    <width>3</width>
                </LineStyle>
            </Style>
            <Style id="2417">
                <LineStyle id="2418">
                    <color>ff0000ff</color>
                    <colorMode>normal</colorMode>
                    <width>3</width>
                </LineStyle>
            </Style>
            <Style id="2421">
                <LineStyle id="2422">
                    <color>ff0000ff</color>
                    <colorMode>normal</colorMode>
                    <width>3</width>
                </LineStyle>
            </Style>
            <Style id="2425">
                <LineStyle id="2426">
                    <color>ff0000ff</color>
                    <colorMode>normal</colorMode>
                    <width>3</width>
                </LineStyle>
            </Style>
            <Style id="2429">
                <LineStyle id="2430">
                    <color>ff0000ff</color>
                    <colorMode>normal</colorMode>
                    <width>3</width>
                </LineStyle>
            </Style>
            <Style id="2433">
                <LineStyle id="2434">
                    <color>ff0000ff</color>
                    <colorMode>normal</colorMode>
                    <width>3</width>
                </LineStyle>
            </Style>
            <Style id="2437">
                <LineStyle id="2438">
                    <color>ff0000ff</color>
                    <colorMode>normal</colorMode>
                    <width>3</width>
                </LineStyle>
            </Style>
            <Style id="2441">
                <LineStyle id="2442">
                    <color>ff0000ff</color>
                    <colorMode>normal</colorMode>
                    <width>3</width>
                </LineStyle>
            </Style>
            <Style id="2445">
                <LineStyle id="2446">
                    <color>ff0000ff</color>
                    <colorMode>normal</colorMode>
                    <width>3</width>
                </LineStyle>
            </Style>
            <Style id="2449">
                <LineStyle id="2450">
                    <color>ff0000ff</color>
                    <colorMode>normal</colorMode>
                    <width>3</width>
                </LineStyle>
            </Style>
            <Style id="2453">
                <LineStyle id="2454">
                    <color>ff0000ff</color>
                    <colorMode>normal</colorMode>
                    <width>3</width>
                </LineStyle>
            </Style>
            <Style id="2457">
                <LineStyle id="2458">
                    <color>ff0000ff</color>
                    <colorMode>normal</colorMode>
                    <width>3</width>
                </LineStyle>
            </Style>
            <Style id="2461">
                <LineStyle id="2462">
                    <color>ff0000ff</color>
                    <colorMode>normal</colorMode>
                    <width>3</width>
                </LineStyle>
            </Style>
            <Style id="2465">
                <LineStyle id="2466">
                    <color>ff0000ff</color>
                    <colorMode>normal</colorMode>
                    <width>3</width>
                </LineStyle>
            </Style>
            <Style id="2469">
                <LineStyle id="2470">
                    <color>ff0000ff</color>
                    <colorMode>normal</colorMode>
                    <width>3</width>
                </LineStyle>
            </Style>
            <Style id="2473">
                <LineStyle id="2474">
                    <color>ff0000ff</color>
                    <colorMode>normal</colorMode>
                    <width>3</width>
                </LineStyle>
            </Style>
            <Style id="2477">
                <LineStyle id="2478">
                    <color>ff0000ff</color>
                    <colorMode>normal</colorMode>
                    <width>3</width>
                </LineStyle>
            </Style>
            <Style id="2481">
                <LineStyle id="2482">
                    <color>ff0000ff</color>
                    <colorMode>normal</colorMode>
                    <width>3</width>
                </LineStyle>
            </Style>
            <Style id="2485">
                <LineStyle id="2486">
                    <color>ff0000ff</color>
                    <colorMode>normal</colorMode>
                    <width>3</width>
                </LineStyle>
            </Style>
            <Style id="2489">
                <LineStyle id="2490">
                    <color>ff0000ff</color>
                    <colorMode>normal</colorMode>
                    <width>3</width>
                </LineStyle>
            </Style>
            <Style id="2493">
                <LineStyle id="2494">
                    <color>ff0000ff</color>
                    <colorMode>normal</colorMode>
                    <width>3</width>
                </LineStyle>
            </Style>
            <Style id="2497">
                <LineStyle id="2498">
                    <color>ff0000ff</color>
                    <colorMode>normal</colorMode>
                    <width>3</width>
                </LineStyle>
            </Style>
            <Style id="2501">
                <LineStyle id="2502">
                    <color>ff0000ff</color>
                    <colorMode>normal</colorMode>
                    <width>3</width>
                </LineStyle>
            </Style>
            <Style id="2505">
                <LineStyle id="2506">
                    <color>ff0000ff</color>
                    <colorMode>normal</colorMode>
                    <width>3</width>
                </LineStyle>
            </Style>
            <Style id="2509">
                <LineStyle id="2510">
                    <color>ff0000ff</color>
                    <colorMode>normal</colorMode>
                    <width>3</width>
                </LineStyle>
            </Style>
            <Style id="2513">
                <LineStyle id="2514">
                    <color>ff0000ff</color>
                    <colorMode>normal</colorMode>
                    <width>3</width>
                </LineStyle>
            </Style>
            <Style id="2517">
                <LineStyle id="2518">
                    <color>ff0000ff</color>
                    <colorMode>normal</colorMode>
                    <width>3</width>
                </LineStyle>
            </Style>
            <Style id="2521">
                <LineStyle id="2522">
                    <color>ff0000ff</color>
                    <colorMode>normal</colorMode>
                    <width>3</width>
                </LineStyle>
            </Style>
            <Style id="2525">
                <LineStyle id="2526">
                    <color>ff0000ff</color>
                    <colorMode>normal</colorMode>
                    <width>3</width>
                </LineStyle>
            </Style>
            <Style id="2529">
                <LineStyle id="2530">
                    <color>ff0000ff</color>
                    <colorMode>normal</colorMode>
                    <width>3</width>
                </LineStyle>
            </Style>
            <Style id="2533">
                <LineStyle id="2534">
                    <color>ff0000ff</color>
                    <colorMode>normal</colorMode>
                    <width>3</width>
                </LineStyle>
            </Style>
            <Style id="2537">
                <LineStyle id="2538">
                    <color>ff0000ff</color>
                    <colorMode>normal</colorMode>
                    <width>3</width>
                </LineStyle>
            </Style>
            <Style id="2541">
                <LineStyle id="2542">
                    <color>ff0000ff</color>
                    <colorMode>normal</colorMode>
                    <width>3</width>
                </LineStyle>
            </Style>
            <Style id="2545">
                <LineStyle id="2546">
                    <color>ff0000ff</color>
                    <colorMode>normal</colorMode>
                    <width>3</width>
                </LineStyle>
            </Style>
            <Style id="2549">
                <LineStyle id="2550">
                    <color>ff0000ff</color>
                    <colorMode>normal</colorMode>
                    <width>3</width>
                </LineStyle>
            </Style>
            <Style id="2553">
                <LineStyle id="2554">
                    <color>ff0000ff</color>
                    <colorMode>normal</colorMode>
                    <width>3</width>
                </LineStyle>
            </Style>
            <Style id="2557">
                <LineStyle id="2558">
                    <color>ff0000ff</color>
                    <colorMode>normal</colorMode>
                    <width>3</width>
                </LineStyle>
            </Style>
            <Style id="2561">
                <LineStyle id="2562">
                    <color>ff0000ff</color>
                    <colorMode>normal</colorMode>
                    <width>3</width>
                </LineStyle>
            </Style>
            <Style id="2565">
                <LineStyle id="2566">
                    <color>ff0000ff</color>
                    <colorMode>normal</colorMode>
                    <width>3</width>
                </LineStyle>
            </Style>
            <Style id="2569">
                <LineStyle id="2570">
                    <color>ff0000ff</color>
                    <colorMode>normal</colorMode>
                    <width>3</width>
                </LineStyle>
            </Style>
            <Style id="2573">
                <LineStyle id="2574">
                    <color>ff0000ff</color>
                    <colorMode>normal</colorMode>
                    <width>3</width>
                </LineStyle>
            </Style>
            <Style id="2577">
                <LineStyle id="2578">
                    <color>ff0000ff</color>
                    <colorMode>normal</colorMode>
                    <width>3</width>
                </LineStyle>
            </Style>
            <name>2025-08-18 17:00</name>
            <Placemark id="2344">
                <name>Rota 17:00</name>
                <styleUrl>#2345</styleUrl>
                <LineString id="2343">
                    <altitudeMode>clampToGround</altitudeMode>
                    <coordinates>9.939353,45.1455,0.0 9.939353,45.14549,0.0</coordinates>
                </LineString>
            </Placemark>
            <Placemark id="2348">
                <name>Rota 17:01</name>
                <styleUrl>#2349</styleUrl>
                <LineString id="2347">
                    <altitudeMode>clampToGround</altitudeMode>
                    <coordinates>9.93936,45.14548,0.0 9.939352,45.14548,0.0</coordinates>
                </LineString>
            </Placemark>
            <Placemark id="2352">
                <name>Rota 17:02</name>
                <styleUrl>#2353</styleUrl>
                <LineString id="2351">
                    <altitudeMode>clampToGround</altitudeMode>
                    <coordinates>9.939402,45.14546,0.0 9.939388,45.14558,0.0</coordinates>
                </LineString>
            </Placemark>
            <Placemark id="2356">
                <name>Rota 17:03</name>
                <styleUrl>#2357</styleUrl>
                <LineString id="2355">
                    <altitudeMode>clampToGround</altitudeMode>
                    <coordinates>9.93945,45.14562,0.0 9.939345,45.14564,0.0</coordinates>
                </LineString>
            </Placemark>
            <Placemark id="2360">
                <name>Rota 17:04</name>
                <styleUrl>#2361</styleUrl>
                <LineString id="2359">
                    <altitudeMode>clampToGround</altitudeMode>
                    <coordinates>9.939399,45.1456,0.0 9.93943,45.14547,0.0 9.939505,45.14521,0.0 9.939513,45.14515,0.0</coordinates>
                </LineString>
            </Placemark>
            <Placemark id="2364">
                <name>Rota 17:05</name>
                <styleUrl>#2365</styleUrl>
                <LineString id="2363">
                    <altitudeMode>clampToGround</altitudeMode>
                    <coordinates>9.939473,45.14513,0.0 9.939493,45.14524,0.0 9.939497,45.1453,0.0 9.939477,45.14538,0.0</coordinates>
                </LineString>
            </Placemark>
            <Placemark id="2368">
                <name>Rota 17:06</name>
                <styleUrl>#2369</styleUrl>
                <LineString id="2367">
                    <altitudeMode>clampToGround</altitudeMode>
                    <coordinates>9.93945,45.14543,0.0 9.93946,45.14544,0.0</coordinates>
                </LineString>
            </Placemark>
            <Placemark id="2372">
                <name>Rota 17:07</name>
                <styleUrl>#2373</styleUrl>
                <LineString id="2371">
                    <altitudeMode>clampToGround</altitudeMode>
                    <coordinates>9.939444,45.14544,0.0 9.939445,45.14544,0.0 9.939453,45.14544,0.0</coordinates>
                </LineString>
            </Placemark>
            <Placemark id="2376">
                <name>Rota 17:08</name>
                <styleUrl>#2377</styleUrl>
                <LineString id="2375">
                    <altitudeMode>clampToGround</altitudeMode>
                    <coordinates>9.939452,45.14546,0.0 9.939497,45.14547,0.0</coordinates>
                </LineString>
            </Placemark>
            <Placemark id="2380">
                <name>Rota 17:09</name>
                <styleUrl>#2381</styleUrl>
                <LineString id="2379">
                    <altitudeMode>clampToGround</altitudeMode>
                    <coordinates>9.939498,45.14546,0.0 9.939417,45.14543,0.0</coordinates>
                </LineString>
            </Placemark>
            <Placemark id="2384">
                <name>Rota 17:10</name>
                <styleUrl>#2385</styleUrl>
                <LineString id="2383">
                    <altitudeMode>clampToGround</altitudeMode>
                    <coordinates>9.939422,45.14543,0.0 9.93944,45.14542,0.0</coordinates>
                </LineString>
            </Placemark>
            <Placemark id="2388">
                <name>Rota 17:11</name>
                <styleUrl>#2389</styleUrl>
                <LineString id="2387">
                    <altitudeMode>clampToGround</altitudeMode>
                    <coordinates>9.939462,45.14545,0.0 9.939472,45.14545,0.0</coordinates>
                </LineString>
            </Placemark>
            <Placemark id="2392">
                <name>Rota 17:12</name>
                <styleUrl>#2393</styleUrl>
                <LineString id="2391">
                    <altitudeMode>clampToGround</altitudeMode>
                    <coordinates>9.939482,45.14544,0.0 9.939482,45.14544,0.0</coordinates>
                </LineString>
            </Placemark>
            <Placemark id="2396">
                <name>Rota 17:13</name>
                <styleUrl>#2397</styleUrl>
                <LineString id="2395">
                    <altitudeMode>clampToGround</altitudeMode>
                    <coordinates>9.939445,45.14542,0.0 9.939455,45.14542,0.0</coordinates>
                </LineString>
            </Placemark>
            <Placemark id="2400">
                <name>Rota 17:14</name>
                <styleUrl>#2401</styleUrl>
                <LineString id="2399">
                    <altitudeMode>clampToGround</altitudeMode>
                    <coordinates>9.93948,45.14545,0.0 9.939444,45.14548,0.0 9.939357,45.14552,0.0</coordinates>
                </LineString>
            </Placemark>
            <Placemark id="2404">
                <name>Rota 17:15</name>
                <styleUrl>#2405</styleUrl>
                <LineString id="2403">
                    <altitudeMode>clampToGround</altitudeMode>
                    <coordinates>9.939346,45.14562,0.0 9.93952,45.14577,0.0 9.939894,45.14596,0.0 9.94002,45.14595,0.0 9.940297,45.14599,0.0 9.940415,45.14631,0.0</coordinates>
                </LineString>
            </Placemark>
            <Placemark id="2408">
                <name>Rota 17:16</name>
                <styleUrl>#2409</styleUrl>
                <LineString id="2407">
                    <altitudeMode>clampToGround</altitudeMode>
                    <coordinates>9.940387,45.14653,0.0 9.940295,45.14709,0.0 9.940331,45.14726,0.0 9.940351,45.14727,0.0</coordinates>
                </LineString>
            </Placemark>
            <Placemark id="2412">
                <name>Rota 17:17</name>
                <styleUrl>#2413</styleUrl>
                <LineString id="2411">
                    <altitudeMode>clampToGround</altitudeMode>
                    <coordinates>9.940284,45.14735,0.0 9.940282,45.14731,0.0 9.940304,45.14739,0.0</coordinates>
                </LineString>
            </Placemark>
            <Placemark id="2416">
                <name>Rota 17:18</name>
                <styleUrl>#2417</styleUrl>
                <LineString id="2415">
                    <altitudeMode>clampToGround</altitudeMode>
                    <coordinates>9.940311,45.14734,0.0 9.940358,45.14717,0.0 9.940536,45.14668,0.0 9.940567,45.14667,0.0 9.941062,45.1468,0.0</coordinates>
                </LineString>
            </Placemark>
            <Placemark id="2420">
                <name>Rota 17:19</name>
                <styleUrl>#2421</styleUrl>
                <LineString id="2419">
                    <altitudeMode>clampToGround</altitudeMode>
                    <coordinates>9.941172,45.14708,0.0 9.941189,45.14707,0.0 9.94123,45.1471,0.0</coordinates>
                </LineString>
            </Placemark>
            <Placemark id="2424">
                <name>Rota 17:20</name>
                <styleUrl>#2425</styleUrl>
                <LineString id="2423">
                    <altitudeMode>clampToGround</altitudeMode>
                    <coordinates>9.941245,45.14714,0.0 9.941162,45.14707,0.0 9.941138,45.14714,0.0 9.940991,45.14731,0.0 9.940976,45.14732,0.0 9.940717,45.14736,0.0</coordinates>
                </LineString>
            </Placemark>
            <Placemark id="2428">
                <name>Rota 17:21</name>
                <styleUrl>#2429</styleUrl>
                <LineString id="2427">
                    <altitudeMode>clampToGround</altitudeMode>
                    <coordinates>9.94048,45.14729,0.0 9.940427,45.14724,0.0 9.94043,45.14682,0.0 9.94047,45.14673,0.0 9.940478,45.14665,0.0 9.940463,45.14638,0.0 9.940363,45.14606,0.0</coordinates>
                </LineString>
            </Placemark>
            <Placemark id="2432">
                <name>Rota 17:22</name>
                <styleUrl>#2433</styleUrl>
                <LineString id="2431">
                    <altitudeMode>clampToGround</altitudeMode>
                    <coordinates>9.940335,45.14603,0.0 9.939959,45.14608,0.0 9.939778,45.146,0.0</coordinates>
                </LineString>
            </Placemark>
            <Placemark id="2436">
                <name>Rota 17:23</name>
                <styleUrl>#2437</styleUrl>
                <LineString id="2435">
                    <altitudeMode>clampToGround</altitudeMode>
                    <coordinates>9.939551,45.14581,0.0 9.939459,45.14573,0.0</coordinates>
                </LineString>
            </Placemark>
            <Placemark id="2440">
                <name>Rota 17:24</name>
                <styleUrl>#2441</styleUrl>
                <LineString id="2439">
                    <altitudeMode>clampToGround</altitudeMode>
                    <coordinates>9.93946,45.14576,0.0 9.939446,45.14565,0.0</coordinates>
                </LineString>
            </Placemark>
            <Placemark id="2444">
                <name>Rota 17:25</name>
                <styleUrl>#2445</styleUrl>
                <LineString id="2443">
                    <altitudeMode>clampToGround</altitudeMode>
                    <coordinates>9.939482,45.14566,0.0 9.939359,45.14564,0.0 9.939332,45.14565,0.0</coordinates>
                </LineString>
            </Placemark>
            <Placemark id="2448">
                <name>Rota 17:26</name>
                <styleUrl>#2449</styleUrl>
                <LineString id="2447">
                    <altitudeMode>clampToGround</altitudeMode>
                    <coordinates>9.93932,45.14562,0.0 9.939395,45.14562,0.0</coordinates>
                </LineString>
            </Placemark>
            <Placemark id="2452">
                <name>Rota 17:27</name>
                <styleUrl>#2453</styleUrl>
                <LineString id="2451">
                    <altitudeMode>clampToGround</altitudeMode>
                    <coordinates>9.939408,45.14551,0.0 9.939386,45.14545,0.0 9.939388,45.14545,0.0</coordinates>
                </LineString>
            </Placemark>
            <Placemark id="2456">
                <name>Rota 17:28</name>
                <styleUrl>#2457</styleUrl>
                <LineString id="2455">
                    <altitudeMode>clampToGround</altitudeMode>
                    <coordinates>9.939375,45.14544,0.0 9.939377,45.14546,0.0</coordinates>
                </LineString>
            </Placemark>
            <Placemark id="2460">
                <name>Rota 17:30</name>
                <styleUrl>#2461</styleUrl>
                <LineString id="2459">
                    <altitudeMode>clampToGround</altitudeMode>
                    <coordinates>9.939357,45.14545,0.0 9.939402,45.14545,0.0</coordinates>
                </LineString>
            </Placemark>
            <Placemark id="2464">
                <name>Rota 17:31</name>
                <styleUrl>#2465</styleUrl>
                <LineString id="2463">
                    <altitudeMode>clampToGround</altitudeMode>
                    <coordinates>9.939384,45.14545,0.0 9.93937,45.14552,0.0</coordinates>
                </LineString>
            </Placemark>
            <Placemark id="2468">
                <name>Rota 17:32</name>
                <styleUrl>#2469</styleUrl>
                <LineString id="2467">
                    <altitudeMode>clampToGround</altitudeMode>
                    <coordinates>9.939377,45.14551,0.0 9.939357,45.14557,0.0</coordinates>
                </LineString>
            </Placemark>
            <Placemark id="2472">
                <name>Rota 17:33</name>
                <styleUrl>#2473</styleUrl>
                <LineString id="2471">
                    <altitudeMode>clampToGround</altitudeMode>
                    <coordinates>9.93931,45.1456,0.0 9.939283,45.14565,0.0 9.939254,45.14565,0.0</coordinates>
                </LineString>
            </Placemark>
            <Placemark id="2476">
                <name>Rota 17:34</name>
                <styleUrl>#2477</styleUrl>
                <LineString id="2475">
                    <altitudeMode>clampToGround</altitudeMode>
                    <coordinates>9.939366,45.1456,0.0 9.939301,45.1456,0.0 9.939281,45.14563,0.0</coordinates>
                </LineString>
            </Placemark>
            <Placemark id="2480">
                <name>Rota 17:35</name>
                <styleUrl>#2481</styleUrl>
                <LineString id="2479">
                    <altitudeMode>clampToGround</altitudeMode>
                    <coordinates>9.93937,45.14566,0.0 9.939388,45.14563,0.0</coordinates>
                </LineString>
            </Placemark>
            <Placemark id="2484">
                <name>Rota 17:36</name>
                <styleUrl>#2485</styleUrl>
                <LineString id="2483">
                    <altitudeMode>clampToGround</altitudeMode>
                    <coordinates>9.939477,45.14565,0.0 9.939482,45.14567,0.0</coordinates>
                </LineString>
            </Placemark>
            <Placemark id="2488">
                <name>Rota 17:37</name>
                <styleUrl>#2489</styleUrl>
                <LineString id="2487">
                    <altitudeMode>clampToGround</altitudeMode>
                    <coordinates>9.939505,45.14571,0.0 9.93952,45.14574,0.0 9.939774,45.14599,0.0 9.940188,45.14599,0.0 9.940255,45.146,0.0 9.940382,45.14611,0.0</coordinates>
                </LineString>
            </Placemark>
            <Placemark id="2492">
                <name>Rota 17:38</name>
                <styleUrl>#2493</styleUrl>
                <LineString id="2491">
                    <altitudeMode>clampToGround</altitudeMode>
                    <coordinates>9.94037,45.14702,0.0 9.94038,45.14703,0.0 9.940395,45.14708,0.0 9.940392,45.14711,0.0 9.940385,45.14711,0.0 9.940298,45.14716,0.0 9.940349,45.14725,0.0</coordinates>
                </LineString>
            </Placemark>
            <Placemark id="2496">
                <name>Rota 17:39</name>
                <styleUrl>#2497</styleUrl>
                <LineString id="2495">
                    <altitudeMode>clampToGround</altitudeMode>
                    <coordinates>9.940365,45.14739,0.0 9.940372,45.14752,0.0</coordinates>
                </LineString>
            </Placemark>
            <Placemark id="2500">
                <name>Rota 17:40</name>
                <styleUrl>#2501</styleUrl>
                <LineString id="2499">
                    <altitudeMode>clampToGround</altitudeMode>
                    <coordinates>9.94034,45.14756,0.0 9.940307,45.14755,0.0</coordinates>
                </LineString>
            </Placemark>
            <Placemark id="2504">
                <name>Rota 17:41</name>
                <styleUrl>#2505</styleUrl>
                <LineString id="2503">
                    <altitudeMode>clampToGround</altitudeMode>
                    <coordinates>9.940305,45.14756,0.0 9.940315,45.14746,0.0</coordinates>
                </LineString>
            </Placemark>
            <Placemark id="2508">
                <name>Rota 17:42</name>
                <styleUrl>#2509</styleUrl>
                <LineString id="2507">
                    <altitudeMode>clampToGround</altitudeMode>
                    <coordinates>9.940315,45.14734,0.0 9.940271,45.14733,0.0</coordinates>
                </LineString>
            </Placemark>
            <Placemark id="2512">
                <name>Rota 17:43</name>
                <styleUrl>#2513</styleUrl>
                <LineString id="2511">
                    <altitudeMode>clampToGround</altitudeMode>
                    <coordinates>9.94024,45.14736,0.0 9.940358,45.14746,0.0 9.940342,45.1475,0.0</coordinates>
                </LineString>
            </Placemark>
            <Placemark id="2516">
                <name>Rota 17:44</name>
                <styleUrl>#2517</styleUrl>
                <LineString id="2515">
                    <altitudeMode>clampToGround</altitudeMode>
                    <coordinates>9.940318,45.14746,0.0 9.940318,45.14741,0.0</coordinates>
                </LineString>
            </Placemark>
            <Placemark id="2520">
                <name>Rota 17:45</name>
                <styleUrl>#2521</styleUrl>
                <LineString id="2519">
                    <altitudeMode>clampToGround</altitudeMode>
                    <coordinates>9.940287,45.14748,0.0 9.94029,45.14751,0.0</coordinates>
                </LineString>
            </Placemark>
            <Placemark id="2524">
                <name>Rota 17:46</name>
                <styleUrl>#2525</styleUrl>
                <LineString id="2523">
                    <altitudeMode>clampToGround</altitudeMode>
                    <coordinates>9.94032,45.14751,0.0 9.940349,45.14745,0.0 9.94031,45.14732,0.0</coordinates>
                </LineString>
            </Placemark>
            <Placemark id="2528">
                <name>Rota 17:47</name>
                <styleUrl>#2529</styleUrl>
                <LineString id="2527">
                    <altitudeMode>clampToGround</altitudeMode>
                    <coordinates>9.940313,45.14732,0.0 9.940363,45.14731,0.0 9.940363,45.14732,0.0 9.94036,45.14732,0.0 9.94036,45.14732,0.0</coordinates>
                </LineString>
            </Placemark>
            <Placemark id="2532">
                <name>Rota 17:48</name>
                <styleUrl>#2533</styleUrl>
                <LineString id="2531">
                    <altitudeMode>clampToGround</altitudeMode>
                    <coordinates>9.94036,45.14727,0.0 9.940355,45.14734,0.0 9.940356,45.14735,0.0</coordinates>
                </LineString>
            </Placemark>
            <Placemark id="2536">
                <name>Rota 17:49</name>
                <styleUrl>#2537</styleUrl>
                <LineString id="2535">
                    <altitudeMode>clampToGround</altitudeMode>
                    <coordinates>9.940363,45.14756,0.0 9.94036,45.14756,0.0</coordinates>
                </LineString>
            </Placemark>
            <Placemark id="2540">
                <name>Rota 17:50</name>
                <styleUrl>#2541</styleUrl>
                <LineString id="2539">
                    <altitudeMode>clampToGround</altitudeMode>
                    <coordinates>9.94036,45.14756,0.0 9.940351,45.14756,0.0</coordinates>
                </LineString>
            </Placemark>
            <Placemark id="2544">
                <name>Rota 17:51</name>
                <styleUrl>#2545</styleUrl>
                <LineString id="2543">
                    <altitudeMode>clampToGround</altitudeMode>
                    <coordinates>9.940389,45.14748,0.0 9.9404,45.14746,0.0 9.940742,45.1474,0.0 9.940822,45.14738,0.0</coordinates>
                </LineString>
            </Placemark>
            <Placemark id="2548">
                <name>Rota 17:52</name>
                <styleUrl>#2549</styleUrl>
                <LineString id="2547">
                    <altitudeMode>clampToGround</altitudeMode>
                    <coordinates>9.940846,45.14738,0.0 9.940853,45.14735,0.0</coordinates>
                </LineString>
            </Placemark>
            <Placemark id="2552">
                <name>Rota 17:53</name>
                <styleUrl>#2553</styleUrl>
                <LineString id="2551">
                    <altitudeMode>clampToGround</altitudeMode>
                    <coordinates>9.940795,45.14734,0.0 9.940685,45.14737,0.0</coordinates>
                </LineString>
            </Placemark>
            <Placemark id="2556">
                <name>Rota 17:54</name>
                <styleUrl>#2557</styleUrl>
                <LineString id="2555">
                    <altitudeMode>clampToGround</altitudeMode>
                    <coordinates>9.940351,45.14744,0.0 9.940375,45.14751,0.0</coordinates>
                </LineString>
            </Placemark>
            <Placemark id="2560">
                <name>Rota 17:55</name>
                <styleUrl>#2561</styleUrl>
                <LineString id="2559">
                    <altitudeMode>clampToGround</altitudeMode>
                    <coordinates>9.9404,45.14752,0.0 9.940365,45.14752,0.0</coordinates>
                </LineString>
            </Placemark>
            <Placemark id="2564">
                <name>Rota 17:56</name>
                <styleUrl>#2565</styleUrl>
                <LineString id="2563">
                    <altitudeMode>clampToGround</altitudeMode>
                    <coordinates>9.940356,45.14752,0.0 9.94036,45.14751,0.0</coordinates>
                </LineString>
            </Placemark>
            <Placemark id="2568">
                <name>Rota 17:57</name>
                <styleUrl>#2569</styleUrl>
                <LineString id="2567">
                    <altitudeMode>clampToGround</altitudeMode>
                    <coordinates>9.94037,45.1475,0.0 9.940416,45.1475,0.0 9.940416,45.1475,0.0</coordinates>
                </LineString>
            </Placemark>
            <Placemark id="2572">
                <name>Rota 17:58</name>
                <styleUrl>#2573</styleUrl>
                <LineString id="2571">
                    <altitudeMode>clampToGround</altitudeMode>
                    <coordinates>9.940398,45.1475,0.0 9.940227,45.1474,0.0 9.940204,45.14735,0.0</coordinates>
                </LineString>
            </Placemark>
            <Placemark id="2576">
                <name>Rota 17:59</name>
                <styleUrl>#2577</styleUrl>
                <LineString id="2575">
                    <altitudeMode>clampToGround</altitudeMode>
                    <coordinates>9.94028,45.1474,0.0 9.940278,45.14734,0.0</coordinates>
                </LineString>
            </Placemark>
        </Folder>
        <Folder id="2579">
            <Style id="2582">
                <LineStyle id="2583">
                    <color>ff0000ff</color>
                    <colorMode>normal</colorMode>
                    <width>3</width>
                </LineStyle>
            </Style>
            <Style id="2586">
                <LineStyle id="2587">
                    <color>ff0000ff</color>
                    <colorMode>normal</colorMode>
                    <width>3</width>
                </LineStyle>
            </Style>
            <Style id="2590">
                <LineStyle id="2591">
                    <color>ff0000ff</color>
                    <colorMode>normal</colorMode>
                    <width>3</width>
                </LineStyle>
            </Style>
            <Style id="2594">
                <LineStyle id="2595">
                    <color>ff0000ff</color>
                    <colorMode>normal</colorMode>
                    <width>3</width>
                </LineStyle>
            </Style>
            <Style id="2598">
                <LineStyle id="2599">
                    <color>ff0000ff</color>
                    <colorMode>normal</colorMode>
                    <width>3</width>
                </LineStyle>
            </Style>
            <Style id="2602">
                <LineStyle id="2603">
                    <color>ff0000ff</color>
                    <colorMode>normal</colorMode>
                    <width>3</width>
                </LineStyle>
            </Style>
            <Style id="2606">
                <LineStyle id="2607">
                    <color>ff0000ff</color>
                    <colorMode>normal</colorMode>
                    <width>3</width>
                </LineStyle>
            </Style>
            <Style id="2610">
                <LineStyle id="2611">
                    <color>ff0000ff</color>
                    <colorMode>normal</colorMode>
                    <width>3</width>
                </LineStyle>
            </Style>
            <Style id="2614">
                <LineStyle id="2615">
                    <color>ff0000ff</color>
                    <colorMode>normal</colorMode>
                    <width>3</width>
                </LineStyle>
            </Style>
            <Style id="2618">
                <LineStyle id="2619">
                    <color>ff0000ff</color>
                    <colorMode>normal</colorMode>
                    <width>3</width>
                </LineStyle>
            </Style>
            <Style id="2622">
                <LineStyle id="2623">
                    <color>ff0000ff</color>
                    <colorMode>normal</colorMode>
                    <width>3</width>
                </LineStyle>
            </Style>
            <Style id="2626">
                <LineStyle id="2627">
                    <color>ff0000ff</color>
                    <colorMode>normal</colorMode>
                    <width>3</width>
                </LineStyle>
            </Style>
            <Style id="2630">
                <LineStyle id="2631">
                    <color>ff0000ff</color>
                    <colorMode>normal</colorMode>
                    <width>3</width>
                </LineStyle>
            </Style>
            <Style id="2634">
                <LineStyle id="2635">
                    <color>ff0000ff</color>
                    <colorMode>normal</colorMode>
                    <width>3</width>
                </LineStyle>
            </Style>
            <Style id="2638">
                <LineStyle id="2639">
                    <color>ff0000ff</color>
                    <colorMode>normal</colorMode>
                    <width>3</width>
                </LineStyle>
            </Style>
            <Style id="2642">
                <LineStyle id="2643">
                    <color>ff0000ff</color>
                    <colorMode>normal</colorMode>
                    <width>3</width>
                </LineStyle>
            </Style>
            <Style id="2646">
                <LineStyle id="2647">
                    <color>ff0000ff</color>
                    <colorMode>normal</colorMode>
                    <width>3</width>
                </LineStyle>
            </Style>
            <Style id="2650">
                <LineStyle id="2651">
                    <color>ff0000ff</color>
                    <colorMode>normal</colorMode>
                    <width>3</width>
                </LineStyle>
            </Style>
            <Style id="2654">
                <LineStyle id="2655">
                    <color>ff0000ff</color>
                    <colorMode>normal</colorMode>
                    <width>3</width>
                </LineStyle>
            </Style>
            <Style id="2658">
                <LineStyle id="2659">
                    <color>ff0000ff</color>
                    <colorMode>normal</colorMode>
                    <width>3</width>
                </LineStyle>
            </Style>
            <Style id="2662">
                <LineStyle id="2663">
                    <color>ff0000ff</color>
                    <colorMode>normal</colorMode>
                    <width>3</width>
                </LineStyle>
            </Style>
            <Style id="2666">
                <LineStyle id="2667">
                    <color>ff0000ff</color>
                    <colorMode>normal</colorMode>
                    <width>3</width>
                </LineStyle>
            </Style>
            <Style id="2670">
                <LineStyle id="2671">
                    <color>ff0000ff</color>
                    <colorMode>normal</colorMode>
                    <width>3</width>
                </LineStyle>
            </Style>
            <Style id="2674">
                <LineStyle id="2675">
                    <color>ff0000ff</color>
                    <colorMode>normal</colorMode>
                    <width>3</width>
                </LineStyle>
            </Style>
            <Style id="2678">
                <LineStyle id="2679">
                    <color>ff0000ff</color>
                    <colorMode>normal</colorMode>
                    <width>3</width>
                </LineStyle>
            </Style>
            <Style id="2682">
                <LineStyle id="2683">
                    <color>ff0000ff</color>
                    <colorMode>normal</colorMode>
                    <width>3</width>
                </LineStyle>
            </Style>
            <Style id="2686">
                <LineStyle id="2687">
                    <color>ff0000ff</color>
                    <colorMode>normal</colorMode>
                    <width>3</width>
                </LineStyle>
            </Style>
            <Style id="2690">
                <LineStyle id="2691">
                    <color>ff0000ff</color>
                    <colorMode>normal</colorMode>
                    <width>3</width>
                </LineStyle>
            </Style>
            <Style id="2694">
                <LineStyle id="2695">
                    <color>ff0000ff</color>
                    <colorMode>normal</colorMode>
                    <width>3</width>
                </LineStyle>
            </Style>
            <name>2025-08-18 18:00</name>
            <Placemark id="2581">
                <name>Rota 18:00</name>
                <styleUrl>#2582</styleUrl>
                <LineString id="2580">
                    <altitudeMode>clampToGround</altitudeMode>
                    <coordinates>9.94025,45.14734,0.0 9.940285,45.14724,0.0 9.940291,45.14727,0.0</coordinates>
                </LineString>
            </Placemark>
            <Placemark id="2585">
                <name>Rota 18:01</name>
                <styleUrl>#2586</styleUrl>
                <LineString id="2584">
                    <altitudeMode>clampToGround</altitudeMode>
                    <coordinates>9.940318,45.14721,0.0 9.940313,45.14727,0.0 9.940427,45.14735,0.0 9.940918,45.1474,0.0 9.940951,45.14741,0.0 9.941379,45.14783,0.0 9.941381,45.14827,0.0</coordinates>
                </LineString>
            </Placemark>
            <Placemark id="2589">
                <name>Rota 18:02</name>
                <styleUrl>#2590</styleUrl>
                <LineString id="2588">
                    <altitudeMode>clampToGround</altitudeMode>
                    <coordinates>9.941275,45.14832,0.0 9.940915,45.14833,0.0 9.940817,45.14837,0.0</coordinates>
                </LineString>
            </Placemark>
            <Placemark id="2593">
                <name>Rota 18:03</name>
                <styleUrl>#2594</styleUrl>
                <LineString id="2592">
                    <altitudeMode>clampToGround</altitudeMode>
                    <coordinates>9.940826,45.14838,0.0 9.940822,45.1484,0.0</coordinates>
                </LineString>
            </Placemark>
            <Placemark id="2597">
                <name>Rota 18:04</name>
                <styleUrl>#2598</styleUrl>
                <LineString id="2596">
                    <altitudeMode>clampToGround</altitudeMode>
                    <coordinates>9.94081,45.14838,0.0 9.940817,45.14838,0.0</coordinates>
                </LineString>
            </Placemark>
            <Placemark id="2601">
                <name>Rota 18:05</name>
                <styleUrl>#2602</styleUrl>
                <LineString id="2600">
                    <altitudeMode>clampToGround</altitudeMode>
                    <coordinates>9.94081,45.14836,0.0 9.940815,45.14836,0.0</coordinates>
                </LineString>
            </Placemark>
            <Placemark id="2605">
                <name>Rota 18:06</name>
                <styleUrl>#2606</styleUrl>
                <LineString id="2604">
                    <altitudeMode>clampToGround</altitudeMode>
                    <coordinates>9.940835,45.14837,0.0 9.940819,45.14837,0.0</coordinates>
                </LineString>
            </Placemark>
            <Placemark id="2609">
                <name>Rota 18:07</name>
                <styleUrl>#2610</styleUrl>
                <LineString id="2608">
                    <altitudeMode>clampToGround</altitudeMode>
                    <coordinates>9.940795,45.14837,0.0 9.940795,45.14838,0.0 9.940797,45.14838,0.0</coordinates>
                </LineString>
            </Placemark>
            <Placemark id="2613">
                <name>Rota 18:08</name>
                <styleUrl>#2614</styleUrl>
                <LineString id="2612">
                    <altitudeMode>clampToGround</altitudeMode>
                    <coordinates>9.940824,45.14839,0.0 9.940824,45.14837,0.0</coordinates>
                </LineString>
            </Placemark>
            <Placemark id="2617">
                <name>Rota 18:09</name>
                <styleUrl>#2618</styleUrl>
                <LineString id="2616">
                    <altitudeMode>clampToGround</altitudeMode>
                    <coordinates>9.940855,45.14834,0.0 9.9409,45.14837,0.0</coordinates>
                </LineString>
            </Placemark>
            <Placemark id="2621">
                <name>Rota 18:10</name>
                <styleUrl>#2622</styleUrl>
                <LineString id="2620">
                    <altitudeMode>clampToGround</altitudeMode>
                    <coordinates>9.940902,45.14836,0.0 9.940817,45.14837,0.0</coordinates>
                </LineString>
            </Placemark>
            <Placemark id="2625">
                <name>Rota 18:11</name>
                <styleUrl>#2626</styleUrl>
                <LineString id="2624">
                    <altitudeMode>clampToGround</altitudeMode>
                    <coordinates>9.940793,45.14836,0.0 9.940817,45.14835,0.0</coordinates>
                </LineString>
            </Placemark>
            <Placemark id="2629">
                <name>Rota 18:12</name>
                <styleUrl>#2630</styleUrl>
                <LineString id="2628">
                    <altitudeMode>clampToGround</altitudeMode>
                    <coordinates>9.940799,45.14836,0.0 9.94083,45.14836,0.0</coordinates>
                </LineString>
            </Placemark>
            <Placemark id="2633">
                <name>Rota 18:13</name>
                <styleUrl>#2634</styleUrl>
                <LineString id="2632">
                    <altitudeMode>clampToGround</altitudeMode>
                    <coordinates>9.940845,45.14836,0.0 9.940907,45.14835,0.0</coordinates>
                </LineString>
            </Placemark>
            <Placemark id="2637">
                <name>Rota 18:14</name>
                <styleUrl>#2638</styleUrl>
                <LineString id="2636">
                    <altitudeMode>clampToGround</altitudeMode>
                    <coordinates>9.940912,45.14837,0.0 9.940873,45.14838,0.0 9.94088,45.14828,0.0</coordinates>
                </LineString>
            </Placemark>
            <Placemark id="2641">
                <name>Rota 18:15</name>
                <styleUrl>#2642</styleUrl>
                <LineString id="2640">
                    <altitudeMode>clampToGround</altitudeMode>
                    <coordinates>9.94095,45.14793,0.0 9.940987,45.14764,0.0 9.940978,45.14747,0.0 9.940496,45.14734,0.0</coordinates>
                </LineString>
            </Placemark>
            <Placemark id="2645">
                <name>Rota 18:16</name>
                <styleUrl>#2646</styleUrl>
                <LineString id="2644">
                    <altitudeMode>clampToGround</altitudeMode>
                    <coordinates>9.940487,45.14732,0.0 9.94038,45.1475,0.0</coordinates>
                </LineString>
            </Placemark>
            <Placemark id="2649">
                <name>Rota 18:17</name>
                <styleUrl>#2650</styleUrl>
                <LineString id="2648">
                    <altitudeMode>clampToGround</altitudeMode>
                    <coordinates>9.940315,45.14766,0.0 9.940315,45.14766,0.0 9.940315,45.14766,0.0 9.940316,45.14767,0.0 9.940316,45.14767,0.0 9.940316,45.14767,0.0 9.94029,45.1477,0.0 9.940297,45.14769,0.0</coordinates>
                </LineString>
            </Placemark>
            <Placemark id="2653">
                <name>Rota 18:18</name>
                <styleUrl>#2654</styleUrl>
                <LineString id="2652">
                    <altitudeMode>clampToGround</altitudeMode>
                    <coordinates>9.940275,45.14772,0.0 9.940275,45.14772,0.0 9.940224,45.14775,0.0</coordinates>
                </LineString>
            </Placemark>
            <Placemark id="2657">
                <name>Rota 18:19</name>
                <styleUrl>#2658</styleUrl>
                <LineString id="2656">
                    <altitudeMode>clampToGround</altitudeMode>
                    <coordinates>9.940222,45.14774,0.0 9.940222,45.14774,0.0 9.940469,45.14777,0.0 9.94028,45.14775,0.0 9.940322,45.14774,0.0</coordinates>
                </LineString>
            </Placemark>
            <Placemark id="2661">
                <name>Rota 18:20</name>
                <styleUrl>#2662</styleUrl>
                <LineString id="2660">
                    <altitudeMode>clampToGround</altitudeMode>
                    <coordinates>9.940327,45.14775,0.0 9.940343,45.14773,0.0 9.940343,45.14773,0.0 9.94035,45.14773,0.0</coordinates>
                </LineString>
            </Placemark>
            <Placemark id="2665">
                <name>Rota 18:36</name>
                <styleUrl>#2666</styleUrl>
                <LineString id="2664">
                    <altitudeMode>clampToGround</altitudeMode>
                    <coordinates>9.94035,45.14773,0.0 9.94035,45.14773,0.0 9.94035,45.14773,0.0 9.94044,45.14765,0.0 9.94044,45.14765,0.0 9.94044,45.14765,0.0 9.940403,45.14765,0.0</coordinates>
                </LineString>
            </Placemark>
            <Placemark id="2669">
                <name>Rota 18:37</name>
                <styleUrl>#2670</styleUrl>
                <LineString id="2668">
                    <altitudeMode>clampToGround</altitudeMode>
                    <coordinates>9.940313,45.14756,0.0 9.940273,45.14743,0.0 9.940295,45.1474,0.0 9.94018,45.14738,0.0 9.940186,45.14734,0.0 9.940088,45.14735,0.0 9.940055,45.14736,0.0 9.940055,45.14736,0.0 9.940052,45.14736,0.0 9.940052,45.14736,0.0 9.940053,45.14735,0.0</coordinates>
                </LineString>
            </Placemark>
            <Placemark id="2673">
                <name>Rota 18:38</name>
                <styleUrl>#2674</styleUrl>
                <LineString id="2672">
                    <altitudeMode>clampToGround</altitudeMode>
                    <coordinates>9.940052,45.14738,0.0 9.940052,45.14738,0.0 9.94004,45.14738,0.0 9.94003,45.14739,0.0</coordinates>
                </LineString>
            </Placemark>
            <Placemark id="2677">
                <name>Rota 18:44</name>
                <styleUrl>#2678</styleUrl>
                <LineString id="2676">
                    <altitudeMode>clampToGround</altitudeMode>
                    <coordinates>9.940026,45.14739,0.0 9.940026,45.14739,0.0 9.940182,45.14743,0.0 9.940182,45.14743,0.0 9.940182,45.14743,0.0</coordinates>
                </LineString>
            </Placemark>
            <Placemark id="2681">
                <name>Rota 18:45</name>
                <styleUrl>#2682</styleUrl>
                <LineString id="2680">
                    <altitudeMode>clampToGround</altitudeMode>
                    <coordinates>9.940177,45.14742,0.0 9.940165,45.14741,0.0 9.940165,45.14741,0.0 9.940112,45.14735,0.0 9.940132,45.14736,0.0 9.940302,45.14734,0.0 9.940463,45.14734,0.0 9.940868,45.14738,0.0 9.940948,45.1474,0.0 9.941036,45.14745,0.0</coordinates>
                </LineString>
            </Placemark>
            <Placemark id="2685">
                <name>Rota 18:46</name>
                <styleUrl>#2686</styleUrl>
                <LineString id="2684">
                    <altitudeMode>clampToGround</altitudeMode>
                    <coordinates>9.941345,45.14772,0.0 9.941388,45.14822,0.0 9.941218,45.14831,0.0 9.940925,45.14834,0.0 9.940806,45.14836,0.0 9.94077,45.14839,0.0</coordinates>
                </LineString>
            </Placemark>
            <Placemark id="2689">
                <name>Rota 18:47</name>
                <styleUrl>#2690</styleUrl>
                <LineString id="2688">
                    <altitudeMode>clampToGround</altitudeMode>
                    <coordinates>9.940792,45.14837,0.0 9.940792,45.14837,0.0 9.940793,45.14837,0.0 9.940793,45.14837,0.0 9.940793,45.14837,0.0 9.940799,45.14835,0.0 9.940793,45.14836,0.0 9.940826,45.14835,0.0</coordinates>
                </LineString>
            </Placemark>
            <Placemark id="2693">
                <name>Rota 18:48</name>
                <styleUrl>#2694</styleUrl>
                <LineString id="2692">
                    <altitudeMode>clampToGround</altitudeMode>
                    <coordinates>9.940805,45.14837,0.0 9.940805,45.14837,0.0</coordinates>
                </LineString>
            </Placemark>
        </Folder>
        <Folder id="2696">
            <Style id="2699">
                <LineStyle id="2700">
                    <color>ff0000ff</color>
                    <colorMode>normal</colorMode>
                    <width>3</width>
                </LineStyle>
            </Style>
            <Style id="2703">
                <LineStyle id="2704">
                    <color>ff0000ff</color>
                    <colorMode>normal</colorMode>
                    <width>3</width>
                </LineStyle>
            </Style>
            <Style id="2707">
                <LineStyle id="2708">
                    <color>ff0000ff</color>
                    <colorMode>normal</colorMode>
                    <width>3</width>
                </LineStyle>
            </Style>
            <Style id="2711">
                <LineStyle id="2712">
                    <color>ff0000ff</color>
                    <colorMode>normal</colorMode>
                    <width>3</width>
                </LineStyle>
            </Style>
            <name>2025-08-18 19:00</name>
            <Placemark id="2698">
                <name>Rota 19:31</name>
                <styleUrl>#2699</styleUrl>
                <LineString id="2697">
                    <altitudeMode>clampToGround</altitudeMode>
                    <coordinates>9.940805,45.14837,0.0 9.940805,45.14837,0.0 9.940805,45.14837,0.0</coordinates>
                </LineString>
            </Placemark>
            <Placemark id="2702">
                <name>Rota 19:32</name>
                <styleUrl>#2703</styleUrl>
                <LineString id="2701">
                    <altitudeMode>clampToGround</altitudeMode>
                    <coordinates>9.940773,45.1483,0.0 9.940868,45.14824,0.0 9.940918,45.14818,0.0 9.940935,45.1481,0.0 9.9409,45.148,0.0</coordinates>
                </LineString>
            </Placemark>
            <Placemark id="2706">
                <name>Rota 19:33</name>
                <styleUrl>#2707</styleUrl>
                <LineString id="2705">
                    <altitudeMode>clampToGround</altitudeMode>
                    <coordinates>9.940904,45.14799,0.0 9.940904,45.14799,0.0 9.940902,45.14799,0.0 9.940902,45.14799,0.0 9.940902,45.14799,0.0 9.940904,45.14799,0.0 9.940882,45.14801,0.0</coordinates>
                </LineString>
            </Placemark>
            <Placemark id="2710">
                <name>Rota 19:34</name>
                <styleUrl>#2711</styleUrl>
                <LineString id="2709">
                    <altitudeMode>clampToGround</altitudeMode>
                    <coordinates>9.940871,45.14801,0.0 9.94088,45.14801,0.0 9.940879,45.14801,0.0</coordinates>
                </LineString>
            </Placemark>
        </Folder>
    </Document>
</kml>
